{"type":"FeatureCollection","features":[{"type":"Feature","properties":{"nama":"Donggala","prov":"72"},"geometry":{"type":"MultiPolygon","coordinates":[[[[120.103,0.749],[120.038,0.718],[120.016,0.666],[120.045,0.513],[119.901,0.479],[119.878,0.448],[119.889,0.392],[119.846,0.334],[119.893,0.287],[119.903,0.221],[119.808,0.236],[119.771,0.214],[119.877,0.082],[119.883,-0.019],[119.841,-0.099],[119.775,-0.111],[119.732,-0.022],[119.665,0.019],[119.666,-0.018],[119.605,-0.009],[119.701,-0.138],[119.81,-0.136],[119.818,-0.198],[119.751,-0.368],[119.76,-0.497],[119.824,-0.69],[119.925,-0.651],[119.872,-0.683],[119.937,-0.706],[119.878,-0.734],[119.908,-0.756],[119.872,-0.774],[119.969,-0.812],[120.025,-0.78],[120.033,-0.684],[119.935,-0.504],[119.906,-0.269],[119.935,-0.21],[119.899,-0.139],[119.943,-0.072],[119.961,0.086],[120.092,0.205],[120.057,0.336],[120.128,0.41],[120.159,0.532],[120.203,0.574],[120.196,0.701],[120.103,0.749]]],[[[119.733,-0.644],[119.661,-0.717],[119.682,-0.764],[119.561,-0.849],[119.592,-1.183],[119.536,-1.178],[119.532,-1.234],[119.466,-1.299],[119.511,-1.312],[119.427,-1.342],[119.462,-1.396],[119.519,-1.409],[119.51,-1.451],[119.592,-1.396],[119.673,-1.443],[119.833,-1.387],[119.831,-1.284],[119.775,-1.195],[119.801,-1.087],[119.757,-0.997],[119.674,-1.006],[119.646,-0.977],[119.729,-0.904],[119.77,-0.91],[119.757,-0.84],[119.806,-0.8],[119.733,-0.644]]]]}},{"type":"Feature","properties":{"nama":"Enrekang","prov":"73"},"geometry":{"type":"MultiPolygon","coordinates":[[[[120.041,-3.369],[119.998,-3.303],[119.907,-3.259],[119.85,-3.281],[119.782,-3.238],[119.771,-3.274],[119.714,-3.291],[119.7,-3.545],[119.759,-3.713],[119.873,-3.819],[119.968,-3.796],[119.923,-3.685],[119.995,-3.66],[120.037,-3.547],[120.098,-3.488],[120.025,-3.388],[120.041,-3.369]]]]}},{"type":"Feature","properties":{"nama":"Gorontalo","prov":"75"},"geometry":{"type":"MultiPolygon","coordinates":[[[[123.07,0.803],[123.006,0.783],[122.921,0.692],[122.881,0.76],[122.756,0.765],[122.58,0.875],[122.418,0.885],[122.324,0.926],[122.248,0.914],[122.251,0.791],[122.341,0.795],[122.501,0.736],[122.601,0.649],[122.63,0.534],[122.693,0.473],[123.041,0.496],[122.995,0.552],[123.031,0.547],[123.075,0.609],[123.07,0.803]]]]}},{"type":"Feature","properties":{"nama":"Gorontalo Utara","prov":"75"},"geometry":{"type":"MultiPolygon","coordinates":[[[[122.335,1.041],[122.315,1.006],[122.239,0.993],[122.189,1.04],[122.069,1.005],[122.018,0.956],[122.04,0.962],[122.035,0.931],[121.982,0.907],[122.033,0.886],[122.262,0.929],[122.58,0.875],[122.756,0.765],[122.881,0.76],[122.921,0.692],[123.006,0.783],[123.074,0.806],[123.167,0.752],[123.249,0.748],[123.274,0.787],[123.227,0.844],[123.122,0.889],[123.119,0.926],[123.087,0.907],[122.986,0.968],[122.939,0.958],[122.977,0.938],[122.849,0.801],[122.772,0.879],[122.713,0.867],[122.722,0.887],[122.624,0.964],[122.562,0.96],[122.452,1.032],[122.435,0.994],[122.393,1.014],[122.37,0.993],[122.335,1.041]]],[[[122.666,1.001],[122.653,0.994],[122.665,0.987],[122.666,1.001]]]]}},{"type":"Feature","properties":{"nama":"Gowa","prov":"73"},"geometry":{"type":"MultiPolygon","coordinates":[[[[119.882,-5.093],[119.864,-5.161],[119.799,-5.212],[119.604,-5.147],[119.521,-5.163],[119.516,-5.19],[119.4,-5.188],[119.414,-5.252],[119.376,-5.292],[119.404,-5.365],[119.365,-5.422],[119.407,-5.406],[119.432,-5.439],[119.463,-5.313],[119.57,-5.293],[119.646,-5.397],[119.627,-5.42],[119.653,-5.465],[119.626,-5.468],[119.664,-5.477],[119.669,-5.516],[119.701,-5.497],[119.731,-5.563],[119.786,-5.569],[119.873,-5.431],[119.937,-5.388],[119.929,-5.342],[119.99,-5.205],[120.032,-5.184],[119.882,-5.093]],[[119.44,-5.25],[119.44,-5.247],[119.442,-5.248],[119.44,-5.25]],[[119.427,-5.254],[119.427,-5.262],[119.421,-5.261],[119.427,-5.254]]],[[[119.417,-5.443],[119.408,-5.451],[119.416,-5.453],[119.417,-5.443]]]]}},{"type":"Feature","properties":{"nama":"Halmahera Barat","prov":"82"},"geometry":{"type":"MultiPolygon","coordinates":[[[[127.742,1.97],[127.551,1.712],[127.585,1.661],[127.555,1.639],[127.549,1.665],[127.552,1.589],[127.511,1.557],[127.527,1.448],[127.399,1.195],[127.432,1.143],[127.401,1.041],[127.479,1.064],[127.502,1.043],[127.472,1.006],[127.512,0.973],[127.491,0.893],[127.544,0.884],[127.527,0.858],[127.548,0.88],[127.629,0.861],[127.624,0.778],[127.699,0.755],[127.731,0.76],[127.694,0.879],[127.649,0.861],[127.601,0.956],[127.651,1.022],[127.602,1.07],[127.644,1.172],[127.624,1.238],[127.676,1.377],[127.658,1.419],[127.73,1.539],[127.717,1.79],[127.791,1.911],[127.742,1.97]]],[[[127.525,1.72],[127.495,1.668],[127.535,1.689],[127.525,1.72]]]]}},{"type":"Feature","properties":{"nama":"Halmahera Selatan","prov":"82"},"geometry":{"type":"MultiPolygon","coordinates":[[[[127.922,0.168],[127.87,0.125],[127.789,0.152],[127.797,-0.024],[127.698,0.007],[127.661,-0.209],[127.687,-0.27],[127.864,-0.365],[128.02,-0.686],[128.217,-0.772],[128.234,-0.75],[128.283,-0.836],[128.226,-0.837],[128.285,-0.879],[128.314,-0.862],[128.453,-0.914],[128.22,-0.706],[128.049,-0.417],[127.89,-0.004],[127.922,0.168]]],[[[127.643,-1.331],[127.513,-1.417],[127.504,-1.453],[127.415,-1.42],[127.444,-1.434],[127.392,-1.62],[127.497,-1.724],[127.597,-1.738],[127.715,-1.687],[127.89,-1.683],[128.024,-1.727],[128.156,-1.683],[128.166,-1.618],[128.12,-1.565],[128.072,-1.579],[127.936,-1.449],[127.836,-1.436],[127.76,-1.353],[127.643,-1.331]]],[[[127.526,-0.301],[127.453,-0.419],[127.372,-0.316],[127.324,-0.328],[127.339,-0.384],[127.291,-0.457],[127.36,-0.579],[127.481,-0.63],[127.442,-0.735],[127.463,-0.814],[127.634,-0.741],[127.682,-0.838],[127.765,-0.861],[127.726,-0.869],[127.828,-0.854],[127.9,-0.796],[127.88,-0.774],[127.906,-0.784],[127.874,-0.718],[127.798,-0.679],[127.664,-0.704],[127.647,-0.629],[127.606,-0.628],[127.596,-0.597],[127.693,-0.456],[127.615,-0.412],[127.569,-0.315],[127.526,-0.301]]],[[[127.24,-0.245],[127.109,-0.283],[127.14,-0.323],[127.103,-0.425],[127.157,-0.473],[127.111,-0.486],[127.164,-0.531],[127.264,-0.492],[127.278,-0.456],[127.263,-0.406],[127.288,-0.374],[127.251,-0.32],[127.305,-0.27],[127.266,-0.284],[127.24,-0.245]]],[[[127.558,-1.179],[127.51,-1.178],[127.468,-1.255],[127.693,-1.285],[127.695,-1.227],[127.558,-1.179]]],[[[127.244,-0.603],[127.193,-0.616],[127.212,-0.672],[127.165,-0.75],[127.313,-0.796],[127.335,-0.786],[127.294,-0.731],[127.304,-0.684],[127.244,-0.603]]],[[[127.429,0.135],[127.404,0.017],[127.429,0.025],[127.467,-0.041],[127.467,0.073],[127.44,0.103],[127.459,0.132],[127.429,0.135]]],[[[127.344,-1.364],[127.282,-1.415],[127.327,-1.455],[127.399,-1.405],[127.344,-1.364]]],[[[128.413,-1.091],[128.344,-1.09],[128.366,-1.121],[128.412,-1.099],[128.453,-1.131],[128.413,-1.091]]],[[[128.316,-0.938],[128.332,-1.021],[128.414,-1.028],[128.405,-0.99],[128.342,-0.98],[128.316,-0.938]]],[[[127.418,0.375],[127.346,0.336],[127.386,0.278],[127.44,0.316],[127.418,0.375]]],[[[127.419,-1.14],[127.396,-1.147],[127.427,-1.221],[127.444,-1.187],[127.419,-1.14]]],[[[127.335,-0.608],[127.348,-0.658],[127.414,-0.656],[127.386,-0.611],[127.335,-0.608]]],[[[127.136,-0.178],[127.091,-0.215],[127.093,-0.255],[127.136,-0.178]]],[[[127.061,-0.229],[127.043,-0.274],[127.021,-0.262],[127.037,-0.292],[127.092,-0.258],[127.061,-0.229]]],[[[127.269,-0.072],[127.199,-0.119],[127.261,-0.125],[127.269,-0.072]]],[[[127.744,-0.327],[127.726,-0.397],[127.76,-0.373],[127.744,-0.327]]],[[[128.379,-0.536],[128.335,-0.548],[128.405,-0.552],[128.379,-0.536]]],[[[127.632,-1.821],[127.582,-1.828],[127.572,-1.865],[127.636,-1.846],[127.632,-1.821]]],[[[128.349,-1.602],[128.296,-1.646],[128.359,-1.65],[128.349,-1.602]]],[[[127.412,-1.313],[127.376,-1.318],[127.417,-1.332],[127.435,-1.317],[127.412,-1.313]]],[[[128.367,-1.131],[128.406,-1.154],[128.382,-1.133],[128.367,-1.131]]],[[[127.174,-0.012],[127.164,-0.015],[127.203,-0.024],[127.174,-0.012]]],[[[127.396,-1.483],[127.378,-1.522],[127.411,-1.501],[127.396,-1.483]]],[[[127.317,-0.619],[127.309,-0.625],[127.333,-0.657],[127.317,-0.619]]],[[[128.23,-1.038],[128.238,-1.068],[128.244,-1.061],[128.23,-1.038]]],[[[127.261,-0.501],[127.253,-0.512],[127.267,-0.531],[127.261,-0.501]]]]}},{"type":"Feature","properties":{"nama":"Halmahera Tengah","prov":"82"},"geometry":{"type":"MultiPolygon","coordinates":[[[[127.997,0.656],[127.854,0.618],[127.792,0.643],[127.832,0.576],[127.769,0.454],[127.824,0.209],[127.788,0.154],[127.824,0.125],[127.87,0.125],[127.922,0.177],[127.921,0.273],[127.863,0.297],[127.906,0.364],[127.903,0.436],[127.976,0.483],[128.172,0.456],[128.179,0.428],[128.281,0.396],[128.458,0.404],[128.559,0.318],[128.843,0.262],[128.903,0.208],[128.837,0.292],[128.673,0.342],[128.668,0.497],[128.562,0.416],[128.483,0.49],[128.358,0.511],[128.211,0.601],[128.117,0.591],[127.997,0.656]]],[[[129.286,0.05],[129.366,-0.006],[129.382,-0.072],[129.461,-0.092],[129.523,-0.201],[129.575,-0.199],[129.546,-0.129],[129.286,0.05]]],[[[129.628,-0.031],[129.584,-0.01],[129.613,-0.065],[129.625,-0.031],[129.651,-0.071],[129.628,-0.031]]],[[[129.862,0.324],[129.882,0.277],[129.923,0.282],[129.905,0.319],[129.862,0.324]]],[[[128.94,0.193],[128.957,0.174],[128.979,0.167],[128.94,0.193]]],[[[129.424,-0.086],[129.411,-0.092],[129.432,-0.118],[129.424,-0.086]]]]}},{"type":"Feature","properties":{"nama":"Halmahera Timur","prov":"82"},"geometry":{"type":"MultiPolygon","coordinates":[[[[128.671,1.59],[128.515,1.533],[128.467,1.55],[128.168,1.367],[128.086,1.255],[128.18,1.243],[128.195,1.164],[128.166,1.125],[127.982,1.087],[127.933,1.005],[127.931,0.877],[127.882,0.828],[127.797,0.788],[127.694,0.879],[127.792,0.643],[127.854,0.618],[128.001,0.657],[128.117,0.591],[128.211,0.601],[128.358,0.511],[128.483,0.49],[128.562,0.416],[128.677,0.501],[128.678,0.55],[128.324,0.652],[128.198,0.79],[128.25,0.842],[128.313,0.817],[128.28,0.867],[128.334,0.912],[128.441,0.93],[128.61,1.043],[128.699,1.065],[128.691,1.198],[128.758,1.395],[128.713,1.417],[128.679,1.494],[128.696,1.537],[128.731,1.534],[128.725,1.568],[128.671,1.59]]],[[[128.647,0.575],[128.636,0.565],[128.67,0.568],[128.647,0.575]]]]}},{"type":"Feature","properties":{"nama":"Halmahera Utara","prov":"82"},"geometry":{"type":"MultiPolygon","coordinates":[[[[127.651,1.022],[127.601,0.956],[127.65513533834587,0.8785563909774392],[127.631,0.922],[127.651,1.022]]],[[[127.957,2.221],[127.744,1.963],[127.791,1.911],[127.717,1.79],[127.73,1.539],[127.671,1.462],[127.676,1.376],[127.624,1.238],[127.644,1.172],[127.604,1.108],[127.606,1.044],[127.651,1.022],[127.758,1.069],[127.826,1.148],[127.903,1.15],[127.919,1.227],[128.011,1.314],[127.987,1.366],[128.024,1.405],[128.037,1.581],[127.987,1.618],[128.012,1.737],[127.933,1.809],[127.861,1.806],[127.841,1.844],[127.851,1.925],[127.952,1.991],[127.954,2.04],[128.065,2.174],[128.053,2.201],[127.98,2.181],[127.957,2.221]]],[[[127.778,2.294],[127.757,2.263],[127.795,2.217],[127.825,2.27],[127.778,2.294]]],[[[127.721,2.195],[127.777,2.159],[127.759,2.19],[127.721,2.195]]],[[[128.009,1.787],[127.993,1.802],[128.018,1.768],[128.009,1.787]]]]}},{"type":"Feature","properties":{"nama":"Jeneponto","prov":"73"},"geometry":{"type":"MultiPolygon","coordinates":[[[[119.939,-5.398],[119.873,-5.431],[119.786,-5.569],[119.706,-5.545],[119.701,-5.497],[119.665,-5.513],[119.664,-5.477],[119.626,-5.468],[119.653,-5.466],[119.639,-5.43],[119.53,-5.432],[119.508,-5.455],[119.528,-5.481],[119.488,-5.511],[119.569,-5.605],[119.557,-5.649],[119.612,-5.613],[119.658,-5.643],[119.647,-5.682],[119.79,-5.701],[119.906,-5.582],[119.857,-5.552],[119.854,-5.515],[119.876,-5.529],[119.939,-5.398]]],[[[119.601,-5.649],[119.596,-5.647],[119.598,-5.65],[119.601,-5.649]]]]}},{"type":"Feature","properties":{"nama":"Kepulauan Aru","prov":"81"},"geometry":{"type":"MultiPolygon","coordinates":[[[[134.114,-6.161],[134.096,-6.173],[134.137,-6.31],[134.116,-6.417],[134.141,-6.463],[134.211,-6.426],[134.184,-6.459],[134.217,-6.444],[134.196,-6.466],[134.234,-6.512],[134.211,-6.546],[134.201,-6.486],[134.151,-6.491],[134.116,-6.449],[134.052,-6.774],[134.072,-6.83],[134.134,-6.852],[134.197,-6.942],[134.212,-6.907],[134.376,-6.82],[134.354,-6.804],[134.401,-6.758],[134.387,-6.734],[134.447,-6.695],[134.425,-6.65],[134.464,-6.68],[134.53,-6.586],[134.484,-6.58],[134.496,-6.507],[134.46,-6.433],[134.419,-6.45],[134.405,-6.398],[134.339,-6.398],[134.298,-6.36],[134.303,-6.291],[134.114,-6.161]]],[[[134.54,-5.92],[134.429,-6.021],[134.283,-6.045],[134.271,-6.11],[134.345,-6.22],[134.441,-6.224],[134.476,-6.295],[134.545,-6.302],[134.547,-6.347],[134.623,-6.374],[134.729,-6.302],[134.769,-6.166],[134.714,-6.167],[134.783,-6.094],[134.659,-5.945],[134.54,-5.92]]],[[[134.458,-5.529],[134.358,-5.719],[134.252,-5.662],[134.212,-5.714],[134.26,-5.759],[134.325,-5.757],[134.328,-5.796],[134.368,-5.769],[134.396,-5.79],[134.36,-5.82],[134.372,-5.849],[134.298,-5.898],[134.336,-5.947],[134.309,-6.021],[134.43,-6.018],[134.467,-5.958],[134.536,-5.916],[134.585,-5.933],[134.699,-5.826],[134.659,-5.724],[134.615,-5.725],[134.546,-5.652],[134.505,-5.532],[134.481,-5.566],[134.458,-5.529]]],[[[134.152,-6.005],[134.122,-6.049],[134.127,-6.128],[134.151,-6.151],[134.199,-6.127],[134.164,-6.187],[134.221,-6.195],[134.283,-6.28],[134.316,-6.276],[134.351,-6.23],[134.233,-6.127],[134.28,-6.061],[134.245,-6.074],[134.227,-6.016],[134.162,-6.041],[134.152,-6.005]]],[[[134.555,-5.562],[134.53,-5.576],[134.538,-5.633],[134.616,-5.723],[134.701,-5.727],[134.767,-5.669],[134.717,-5.6],[134.555,-5.562]]],[[[134.588,-5.42],[134.556,-5.446],[134.492,-5.43],[134.492,-5.487],[134.527,-5.488],[134.5,-5.501],[134.507,-5.555],[134.682,-5.571],[134.706,-5.516],[134.652,-5.495],[134.647,-5.439],[134.588,-5.42]]],[[[134.705,-6.579],[134.625,-6.711],[134.623,-6.757],[134.672,-6.784],[134.761,-6.628],[134.705,-6.579]]],[[[134.868,-6.283],[134.797,-6.39],[134.806,-6.457],[134.844,-6.477],[134.908,-6.321],[134.868,-6.283]]],[[[134.537,-6.344],[134.485,-6.447],[134.516,-6.531],[134.546,-6.537],[134.611,-6.431],[134.537,-6.344]]],[[[134.456,-6.276],[134.379,-6.32],[134.362,-6.368],[134.478,-6.449],[134.533,-6.341],[134.456,-6.276]]],[[[134.709,-5.833],[134.631,-5.869],[134.629,-5.919],[134.733,-5.98],[134.711,-5.891],[134.773,-5.886],[134.709,-5.833]]],[[[134.71,-6.455],[134.64,-6.478],[134.681,-6.563],[134.764,-6.53],[134.71,-6.455]]],[[[134.434,-6.442],[134.433,-6.441],[134.434,-6.443],[134.434,-6.442]]],[[[134.321,-5.561],[134.246,-5.629],[134.278,-5.646],[134.334,-5.604],[134.347,-5.575],[134.321,-5.561]]],[[[134.583,-5.329],[134.504,-5.387],[134.542,-5.41],[134.603,-5.352],[134.583,-5.329]]],[[[134.668,-6.844],[134.586,-6.885],[134.613,-6.9],[134.684,-6.856],[134.668,-6.844]]],[[[134.685,-5.73],[134.657,-5.747],[134.731,-5.81],[134.742,-5.741],[134.685,-5.73]]],[[[134.824,-6.482],[134.775,-6.516],[134.812,-6.562],[134.85,-6.495],[134.824,-6.482]]],[[[134.197,-5.752],[134.192,-5.826],[134.248,-5.825],[134.25,-5.773],[134.197,-5.752]]],[[[134.7459493670886,-6.872240506329114],[134.686,-6.861],[134.744,-6.876],[134.7459493670886,-6.872240506329114]]],[[[134.758,-6.849],[134.7459493670886,-6.872240506329114],[134.75,-6.873],[134.758,-6.849]]],[[[134.38,-6.263],[134.386,-6.241],[134.321,-6.268],[134.343,-6.311],[134.38,-6.263]]],[[[134.272,-5.485],[134.254,-5.554],[134.286,-5.522],[134.272,-5.485]]],[[[134.636,-6.45],[134.588,-6.477],[134.59,-6.518],[134.628,-6.499],[134.636,-6.45]]],[[[134.756,-6.368],[134.732,-6.385],[134.742,-6.434],[134.756,-6.368]]],[[[134.391,-6.252],[134.386,-6.312],[134.422,-6.281],[134.391,-6.252]]],[[[134.49,-7.063],[134.472,-7.088],[134.523,-7.1],[134.531,-7.071],[134.49,-7.063]]],[[[134.583,-6.487],[134.583,-6.476],[134.552,-6.534],[134.583,-6.487]]],[[[134.771,-6.367],[134.774,-6.418],[134.787,-6.398],[134.771,-6.367]]],[[[134.365,-6.326],[134.38,-6.279],[134.362,-6.305],[134.365,-6.326]]],[[[134.428,-6.232],[134.399,-6.239],[134.441,-6.262],[134.428,-6.232]]],[[[134.504,-6.72],[134.48,-6.762],[134.517,-6.753],[134.504,-6.72]]],[[[134.589,-5.357],[134.563,-5.393],[134.604,-5.37],[134.589,-5.357]]],[[[134.518,-6.67],[134.502,-6.711],[134.528,-6.692],[134.518,-6.67]]],[[[134.321,-6.33],[134.3,-6.322],[134.321,-6.362],[134.321,-6.33]]],[[[134.354,-6.264],[134.358,-6.224],[134.343,-6.247],[134.354,-6.264]]],[[[134.536,-6.748],[134.512,-6.783],[134.552,-6.759],[134.536,-6.748]]],[[[134.514,-6.935],[134.49,-6.953],[134.529,-6.95],[134.514,-6.935]]],[[[134.579,-6.508],[134.563,-6.545],[134.592,-6.528],[134.579,-6.508]]],[[[134.772,-6.601],[134.763,-6.634],[134.797,-6.636],[134.772,-6.601]]],[[[134.492,-5.428],[134.466,-5.442],[134.463,-5.461],[134.492,-5.428]]],[[[134.787,-5.807],[134.767,-5.824],[134.799,-5.82],[134.787,-5.807]]],[[[134.796,-5.728],[134.783,-5.758],[134.814,-5.742],[134.796,-5.728]]],[[[134.433,-6.233],[134.428,-6.243],[134.446,-6.264],[134.433,-6.233]]],[[[134.602,-6.599],[134.583,-6.609],[134.589,-6.63],[134.602,-6.599]]],[[[134.657,-5.444],[134.668,-5.475],[134.674,-5.464],[134.657,-5.444]]]]}},{"type":"Feature","properties":{"nama":"Kepulauan Sangihe","prov":"71"},"geometry":{"type":"MultiPolygon","coordinates":[[[[125.449,3.737],[125.404,3.719],[125.398,3.673],[125.441,3.622],[125.503,3.608],[125.481,3.482],[125.503,3.435],[125.534,3.408],[125.57,3.438],[125.605,3.368],[125.657,3.389],[125.662,3.523],[125.642,3.491],[125.585,3.583],[125.559,3.578],[125.595,3.611],[125.573,3.646],[125.508,3.723],[125.449,3.737]]],[[[125.604,3.794],[125.59,3.77],[125.634,3.784],[125.604,3.794]]],[[[125.527,3.192],[125.513,3.157],[125.539,3.169],[125.527,3.192]]],[[[125.503,3.092],[125.495,3.081],[125.505,3.058],[125.503,3.092]]],[[[125.613,3.371],[125.612,3.339],[125.621,3.342],[125.613,3.371]]]]}},{"type":"Feature","properties":{"nama":"Kepulauan Selayar","prov":"73"},"geometry":{"type":"MultiPolygon","coordinates":[[[[120.495,-5.768],[120.461,-5.796],[120.466,-6.093],[120.426,-6.181],[120.446,-6.267],[120.481,-6.282],[120.454,-6.382],[120.483,-6.498],[120.51,-6.444],[120.495,-6.391],[120.539,-6.328],[120.524,-6.223],[120.568,-6.056],[120.495,-5.768]]],[[[120.819,-7.259],[120.808,-7.289],[120.956,-7.325],[121.051,-7.327],[121.064,-7.301],[120.819,-7.259]]],[[[120.632,-7],[120.604,-7.072],[120.632,-7.132],[120.767,-7.135],[120.786,-7.06],[120.739,-7.076],[120.632,-7]]],[[[121.086,-7.304],[121.061,-7.373],[121.099,-7.398],[121.157,-7.372],[121.163,-7.347],[121.086,-7.304]]],[[[121.816,-7.33],[121.755,-7.35],[121.755,-7.423],[121.824,-7.396],[121.84,-7.352],[121.816,-7.33]]],[[[120.422,-6.173],[120.415,-6.115],[120.399,-6.202],[120.422,-6.173]]],[[[120.8,-6.789],[120.779,-6.799],[120.796,-6.867],[120.8,-6.789]]],[[[121.796,-7.472],[121.723,-7.491],[121.797,-7.488],[121.796,-7.472]]],[[[120.435,-6.66],[120.428,-6.717],[120.439,-6.675],[120.435,-6.66]]],[[[121.762,-7.261],[121.728,-7.295],[121.773,-7.286],[121.762,-7.261]]]]}},{"type":"Feature","properties":{"nama":"Kep. Siau Tagulandang Biaro","prov":"71"},"geometry":{"type":"MultiPolygon","coordinates":[[[[125.406,2.812],[125.374,2.795],[125.359,2.724],[125.409,2.633],[125.432,2.65],[125.392,2.679],[125.401,2.714],[125.457,2.771],[125.406,2.812]]],[[[125.397,2.379],[125.375,2.348],[125.443,2.317],[125.458,2.366],[125.397,2.379]]],[[[125.41,2.118],[125.361,2.13],[125.337,2.082],[125.41,2.118]]],[[[125.379,2.327],[125.344,2.303],[125.376,2.29],[125.379,2.327]]]]}},{"type":"Feature","properties":{"nama":"Kepulauan Sula","prov":"82"},"geometry":{"type":"MultiPolygon","coordinates":[[[[125.41,-1.778],[125.366,-1.781],[125.376,-1.807],[125.341,-1.814],[125.329,-1.858],[125.345,-1.888],[125.371,-1.846],[125.436,-1.888],[125.423,-1.95],[125.784,-1.933],[125.842,-1.895],[125.919,-1.939],[126.089,-1.879],[126.245,-1.879],[126.353,-1.815],[125.913,-1.793],[125.637,-1.83],[125.541,-1.812],[125.539,-1.786],[125.489,-1.82],[125.48,-1.78],[125.425,-1.809],[125.41,-1.778]]],[[[125.914,-1.977],[125.858,-2.061],[125.88,-2.21],[125.958,-2.323],[125.977,-2.418],[126.05,-2.477],[126.072,-2.42],[125.958,-2.16],[125.992,-2.028],[125.914,-1.977]]],[[[126.457,-1.801],[126.35,-1.825],[126.48,-1.832],[126.457,-1.801]]]]}},{"type":"Feature","properties":{"nama":"Kepulauan Talaud","prov":"71"},"geometry":{"type":"MultiPolygon","coordinates":[[[[126.748,4.546],[126.68,4.337],[126.709,4.273],[126.779,4.25],[126.791,4.213],[126.669,4.045],[126.684,3.993],[126.763,3.995],[126.808,4.032],[126.796,4.149],[126.87,4.218],[126.861,4.251],[126.911,4.27],[126.851,4.373],[126.855,4.49],[126.748,4.546]]],[[[126.615,4.044],[126.613,3.984],[126.667,3.931],[126.674,3.838],[126.703,3.813],[126.685,3.87],[126.72,3.919],[126.615,4.044]]],[[[126.761,3.855],[126.753,3.785],[126.823,3.728],[126.851,3.754],[126.835,3.792],[126.761,3.855]]],[[[127.132,4.732],[127.133,4.779],[127.11,4.747],[127.132,4.732]]],[[[127.149,4.617],[127.119,4.617],[127.143,4.608],[127.149,4.617]]]]}},{"type":"Feature","properties":{"nama":"Kepulauan Tanimbar","prov":"81"},"geometry":{"type":"MultiPolygon","coordinates":[[[[131.654,-7.118],[131.53,-7.147],[131.536,-7.227],[131.482,-7.235],[131.446,-7.28],[131.452,-7.347],[131.384,-7.345],[131.343,-7.447],[131.318,-7.42],[131.237,-7.477],[131.156,-7.672],[131.247,-7.724],[131.17,-7.723],[131.128,-7.681],[131.107,-7.705],[131.115,-7.758],[131.142,-7.735],[131.132,-7.77],[131.156,-7.772],[131.112,-7.783],[131.137,-7.783],[131.115,-7.795],[131.145,-7.803],[131.14,-7.836],[131.082,-7.847],[131.121,-7.911],[131.103,-7.996],[131.232,-8.007],[131.294,-7.924],[131.292,-8.031],[131.342,-7.991],[131.356,-7.933],[131.327,-7.934],[131.38,-7.896],[131.364,-7.87],[131.461,-7.811],[131.485,-7.73],[131.553,-7.724],[131.585,-7.66],[131.622,-7.65],[131.667,-7.452],[131.706,-7.422],[131.657,-7.43],[131.649,-7.394],[131.682,-7.379],[131.631,-7.258],[131.747,-7.212],[131.691,-7.163],[131.71,-7.144],[131.64,-7.177],[131.654,-7.118]]],[[[131.033,-8.076],[130.985,-8.116],[130.998,-8.145],[130.923,-8.134],[130.923,-8.212],[130.819,-8.253],[130.757,-8.341],[130.82,-8.34],[130.898,-8.287],[130.887,-8.246],[130.987,-8.236],[131.14,-8.161],[131.166,-8.118],[131.067,-8.162],[131.087,-8.124],[131.033,-8.076]]],[[[131.917,-7.103],[131.755,-7.116],[131.714,-7.156],[131.761,-7.182],[131.872,-7.167],[131.957,-7.253],[131.987,-7.213],[131.917,-7.103]]],[[[131.133,-7.462],[131.161,-7.405],[130.989,-7.429],[130.969,-7.49],[131.059,-7.484],[131.036,-7.514],[131.06,-7.524],[131.133,-7.462]]],[[[131.097,-7.635],[131.045,-7.676],[130.97,-7.681],[130.967,-7.741],[131.041,-7.724],[131.036,-7.687],[131.102,-7.696],[131.124,-7.64],[131.097,-7.635]]],[[[130.852,-7.495],[130.844,-7.562],[130.982,-7.562],[130.954,-7.541],[130.98,-7.509],[130.936,-7.534],[130.852,-7.495]]],[[[131.577,-6.668],[131.518,-6.75],[131.528,-6.804],[131.586,-6.773],[131.566,-6.719],[131.6,-6.729],[131.625,-6.696],[131.577,-6.668]]],[[[131.257,-7.303],[131.207,-7.357],[131.27,-7.38],[131.261,-7.358],[131.303,-7.339],[131.257,-7.303]]],[[[131.49,-6.867],[131.464,-6.92],[131.51,-6.89],[131.49,-6.867]]],[[[131.487,-7.163],[131.453,-7.202],[131.489,-7.209],[131.487,-7.163]]],[[[131.397,-7.219],[131.387,-7.2],[131.365,-7.232],[131.402,-7.24],[131.397,-7.219]]],[[[131.091,-8.015],[131.081,-8.035],[131.1,-8.052],[131.091,-8.015]]]]}},{"type":"Feature","properties":{"nama":"Kolaka","prov":"74"},"geometry":{"type":"MultiPolygon","coordinates":[[[[121.374,-3.634],[121.333,-3.697],[121.253,-3.657],[121.103,-3.745],[121.171,-3.826],[121.246,-3.829],[121.243,-3.913],[121.291,-3.879],[121.349,-3.991],[121.609,-4.066],[121.617,-4.151],[121.58,-4.244],[121.55,-4.267],[121.561,-4.244],[121.527,-4.244],[121.525,-4.402],[121.47,-4.591],[121.622,-4.56],[121.67,-4.615],[121.724,-4.492],[121.811,-4.416],[121.727,-4.357],[121.702,-4.293],[121.773,-4.296],[121.734,-4.251],[121.739,-4.203],[121.78,-4.181],[121.785,-4.054],[121.725,-4.053],[121.655,-3.977],[121.673,-3.931],[121.606,-3.877],[121.609,-3.821],[121.487,-3.724],[121.426,-3.712],[121.42,-3.63],[121.374,-3.634]]],[[[121.427,-4.085],[121.383,-4.105],[121.39,-4.17],[121.442,-4.169],[121.429,-4.13],[121.463,-4.135],[121.463,-4.104],[121.415,-4.112],[121.427,-4.085]]]]}},{"type":"Feature","properties":{"nama":"Kolaka Timur","prov":"74"},"geometry":{"type":"MultiPolygon","coordinates":[[[[121.431,-3.275],[121.226,-3.229],[121.157,-3.298],[121.123,-3.411],[121.155,-3.439],[121.121,-3.49],[121.236,-3.603],[121.266,-3.676],[121.327,-3.699],[121.369,-3.628],[121.42,-3.63],[121.426,-3.712],[121.487,-3.724],[121.609,-3.821],[121.606,-3.877],[121.673,-3.931],[121.655,-3.977],[121.726,-4.053],[121.784,-4.054],[121.78,-4.181],[121.739,-4.203],[121.734,-4.251],[121.773,-4.296],[121.702,-4.292],[121.727,-4.357],[121.811,-4.416],[121.883,-4.376],[121.986,-4.403],[122.029,-4.197],[121.951,-4.057],[121.953,-3.834],[121.904,-3.83],[121.823,-3.755],[121.701,-3.778],[121.669,-3.73],[121.611,-3.734],[121.522,-3.468],[121.429,-3.333],[121.431,-3.275]]]]}},{"type":"Feature","properties":{"nama":"Kolaka Utara","prov":"74"},"geometry":{"type":"MultiPolygon","coordinates":[[[[121.099,-2.787],[121.033,-2.791],[120.99,-2.84],[121.01,-2.866],[120.992,-2.841],[121.027,-2.849],[121.037,-2.807],[121.046,-2.865],[121.078,-2.865],[121.09,-2.945],[121.082,-2.972],[121.063,-2.958],[121.09,-3.016],[121.043,-3.045],[121.07,-3.204],[120.973,-3.264],[120.957,-3.33],[120.865,-3.435],[120.906,-3.576],[121.103,-3.745],[121.253,-3.657],[121.236,-3.603],[121.121,-3.49],[121.155,-3.439],[121.123,-3.411],[121.16,-3.293],[121.247,-3.226],[121.431,-3.275],[121.442,-3.169],[121.361,-3.051],[121.361,-2.988],[121.099,-2.787]]],[[[121.065,-2.98],[121.063,-2.982],[121.064,-2.982],[121.065,-2.98]]]]}},{"type":"Feature","properties":{"nama":"Konawe","prov":"74"},"geometry":{"type":"MultiPolygon","coordinates":[[[[121.64,-2.895],[121.516,-2.925],[121.462,-3.011],[121.396,-3.016],[121.361,-2.988],[121.361,-3.051],[121.442,-3.169],[121.424,-3.316],[121.522,-3.468],[121.611,-3.734],[121.669,-3.73],[121.701,-3.778],[121.823,-3.755],[121.904,-3.83],[121.953,-3.834],[121.951,-4.057],[121.987,-4.129],[122.087,-4.119],[122.272,-3.983],[122.296,-4.024],[122.312,-4.002],[122.354,-4.025],[122.363,-3.996],[122.443,-4.012],[122.495,-3.901],[122.524,-3.941],[122.665,-3.925],[122.651,-3.892],[122.523,-3.893],[122.479,-3.82],[122.449,-3.87],[122.36,-3.857],[122.268,-3.768],[122.102,-3.717],[122.088,-3.642],[121.983,-3.572],[121.853,-3.56],[121.801,-3.585],[121.768,-3.489],[121.675,-3.474],[121.67,-3.423],[121.588,-3.398],[121.614,-3.336],[121.546,-3.225],[121.574,-3.18],[121.634,-3.158],[121.675,-3.224],[121.775,-3.251],[121.927,-3.123],[121.951,-3.048],[121.866,-2.968],[121.64,-2.895]]],[[[122.665,-3.939],[122.659,-3.94],[122.662,-3.943],[122.665,-3.939]]]]}},{"type":"Feature","properties":{"nama":"Konawe Kepulauan","prov":"74"},"geometry":{"type":"MultiPolygon","coordinates":[[[[123.023,-3.98],[122.937,-4.069],[122.949,-4.123],[122.991,-4.201],[123.136,-4.256],[123.248,-4.124],[123.254,-4.065],[123.189,-4.01],[123.088,-4.022],[123.023,-3.98]]]]}},{"type":"Feature","properties":{"nama":"Konawe Selatan","prov":"74"},"geometry":{"type":"MultiPolygon","coordinates":[[[[122.28,-4.001],[122.227,-4.003],[122.087,-4.119],[121.998,-4.129],[122.029,-4.197],[121.998,-4.393],[121.882,-4.377],[122.105,-4.501],[122.104,-4.531],[122.42,-4.432],[122.505,-4.456],[122.585,-4.396],[122.663,-4.453],[122.671,-4.507],[122.692,-4.469],[122.744,-4.51],[122.761,-4.435],[122.667,-4.362],[122.68,-4.325],[122.832,-4.449],[122.883,-4.414],[122.906,-4.231],[122.844,-4.062],[122.762,-4.066],[122.838,-4.151],[122.715,-4.131],[122.71,-4.165],[122.663,-4.133],[122.651,-4.003],[122.523,-4.092],[122.443,-4.012],[122.363,-3.996],[122.354,-4.025],[122.312,-4.002],[122.297,-4.025],[122.303,-3.997],[122.28,-4.001]]],[[[122.898,-4.148],[122.895,-4.147],[122.901,-4.159],[122.898,-4.148]]]]}},{"type":"Feature","properties":{"nama":"Konawe Utara","prov":"74"},"geometry":{"type":"MultiPolygon","coordinates":[[[[122.32698260869566,-3.376991304347827],[122.315,-3.424],[122.358,-3.417],[122.36,-3.464],[122.391,-3.409],[122.32698260869566,-3.376991304347827]]],[[[122.199,-3.092],[122.151,-3.039],[122.082,-3.092],[122.03,-3.048],[121.962,-3.043],[121.834,-3.226],[121.774,-3.251],[121.675,-3.224],[121.655,-3.17],[121.595,-3.159],[121.546,-3.225],[121.614,-3.336],[121.588,-3.398],[121.67,-3.423],[121.675,-3.474],[121.768,-3.489],[121.801,-3.585],[121.853,-3.56],[121.983,-3.572],[122.088,-3.642],[122.102,-3.717],[122.268,-3.768],[122.371,-3.863],[122.449,-3.87],[122.474,-3.822],[122.443,-3.749],[122.393,-3.726],[122.342,-3.745],[122.196,-3.608],[122.201,-3.564],[122.283,-3.549],[122.302,-3.468],[122.239,-3.389],[122.32138016528926,-3.3741900826446276],[122.293,-3.36],[122.275,-3.313],[122.31,-3.277],[122.318,-3.171],[122.257,-3.14],[122.265,-3.101],[122.199,-3.092]]],[[[122.413,-3.398],[122.409,-3.477],[122.444,-3.508],[122.469,-3.47],[122.413,-3.398]]],[[[122.324,-3.531],[122.294,-3.535],[122.282,-3.591],[122.368,-3.577],[122.324,-3.531]]]]}},{"type":"Feature","properties":{"nama":"Kota Ambon","prov":"81"},"geometry":{"type":"MultiPolygon","coordinates":[[[[128.252,-3.584],[128.071,-3.673],[128.086,-3.722],[128.196,-3.641],[128.245,-3.639],[128.09,-3.793],[128.241,-3.744],[128.298,-3.695],[128.252,-3.584]]]]}},{"type":"Feature","properties":{"nama":"Kota Bau Bau","prov":"74"},"geometry":{"type":"MultiPolygon","coordinates":[[[[122.681,-5.322],[122.62,-5.4],[122.647,-5.444],[122.564,-5.483],[122.574,-5.538],[122.74,-5.489],[122.76,-5.376],[122.715,-5.316],[122.681,-5.322]]],[[[122.631,-5.42],[122.624,-5.423],[122.623,-5.437],[122.631,-5.42]]]]}},{"type":"Feature","properties":{"nama":"Kota Bitung","prov":"71"},"geometry":{"type":"MultiPolygon","coordinates":[[[[125.147,1.599],[125.125,1.566],[125.085,1.576],[125.079,1.499],[125.033,1.455],[125.096,1.452],[125.108,1.394],[125.142,1.437],[125.202,1.44],[125.248,1.508],[125.147,1.599]]],[[[125.293,1.549],[125.24,1.443],[125.186,1.432],[125.174,1.387],[125.26,1.413],[125.293,1.549]]]]}},{"type":"Feature","properties":{"nama":"Kota Gorontalo","prov":"75"},"geometry":{"type":"MultiPolygon","coordinates":[[[[123.087,0.48],[123.091,0.58],[122.995,0.554],[123.087,0.48]]]]}},{"type":"Feature","properties":{"nama":"Kota Kendari","prov":"74"},"geometry":{"type":"MultiPolygon","coordinates":[[[[122.497,-3.903],[122.457,-3.935],[122.443,-4.012],[122.523,-4.092],[122.651,-4.003],[122.536,-3.989],[122.626,-3.948],[122.524,-3.941],[122.497,-3.903]]],[[[122.607,-3.977],[122.599,-3.983],[122.622,-3.992],[122.607,-3.977]]]]}},{"type":"Feature","properties":{"nama":"Kota Kotamobagu","prov":"71"},"geometry":{"type":"MultiPolygon","coordinates":[[[[124.357,0.755],[124.265,0.758],[124.252,0.707],[124.288,0.699],[124.296,0.658],[124.38,0.658],[124.357,0.755]]]]}},{"type":"Feature","properties":{"nama":"Kota Makassar","prov":"73"},"geometry":{"type":"MultiPolygon","coordinates":[[[[119.485,-5.06],[119.416,-5.094],[119.434,-5.104],[119.379,-5.195],[119.398,-5.229],[119.404,-5.186],[119.516,-5.19],[119.497,-5.151],[119.539,-5.122],[119.543,-5.077],[119.485,-5.06]]],[[[119.39,-5.131],[119.39,-5.137],[119.393,-5.139],[119.39,-5.131]]]]}},{"type":"Feature","properties":{"nama":"Kota Manado","prov":"71"},"geometry":{"type":"MultiPolygon","coordinates":[[[[124.821,1.583],[124.803,1.564],[124.842,1.496],[124.784,1.457],[124.824,1.428],[124.934,1.51],[124.906,1.576],[124.821,1.583]]],[[[124.801,1.637],[124.799,1.63],[124.804,1.627],[124.801,1.637]]]]}},{"type":"Feature","properties":{"nama":"Kota Palopo","prov":"73"},"geometry":{"type":"MultiPolygon","coordinates":[[[[120.183,-2.881],[120.05,-2.952],[120.109,-3.07],[120.23,-3.043],[120.188,-2.968],[120.221,-2.903],[120.183,-2.881]]],[[[120.2,-2.961],[120.201,-2.967],[120.203,-2.965],[120.2,-2.961]]]]}},{"type":"Feature","properties":{"nama":"Kota Palu","prov":"72"},"geometry":{"type":"MultiPolygon","coordinates":[[[[120.019,-0.782],[119.987,-0.812],[119.902,-0.8],[119.871,-0.767],[119.908,-0.756],[119.877,-0.736],[119.937,-0.705],[119.872,-0.699],[119.925,-0.651],[119.875,-0.66],[119.844,-0.697],[119.883,-0.822],[119.87,-0.882],[119.838,-0.88],[119.806,-0.801],[119.757,-0.84],[119.763,-0.898],[119.818,-0.858],[119.832,-0.942],[119.874,-0.923],[119.933,-0.947],[119.928,-0.921],[120.039,-0.868],[120.019,-0.782]]]]}},{"type":"Feature","properties":{"nama":"Kota Parepare","prov":"73"},"geometry":{"type":"MultiPolygon","coordinates":[[[[119.664,-3.961],[119.621,-4.002],[119.62,-4.067],[119.721,-4.078],[119.664,-3.961]]]]}},{"type":"Feature","properties":{"nama":"Kota Ternate","prov":"82"},"geometry":{"type":"MultiPolygon","coordinates":[[[[127.327,0.868],[127.294,0.791],[127.315,0.757],[127.371,0.759],[127.389,0.829],[127.327,0.868]]],[[[126.382,1.352],[126.357,1.323],[126.394,1.281],[126.416,1.333],[126.382,1.352]]],[[[127.407,0.48],[127.383,0.45],[127.42,0.433],[127.439,0.452],[127.407,0.48]]],[[[126.138,0.983],[126.127,0.977],[126.162,0.958],[126.138,0.983]]]]}},{"type":"Feature","properties":{"nama":"Kota Tidore Kepulauan","prov":"82"},"geometry":{"type":"MultiPolygon","coordinates":[[[[127.619,0.788],[127.548,0.729],[127.527,0.554],[127.622,0.36],[127.725,0.334],[127.685,0.099],[127.722,0.072],[127.698,0.007],[127.797,-0.024],[127.788,0.155],[127.824,0.209],[127.769,0.454],[127.832,0.576],[127.752,0.757],[127.619,0.788]]],[[[127.406,0.757],[127.362,0.678],[127.402,0.622],[127.448,0.654],[127.46,0.715],[127.406,0.757]]]]}},{"type":"Feature","properties":{"nama":"Kota Tomohon","prov":"71"},"geometry":{"type":"MultiPolygon","coordinates":[[[[124.84,1.397],[124.791,1.398],[124.731,1.313],[124.822,1.269],[124.819,1.243],[124.91,1.349],[124.864,1.352],[124.84,1.397]]]]}},{"type":"Feature","properties":{"nama":"Kota Tual","prov":"81"},"geometry":{"type":"MultiPolygon","coordinates":[[[[132.795,-5.569],[132.8,-5.523],[132.752,-5.574],[132.741,-5.637],[132.774,-5.691],[132.799,-5.652],[132.801,-5.698],[132.815,-5.541],[132.795,-5.569]]],[[[132.262,-5.581],[132.295,-5.655],[132.307,-5.591],[132.262,-5.581]]],[[[132.019,-5.313],[131.974,-5.33],[131.972,-5.385],[132.011,-5.365],[132.019,-5.313]]],[[[132.32,-5.522],[132.325,-5.581],[132.379,-5.553],[132.32,-5.522]]],[[[132.739,-5.529],[132.687,-5.539],[132.733,-5.553],[132.739,-5.529]]],[[[132.197,-5.718],[132.171,-5.734],[132.183,-5.767],[132.197,-5.718]]],[[[132.021,-5.154],[132.011,-5.174],[132.023,-5.185],[132.021,-5.154]]]]}},{"type":"Feature","properties":{"nama":"Luwu","prov":"73"},"geometry":{"type":"MultiPolygon","coordinates":[[[[120.083,-3.032],[120.008,-3.052],[120.024,-3.106],[119.984,-3.189],[119.981,-3.249],[120.025,-3.282],[120.044,-3.351],[120.026,-3.388],[120.112,-3.509],[120.177,-3.508],[120.198,-3.581],[120.293,-3.643],[120.408,-3.667],[120.418,-3.573],[120.379,-3.5],[120.418,-3.249],[120.389,-3.25],[120.382,-3.202],[120.257,-3.162],[120.248,-3.046],[120.11,-3.07],[120.114,-3.038],[120.083,-3.032]]],[[[120.117,-2.673],[119.944,-2.704],[119.886,-2.763],[119.944,-2.781],[120.05,-2.952],[120.183,-2.881],[120.22,-2.898],[120.214,-2.957],[120.257,-2.946],[120.288,-2.915],[120.26,-2.824],[120.117,-2.673]]]]}},{"type":"Feature","properties":{"nama":"Luwu Timur","prov":"73"},"geometry":{"type":"MultiPolygon","coordinates":[[[[121.01,-2.866],[120.995,-2.829],[121.094,-2.776],[121.389,-3.014],[121.462,-3.011],[121.516,-2.925],[121.689,-2.889],[121.651,-2.846],[121.707,-2.807],[121.735,-2.699],[121.784,-2.642],[121.697,-2.581],[121.673,-2.52],[121.585,-2.528],[121.442,-2.405],[121.292,-2.376],[121.255,-2.403],[121.199,-2.365],[121.106,-2.4],[121.085,-2.373],[121.108,-2.281],[121.047,-2.25],[120.88,-2.267],[120.855,-2.222],[120.783,-2.213],[120.743,-2.242],[120.545,-2.019],[120.518,-2.044],[120.507,-2.206],[120.47,-2.248],[120.649,-2.657],[120.808,-2.619],[120.857,-2.657],[120.89,-2.64],[120.995,-2.679],[121.029,-2.654],[121.038,-2.695],[121.097,-2.717],[121.017,-2.809],[120.975,-2.808],[121.01,-2.866]]],[[[120.968,-2.81],[120.955,-2.811],[120.958,-2.815],[120.968,-2.81]]]]}},{"type":"Feature","properties":{"nama":"Majene","prov":"76"},"geometry":{"type":"MultiPolygon","coordinates":[[[[118.947,-2.92],[118.876,-2.923],[118.84,-3.079],[118.776,-3.092],[118.839,-3.209],[118.846,-3.379],[118.939,-3.571],[118.966,-3.545],[119.001,-3.563],[119.005,-3.533],[118.915,-3.409],[118.939,-3.355],[118.901,-3.188],[118.955,-3.16],[118.96,-3.089],[119.074,-3.112],[119.057,-3.053],[119.083,-3.024],[119.067,-2.986],[118.947,-2.92]]],[[[118.844,-3.34],[118.843,-3.337],[118.843,-3.339],[118.844,-3.34]]]]}},{"type":"Feature","properties":{"nama":"Maluku Barat Daya","prov":"81"},"geometry":{"type":"MultiPolygon","coordinates":[[[[126.626,-7.557],[126.471,-7.589],[126.324,-7.695],[126.236,-7.688],[126.185,-7.728],[125.947,-7.662],[125.915,-7.744],[125.862,-7.768],[125.871,-7.815],[125.807,-7.861],[125.827,-7.916],[125.789,-8.008],[125.948,-7.915],[126.071,-7.888],[126.177,-7.925],[126.421,-7.931],[126.475,-7.971],[126.562,-7.815],[126.696,-7.751],[126.843,-7.734],[126.811,-7.656],[126.723,-7.667],[126.637,-7.603],[126.626,-7.557]]],[[[127.79,-8.105],[127.762,-8.115],[127.802,-8.191],[128.006,-8.258],[128.045,-8.259],[128.127,-8.163],[127.79,-8.105]]],[[[129.679,-7.786],[129.597,-7.823],[129.582,-7.899],[129.708,-8.041],[129.792,-8.043],[129.864,-7.919],[129.857,-7.844],[129.679,-7.786]]],[[[128.871,-8.182],[128.826,-8.202],[128.907,-8.242],[129.031,-8.242],[128.965,-8.185],[128.871,-8.182]]],[[[128.612,-7.063],[128.525,-7.143],[128.648,-7.217],[128.689,-7.165],[128.655,-7.138],[128.7,-7.107],[128.612,-7.063]]],[[[127.387,-7.493],[127.355,-7.529],[127.37,-7.588],[127.325,-7.612],[127.34,-7.649],[127.386,-7.649],[127.409,-7.6],[127.483,-7.573],[127.486,-7.52],[127.387,-7.493]]],[[[128.194,-8.202],[128.092,-8.206],[128.079,-8.258],[128.233,-8.273],[128.194,-8.202]]],[[[127.693,-8.154],[127.601,-8.216],[127.66,-8.238],[127.751,-8.206],[127.693,-8.154]]],[[[129.925,-8.1],[129.848,-8.142],[129.815,-8.211],[129.925,-8.1]]],[[[129.534,-7.86],[129.514,-7.844],[129.516,-7.928],[129.543,-7.951],[129.57,-7.909],[129.534,-7.86]]],[[[127.179,-8.013],[127.136,-8.038],[127.144,-8.098],[127.229,-8.104],[127.215,-8.034],[127.179,-8.013]]],[[[125.733,-7.966],[125.735,-8.059],[125.764,-8.015],[125.733,-7.966]]],[[[127.594,-7.558],[127.598,-7.621],[127.618,-7.598],[127.594,-7.558]]],[[[129.675,-7.527],[129.662,-7.555],[129.717,-7.572],[129.725,-7.551],[129.675,-7.527]]],[[[130.069,-7.753],[130.03,-7.766],[130.087,-7.787],[130.069,-7.753]]],[[[130.003,-7.696],[129.992,-7.727],[130.026,-7.745],[130.003,-7.696]]],[[[128.564,-7.281],[128.56,-7.316],[128.573,-7.294],[128.564,-7.281]]]]}},{"type":"Feature","properties":{"nama":"Maluku Tengah","prov":"81"},"geometry":{"type":"MultiPolygon","coordinates":[[[[129.528,-2.773],[129.519,-2.799],[129.377,-2.789],[129.348,-2.857],[129.224,-2.922],[129.22,-2.954],[129.186,-2.922],[129.196,-2.961],[129.131,-2.969],[129.064,-2.906],[129.051,-2.795],[128.92,-2.852],[128.753,-2.85],[128.754,-2.958],[128.812,-2.998],[128.771,-3.053],[128.818,-3.072],[128.794,-3.17],[128.834,-3.24],[128.886,-3.203],[128.967,-3.227],[128.967,-3.29],[128.911,-3.328],[128.935,-3.356],[129.084,-3.341],[129.535,-3.47],[129.566,-3.414],[129.497,-3.327],[129.52,-3.299],[129.859,-3.337],[129.9,-3.258],[129.903,-3.16],[130.158,-3.213],[130.128,-2.998],[130.032,-3.003],[129.911,-2.944],[129.88,-2.897],[129.814,-2.914],[129.786,-2.865],[129.528,-2.773]]],[[[128.289,-3.49],[128.224,-3.516],[128.17,-3.587],[128.026,-3.592],[127.92,-3.683],[127.943,-3.774],[127.998,-3.781],[128.084,-3.722],[128.071,-3.673],[128.214,-3.625],[128.242,-3.575],[128.268,-3.616],[128.353,-3.634],[128.322,-3.567],[128.352,-3.522],[128.289,-3.49]]],[[[128.581,-3.494],[128.555,-3.53],[128.645,-3.63],[128.655,-3.573],[128.733,-3.619],[128.716,-3.498],[128.694,-3.494],[128.682,-3.545],[128.581,-3.494]]],[[[128.449,-3.51],[128.415,-3.532],[128.401,-3.633],[128.576,-3.586],[128.551,-3.538],[128.449,-3.51]]],[[[129.947,-4.508],[129.861,-4.557],[129.934,-4.573],[129.947,-4.508]]],[[[128.778,-3.645],[128.761,-3.688],[128.786,-3.695],[128.811,-3.674],[128.778,-3.645]]],[[[129.532,-6.712],[129.495,-6.72],[129.49,-6.757],[129.524,-6.751],[129.532,-6.712]]],[[[129.147,-6.951],[129.135,-6.989],[129.162,-6.976],[129.147,-6.951]]],[[[128.612,-3.646],[128.605,-3.627],[128.611,-3.658],[128.612,-3.646]]]]}},{"type":"Feature","properties":{"nama":"Mamasa","prov":"76"},"geometry":{"type":"MultiPolygon","coordinates":[[[[119.139,-2.654],[119.013,-2.774],[119.022,-2.898],[119.055,-2.908],[119.026,-2.96],[119.082,-3.018],[119.067,-3.108],[119.112,-3.092],[119.149,-3.117],[119.268,-3.074],[119.257,-3.158],[119.312,-3.24],[119.296,-3.264],[119.442,-3.338],[119.432,-3.262],[119.37,-3.199],[119.432,-3.167],[119.486,-3.189],[119.536,-3.139],[119.637,-3.128],[119.565,-2.994],[119.55,-2.898],[119.583,-2.746],[119.553,-2.729],[119.436,-2.772],[119.348,-2.691],[119.237,-2.714],[119.188,-2.657],[119.138,-2.685],[119.139,-2.654]]]]}},{"type":"Feature","properties":{"nama":"Mamuju","prov":"76"},"geometry":{"type":"MultiPolygon","coordinates":[[[[119.544,-2.117],[119.49,-2.124],[119.434,-2.194],[119.289,-2.22],[119.201,-2.313],[119.13,-2.298],[119.127,-2.465],[119.148,-2.467],[119.043,-2.508],[119.03,-2.583],[118.912,-2.667],[118.868,-2.68],[118.815,-2.622],[118.76,-2.765],[118.769,-2.867],[118.851,-2.852],[118.884,-2.931],[118.943,-2.915],[119.026,-2.96],[119.055,-2.908],[119.022,-2.898],[119.013,-2.774],[119.137,-2.654],[119.138,-2.685],[119.188,-2.657],[119.237,-2.714],[119.348,-2.691],[119.436,-2.772],[119.553,-2.729],[119.681,-2.756],[119.748,-2.714],[119.762,-2.572],[119.711,-2.516],[119.723,-2.393],[119.688,-2.371],[119.676,-2.27],[119.743,-2.228],[119.739,-2.19],[119.708,-2.138],[119.597,-2.151],[119.544,-2.117]]],[[[118.891,-2.613],[118.878,-2.631],[118.889,-2.653],[118.891,-2.613]]]]}},{"type":"Feature","properties":{"nama":"Mamuju Tengah","prov":"76"},"geometry":{"type":"MultiPolygon","coordinates":[[[[119.441,-1.733],[119.343,-1.784],[119.364,-1.859],[119.332,-1.961],[119.288,-1.953],[119.212,-1.997],[119.13,-2.298],[119.201,-2.313],[119.289,-2.22],[119.434,-2.194],[119.5,-2.12],[119.614,-2.151],[119.805,-2.112],[119.87,-2.018],[119.846,-2.015],[119.872,-1.78],[119.657,-1.842],[119.512,-1.793],[119.441,-1.733]]],[[[119.327,-1.934],[119.324,-1.945],[119.336,-1.942],[119.327,-1.934]]]]}},{"type":"Feature","properties":{"nama":"Maros","prov":"73"},"geometry":{"type":"MultiPolygon","coordinates":[[[[119.519,-5.165],[119.604,-5.147],[119.789,-5.212],[119.833,-5.194],[119.871,-5.121],[119.847,-5.046],[119.972,-4.777],[119.885,-4.718],[119.809,-4.761],[119.805,-4.926],[119.775,-4.943],[119.667,-4.95],[119.633,-4.89],[119.515,-4.885],[119.52,-4.94],[119.466,-5.026],[119.487,-5.065],[119.543,-5.077],[119.539,-5.122],[119.497,-5.151],[119.519,-5.165]]],[[[119.457,-5.043],[119.452,-5.047],[119.458,-5.046],[119.457,-5.043]]]]}},{"type":"Feature","properties":{"nama":"Minahasa","prov":"71"},"geometry":{"type":"MultiPolygon","coordinates":[[[[124.89,1.464],[124.824,1.428],[124.771,1.461],[124.676,1.394],[124.618,1.419],[124.565,1.379],[124.621,1.337],[124.717,1.326],[124.708,1.295],[124.76,1.252],[124.73,1.211],[124.737,1.115],[124.77,1.097],[124.837,1.121],[124.91,1.018],[125.023,1.142],[125.064,1.286],[124.999,1.336],[124.926,1.338],[124.89,1.464]],[[124.836,1.405],[124.864,1.352],[124.91,1.349],[124.819,1.243],[124.822,1.269],[124.731,1.313],[124.779,1.388],[124.836,1.405]]]]}},{"type":"Feature","properties":{"nama":"Minahasa Selatan","prov":"71"},"geometry":{"type":"MultiPolygon","coordinates":[[[[124.566,1.378],[124.515,1.301],[124.61,1.256],[124.609,1.23],[124.571,1.185],[124.527,1.215],[124.517,1.188],[124.416,1.196],[124.348,1.161],[124.298,1.011],[124.356,0.986],[124.38,0.87],[124.469,0.762],[124.595,0.935],[124.55,1.088],[124.661,1.134],[124.737,1.115],[124.744,1.143],[124.73,1.211],[124.76,1.252],[124.708,1.295],[124.718,1.325],[124.621,1.337],[124.566,1.378]]],[[[124.51,1.305],[124.504,1.302],[124.506,1.296],[124.51,1.305]]]]}},{"type":"Feature","properties":{"nama":"Minahasa Tenggara","prov":"71"},"geometry":{"type":"MultiPolygon","coordinates":[[[[124.705,1.118],[124.581,1.115],[124.55,1.072],[124.579,0.934],[124.651,0.956],[124.635,0.891],[124.708,0.842],[124.716,0.896],[124.768,0.892],[124.79,0.945],[124.886,0.972],[124.909,1.018],[124.837,1.121],[124.77,1.097],[124.705,1.118]]],[[[124.904,0.978],[124.896,0.976],[124.919,0.976],[124.904,0.978]]]]}},{"type":"Feature","properties":{"nama":"Minahasa Utara","prov":"71"},"geometry":{"type":"MultiPolygon","coordinates":[[[[124.992,1.751],[124.962,1.728],[124.967,1.677],[124.941,1.694],[124.821,1.583],[124.927,1.56],[124.934,1.508],[124.885,1.466],[124.912,1.353],[124.963,1.319],[125.022,1.326],[125.027,1.291],[125.061,1.286],[125.109,1.394],[125.096,1.452],[125.033,1.455],[125.079,1.499],[125.072,1.556],[125.137,1.577],[125.177,1.678],[125.04,1.677],[124.992,1.751]]],[[[125.143,1.835],[125.113,1.816],[125.151,1.735],[125.188,1.8],[125.143,1.835]]],[[[124.766,1.744],[124.731,1.727],[124.769,1.692],[124.766,1.744]]]]}},{"type":"Feature","properties":{"nama":"Morowali","prov":"72"},"geometry":{"type":"MultiPolygon","coordinates":[[[[121.545,-2.151],[121.482,-2.188],[121.493,-2.252],[121.442,-2.406],[121.585,-2.528],[121.673,-2.52],[121.697,-2.581],[121.784,-2.642],[121.735,-2.699],[121.707,-2.807],[121.651,-2.846],[121.686,-2.866],[121.67,-2.9],[121.866,-2.968],[121.885,-3.011],[121.953,-3.051],[122.03,-3.048],[122.067,-3.089],[122.161,-3.044],[122.315,-3.166],[122.311,-3.273],[122.326,-3.232],[122.368,-3.225],[122.356,-3.252],[122.401,-3.24],[122.427,-3.28],[122.429,-3.193],[122.487,-3.18],[122.427,-3.127],[122.373,-3.142],[122.25,-3.024],[122.315,-2.91],[122.252,-2.878],[122.207,-2.901],[122.185,-2.824],[122.086,-2.789],[122.011,-2.72],[122.035,-2.658],[121.825,-2.294],[121.677,-2.172],[121.608,-2.187],[121.545,-2.151]]],[[[123.15,-3.556],[123.043,-3.594],[123.106,-3.639],[123.123,-3.611],[123.177,-3.62],[123.15,-3.556]]],[[[122.982,-3.447],[122.959,-3.457],[122.988,-3.497],[122.982,-3.447]]],[[[122.726,-3.354],[122.698,-3.39],[122.708,-3.399],[122.726,-3.354]]],[[[122.41,-3.017],[122.389,-3.038],[122.412,-3.062],[122.41,-3.017]]],[[[123.101,-3.504],[123.057,-3.514],[123.058,-3.525],[123.101,-3.504]]],[[[122.78,-3.36],[122.767,-3.382],[122.743,-3.36],[122.75,-3.385],[122.783,-3.384],[122.78,-3.36]]],[[[122.325,-2.999],[122.332,-3.018],[122.361,-3.015],[122.325,-2.999]]]]}},{"type":"Feature","properties":{"nama":"Banggai","prov":"72"},"geometry":{"type":"MultiPolygon","coordinates":[[[[123.088,-0.577],[123.057,-0.564],[122.955,-0.644],[122.954,-0.618],[122.897,-0.615],[122.88,-0.639],[122.807,-0.634],[122.776,-0.671],[122.724,-0.663],[122.961,-0.754],[122.791,-0.776],[122.726,-0.813],[122.617,-0.762],[122.202,-0.788],[122.162,-0.817],[122.149,-0.91],[122.101,-0.962],[122.022,-0.936],[121.947,-0.997],[121.855,-0.975],[121.876,-1.072],[121.937,-1.13],[122.003,-1.131],[122.044,-1.171],[122.057,-1.247],[122.127,-1.275],[122.11,-1.376],[122.039,-1.34],[121.985,-1.39],[122.058,-1.431],[122.033,-1.553],[122.058,-1.617],[122.219,-1.602],[122.391,-1.494],[122.562,-1.309],[122.559,-1.268],[122.633,-1.234],[122.667,-1.14],[122.715,-1.135],[122.797,-1.007],[122.804,-0.941],[123.041,-0.91],[123.028,-0.882],[123.06,-0.897],[123.099,-0.835],[123.151,-0.885],[123.144,-0.954],[123.268,-1.044],[123.354,-1.032],[123.458,-0.769],[123.427,-0.745],[123.441,-0.708],[123.421,-0.719],[123.379,-0.668],[123.412,-0.656],[123.261,-0.579],[123.088,-0.577]]],[[[122.599,-0.477],[122.525,-0.502],[122.616,-0.502],[122.599,-0.477]]]]}},{"type":"Feature","properties":{"nama":"Banggai Kepulauan","prov":"72"},"geometry":{"type":"MultiPolygon","coordinates":[[[[123.171,-1.149],[123.145,-1.211],[123.106,-1.16],[122.973,-1.216],[122.905,-1.182],[122.826,-1.284],[122.785,-1.463],[122.839,-1.51],[122.869,-1.595],[122.914,-1.595],[122.999,-1.516],[123.121,-1.294],[123.122,-1.318],[123.166,-1.303],[123.185,-1.514],[123.098,-1.592],[123.154,-1.613],[123.155,-1.64],[123.226,-1.595],[123.255,-1.639],[123.248,-1.489],[123.296,-1.41],[123.356,-1.472],[123.355,-1.525],[123.371,-1.497],[123.413,-1.531],[123.458,-1.519],[123.473,-1.462],[123.513,-1.454],[123.556,-1.278],[123.443,-1.234],[123.429,-1.27],[123.413,-1.224],[123.375,-1.221],[123.242,-1.401],[123.184,-1.32],[123.187,-1.264],[123.218,-1.27],[123.249,-1.229],[123.171,-1.149]]],[[[123.321,-1.22],[123.316,-1.175],[123.28,-1.195],[123.299,-1.283],[123.321,-1.22]]],[[[123.3,-1.146],[123.28,-1.156],[123.279,-1.178],[123.3,-1.146]]]]}},{"type":"Feature","properties":{"nama":"Banggai Laut","prov":"72"},"geometry":{"type":"MultiPolygon","coordinates":[[[[123.532,-1.478],[123.479,-1.547],[123.499,-1.601],[123.472,-1.653],[123.49,-1.715],[123.568,-1.728],[123.613,-1.698],[123.623,-1.624],[123.56,-1.599],[123.532,-1.478]]],[[[123.105,-1.774],[123.059,-1.83],[123.06,-1.925],[123.145,-1.852],[123.145,-1.799],[123.105,-1.774]]],[[[123.785,-1.879],[123.771,-1.943],[123.825,-2.027],[123.863,-1.979],[123.785,-1.879]]],[[[123.376,-1.673],[123.311,-1.719],[123.275,-1.798],[123.384,-1.722],[123.376,-1.673]]],[[[124.004,-1.813],[123.988,-1.823],[124.03,-1.895],[124.004,-1.813]]],[[[123.87951666666666,-2.0595499999999998],[123.889,-2.088],[123.883,-2.059],[123.87951666666666,-2.0595499999999998]]],[[[123.863,-2.01],[123.845,-2.065],[123.87951666666666,-2.0595499999999998],[123.863,-2.01]]],[[[123.65,-1.897],[123.647,-1.96],[123.659,-1.942],[123.65,-1.897]]],[[[123.729,-1.899],[123.705,-1.929],[123.728,-1.958],[123.729,-1.899]]],[[[123.766,-2.005],[123.762,-2.06],[123.785,-2.028],[123.766,-2.005]]],[[[124.153,-1.736],[124.163,-1.789],[124.181,-1.766],[124.153,-1.736]]],[[[123.675,-1.882],[123.662,-1.892],[123.681,-1.93],[123.675,-1.882]]],[[[123.538,-1.736],[123.525,-1.773],[123.539,-1.759],[123.538,-1.736]]],[[[123.565,-1.474],[123.552,-1.484],[123.564,-1.506],[123.565,-1.474]]],[[[123.769,-1.903],[123.772,-1.934],[123.777,-1.921],[123.769,-1.903]]]]}},{"type":"Feature","properties":{"nama":"Bantaeng","prov":"73"},"geometry":{"type":"MultiPolygon","coordinates":[[[[119.956,-5.354],[119.857,-5.552],[120.101,-5.586],[120.09,-5.489],[120.029,-5.393],[119.97,-5.391],[119.956,-5.354]]]]}},{"type":"Feature","properties":{"nama":"Barru","prov":"73"},"geometry":{"type":"MultiPolygon","coordinates":[[[[119.621,-4.067],[119.605,-4.104],[119.638,-4.173],[119.608,-4.217],[119.625,-4.236],[119.595,-4.24],[119.637,-4.319],[119.581,-4.53],[119.667,-4.654],[119.655,-4.716],[119.692,-4.721],[119.682,-4.771],[119.749,-4.798],[119.826,-4.718],[119.76,-4.684],[119.759,-4.626],[119.811,-4.542],[119.759,-4.48],[119.756,-4.289],[119.706,-4.232],[119.758,-4.206],[119.73,-4.173],[119.751,-4.125],[119.72,-4.077],[119.621,-4.067]]],[[[119.603,-4.338],[119.592,-4.364],[119.6,-4.357],[119.603,-4.338]]]]}},{"type":"Feature","properties":{"nama":"Boalemo","prov":"75"},"geometry":{"type":"MultiPolygon","coordinates":[[[[122.248,0.914],[122.101,0.902],[122.121,0.495],[122.148,0.463],[122.389,0.521],[122.546,0.49],[122.552,0.514],[122.602,0.51],[122.644,0.476],[122.601,0.649],[122.466,0.758],[122.252,0.791],[122.248,0.914]]]]}},{"type":"Feature","properties":{"nama":"Bolaang Mongondow","prov":"71"},"geometry":{"type":"MultiPolygon","coordinates":[[[[124.299,1.002],[124.203,0.99],[124.138,0.929],[123.931,0.86],[123.959,0.837],[123.792,0.856],[123.786,0.83],[123.757,0.855],[123.753,0.831],[123.727,0.864],[123.689,0.794],[123.741,0.685],[123.731,0.648],[123.634,0.6],[123.643,0.574],[123.714,0.563],[123.698,0.457],[123.859,0.459],[123.93,0.431],[124.14,0.559],[124.233,0.51],[124.239,0.542],[124.319,0.544],[124.297,0.561],[124.342,0.648],[124.252,0.707],[124.256,0.75],[124.418,0.769],[124.437,0.828],[124.38,0.87],[124.355,0.986],[124.299,1.002]]],[[[123.791,0.879],[123.787,0.882],[123.788,0.877],[123.791,0.879]]]]}},{"type":"Feature","properties":{"nama":"Bolaang Mongondow Selatan","prov":"71"},"geometry":{"type":"MultiPolygon","coordinates":[[[[124.344,0.609],[124.294,0.532],[124.239,0.542],[124.233,0.51],[124.14,0.559],[123.93,0.431],[123.859,0.459],[123.699,0.456],[123.71,0.571],[123.537,0.579],[123.552,0.511],[123.523,0.464],[123.55,0.434],[123.474,0.32],[123.677,0.296],[123.993,0.375],[124.22,0.383],[124.356,0.453],[124.36,0.432],[124.453,0.444],[124.476,0.467],[124.44,0.567],[124.344,0.609]]],[[[124.365,0.422],[124.36,0.431],[124.361,0.42],[124.365,0.422]]]]}},{"type":"Feature","properties":{"nama":"Bolaang Mongondow Timur","prov":"71"},"geometry":{"type":"MultiPolygon","coordinates":[[[[124.65,0.957],[124.579,0.922],[124.465,0.731],[124.439,0.786],[124.349,0.743],[124.38,0.658],[124.344,0.651],[124.338,0.615],[124.44,0.567],[124.476,0.467],[124.513,0.473],[124.494,0.548],[124.569,0.58],[124.555,0.651],[124.629,0.713],[124.627,0.771],[124.7,0.841],[124.635,0.891],[124.65,0.957]]],[[[124.686,0.812],[124.661,0.805],[124.687,0.808],[124.686,0.812]]]]}},{"type":"Feature","properties":{"nama":"Bolaang Mongondow Utara","prov":"71"},"geometry":{"type":"MultiPolygon","coordinates":[[[[123.249,0.959],[123.168,0.952],[123.199,0.92],[123.179,0.902],[123.112,0.915],[123.271,0.803],[123.246,0.734],[123.274,0.698],[123.608,0.562],[123.726,0.638],[123.741,0.685],[123.689,0.794],[123.726,0.866],[123.592,0.904],[123.525,0.886],[123.262,0.914],[123.249,0.959]]],[[[123.261,0.927],[123.26,0.921],[123.262,0.921],[123.261,0.927]]]]}},{"type":"Feature","properties":{"nama":"Bombana","prov":"74"},"geometry":{"type":"MultiPolygon","coordinates":[[[[121.98,-4.423],[121.882,-4.377],[121.724,-4.492],[121.67,-4.615],[121.622,-4.56],[121.471,-4.591],[121.467,-4.684],[121.55,-4.773],[121.628,-4.777],[121.684,-4.851],[121.816,-4.834],[121.894,-4.88],[122.023,-4.893],[122.12,-4.819],[122.047,-4.77],[122.032,-4.718],[122.03,-4.656],[122.108,-4.508],[121.98,-4.423]]],[[[121.9,-5.065],[121.856,-5.084],[121.869,-5.119],[121.841,-5.108],[121.883,-5.153],[121.823,-5.169],[121.839,-5.192],[121.808,-5.207],[121.795,-5.277],[121.932,-5.429],[122.049,-5.414],[122.034,-5.241],[122.075,-5.233],[122.071,-5.201],[122.035,-5.148],[121.992,-5.159],[121.968,-5.063],[121.938,-5.111],[121.9,-5.065]]],[[[121.839,-5.119],[121.825,-5.153],[121.844,-5.136],[121.839,-5.119]]]]}},{"type":"Feature","properties":{"nama":"Bone","prov":"73"},"geometry":{"type":"MultiPolygon","coordinates":[[[[120.361,-4.222],[120.253,-4.274],[120.225,-4.235],[120.095,-4.243],[120.062,-4.321],[120.094,-4.335],[120.097,-4.391],[120.049,-4.399],[120.043,-4.521],[119.818,-4.532],[119.759,-4.626],[119.76,-4.685],[119.817,-4.707],[119.823,-4.742],[119.773,-4.754],[119.749,-4.798],[119.696,-4.788],[119.72,-4.821],[119.807,-4.808],[119.809,-4.761],[119.885,-4.718],[119.972,-4.778],[119.846,-5.049],[119.923,-5.133],[120.056,-5.127],[120.13,-5.044],[120.208,-5.1],[120.289,-5.113],[120.306,-4.868],[120.383,-4.838],[120.4,-4.711],[120.458,-4.658],[120.4,-4.606],[120.377,-4.514],[120.402,-4.48],[120.347,-4.426],[120.393,-4.334],[120.361,-4.222]]],[[[120.315,-4.952],[120.313,-4.95],[120.314,-4.954],[120.315,-4.952]]]]}},{"type":"Feature","properties":{"nama":"Bone Bolango","prov":"75"},"geometry":{"type":"MultiPolygon","coordinates":[[[[123.249,0.748],[123.167,0.752],[123.07,0.803],[123.056,0.63],[123.091,0.58],[123.087,0.478],[123.268,0.322],[123.481,0.321],[123.55,0.434],[123.523,0.463],[123.552,0.511],[123.533,0.577],[123.486,0.627],[123.384,0.64],[123.322,0.699],[123.274,0.698],[123.249,0.748]]]]}},{"type":"Feature","properties":{"nama":"Bulukumba","prov":"73"},"geometry":{"type":"MultiPolygon","coordinates":[[[[120.265,-5.287],[120.17,-5.314],[120.141,-5.288],[120.04,-5.347],[119.999,-5.32],[119.957,-5.344],[119.958,-5.381],[120.029,-5.393],[120.091,-5.491],[120.106,-5.589],[120.318,-5.507],[120.472,-5.622],[120.405,-5.342],[120.336,-5.287],[120.265,-5.287]]],[[[120.429,-5.64],[120.43,-5.661],[120.446,-5.645],[120.429,-5.64]]]]}},{"type":"Feature","properties":{"nama":"Buol","prov":"72"},"geometry":{"type":"MultiPolygon","coordinates":[[[[121.444,1.313],[121.405,1.262],[121.269,1.232],[121.177,1.269],[121.128,1.131],[121.01,1.03],[121.029,1],[120.996,0.806],[120.924,0.78],[120.883,0.705],[121.165,0.679],[121.219,0.791],[121.363,0.801],[121.349,0.852],[121.494,0.839],[121.542,0.879],[121.604,0.873],[121.814,0.951],[121.851,0.993],[121.955,0.907],[122.016,0.909],[122.042,0.989],[122.196,1.039],[122.066,1.074],[121.984,1.022],[121.927,1.103],[121.741,1.061],[121.71,1.081],[121.716,1.039],[121.685,1.072],[121.651,1.04],[121.555,1.063],[121.42,1.186],[121.416,1.241],[121.47,1.265],[121.444,1.313]]],[[[121.973,1.072],[121.964,1.051],[121.975,1.062],[121.973,1.072]]]]}},{"type":"Feature","properties":{"nama":"Buru","prov":"81"},"geometry":{"type":"MultiPolygon","coordinates":[[[[126.712,-3.057],[126.3,-3.093],[126.228,-3.138],[126.223,-3.183],[126.125,-3.151],[126.104,-3.264],[126.146,-3.297],[126.308,-3.318],[126.433,-3.39],[126.479,-3.474],[126.596,-3.458],[126.619,-3.526],[126.643,-3.509],[126.681,-3.534],[126.751,-3.67],[126.8,-3.642],[126.958,-3.639],[127.104,-3.512],[127.153,-3.513],[127.19,-3.601],[127.24,-3.624],[127.259,-3.374],[127.165,-3.336],[127.135,-3.379],[127.075,-3.374],[127.031,-3.265],[127.122,-3.274],[127.06,-3.184],[126.791,-3.059],[126.712,-3.057]]],[[[127.139,-3.371],[127.137,-3.371],[127.137,-3.374],[127.139,-3.371]]]]}},{"type":"Feature","properties":{"nama":"Buru Selatan","prov":"81"},"geometry":{"type":"MultiPolygon","coordinates":[[[[126.099,-3.112],[126.012,-3.194],[126.007,-3.358],[126.046,-3.442],[126.152,-3.526],[126.182,-3.613],[126.515,-3.795],[126.741,-3.857],[126.811,-3.804],[126.955,-3.771],[127.051,-3.689],[127.192,-3.676],[127.238,-3.633],[127.19,-3.601],[127.153,-3.513],[127.104,-3.512],[126.958,-3.639],[126.8,-3.642],[126.75,-3.67],[126.681,-3.534],[126.643,-3.509],[126.619,-3.526],[126.596,-3.458],[126.479,-3.474],[126.433,-3.39],[126.308,-3.318],[126.11,-3.276],[126.125,-3.151],[126.099,-3.112]]],[[[127.205,-3.82],[127.142,-3.852],[127.223,-3.905],[127.242,-3.854],[127.205,-3.82]]],[[[126.007,-3.223],[126.007,-3.216],[125.997,-3.252],[126.007,-3.223]]]]}},{"type":"Feature","properties":{"nama":"Buton","prov":"74"},"geometry":{"type":"MultiPolygon","coordinates":[[[[122.842,-5.083],[122.789,-5.082],[122.737,-5.17],[122.754,-5.228],[122.784,-5.184],[122.811,-5.221],[122.771,-5.254],[122.732,-5.242],[122.684,-5.322],[122.72,-5.32],[122.76,-5.376],[122.742,-5.479],[122.789,-5.488],[122.791,-5.604],[122.823,-5.652],[122.898,-5.552],[122.881,-5.507],[122.844,-5.523],[122.872,-5.455],[122.976,-5.394],[123.016,-5.444],[123.131,-5.399],[123.225,-5.279],[123.092,-5.217],[123.105,-5.188],[123.059,-5.192],[123.068,-5.161],[123.033,-5.136],[122.945,-5.216],[122.92,-5.178],[122.95,-5.147],[122.842,-5.083]]],[[[122.683,-5.295],[122.699,-5.283],[122.713,-5.24],[122.683,-5.295]]]]}},{"type":"Feature","properties":{"nama":"Buton Selatan","prov":"74"},"geometry":{"type":"MultiPolygon","coordinates":[[[[122.744,-5.482],[122.574,-5.538],[122.643,-5.698],[122.713,-5.619],[122.725,-5.691],[122.749,-5.639],[122.755,-5.695],[122.805,-5.691],[122.823,-5.652],[122.791,-5.604],[122.789,-5.488],[122.744,-5.482]]],[[[122.51,-5.624],[122.457,-5.693],[122.548,-5.681],[122.544,-5.628],[122.51,-5.624]]],[[[122.525,-5.501],[122.472,-5.53],[122.487,-5.562],[122.525,-5.501]]],[[[122.688,-6.178],[122.667,-6.185],[122.689,-6.208],[122.728,-6.204],[122.688,-6.178]]]]}},{"type":"Feature","properties":{"nama":"Buton Tengah","prov":"74"},"geometry":{"type":"MultiPolygon","coordinates":[[[[122.317,-5.142],[122.273,-5.389],[122.361,-5.391],[122.377,-5.325],[122.449,-5.313],[122.382,-5.334],[122.408,-5.399],[122.465,-5.403],[122.498,-5.346],[122.48,-5.3],[122.54,-5.261],[122.52,-5.437],[122.566,-5.411],[122.595,-5.434],[122.595,-5.365],[122.64,-5.357],[122.646,-5.295],[122.624,-5.25],[122.579,-5.254],[122.607,-5.223],[122.528,-5.195],[122.45,-5.235],[122.317,-5.142]]],[[[121.973,-5.412],[121.933,-5.429],[121.95,-5.494],[122.05,-5.46],[122.049,-5.414],[121.973,-5.412]]],[[[122.057,-5.492],[121.993,-5.523],[122.029,-5.519],[122.057,-5.492]]]]}},{"type":"Feature","properties":{"nama":"Buton Utara","prov":"74"},"geometry":{"type":"MultiPolygon","coordinates":[[[[123.075,-4.366],[122.908,-4.46],[122.848,-4.591],[122.862,-4.621],[122.928,-4.61],[122.88,-4.775],[122.916,-4.85],[122.891,-5.01],[122.832,-5.074],[122.854,-5.112],[122.95,-5.147],[122.98,-5.059],[122.955,-5.002],[123.002,-4.936],[122.994,-4.826],[123.04,-4.802],[123.034,-4.746],[123.056,-4.77],[123.079,-4.749],[123.075,-4.789],[123.101,-4.794],[123.112,-4.694],[123.151,-4.734],[123.133,-4.757],[123.176,-4.771],[123.175,-4.838],[123.213,-4.858],[123.212,-4.698],[123.201,-4.657],[123.2,-4.686],[123.177,-4.671],[123.209,-4.613],[123.139,-4.482],[123.045,-4.424],[123.075,-4.366]]],[[[123.085,-4.795],[123.034,-4.833],[123.114,-4.847],[123.118,-4.797],[123.085,-4.795]]]]}},{"type":"Feature","properties":{"nama":"Karimun","prov":"21"},"geometry":{"type":"MultiPolygon","coordinates":[[[[103.377,0.898],[103.352,0.741],[103.4,0.649],[103.457,0.638],[103.512,0.757],[103.377,0.898]]],[[[103.375,1.137],[103.311,1.087],[103.316,1.035],[103.44,0.989],[103.375,1.137]]],[[[103.749,0.886],[103.72,0.852],[103.83,0.752],[103.835,0.812],[103.749,0.886]]],[[[103.423,0.875],[103.528,0.767],[103.495,0.845],[103.423,0.875]]],[[[103.818,0.895],[103.835,0.839],[103.894,0.802],[103.902,0.85],[103.818,0.895]]],[[[103.446,0.923],[103.41,0.892],[103.488,0.855],[103.475,0.914],[103.446,0.923]]],[[[103.668,0.829],[103.704,0.755],[103.727,0.759],[103.668,0.829]]],[[[103.91,0.829],[103.886,0.795],[103.919,0.755],[103.941,0.787],[103.91,0.829]]],[[[103.49,0.927],[103.513,0.859],[103.527,0.883],[103.49,0.927]]],[[[103.58,0.554],[103.598,0.492],[103.619,0.496],[103.58,0.554]]],[[[103.744,0.737],[103.693,0.71],[103.742,0.686],[103.744,0.737]]],[[[103.662,0.869],[103.655,0.873],[103.693,0.824],[103.662,0.869]]],[[[103.463,0.831],[103.421,0.857],[103.432,0.833],[103.463,0.831]]],[[[103.389,1.166],[103.38,1.15],[103.409,1.129],[103.389,1.166]]],[[[103.419,0.949],[103.419,0.914],[103.439,0.932],[103.419,0.949]]],[[[103.675,0.636],[103.686,0.605],[103.707,0.615],[103.675,0.636]]],[[[103.656,0.741],[103.674,0.712],[103.688,0.724],[103.656,0.741]]]]}},{"type":"Feature","properties":{"nama":"Karo","prov":"12"},"geometry":{"type":"MultiPolygon","coordinates":[[[[98.471,3.242],[98.352,3.289],[98.367,3.245],[98.335,3.219],[98.216,3.284],[98.123,3.267],[98.096,3.316],[98.029,3.331],[97.905,3.257],[97.984,3.086],[98.038,3.078],[98.059,3.111],[98.113,3.055],[98.182,3.069],[98.249,2.931],[98.346,2.966],[98.483,2.861],[98.532,2.879],[98.578,2.83],[98.535,2.916],[98.561,3.027],[98.629,3.115],[98.602,3.163],[98.627,3.225],[98.558,3.2],[98.539,3.247],[98.471,3.242]]]]}},{"type":"Feature","properties":{"nama":"Kaur","prov":"17"},"geometry":{"type":"MultiPolygon","coordinates":[[[[103.297,-4.257],[103.28,-4.29],[103.201,-4.308],[103.201,-4.393],[103.08,-4.509],[103.07,-4.559],[103.284,-4.709],[103.328,-4.808],[103.374,-4.798],[103.424,-4.871],[103.596,-4.922],[103.604,-4.889],[103.791,-4.779],[103.763,-4.742],[103.669,-4.729],[103.705,-4.704],[103.702,-4.664],[103.661,-4.61],[103.599,-4.593],[103.62,-4.531],[103.572,-4.525],[103.487,-4.578],[103.408,-4.504],[103.425,-4.401],[103.468,-4.355],[103.297,-4.257]]]]}},{"type":"Feature","properties":{"nama":"Kepahiang","prov":"17"},"geometry":{"type":"MultiPolygon","coordinates":[[[[102.635,-3.529],[102.53,-3.494],[102.433,-3.546],[102.514,-3.593],[102.62,-3.802],[102.77,-3.709],[102.813,-3.546],[102.635,-3.529]]]]}},{"type":"Feature","properties":{"nama":"Kepulauan Anambas","prov":"21"},"geometry":{"type":"MultiPolygon","coordinates":[[[[105.697,3.063],[105.675,3.009],[105.715,2.984],[105.693,2.851],[105.733,2.815],[105.769,2.843],[105.721,2.874],[105.767,2.872],[105.781,2.909],[105.822,2.886],[105.79,2.908],[105.828,2.91],[105.811,2.944],[105.82,2.971],[105.852,2.957],[105.851,2.987],[105.801,3],[105.748,2.969],[105.724,2.994],[105.739,3.05],[105.715,3.03],[105.697,3.063]]],[[[106.285,3.384],[106.242,3.34],[106.227,3.26],[106.284,3.225],[106.259,3.285],[106.273,3.301],[106.289,3.251],[106.308,3.366],[106.285,3.384]]],[[[106.233,3.23],[106.195,3.23],[106.205,3.135],[106.237,3.096],[106.248,3.128],[106.279,3.077],[106.288,3.178],[106.233,3.23]]],[[[106.228,3.394],[106.172,3.334],[106.187,3.3],[106.236,3.334],[106.228,3.394]]],[[[106.345,3.417],[106.329,3.405],[106.321,3.323],[106.345,3.417]]],[[[106.201,2.811],[106.223,2.766],[106.202,2.757],[106.254,2.724],[106.246,2.776],[106.201,2.811]]],[[[106.317,3.169],[106.285,3.125],[106.308,3.086],[106.343,3.124],[106.334,3.158],[106.312,3.134],[106.317,3.169]]],[[[106.356,3.093],[106.342,3.064],[106.354,3.048],[106.356,3.093]]],[[[106.301,3.274],[106.296,3.235],[106.305,3.259],[106.301,3.274]]],[[[105.698,3.1],[105.712,3.074],[105.735,3.084],[105.698,3.1]]],[[[106.125,2.939],[106.114,2.925],[106.149,2.919],[106.125,2.939]]],[[[106.417,3.154],[106.404,3.134],[106.437,3.129],[106.417,3.154]]],[[[106.416,3.3],[106.406,3.278],[106.413,3.269],[106.416,3.3]]],[[[105.653,3.119],[105.644,3.093],[105.675,3.091],[105.653,3.119]]]]}},{"type":"Feature","properties":{"nama":"Kepulauan Mentawai","prov":"13"},"geometry":{"type":"MultiPolygon","coordinates":[[[[98.911,-0.926],[98.899,-0.906],[98.797,-0.957],[98.711,-0.945],[98.663,-0.98],[98.603,-1.225],[98.878,-1.679],[99.107,-1.812],[99.167,-1.779],[99.241,-1.797],[99.263,-1.773],[99.241,-1.677],[99.201,-1.637],[99.223,-1.629],[99.281,-1.752],[99.288,-1.632],[99.26,-1.594],[99.22,-1.605],[99.197,-1.51],[99.114,-1.446],[99.17,-1.471],[99.149,-1.402],[99.103,-1.392],[99.081,-1.294],[99.049,-1.294],[99.068,-1.253],[99.026,-1.221],[99.002,-1.116],[98.935,-1.061],[98.919,-0.99],[98.952,-1.012],[98.911,-0.926]]],[[[100.229,-2.785],[100.176,-2.803],[100.189,-2.99],[100.233,-3.057],[100.256,-3.049],[100.248,-3.081],[100.293,-3.081],[100.341,-3.142],[100.326,-3.173],[100.37,-3.228],[100.326,-3.208],[100.335,-3.244],[100.465,-3.347],[100.375,-3.18],[100.411,-3.194],[100.361,-3.165],[100.472,-3.143],[100.459,-3.016],[100.229,-2.785]]],[[[99.592,-2.031],[99.547,-2.072],[99.572,-2.152],[99.528,-2.153],[99.575,-2.246],[99.589,-2.222],[99.608,-2.244],[99.601,-2.284],[99.673,-2.289],[99.738,-2.345],[99.838,-2.364],[99.861,-2.402],[99.846,-2.336],[99.782,-2.292],[99.721,-2.183],[99.702,-2.085],[99.592,-2.031]]],[[[99.993,-2.503],[99.96,-2.57],[100.014,-2.741],[99.979,-2.773],[100.019,-2.849],[100.051,-2.815],[100.145,-2.841],[100.142,-2.809],[100.218,-2.776],[100.22,-2.739],[100.173,-2.648],[99.993,-2.503]]],[[[99.26,-1.791],[99.242,-1.85],[99.294,-1.833],[99.26,-1.791]]],[[[100.494,-3.142],[100.492,-3.185],[100.534,-3.199],[100.494,-3.142]]],[[[99.304,-1.899],[99.293,-1.918],[99.307,-1.93],[99.304,-1.899]]],[[[99.567,-2.005],[99.547,-2.008],[99.577,-2.025],[99.567,-2.005]]]]}},{"type":"Feature","properties":{"nama":"Kepulauan Meranti","prov":"14"},"geometry":{"type":"MultiPolygon","coordinates":[[[[102.734,1.022],[102.591,1.002],[102.488,0.931],[102.44,0.936],[102.412,0.855],[102.568,0.768],[102.865,0.792],[103.025,0.688],[103.046,0.825],[102.734,1.022]]],[[[102.771,1.159],[102.689,1.121],[102.626,1.01],[102.743,1.04],[103.071,0.832],[103.152,0.848],[103.153,0.895],[103,1.075],[102.771,1.159]]],[[[102.272,1.419],[102.211,1.409],[102.229,1.347],[102.206,1.277],[102.276,1.006],[102.386,0.914],[102.479,0.941],[102.439,1.071],[102.485,1.238],[102.272,1.419]]],[[[102.535,1.13],[102.482,1.126],[102.46,1.076],[102.5,0.945],[102.608,1.006],[102.614,1.047],[102.535,1.13]]],[[[103.097,0.799],[103.093,0.718],[103.114,0.739],[103.097,0.799]]]]}},{"type":"Feature","properties":{"nama":"Kerinci","prov":"15"},"geometry":{"type":"MultiPolygon","coordinates":[[[[101.427,-1.677],[101.216,-1.725],[101.191,-1.676],[101.169,-1.711],[101.132,-1.685],[101.138,-1.899],[101.24,-2.067],[101.289,-2.026],[101.445,-2.045],[101.454,-2.093],[101.409,-2.119],[101.412,-2.166],[101.281,-2.263],[101.379,-2.355],[101.557,-2.452],[101.555,-2.352],[101.711,-2.318],[101.784,-2.195],[101.837,-2.182],[101.783,-2.139],[101.793,-2.105],[101.73,-2.001],[101.666,-1.973],[101.618,-1.874],[101.427,-1.677]]]]}},{"type":"Feature","properties":{"nama":"Kota Banda Aceh","prov":"11"},"geometry":{"type":"MultiPolygon","coordinates":[[[[95.375,5.611],[95.316,5.596],[95.28,5.536],[95.353,5.533],[95.375,5.611]]],[[[95.297,5.569],[95.282,5.558],[95.298,5.565],[95.297,5.569]]]]}},{"type":"Feature","properties":{"nama":"Kota Bandar Lampung","prov":"18"},"geometry":{"type":"MultiPolygon","coordinates":[[[[105.255,-5.327],[105.178,-5.406],[105.181,-5.448],[105.221,-5.446],[105.225,-5.49],[105.252,-5.49],[105.29,-5.445],[105.345,-5.518],[105.342,-5.42],[105.255,-5.327]]]]}},{"type":"Feature","properties":{"nama":"Kota Batam","prov":"21"},"geometry":{"type":"MultiPolygon","coordinates":[[[[104.098,1.199],[104.068,1.174],[104.093,1.156],[104.079,1.126],[104.02,1.192],[103.997,1.125],[103.921,1.143],[103.937,1.083],[103.89,1.095],[103.911,1.038],[104.008,0.986],[104.101,0.983],[104.079,1.024],[104.133,1.034],[104.156,1.12],[104.098,1.199]]],[[[104.12,0.962],[104.078,0.96],[104.092,0.87],[104.144,0.857],[104.178,0.783],[104.245,0.82],[104.266,0.86],[104.167,0.867],[104.12,0.962]]],[[[104.258,0.801],[104.169,0.78],[104.196,0.721],[104.259,0.692],[104.31,0.71],[104.264,0.743],[104.258,0.801]]],[[[103.869,1.037],[103.859,1.007],[103.834,1.017],[103.834,0.978],[103.944,0.91],[103.967,0.968],[103.869,1.037]]],[[[104.215,0.718],[104.289,0.611],[104.281,0.669],[104.215,0.718]]],[[[103.775,1.051],[103.749,1.029],[103.798,0.969],[103.775,1.051]]],[[[104.196,0.5708947368421051],[104.192,0.571],[104.196,0.545],[104.196,0.5708947368421051]]],[[[104.196,0.609],[104.196,0.5708947368421051],[104.23,0.57],[104.196,0.609]]],[[[104.308,0.764],[104.299,0.756],[104.357,0.74],[104.308,0.764]]],[[[104.062,0.967],[104.045,0.938],[104.068,0.914],[104.062,0.967]]],[[[104.288,0.522],[104.282,0.527],[104.296,0.475],[104.288,0.522]]],[[[103.844,1.075],[103.836,1.029],[103.876,1.039],[103.844,1.075]]],[[[104.169,0.961],[104.153,0.934],[104.198,0.947],[104.169,0.961]]],[[[104.086,0.643],[104.084,0.603],[104.104,0.625],[104.086,0.643]]],[[[103.951,1],[103.942,0.999],[103.976,0.974],[103.951,1]]],[[[103.982,0.976],[103.989,0.945],[103.993,0.963],[103.982,0.976]]],[[[104.144,0.975],[104.153,0.958],[104.174,0.969],[104.144,0.975]]]]}},{"type":"Feature","properties":{"nama":"Kota Bengkulu","prov":"17"},"geometry":{"type":"MultiPolygon","coordinates":[[[[102.291,-3.74],[102.247,-3.788],[102.302,-3.866],[102.279,-3.898],[102.307,-3.891],[102.301,-3.918],[102.266,-3.915],[102.301,-3.982],[102.317,-3.911],[102.347,-3.913],[102.371,-3.856],[102.291,-3.74]]],[[[102.18,-3.839],[102.18,-3.838],[102.179,-3.838],[102.18,-3.839]]]]}},{"type":"Feature","properties":{"nama":"Kota Binjai","prov":"12"},"geometry":{"type":"MultiPolygon","coordinates":[[[[98.498,3.564],[98.54,3.575],[98.512,3.673],[98.446,3.657],[98.474,3.626],[98.441,3.608],[98.467,3.594],[98.451,3.528],[98.498,3.564]]]]}},{"type":"Feature","properties":{"nama":"Kota Bukittinggi","prov":"13"},"geometry":{"type":"MultiPolygon","coordinates":[[[[100.348,-0.276],[100.371,-0.322],[100.408,-0.322],[100.395,-0.285],[100.348,-0.276]]]]}},{"type":"Feature","properties":{"nama":"Kota Dumai","prov":"14"},"geometry":{"type":"MultiPolygon","coordinates":[[[[101.066,2.233],[101.026,2.184],[101.016,2.081],[101.067,1.935],[101.29,1.6],[101.335,1.496],[101.317,1.474],[101.436,1.447],[101.449,1.494],[101.507,1.493],[101.528,1.596],[101.598,1.6],[101.641,1.548],[101.624,1.589],[101.719,1.623],[101.725,1.671],[101.562,1.637],[101.402,1.704],[101.357,1.779],[101.303,2.042],[101.066,2.233]]]]}},{"type":"Feature","properties":{"nama":"Kota Gunungsitoli","prov":"12"},"geometry":{"type":"MultiPolygon","coordinates":[[[[97.653,1.236],[97.54,1.42],[97.517,1.407],[97.508,1.349],[97.471,1.349],[97.481,1.292],[97.509,1.259],[97.553,1.282],[97.562,1.202],[97.602,1.21],[97.613,1.184],[97.653,1.236]]]]}},{"type":"Feature","properties":{"nama":"Kota Jambi","prov":"15"},"geometry":{"type":"MultiPolygon","coordinates":[[[[103.617,-1.548],[103.547,-1.568],[103.524,-1.676],[103.621,-1.696],[103.608,-1.66],[103.669,-1.64],[103.652,-1.554],[103.617,-1.548]]]]}},{"type":"Feature","properties":{"nama":"Kota Langsa","prov":"11"},"geometry":{"type":"MultiPolygon","coordinates":[[[[97.984,4.535],[97.976,4.557],[97.967,4.531],[97.917,4.531],[97.868,4.455],[97.918,4.451],[97.917,4.42],[97.966,4.443],[97.983,4.411],[98.038,4.416],[98.082,4.538],[97.984,4.535]]],[[[98.047,4.545],[98.042,4.537],[98.05,4.538],[98.047,4.545]]]]}},{"type":"Feature","properties":{"nama":"Kota Lhokseumawe","prov":"11"},"geometry":{"type":"MultiPolygon","coordinates":[[[[97.176,5.142],[97.118,5.217],[97.037,5.23],[97.027,5.197],[97.088,5.171],[97.131,5.091],[97.178,5.084],[97.176,5.142]]]]}},{"type":"Feature","properties":{"nama":"Kota Lubuk Linggau","prov":"16"},"geometry":{"type":"MultiPolygon","coordinates":[[[[102.967,-3.362],[102.977,-3.292],[102.927,-3.261],[102.955,-3.237],[102.917,-3.152],[102.855,-3.132],[102.753,-3.283],[102.798,-3.332],[102.896,-3.327],[102.896,-3.376],[102.967,-3.362]]]]}},{"type":"Feature","properties":{"nama":"Kota Medan","prov":"12"},"geometry":{"type":"MultiPolygon","coordinates":[[[[98.745,3.537],[98.717,3.59],[98.744,3.596],[98.706,3.595],[98.703,3.656],[98.669,3.676],[98.704,3.672],[98.705,3.715],[98.731,3.721],[98.702,3.751],[98.723,3.801],[98.625,3.763],[98.653,3.729],[98.619,3.709],[98.667,3.635],[98.599,3.619],[98.593,3.495],[98.628,3.518],[98.647,3.48],[98.658,3.522],[98.745,3.537]]]]}},{"type":"Feature","properties":{"nama":"Kota Metro","prov":"18"},"geometry":{"type":"MultiPolygon","coordinates":[[[[105.287,-5.171],[105.33,-5.168],[105.355,-5.064],[105.314,-5.076],[105.317,-5.054],[105.269,-5.096],[105.291,-5.11],[105.263,-5.16],[105.287,-5.171]]]]}},{"type":"Feature","properties":{"nama":"Kota Padang","prov":"13"},"geometry":{"type":"MultiPolygon","coordinates":[[[[100.484,-0.753],[100.458,-0.726],[100.385,-0.756],[100.367,-0.8],[100.291,-0.817],[100.342,-0.883],[100.365,-1.006],[100.392,-1.009],[100.378,-1.041],[100.413,-1.043],[100.409,-1.075],[100.364,-1.076],[100.388,-1.124],[100.36,-1.133],[100.432,-1.116],[100.425,-1.072],[100.477,-1.004],[100.525,-1],[100.566,-0.903],[100.545,-0.812],[100.484,-0.753]]],[[[100.352,-1.133],[100.356,-1.123],[100.351,-1.124],[100.352,-1.133]]]]}},{"type":"Feature","properties":{"nama":"Kota Padang Panjang","prov":"13"},"geometry":{"type":"MultiPolygon","coordinates":[[[[100.398,-0.449],[100.374,-0.488],[100.435,-0.483],[100.398,-0.449]]]]}},{"type":"Feature","properties":{"nama":"Kota Padang Sidempuan","prov":"12"},"geometry":{"type":"MultiPolygon","coordinates":[[[[99.32,1.303],[99.35,1.314],[99.331,1.409],[99.248,1.477],[99.22,1.411],[99.32,1.303]]]]}},{"type":"Feature","properties":{"nama":"Kota Pagar Alam","prov":"16"},"geometry":{"type":"MultiPolygon","coordinates":[[[[103.376,-4.211],[103.36,-4.098],[103.415,-3.985],[103.353,-4.003],[103.329,-4.066],[103.278,-4.032],[103.29,-4.008],[103.225,-3.989],[103.12,-4.016],[103.187,-4.165],[103.178,-4.241],[103.316,-4.267],[103.376,-4.211]]]]}},{"type":"Feature","properties":{"nama":"Kota Palembang","prov":"16"},"geometry":{"type":"MultiPolygon","coordinates":[[[[104.619,-2.966],[104.649,-2.984],[104.631,-3.017],[104.725,-3.091],[104.751,-3.039],[104.812,-3.04],[104.865,-2.955],[104.833,-2.896],[104.768,-2.916],[104.714,-2.866],[104.666,-2.891],[104.68,-2.964],[104.656,-2.974],[104.623,-2.928],[104.619,-2.966]]]]}},{"type":"Feature","properties":{"nama":"Kota Pangkal Pinang","prov":"19"},"geometry":{"type":"MultiPolygon","coordinates":[[[[106.158,-2.088],[106.13,-2.097],[106.131,-2.057],[106.101,-2.082],[106.06,-2.067],[106.039,-2.11],[106.157,-2.161],[106.182,-2.131],[106.158,-2.088]]]]}},{"type":"Feature","properties":{"nama":"Kota Pariaman","prov":"13"},"geometry":{"type":"MultiPolygon","coordinates":[[[[100.112,-0.659],[100.11,-0.66],[100.111,-0.661],[100.112,-0.659]]],[[[100.102,-0.649],[100.103,-0.646],[100.101,-0.646],[100.102,-0.649]]],[[[100.1,-0.634],[100.1,-0.632],[100.098,-0.633],[100.1,-0.634]]],[[[100.128,-0.55],[100.092,-0.572],[100.159,-0.676],[100.186,-0.623],[100.128,-0.55]]]]}},{"type":"Feature","properties":{"nama":"Kota Payakumbuh","prov":"13"},"geometry":{"type":"MultiPolygon","coordinates":[[[[100.636,-0.184],[100.583,-0.209],[100.597,-0.266],[100.65,-0.277],[100.686,-0.208],[100.636,-0.184]]]]}},{"type":"Feature","properties":{"nama":"Kota Pekanbaru","prov":"14"},"geometry":{"type":"MultiPolygon","coordinates":[[[[101.601,0.506],[101.593,0.607],[101.517,0.691],[101.466,0.638],[101.397,0.69],[101.323,0.597],[101.373,0.564],[101.332,0.477],[101.364,0.442],[101.447,0.42],[101.49,0.462],[101.544,0.432],[101.601,0.506]]]]}},{"type":"Feature","properties":{"nama":"Kota Pematangsiantar","prov":"12"},"geometry":{"type":"MultiPolygon","coordinates":[[[[99.1,3.019],[99.03,3.004],[99.042,2.925],[99.012,2.892],[99.102,2.935],[99.08,2.96],[99.1,3.019]]]]}},{"type":"Feature","properties":{"nama":"Kota Prabumulih","prov":"16"},"geometry":{"type":"MultiPolygon","coordinates":[[[[104.185,-3.329],[104.125,-3.328],[104.149,-3.551],[104.218,-3.526],[104.248,-3.535],[104.251,-3.578],[104.315,-3.567],[104.276,-3.46],[104.317,-3.45],[104.352,-3.376],[104.313,-3.351],[104.208,-3.36],[104.185,-3.329]]]]}},{"type":"Feature","properties":{"nama":"Kota Sabang","prov":"11"},"geometry":{"type":"MultiPolygon","coordinates":[[[[95.218,5.907],[95.285,5.781],[95.333,5.775],[95.346,5.827],[95.375,5.805],[95.337,5.898],[95.293,5.839],[95.218,5.907]]],[[[95.259,5.875],[95.26,5.883],[95.254,5.888],[95.259,5.875]]]]}},{"type":"Feature","properties":{"nama":"Kota Sawahlunto","prov":"13"},"geometry":{"type":"MultiPolygon","coordinates":[[[[100.804,-0.567],[100.716,-0.561],[100.688,-0.632],[100.725,-0.662],[100.696,-0.724],[100.81,-0.773],[100.804,-0.567]]]]}},{"type":"Feature","properties":{"nama":"Kota Sibolga","prov":"12"},"geometry":{"type":"MultiPolygon","coordinates":[[[[98.78,1.73],[98.779,1.729],[98.779,1.727],[98.78,1.73]]]]}},{"type":"Feature","properties":{"nama":"Morowali Utara","prov":"72"},"geometry":{"type":"MultiPolygon","coordinates":[[[[122.002,-1.401],[121.932,-1.306],[121.866,-1.274],[121.695,-1.416],[121.488,-1.332],[121.399,-1.434],[121.29,-1.478],[121.197,-1.573],[120.936,-1.65],[120.949,-1.87],[120.906,-1.883],[120.931,-1.916],[120.817,-2.064],[120.857,-2.256],[120.994,-2.275],[121.043,-2.249],[121.103,-2.277],[121.086,-2.384],[121.133,-2.408],[121.199,-2.365],[121.255,-2.403],[121.292,-2.376],[121.441,-2.406],[121.493,-2.252],[121.482,-2.188],[121.544,-2.149],[121.535,-2.046],[121.531,-2.069],[121.453,-2],[121.409,-1.906],[121.343,-2.006],[121.351,-1.95],[121.313,-1.93],[121.35,-1.897],[121.334,-1.876],[121.363,-1.875],[121.345,-1.843],[121.296,-1.857],[121.299,-1.797],[121.323,-1.767],[121.372,-1.808],[121.457,-1.811],[121.448,-1.867],[121.523,-1.898],[121.555,-1.956],[121.677,-1.946],[121.743,-1.888],[121.807,-1.73],[121.85,-1.693],[121.886,-1.706],[121.862,-1.67],[121.904,-1.701],[122.058,-1.617],[122.033,-1.553],[122.058,-1.431],[122.002,-1.401]]],[[[121.444,-1.927],[121.439,-1.918],[121.436,-1.948],[121.444,-1.927]]]]}},{"type":"Feature","properties":{"nama":"Muna","prov":"74"},"geometry":{"type":"MultiPolygon","coordinates":[[[[122.672,-4.611],[122.626,-4.64],[122.659,-4.73],[122.566,-4.806],[122.66,-4.897],[122.584,-5.003],[122.456,-4.916],[122.359,-4.924],[122.391,-5.074],[122.328,-5.104],[122.317,-5.142],[122.45,-5.235],[122.528,-5.195],[122.561,-5.228],[122.617,-5.218],[122.625,-5.192],[122.585,-5.187],[122.613,-5.094],[122.721,-4.965],[122.763,-4.968],[122.77,-4.902],[122.727,-4.85],[122.74,-4.649],[122.672,-4.611]]],[[[122.895,-4.611],[122.849,-4.606],[122.832,-4.662],[122.856,-4.785],[122.84,-4.835],[122.813,-4.829],[122.813,-4.981],[122.74,-5.041],[122.803,-5.026],[122.761,-5.113],[122.891,-5.01],[122.916,-4.85],[122.88,-4.775],[122.928,-4.61],[122.895,-4.611]]],[[[122.716,-4.514],[122.688,-4.547],[122.743,-4.576],[122.716,-4.514]]]]}},{"type":"Feature","properties":{"nama":"Muna Barat","prov":"74"},"geometry":{"type":"MultiPolygon","coordinates":[[[[122.601,-4.641],[122.468,-4.741],[122.374,-4.739],[122.318,-4.831],[122.353,-4.928],[122.456,-4.916],[122.584,-5.003],[122.66,-4.897],[122.566,-4.808],[122.659,-4.73],[122.653,-4.679],[122.601,-4.641]]],[[[122.33,-4.725],[122.379,-4.665],[122.348,-4.684],[122.33,-4.725]]],[[[122.346,-4.628],[122.315,-4.647],[122.314,-4.663],[122.346,-4.628]]]]}},{"type":"Feature","properties":{"nama":"Pohuwato","prov":"75"},"geometry":{"type":"MultiPolygon","coordinates":[[[[121.853,0.993],[121.814,0.951],[121.604,0.873],[121.542,0.879],[121.481,0.838],[121.349,0.852],[121.365,0.803],[121.317,0.785],[121.237,0.802],[121.192,0.768],[121.162,0.677],[121.229,0.646],[121.242,0.6],[121.33,0.575],[121.337,0.473],[121.439,0.501],[121.443,0.466],[121.494,0.479],[121.534,0.556],[121.719,0.524],[121.804,0.41],[122.113,0.486],[122.101,0.902],[121.998,0.891],[121.853,0.993]]],[[[121.695,0.513],[121.681,0.497],[121.707,0.485],[121.695,0.513]]]]}},{"type":"Feature","properties":{"nama":"Pangkajene Dan Kepulauan","prov":"73"},"geometry":{"type":"MultiPolygon","coordinates":[[[[119.597,-4.556],[119.482,-4.751],[119.505,-4.865],[119.575,-4.905],[119.633,-4.89],[119.667,-4.95],[119.775,-4.943],[119.805,-4.926],[119.807,-4.808],[119.7,-4.802],[119.692,-4.721],[119.655,-4.716],[119.667,-4.654],[119.597,-4.556]]],[[[117.893,-5.236],[117.89,-5.297],[117.9,-5.262],[117.893,-5.236]]],[[[117.289,-7.525],[117.284,-7.539],[117.335,-7.528],[117.289,-7.525]]],[[[117.661,-5.176],[117.656,-5.222],[117.681,-5.198],[117.661,-5.176]]],[[[118.402,-7.182],[118.367,-7.199],[118.397,-7.193],[118.402,-7.182]]],[[[119.113,-6.837],[119.096,-6.868],[119.123,-6.858],[119.113,-6.837]]]]}},{"type":"Feature","properties":{"nama":"Parigi Moutong","prov":"72"},"geometry":{"type":"MultiPolygon","coordinates":[[[[121.021,0.708],[120.866,0.711],[120.813,0.675],[120.706,0.669],[120.622,0.588],[120.547,0.595],[120.54,0.634],[120.462,0.668],[120.357,0.678],[120.229,0.608],[120.193,0.616],[120.203,0.574],[120.159,0.532],[120.128,0.41],[120.057,0.336],[120.092,0.205],[119.95,0.055],[119.943,-0.072],[119.899,-0.139],[119.935,-0.21],[119.906,-0.269],[119.928,-0.304],[119.911,-0.371],[119.938,-0.512],[120.033,-0.684],[120.019,-0.782],[120.065,-0.912],[120.052,-0.968],[120.088,-1.016],[120.216,-1.068],[120.265,-1.15],[120.37,-1.148],[120.354,-1.185],[120.58,-1.102],[120.412,-0.924],[120.311,-0.966],[120.084,-0.688],[120.047,-0.532],[120.073,-0.442],[120.007,-0.275],[120.035,-0.065],[120.096,-0.032],[120.106,0.095],[120.159,0.229],[120.303,0.418],[120.404,0.474],[120.647,0.522],[120.767,0.457],[120.811,0.475],[120.898,0.396],[121.028,0.441],[121.08,0.398],[121.155,0.414],[121.174,0.459],[121.232,0.456],[121.258,0.491],[121.337,0.474],[121.33,0.575],[121.239,0.603],[121.229,0.646],[121.153,0.684],[121.021,0.708]]],[[[120.407,-0.878],[120.396,-0.878],[120.405,-0.88],[120.407,-0.878]]]]}},{"type":"Feature","properties":{"nama":"Pasangkayu","prov":"76"},"geometry":{"type":"MultiPolygon","coordinates":[[[[119.561,-0.849],[119.461,-1.074],[119.378,-1.165],[119.341,-1.168],[119.303,-1.273],[119.333,-1.349],[119.292,-1.39],[119.289,-1.45],[119.326,-1.59],[119.282,-1.687],[119.337,-1.819],[119.352,-1.772],[119.439,-1.729],[119.512,-1.793],[119.657,-1.842],[119.872,-1.779],[119.796,-1.741],[119.735,-1.606],[119.671,-1.545],[119.697,-1.451],[119.592,-1.396],[119.51,-1.451],[119.519,-1.409],[119.462,-1.396],[119.427,-1.348],[119.511,-1.312],[119.466,-1.299],[119.532,-1.234],[119.536,-1.178],[119.592,-1.183],[119.561,-0.849]]],[[[119.376,-1.165],[119.375,-1.163],[119.375,-1.164],[119.376,-1.165]]]]}},{"type":"Feature","properties":{"nama":"Pinrang","prov":"73"},"geometry":{"type":"MultiPolygon","coordinates":[[[[119.56,-3.271],[119.502,-3.315],[119.436,-3.288],[119.493,-3.475],[119.474,-3.502],[119.514,-3.561],[119.447,-3.68],[119.596,-4.044],[119.614,-4.004],[119.586,-3.974],[119.64,-3.98],[119.718,-3.907],[119.749,-3.778],[119.803,-3.733],[119.759,-3.713],[119.7,-3.545],[119.697,-3.387],[119.651,-3.363],[119.616,-3.287],[119.56,-3.271]]]]}},{"type":"Feature","properties":{"nama":"Polewali Mandar","prov":"76"},"geometry":{"type":"MultiPolygon","coordinates":[[[[119.263,-3.073],[119.149,-3.117],[118.962,-3.089],[118.955,-3.16],[118.91,-3.164],[118.939,-3.356],[118.915,-3.409],[119.004,-3.533],[119.235,-3.485],[119.305,-3.425],[119.474,-3.502],[119.493,-3.484],[119.451,-3.354],[119.296,-3.264],[119.263,-3.073]]],[[[119.372,-3.468],[119.364,-3.484],[119.374,-3.482],[119.372,-3.468]]]]}},{"type":"Feature","properties":{"nama":"Pulau Morotai","prov":"82"},"geometry":{"type":"MultiPolygon","coordinates":[[[[128.592,2.612],[128.567,2.645],[128.526,2.577],[128.467,2.597],[128.434,2.573],[128.298,2.442],[128.285,2.372],[128.2,2.287],[128.249,2.248],[128.246,2.124],[128.293,2.055],[128.26,1.981],[128.297,2.035],[128.505,2.059],[128.578,2.112],[128.65,2.37],[128.694,2.424],[128.688,2.502],[128.633,2.534],[128.592,2.612]]],[[[128.174,2.393],[128.154,2.406],[128.125,2.333],[128.161,2.288],[128.189,2.306],[128.174,2.393]]]]}},{"type":"Feature","properties":{"nama":"Pulau Taliabu","prov":"82"},"geometry":{"type":"MultiPolygon","coordinates":[[[[124.527,-1.635],[124.4,-1.659],[124.362,-1.705],[124.337,-1.89],[124.405,-2.033],[124.681,-1.976],[124.861,-1.892],[124.891,-1.925],[125.008,-1.943],[125.044,-1.887],[125.327,-1.885],[125.321,-1.784],[125.27,-1.791],[125.289,-1.731],[125.223,-1.736],[125.206,-1.793],[125.18,-1.78],[125.203,-1.724],[125.129,-1.684],[125.103,-1.761],[125.07,-1.774],[125.06,-1.745],[125.047,-1.772],[125.014,-1.751],[125.026,-1.723],[124.958,-1.696],[124.898,-1.709],[124.871,-1.68],[124.643,-1.639],[124.526,-1.665],[124.527,-1.635]]],[[[124.334,-1.966],[124.305,-2.008],[124.363,-2.044],[124.371,-1.977],[124.334,-1.966]]],[[[124.293,-1.744],[124.285,-1.763],[124.312,-1.785],[124.293,-1.744]]]]}},{"type":"Feature","properties":{"nama":"Seram Bagian Barat","prov":"81"},"geometry":{"type":"MultiPolygon","coordinates":[[[[128.514,-2.836],[128.398,-2.871],[128.163,-2.864],[128.134,-2.937],[128.071,-2.973],[128.118,-2.971],[128.123,-3],[128.087,-3.021],[128.115,-3.065],[127.998,-3.071],[127.903,-3.156],[127.839,-3.156],[127.943,-3.352],[127.895,-3.49],[127.921,-3.568],[127.96,-3.528],[127.945,-3.468],[127.983,-3.385],[128.055,-3.34],[128.083,-3.145],[128.154,-3.069],[128.199,-3.076],[128.196,-3.14],[128.159,-3.16],[128.182,-3.231],[128.192,-3.199],[128.269,-3.204],[128.405,-3.428],[128.468,-3.46],[128.674,-3.433],[128.699,-3.413],[128.68,-3.359],[128.843,-3.24],[128.794,-3.17],[128.818,-3.072],[128.771,-3.053],[128.812,-2.998],[128.754,-2.958],[128.755,-2.852],[128.514,-2.836]]],[[[127.925,-2.912],[127.943,-2.942],[127.879,-2.96],[127.829,-3.035],[127.924,-3.034],[128.004,-2.942],[127.925,-2.912]]],[[[127.568,-3.256],[127.487,-3.299],[127.506,-3.331],[127.657,-3.366],[127.568,-3.256]]],[[[127.761,-3.152],[127.638,-3.226],[127.708,-3.26],[127.791,-3.256],[127.799,-3.181],[127.761,-3.152]]],[[[127.92,-2.924],[127.874,-2.959],[127.91,-2.949],[127.92,-2.924]]]]}},{"type":"Feature","properties":{"nama":"Seram Bagian Timur","prov":"81"},"geometry":{"type":"MultiPolygon","coordinates":[[[[130.312,-2.972],[130.195,-3.01],[130.126,-2.999],[130.152,-3.217],[129.903,-3.16],[129.9,-3.258],[129.859,-3.337],[129.957,-3.356],[130.018,-3.483],[130.413,-3.63],[130.483,-3.706],[130.57,-3.723],[130.62,-3.793],[130.847,-3.874],[130.82,-3.83],[130.822,-3.702],[130.882,-3.591],[130.806,-3.487],[130.84,-3.454],[130.805,-3.407],[130.664,-3.401],[130.6,-3.148],[130.494,-3.102],[130.384,-2.988],[130.312,-2.972]]],[[[131.413,-3.949],[131.367,-3.973],[131.438,-4.078],[131.413,-3.949]]],[[[131.287,-4.072],[131.3,-4.127],[131.401,-4.17],[131.287,-4.072]]],[[[131.737,-4.704],[131.74,-4.788],[131.759,-4.739],[131.737,-4.704]]],[[[131.21,-3.98],[131.243,-4.055],[131.243,-4.004],[131.21,-3.98]]],[[[130.937,-3.867],[130.912,-3.901],[130.953,-3.888],[130.937,-3.867]]],[[[131.583,-4.379],[131.592,-4.409],[131.606,-4.417],[131.583,-4.379]]],[[[130.78,-3.298],[130.766,-3.32],[130.799,-3.332],[130.78,-3.298]]]]}},{"type":"Feature","properties":{"nama":"Sidenreng Rappang","prov":"73"},"geometry":{"type":"MultiPolygon","coordinates":[[[[120.321,-3.647],[120.197,-3.58],[120.176,-3.507],[120.14,-3.524],[120.086,-3.494],[119.995,-3.66],[119.923,-3.685],[119.961,-3.804],[119.873,-3.819],[119.803,-3.733],[119.752,-3.773],[119.725,-3.895],[119.659,-3.966],[119.726,-4.098],[119.777,-4.132],[119.897,-4.108],[119.881,-4.025],[119.911,-3.934],[120.016,-3.939],[120.086,-3.792],[120.126,-3.813],[120.153,-3.765],[120.192,-3.773],[120.211,-3.723],[120.143,-3.683],[120.157,-3.642],[120.299,-3.705],[120.281,-3.75],[120.339,-3.678],[120.321,-3.647]]]]}},{"type":"Feature","properties":{"nama":"Sigi","prov":"72"},"geometry":{"type":"MultiPolygon","coordinates":[[[[120.354,-1.185],[120.37,-1.148],[120.265,-1.15],[120.216,-1.068],[120.082,-1.013],[120.038,-0.857],[119.928,-0.921],[119.931,-0.947],[119.874,-0.923],[119.832,-0.942],[119.801,-0.857],[119.77,-0.91],[119.653,-0.953],[119.674,-1.006],[119.757,-0.997],[119.801,-1.087],[119.775,-1.195],[119.831,-1.284],[119.833,-1.387],[119.689,-1.432],[119.667,-1.526],[119.796,-1.741],[119.871,-1.777],[119.846,-2.017],[119.9,-2.055],[119.995,-1.958],[120.095,-1.967],[120.091,-1.926],[120.141,-1.902],[120.091,-1.817],[120.18,-1.771],[120.124,-1.646],[120.13,-1.56],[120.089,-1.554],[120.174,-1.451],[120.277,-1.403],[120.272,-1.343],[120.176,-1.269],[120.354,-1.185]]]]}},{"type":"Feature","properties":{"nama":"Sinjai","prov":"73"},"geometry":{"type":"MultiPolygon","coordinates":[[[[120.13,-5.044],[120.057,-5.127],[119.971,-5.131],[120.032,-5.184],[119.99,-5.205],[119.938,-5.356],[119.999,-5.32],[120.074,-5.339],[120.141,-5.288],[120.17,-5.314],[120.334,-5.288],[120.271,-5.145],[120.293,-5.118],[120.13,-5.044]]],[[[120.422,-5.048],[120.413,-5.052],[120.426,-5.058],[120.422,-5.048]]]]}},{"type":"Feature","properties":{"nama":"Soppeng","prov":"73"},"geometry":{"type":"MultiPolygon","coordinates":[[[[119.894,-4.109],[119.848,-4.099],[119.73,-4.151],[119.758,-4.206],[119.706,-4.232],[119.756,-4.289],[119.759,-4.48],[119.85,-4.545],[119.902,-4.515],[120.033,-4.526],[120.06,-4.486],[120.049,-4.399],[120.093,-4.406],[120.094,-4.335],[120.04,-4.262],[119.961,-4.272],[119.936,-4.239],[119.95,-4.123],[119.894,-4.109]]]]}},{"type":"Feature","properties":{"nama":"Takalar","prov":"73"},"geometry":{"type":"MultiPolygon","coordinates":[[[[119.565,-5.292],[119.456,-5.321],[119.475,-5.33],[119.427,-5.398],[119.432,-5.439],[119.407,-5.406],[119.366,-5.423],[119.46,-5.606],[119.489,-5.604],[119.459,-5.579],[119.505,-5.553],[119.486,-5.491],[119.528,-5.481],[119.511,-5.45],[119.608,-5.442],[119.645,-5.407],[119.565,-5.292]],[[119.414,-5.443],[119.416,-5.453],[119.408,-5.451],[119.414,-5.443]]],[[[119.386,-5.215],[119.354,-5.326],[119.365,-5.422],[119.404,-5.365],[119.377,-5.291],[119.416,-5.24],[119.386,-5.215]]],[[[119.29,-5.468],[119.245,-5.505],[119.273,-5.534],[119.318,-5.511],[119.296,-5.491],[119.317,-5.473],[119.29,-5.468]]],[[[119.274,-5.451],[119.264,-5.463],[119.295,-5.467],[119.274,-5.451]]]]}},{"type":"Feature","properties":{"nama":"Tana Toraja","prov":"73"},"geometry":{"type":"MultiPolygon","coordinates":[[[[119.682,-2.756],[119.586,-2.743],[119.55,-2.897],[119.565,-2.994],[119.637,-3.128],[119.536,-3.139],[119.482,-3.19],[119.432,-3.167],[119.374,-3.213],[119.501,-3.316],[119.529,-3.274],[119.616,-3.287],[119.684,-3.39],[119.725,-3.383],[119.716,-3.287],[119.771,-3.274],[119.782,-3.238],[119.85,-3.281],[119.922,-3.264],[119.998,-3.303],[120.041,-3.368],[120.025,-3.282],[119.981,-3.249],[119.969,-3.069],[119.878,-3.021],[119.858,-3.054],[119.832,-3.01],[119.803,-3.024],[119.797,-2.945],[119.721,-2.956],[119.676,-2.919],[119.682,-2.756]]]]}},{"type":"Feature","properties":{"nama":"Tojo Una Una","prov":"72"},"geometry":{"type":"MultiPolygon","coordinates":[[[[121.655,-0.805],[121.597,-0.825],[121.588,-0.867],[121.48,-0.9],[121.45,-0.972],[121.336,-1.065],[121.222,-1.202],[121.112,-1.429],[120.888,-1.411],[120.929,-1.65],[121.197,-1.573],[121.29,-1.478],[121.399,-1.434],[121.488,-1.332],[121.695,-1.416],[121.866,-1.274],[121.932,-1.306],[121.985,-1.392],[122.039,-1.34],[122.111,-1.376],[122.124,-1.271],[122.057,-1.247],[122.044,-1.171],[122.003,-1.131],[121.937,-1.13],[121.876,-1.072],[121.855,-0.969],[121.761,-0.971],[121.658,-0.913],[121.655,-0.805]]],[[[121.853,-0.41],[121.783,-0.45],[121.77,-0.416],[121.769,-0.461],[121.698,-0.471],[121.65,-0.54],[121.659,-0.577],[121.7,-0.563],[121.738,-0.495],[121.831,-0.532],[121.862,-0.519],[121.851,-0.494],[121.874,-0.536],[121.909,-0.527],[121.915,-0.441],[121.853,-0.41]]],[[[121.948,-0.324],[121.925,-0.335],[121.968,-0.361],[121.928,-0.372],[121.915,-0.337],[121.862,-0.37],[121.884,-0.422],[122.005,-0.424],[122.01,-0.398],[122.055,-0.421],[122.06,-0.348],[122.013,-0.375],[121.948,-0.324]]],[[[122.242,-0.207],[122.251,-0.26],[122.341,-0.285],[122.397,-0.39],[122.368,-0.33],[122.381,-0.274],[122.242,-0.207]]],[[[122.093,-0.275],[122.06,-0.355],[122.097,-0.447],[122.094,-0.4],[122.13,-0.424],[122.153,-0.39],[122.093,-0.275]]],[[[122.209,-0.21],[122.146,-0.25],[122.234,-0.298],[122.233,-0.258],[122.185,-0.252],[122.209,-0.21]]],[[[121.634,-0.126],[121.564,-0.16],[121.593,-0.211],[121.651,-0.194],[121.634,-0.126]]],[[[122.087,-0.241],[122.028,-0.275],[122.087,-0.262],[122.087,-0.241]]],[[[121.877,-0.352],[121.841,-0.36],[121.856,-0.365],[121.877,-0.352]]]]}},{"type":"Feature","properties":{"nama":"Toli Toli","prov":"72"},"geometry":{"type":"MultiPolygon","coordinates":[[[[120.911,1.35],[120.869,1.317],[120.808,1.325],[120.827,1.182],[120.789,1.164],[120.777,1.107],[120.809,1.028],[120.729,0.963],[120.697,0.987],[120.689,0.953],[120.635,0.939],[120.61,0.808],[120.574,0.769],[120.595,0.75],[120.547,0.756],[120.536,0.791],[120.398,0.791],[120.373,0.867],[120.364,0.829],[120.329,0.851],[120.354,0.984],[120.248,0.959],[120.238,0.8],[120.137,0.747],[120.196,0.701],[120.193,0.616],[120.229,0.608],[120.357,0.678],[120.462,0.668],[120.54,0.634],[120.547,0.595],[120.625,0.589],[120.706,0.669],[120.881,0.704],[120.924,0.78],[120.991,0.8],[121.029,1],[121.01,1.03],[121.128,1.131],[121.178,1.263],[121.101,1.316],[121.062,1.302],[120.942,1.35],[120.894,1.304],[120.911,1.35]]],[[[120.39,1.077],[120.366,1.03],[120.386,1.007],[120.39,1.077]]]]}},{"type":"Feature","properties":{"nama":"Toraja Utara","prov":"73"},"geometry":{"type":"MultiPolygon","coordinates":[[[[119.772,-2.594],[119.744,-2.611],[119.748,-2.714],[119.675,-2.769],[119.697,-2.845],[119.675,-2.918],[119.721,-2.956],[119.797,-2.945],[119.803,-3.024],[119.832,-3.01],[119.858,-3.054],[119.878,-3.021],[119.969,-3.069],[119.987,-3.183],[120.024,-3.106],[120.008,-3.052],[120.085,-3.032],[120.085,-3.007],[119.961,-2.802],[119.891,-2.769],[119.856,-2.688],[119.837,-2.697],[119.852,-2.634],[119.772,-2.594]]]]}},{"type":"Feature","properties":{"nama":"Wakatobi","prov":"74"},"geometry":{"type":"MultiPolygon","coordinates":[[[[123.991,-5.878],[123.981,-5.962],[124.046,-5.982],[124.045,-6.035],[124.074,-6.024],[124.041,-5.908],[123.991,-5.878]]],[[[123.583,-5.247],[123.522,-5.256],[123.529,-5.321],[123.618,-5.384],[123.644,-5.295],[123.583,-5.247]]],[[[123.692,-5.469],[123.818,-5.602],[123.826,-5.558],[123.692,-5.469]]],[[[123.926,-5.721],[123.894,-5.729],[123.92,-5.773],[124.006,-5.763],[123.926,-5.721]]],[[[123.47,-5.326],[123.479,-5.36],[123.541,-5.377],[123.47,-5.326]]],[[[123.613,-5.402],[123.585,-5.412],[123.643,-5.427],[123.613,-5.402]]],[[[123.841,-5.55],[123.832,-5.586],[123.882,-5.583],[123.841,-5.55]]],[[[123.902,-5.76],[123.895,-5.777],[123.925,-5.783],[123.902,-5.76]]]]}},{"type":"Feature","properties":{"nama":"Wajo","prov":"73"},"geometry":{"type":"MultiPolygon","coordinates":[[[[120.24,-3.674],[120.157,-3.642],[120.143,-3.683],[120.211,-3.723],[120.192,-3.773],[120.153,-3.765],[120.126,-3.813],[120.086,-3.792],[120.016,-3.939],[119.907,-3.941],[119.894,-4.109],[119.95,-4.123],[119.936,-4.239],[119.962,-4.273],[120.073,-4.285],[120.148,-4.223],[120.225,-4.235],[120.253,-4.274],[120.366,-4.224],[120.374,-4.145],[120.331,-4.108],[120.361,-4.022],[120.337,-3.937],[120.44,-3.744],[120.438,-3.689],[120.324,-3.644],[120.339,-3.678],[120.281,-3.75],[120.299,-3.705],[120.24,-3.674]]],[[[120.438,-3.94],[120.438,-3.939],[120.435,-3.938],[120.438,-3.94]]]]}},{"type":"Feature","properties":{"nama":"Luwu Utara","prov":"73"},"geometry":{"type":"MultiPolygon","coordinates":[[[[120.075,-1.948],[120.045,-1.972],[119.995,-1.958],[119.909,-2.053],[119.868,-2.019],[119.805,-2.112],[119.711,-2.142],[119.747,-2.221],[119.676,-2.27],[119.688,-2.371],[119.723,-2.393],[119.711,-2.515],[119.783,-2.609],[119.852,-2.634],[119.837,-2.697],[119.856,-2.688],[119.882,-2.762],[119.958,-2.699],[120.133,-2.675],[120.176,-2.763],[120.26,-2.824],[120.294,-2.917],[120.528,-2.767],[120.572,-2.686],[120.656,-2.667],[120.474,-2.261],[120.52,-2.14],[120.429,-1.986],[120.399,-1.954],[120.392,-1.997],[120.344,-1.977],[120.308,-2.052],[120.232,-1.983],[120.198,-1.995],[120.166,-1.962],[120.116,-2],[120.075,-1.948]]]]}},{"type":"Feature","properties":{"nama":"Aceh Barat","prov":"11"},"geometry":{"type":"MultiPolygon","coordinates":[[[[96.26,4.712],[96.168,4.75],[96.134,4.675],[96.105,4.675],[96.107,4.75],[96,4.75],[96.042,4.586],[95.958,4.51],[95.876,4.37],[96.024,4.194],[96.055,4.207],[96.127,4.124],[96.145,4.142],[96.19,4.107],[96.275,4.153],[96.259,4.274],[96.333,4.391],[96.482,4.461],[96.484,4.5],[96.443,4.528],[96.496,4.56],[96.485,4.631],[96.26,4.712]]]]}},{"type":"Feature","properties":{"nama":"Aceh Barat Daya","prov":"11"},"geometry":{"type":"MultiPolygon","coordinates":[[[[96.729,4.094],[96.718,4.01],[96.632,3.963],[96.596,3.887],[96.62,3.737],[96.773,3.739],[96.854,3.701],[96.94,3.575],[96.97,3.618],[97.036,3.601],[97.155,3.742],[97.112,3.833],[97.112,3.937],[96.838,3.954],[96.791,4.051],[96.729,4.094]]],[[[96.826,3.697],[96.826,3.699],[96.825,3.697],[96.826,3.697]]]]}},{"type":"Feature","properties":{"nama":"Aceh Besar","prov":"11"},"geometry":{"type":"MultiPolygon","coordinates":[[[[95.434,5.657],[95.35,5.595],[95.378,5.569],[95.344,5.528],[95.309,5.517],[95.225,5.576],[95.194,5.528],[95.244,5.458],[95.253,5.376],[95.212,5.276],[95.246,5.275],[95.242,5.222],[95.308,5.168],[95.366,5.254],[95.402,5.213],[95.588,5.209],[95.643,5.147],[95.648,5.067],[95.734,5.053],[95.821,5.086],[95.84,5.142],[95.775,5.253],[95.791,5.28],[95.749,5.319],[95.753,5.419],[95.78,5.443],[95.726,5.501],[95.745,5.569],[95.611,5.628],[95.515,5.595],[95.434,5.657]]],[[[95.059,5.75],[95.011,5.724],[95.059,5.72],[95.055,5.648],[95.141,5.664],[95.059,5.75]]],[[[95.148,5.662],[95.119,5.602],[95.195,5.605],[95.148,5.662]]],[[[95.202,5.583],[95.183,5.575],[95.215,5.58],[95.202,5.583]]]]}},{"type":"Feature","properties":{"nama":"Aceh Jaya","prov":"11"},"geometry":{"type":"MultiPolygon","coordinates":[[[[95.39,5.231],[95.366,5.254],[95.325,5.225],[95.302,5.139],[95.307,5.081],[95.367,5.033],[95.413,4.82],[95.495,4.749],[95.541,4.656],[95.584,4.656],[95.567,4.627],[95.61,4.619],[95.876,4.37],[95.958,4.51],[96.042,4.586],[95.992,4.786],[95.762,5.056],[95.639,5.074],[95.614,5.19],[95.39,5.231]]],[[[95.371,4.877],[95.382,4.859],[95.389,4.876],[95.371,4.877]]]]}},{"type":"Feature","properties":{"nama":"Aceh Selatan","prov":"11"},"geometry":{"type":"MultiPolygon","coordinates":[[[[97.267,3.649],[97.155,3.742],[97.036,3.601],[96.97,3.618],[96.943,3.574],[97.002,3.547],[97.169,3.258],[97.255,3.225],[97.316,3.055],[97.396,2.961],[97.594,2.879],[97.65,2.676],[97.663,2.4],[97.71,2.409],[97.791,2.498],[97.825,2.637],[97.767,2.788],[97.858,2.843],[97.907,2.957],[97.815,2.983],[97.754,2.927],[97.641,2.954],[97.616,3.092],[97.477,3.217],[97.475,3.323],[97.398,3.45],[97.484,3.543],[97.463,3.619],[97.374,3.639],[97.295,3.595],[97.267,3.649]]],[[[97.519,2.881],[97.518,2.884],[97.517,2.882],[97.519,2.881]]]]}},{"type":"Feature","properties":{"nama":"Aceh Singkil","prov":"11"},"geometry":{"type":"MultiPolygon","coordinates":[[[[98.016,2.582],[97.855,2.565],[97.865,2.499],[97.791,2.5],[97.731,2.422],[97.665,2.395],[97.785,2.231],[97.8,2.271],[97.881,2.243],[97.95,2.27],[98.127,2.17],[98.197,2.312],[98.086,2.501],[98.077,2.575],[98.016,2.582]]],[[[97.169,2.236],[97.113,2.216],[97.234,2.168],[97.34,2.035],[97.358,2.098],[97.299,2.229],[97.236,2.235],[97.195,2.202],[97.169,2.236]]],[[[97.113,2.115],[97.076,2.077],[97.115,2.004],[97.163,2.072],[97.113,2.115]]]]}},{"type":"Feature","properties":{"nama":"Aceh Tamiang","prov":"11"},"geometry":{"type":"MultiPolygon","coordinates":[[[[98.119,4.523],[98.062,4.511],[98.038,4.417],[97.964,4.37],[97.858,4.387],[97.785,4.357],[97.733,4.251],[97.739,4.146],[97.8,4.093],[97.813,4.007],[97.95,3.889],[98.008,3.902],[98.013,3.952],[98.094,3.968],[98.04,4.041],[98.062,4.185],[98.095,4.209],[98.072,4.25],[98.199,4.303],[98.238,4.284],[98.28,4.331],[98.287,4.417],[98.259,4.411],[98.234,4.464],[98.119,4.523]]],[[[98.251,4.444],[98.265,4.411],[98.277,4.423],[98.251,4.444]]]]}},{"type":"Feature","properties":{"nama":"Aceh Tengah","prov":"11"},"geometry":{"type":"MultiPolygon","coordinates":[[[[96.621,4.953],[96.47,4.894],[96.47,4.762],[96.282,4.78],[96.258,4.707],[96.646,4.557],[96.656,4.53],[96.607,4.503],[96.689,4.47],[96.628,4.406],[96.684,4.394],[96.719,4.326],[96.837,4.282],[96.928,4.2],[97.004,4.176],[97.162,4.279],[97.241,4.175],[97.359,4.214],[97.343,4.5],[97.278,4.52],[97.317,4.549],[97.313,4.605],[97.148,4.579],[97.051,4.603],[97.021,4.644],[96.809,4.673],[96.787,4.713],[96.684,4.756],[96.708,4.818],[96.676,4.949],[96.621,4.953]]]]}},{"type":"Feature","properties":{"nama":"Aceh Tenggara","prov":"11"},"geometry":{"type":"MultiPolygon","coordinates":[[[[98.029,3.331],[97.948,3.392],[97.934,3.442],[97.959,3.483],[97.868,3.571],[97.872,3.613],[97.801,3.723],[97.825,3.751],[97.351,3.676],[97.207,3.691],[97.282,3.646],[97.295,3.595],[97.374,3.639],[97.463,3.619],[97.484,3.543],[97.398,3.45],[97.475,3.323],[97.477,3.217],[97.616,3.092],[97.644,2.951],[97.754,2.927],[97.837,3.003],[97.94,2.993],[97.937,3.074],[97.975,3.073],[97.982,3.116],[97.905,3.258],[98.029,3.331]]]]}},{"type":"Feature","properties":{"nama":"Aceh Timur","prov":"11"},"geometry":{"type":"MultiPolygon","coordinates":[[[[97.498,5.249],[97.498,5.159],[97.466,5.154],[97.46,5.112],[97.515,5.073],[97.515,5.031],[97.466,4.917],[97.512,4.883],[97.443,4.833],[97.435,4.788],[97.406,4.795],[97.424,4.755],[97.338,4.779],[97.309,4.671],[97.256,4.649],[97.262,4.617],[97.314,4.598],[97.317,4.549],[97.28,4.513],[97.343,4.5],[97.359,4.214],[97.498,4.156],[97.603,4.251],[97.646,4.22],[97.733,4.249],[97.785,4.357],[97.907,4.39],[97.934,4.36],[98.003,4.402],[97.966,4.443],[97.917,4.42],[97.918,4.451],[97.868,4.455],[97.917,4.531],[97.979,4.542],[98.002,4.607],[97.907,4.891],[97.84,4.907],[97.675,5.048],[97.645,5.076],[97.652,5.123],[97.591,5.144],[97.498,5.249]]],[[[98,4.625],[97.998,4.591],[98.018,4.608],[98,4.625]]]]}},{"type":"Feature","properties":{"nama":"Aceh Utara","prov":"11"},"geometry":{"type":"MultiPolygon","coordinates":[[[[96.977,5.263],[96.908,5.251],[96.925,5.211],[96.834,5.089],[96.788,4.938],[96.846,4.882],[96.955,4.859],[97.001,4.865],[97.021,4.913],[97.146,4.91],[97.243,4.874],[97.28,4.826],[97.252,4.758],[97.319,4.737],[97.363,4.784],[97.424,4.755],[97.406,4.795],[97.435,4.788],[97.443,4.833],[97.512,4.883],[97.466,4.916],[97.505,4.959],[97.485,4.961],[97.517,5.061],[97.46,5.112],[97.5,5.169],[97.484,5.243],[97.176,5.142],[97.178,5.084],[97.153,5.08],[97.101,5.114],[97.088,5.171],[97.027,5.197],[97.046,5.243],[96.977,5.263]]]]}},{"type":"Feature","properties":{"nama":"Agam","prov":"13"},"geometry":{"type":"MultiPolygon","coordinates":[[[[100.275,-0.037],[100.213,-0.07],[100.202,-0.112],[100.039,-0.082],[99.987,-0.159],[99.771,-0.176],[99.817,-0.296],[99.962,-0.434],[100,-0.398],[99.99,-0.362],[100.046,-0.364],[100.102,-0.321],[100.264,-0.479],[100.334,-0.395],[100.471,-0.391],[100.543,-0.261],[100.411,-0.177],[100.325,-0.054],[100.275,-0.037]],[[100.338,-0.276],[100.395,-0.285],[100.408,-0.322],[100.371,-0.322],[100.338,-0.276]]],[[[99.9,-0.424],[99.901,-0.422],[99.899,-0.422],[99.9,-0.424]]]]}},{"type":"Feature","properties":{"nama":"Asahan","prov":"12"},"geometry":{"type":"MultiPolygon","coordinates":[[[[99.737,3.173],[99.702,3.118],[99.621,3.137],[99.591,3.039],[99.53,3.022],[99.57,3.085],[99.376,2.885],[99.266,2.861],[99.079,2.662],[99.09,2.578],[99.204,2.531],[99.305,2.574],[99.305,2.55],[99.385,2.564],[99.424,2.599],[99.416,2.563],[99.456,2.604],[99.466,2.548],[99.544,2.616],[99.646,2.576],[99.977,2.847],[99.99,2.961],[99.858,3.035],[99.737,3.173]],[[99.807,3.018],[99.838,2.938],[99.775,2.921],[99.753,2.944],[99.783,2.97],[99.766,3.009],[99.807,3.018]]]]}},{"type":"Feature","properties":{"nama":"Bangka","prov":"19"},"geometry":{"type":"MultiPolygon","coordinates":[[[[105.916,-1.502],[105.703,-1.53],[105.734,-1.635],[105.765,-1.649],[105.755,-1.728],[105.83,-1.803],[105.746,-1.778],[105.75,-1.873],[105.703,-1.899],[105.709,-1.977],[105.812,-1.994],[105.781,-1.998],[105.772,-2.049],[105.722,-2.047],[105.74,-2.133],[105.791,-2.177],[105.824,-2.349],[105.879,-2.326],[105.925,-2.21],[105.959,-2.245],[106.023,-2.234],[106.043,-2.164],[106.09,-2.141],[106.04,-2.113],[106.045,-2.074],[106.131,-2.057],[106.13,-2.097],[106.158,-2.088],[106.149,-1.984],[106.186,-1.903],[106.125,-1.867],[106.13,-1.804],[106.026,-1.676],[106.048,-1.6],[105.923,-1.547],[105.916,-1.502]]],[[[106.156,-1.986],[106.159,-1.981],[106.163,-1.972],[106.156,-1.986]]]]}},{"type":"Feature","properties":{"nama":"Bangka Barat","prov":"19"},"geometry":{"type":"MultiPolygon","coordinates":[[[[105.597,-1.527],[105.536,-1.566],[105.461,-1.564],[105.345,-1.648],[105.367,-1.68],[105.32,-1.698],[105.39,-1.735],[105.389,-1.797],[105.275,-1.893],[105.125,-1.959],[105.131,-2.085],[105.229,-2.066],[105.298,-2.154],[105.357,-2.12],[105.446,-2.134],[105.566,-2.071],[105.591,-2.123],[105.74,-2.133],[105.722,-2.047],[105.772,-2.049],[105.781,-1.998],[105.812,-1.994],[105.709,-1.977],[105.704,-1.894],[105.749,-1.876],[105.761,-1.81],[105.672,-1.763],[105.652,-1.716],[105.724,-1.644],[105.641,-1.643],[105.597,-1.527]]],[[[105.631,-1.606],[105.637,-1.619],[105.637,-1.614],[105.631,-1.606]]]]}},{"type":"Feature","properties":{"nama":"Bangka Selatan","prov":"19"},"geometry":{"type":"MultiPolygon","coordinates":[[[[106.022,-2.441],[105.993,-2.513],[105.928,-2.535],[105.891,-2.589],[105.95,-2.82],[106.094,-2.837],[106.284,-2.905],[106.337,-2.968],[106.425,-2.971],[106.514,-3.117],[106.585,-3.077],[106.659,-3.102],[106.74,-3.085],[106.74,-3.005],[106.592,-2.939],[106.663,-2.716],[106.58,-2.684],[106.568,-2.652],[106.493,-2.676],[106.458,-2.563],[106.311,-2.547],[106.239,-2.583],[106.103,-2.489],[106.034,-2.514],[106.022,-2.441]]],[[[106.819,-2.894],[106.732,-2.925],[106.709,-2.967],[106.823,-3.032],[106.895,-3.031],[106.91,-2.944],[106.819,-2.894]]],[[[107.056,-2.819],[107.019,-2.878],[107.085,-2.912],[107.093,-2.861],[107.056,-2.819]]]]}},{"type":"Feature","properties":{"nama":"Bangka Tengah","prov":"19"},"geometry":{"type":"MultiPolygon","coordinates":[[[[106.111,-2.154],[106.045,-2.162],[106.021,-2.236],[105.959,-2.245],[105.925,-2.21],[105.878,-2.327],[105.802,-2.362],[105.926,-2.459],[105.943,-2.534],[105.993,-2.513],[105.998,-2.455],[106.029,-2.441],[106.034,-2.514],[106.103,-2.489],[106.239,-2.583],[106.311,-2.547],[106.458,-2.563],[106.493,-2.676],[106.568,-2.652],[106.656,-2.721],[106.752,-2.604],[106.849,-2.572],[106.35,-2.462],[106.237,-2.328],[106.178,-2.148],[106.111,-2.154]]],[[[105.786,-2.398],[105.791,-2.423],[105.803,-2.408],[105.786,-2.398]]]]}},{"type":"Feature","properties":{"nama":"Banyuasin","prov":"16"},"geometry":{"type":"MultiPolygon","coordinates":[[[[104.619,-2.966],[104.623,-2.928],[104.656,-2.974],[104.68,-2.964],[104.684,-2.871],[104.768,-2.916],[104.833,-2.896],[104.862,-2.968],[104.79,-3.053],[104.855,-3.11],[104.88,-3.099],[104.884,-3.142],[104.961,-3.168],[105.05,-3.148],[105.044,-3.114],[105.084,-3.105],[105.083,-3],[105.131,-2.942],[105.209,-3.11],[105.26,-2.983],[105.305,-2.978],[105.299,-2.904],[105.259,-2.882],[105.278,-2.827],[105.249,-2.807],[105.255,-2.756],[105.206,-2.732],[105.215,-2.685],[105.174,-2.647],[105.205,-2.631],[105.201,-2.582],[105.312,-2.499],[105.334,-2.448],[105.472,-2.464],[105.571,-2.412],[105.297,-2.373],[105.21,-2.326],[105.109,-2.383],[105.046,-2.376],[105.007,-2.333],[104.91,-2.336],[104.901,-2.279],[104.846,-2.286],[104.839,-2.338],[104.788,-2.384],[104.73,-2.39],[104.701,-2.342],[104.743,-2.359],[104.789,-2.28],[104.903,-2.191],[104.891,-2.079],[104.828,-2.004],[104.699,-1.999],[104.655,-1.964],[104.589,-2.008],[104.505,-1.969],[104.472,-1.857],[104.526,-1.712],[104.419,-1.627],[104.145,-1.715],[104.163,-1.793],[104.37,-2.055],[104.384,-2.146],[104.468,-2.22],[104.634,-2.241],[104.684,-2.335],[104.605,-2.377],[104.515,-2.374],[104.474,-2.414],[104.343,-2.407],[104.279,-2.44],[104.142,-2.388],[104.061,-2.296],[104.039,-2.33],[104.062,-2.452],[104.096,-2.441],[104.131,-2.481],[104.14,-2.551],[104.214,-2.632],[104.302,-2.644],[104.171,-2.761],[104.171,-2.872],[104.232,-2.908],[104.175,-2.918],[104.166,-3.05],[104.27,-3.022],[104.498,-3.081],[104.545,-3.033],[104.611,-3.048],[104.649,-2.987],[104.619,-2.966]]],[[[104.554,-1.854],[104.506,-1.965],[104.603,-2.001],[104.643,-1.922],[104.554,-1.854]]],[[[104.542,-1.784],[104.52,-1.716],[104.485,-1.786],[104.511,-1.807],[104.542,-1.784]]],[[[104.762,-2.351],[104.771,-2.317],[104.753,-2.347],[104.762,-2.351]]]]}},{"type":"Feature","properties":{"nama":"Batanghari","prov":"15"},"geometry":{"type":"MultiPolygon","coordinates":[[[[103.304,-1.349],[103.267,-1.404],[103.207,-1.36],[103.11,-1.4],[103.055,-1.387],[103.029,-1.455],[102.891,-1.371],[102.822,-1.396],[102.787,-1.633],[102.668,-1.757],[102.664,-1.813],[102.59,-1.882],[102.497,-1.852],[102.477,-1.891],[102.616,-1.905],[102.713,-1.953],[102.802,-1.932],[102.801,-1.991],[102.979,-1.943],[103.08,-1.954],[103.087,-1.98],[103.169,-1.958],[103.199,-1.91],[103.181,-1.976],[103.231,-2.136],[103.278,-2.148],[103.338,-2.271],[103.454,-2.36],[103.454,-2.048],[103.37,-2.047],[103.37,-1.994],[103.34,-1.995],[103.314,-1.913],[103.32,-1.868],[103.411,-1.868],[103.394,-1.835],[103.432,-1.773],[103.4,-1.727],[103.43,-1.679],[103.401,-1.656],[103.473,-1.544],[103.474,-1.478],[103.384,-1.484],[103.304,-1.349]]]]}},{"type":"Feature","properties":{"nama":"Batu Bara","prov":"12"},"geometry":{"type":"MultiPolygon","coordinates":[[[[99.32,3.433],[99.224,3.28],[99.227,3.204],[99.236,3.257],[99.305,3.304],[99.345,3.288],[99.357,3.22],[99.402,3.257],[99.37,3.151],[99.516,3.118],[99.525,3.084],[99.551,3.1],[99.569,3.063],[99.53,3.022],[99.551,3.015],[99.596,3.045],[99.621,3.137],[99.702,3.118],[99.738,3.165],[99.558,3.238],[99.489,3.344],[99.32,3.433]]],[[[99.723,3.346],[99.721,3.343],[99.723,3.339],[99.723,3.346]]]]}},{"type":"Feature","properties":{"nama":"Belitung","prov":"19"},"geometry":{"type":"MultiPolygon","coordinates":[[[[107.817,-2.527],[107.765,-2.557],[107.668,-2.554],[107.629,-2.595],[107.646,-2.627],[107.61,-2.705],[107.639,-2.747],[107.581,-2.796],[107.599,-2.858],[107.529,-2.921],[107.615,-2.913],[107.561,-3],[107.629,-3.143],[107.585,-3.196],[107.608,-3.244],[107.833,-3.164],[107.849,-3.121],[107.81,-3.086],[107.864,-3.018],[107.791,-2.974],[107.747,-2.888],[107.784,-2.862],[107.872,-2.878],[107.866,-2.803],[107.984,-2.777],[107.945,-2.709],[107.879,-2.692],[107.895,-2.633],[107.946,-2.598],[107.938,-2.566],[107.904,-2.577],[107.817,-2.527]]],[[[107.46,-2.821],[107.339,-2.884],[107.412,-2.946],[107.411,-2.919],[107.472,-2.905],[107.486,-2.85],[107.46,-2.821]]],[[[107.524,-3.191],[107.522,-3.255],[107.552,-3.202],[107.524,-3.191]]],[[[107.417,-2.792],[107.372,-2.823],[107.433,-2.82],[107.417,-2.792]]],[[[107.469,-2.925],[107.432,-2.939],[107.437,-2.985],[107.469,-2.925]]],[[[107.533,-2.969],[107.516,-2.972],[107.525,-3.005],[107.533,-2.969]]],[[[107.503,-2.844],[107.484,-2.863],[107.491,-2.876],[107.503,-2.844]]]]}},{"type":"Feature","properties":{"nama":"Belitung Timur","prov":"19"},"geometry":{"type":"MultiPolygon","coordinates":[[[[107.95,-2.569],[107.879,-2.692],[107.945,-2.709],[107.984,-2.777],[107.866,-2.803],[107.872,-2.878],[107.784,-2.862],[107.747,-2.888],[107.791,-2.974],[107.864,-3.017],[107.848,-3.06],[107.889,-3.081],[107.886,-3.117],[107.964,-3.168],[107.985,-3.272],[108.082,-3.244],[108.082,-3.169],[108.209,-3.145],[108.179,-3.122],[108.208,-3.013],[108.3,-2.848],[108.27,-2.751],[108.196,-2.683],[108.163,-2.686],[108.087,-2.597],[108.041,-2.599],[108.029,-2.653],[108.01,-2.585],[107.95,-2.569]]],[[[108.254,-3.045],[108.242,-3.077],[108.274,-3.055],[108.254,-3.045]]]]}},{"type":"Feature","properties":{"nama":"Bener Meriah","prov":"11"},"geometry":{"type":"MultiPolygon","coordinates":[[[[97.313,4.605],[97.261,4.618],[97.259,4.661],[97.302,4.662],[97.329,4.712],[97.252,4.758],[97.282,4.816],[97.243,4.874],[97.022,4.913],[97.001,4.865],[96.955,4.859],[96.846,4.882],[96.746,4.966],[96.573,4.948],[96.676,4.949],[96.708,4.818],[96.684,4.756],[96.787,4.713],[96.809,4.673],[97.021,4.644],[97.051,4.603],[97.148,4.579],[97.313,4.605]]]]}},{"type":"Feature","properties":{"nama":"Bengkalis","prov":"14"},"geometry":{"type":"MultiPolygon","coordinates":[[[[101.725,1.671],[101.719,1.623],[101.624,1.589],[101.641,1.548],[101.598,1.6],[101.528,1.596],[101.507,1.493],[101.449,1.494],[101.436,1.447],[101.265,1.49],[101.266,1.465],[101.243,1.481],[100.973,1.349],[100.984,1.082],[101.079,1.003],[101.231,1.007],[101.282,1.06],[101.417,1.023],[101.548,0.922],[101.713,1.212],[101.777,1.212],[101.887,1.176],[101.979,0.98],[102.033,1.032],[102.038,1.087],[102.165,1.202],[102.159,1.362],[101.725,1.671]]],[[[102.044,1.607],[101.999,1.584],[102.081,1.485],[102.293,1.43],[102.505,1.252],[102.496,1.469],[102.464,1.516],[102.044,1.607]]],[[[101.668,2.118],[101.6,2.097],[101.564,2.043],[101.517,2.028],[101.474,2.066],[101.406,2.021],[101.383,1.91],[101.458,1.725],[101.615,1.688],[101.732,1.764],[101.782,1.967],[101.668,2.118]]],[[[101.401,1.828],[101.394,1.793],[101.406,1.758],[101.401,1.828]]]]}},{"type":"Feature","properties":{"nama":"Bengkulu Selatan","prov":"17"},"geometry":{"type":"MultiPolygon","coordinates":[[[[103.003,-4.16],[102.9,-4.178],[102.881,-4.241],[102.918,-4.257],[102.862,-4.282],[102.843,-4.345],[102.827,-4.32],[102.796,-4.354],[102.9,-4.488],[103.08,-4.559],[103.08,-4.509],[103.201,-4.393],[103.201,-4.308],[103.28,-4.29],[103.289,-4.262],[103.159,-4.236],[103.085,-4.268],[103.06,-4.196],[103.003,-4.16]]]]}},{"type":"Feature","properties":{"nama":"Bengkulu Tengah","prov":"17"},"geometry":{"type":"MultiPolygon","coordinates":[[[[102.421,-3.494],[102.264,-3.549],[102.259,-3.605],[102.233,-3.562],[102.199,-3.593],[102.258,-3.756],[102.299,-3.741],[102.394,-3.871],[102.62,-3.802],[102.578,-3.683],[102.528,-3.656],[102.483,-3.557],[102.434,-3.549],[102.421,-3.494]]]]}},{"type":"Feature","properties":{"nama":"Bengkulu Utara","prov":"17"},"geometry":{"type":"MultiPolygon","coordinates":[[[[101.868,-2.729],[101.79,-2.984],[101.693,-3.062],[101.532,-3.129],[101.622,-3.245],[102.2,-3.647],[102.21,-3.576],[102.233,-3.562],[102.259,-3.605],[102.26,-3.551],[102.417,-3.476],[102.403,-3.434],[102.374,-3.381],[102.27,-3.365],[102.291,-3.284],[102.146,-3.206],[102.142,-3.077],[102.042,-2.984],[102.019,-2.856],[101.967,-2.824],[101.919,-2.736],[101.868,-2.729]]],[[[102.167,-5.291],[102.096,-5.323],[102.088,-5.357],[102.203,-5.417],[102.266,-5.511],[102.281,-5.477],[102.36,-5.505],[102.375,-5.485],[102.339,-5.456],[102.368,-5.456],[102.381,-5.386],[102.167,-5.291]]]]}},{"type":"Feature","properties":{"nama":"Bintan","prov":"21"},"geometry":{"type":"MultiPolygon","coordinates":[[[[104.571,1.23],[104.499,1.169],[104.394,1.204],[104.312,1.182],[104.329,1.138],[104.239,1.124],[104.214,1.072],[104.26,1],[104.332,0.995],[104.321,1.042],[104.374,1.01],[104.405,1.054],[104.489,1.035],[104.441,0.997],[104.5,0.991],[104.546,0.942],[104.519,0.827],[104.593,0.81],[104.62,0.901],[104.66,0.915],[104.634,0.986],[104.657,1.045],[104.577,1.155],[104.571,1.23]]],[[[107.537,1.026],[107.542,0.974],[107.578,0.991],[107.553,0.947],[107.602,0.997],[107.537,1.026]]],[[[104.546,0.797],[104.509,0.744],[104.588,0.777],[104.546,0.797]]],[[[104.787,1.028],[104.814,0.963],[104.841,0.962],[104.849,1.013],[104.787,1.028]]],[[[104.651,0.867],[104.624,0.805],[104.665,0.821],[104.651,0.867]]],[[[104.699,0.794],[104.692,0.77],[104.753,0.754],[104.746,0.787],[104.699,0.794]]],[[[104.594,0.794],[104.583,0.752],[104.637,0.784],[104.594,0.794]]],[[[107.428,0.978],[107.468,0.924],[107.471,0.969],[107.428,0.978]]],[[[107.241,0.146],[107.205,0.127],[107.221,0.1],[107.241,0.146]]],[[[104.627,0.896],[104.628,0.854],[104.662,0.88],[104.627,0.896]]],[[[104.722,0.757],[104.731,0.719],[104.762,0.733],[104.722,0.757]]],[[[104.362,0.848],[104.353,0.845],[104.357,0.814],[104.362,0.848]]],[[[104.392,1.016],[104.366,0.99],[104.397,0.997],[104.392,1.016]]]]}},{"type":"Feature","properties":{"nama":"Bireuen","prov":"11"},"geometry":{"type":"MultiPolygon","coordinates":[[[[96.849,5.276],[96.533,5.199],[96.466,5.237],[96.398,5.21],[96.343,5.227],[96.365,5.046],[96.334,4.951],[96.435,4.937],[96.481,4.889],[96.628,4.969],[96.787,4.94],[96.834,5.089],[96.925,5.211],[96.849,5.276]]]]}},{"type":"Feature","properties":{"nama":"Bungo","prov":"15"},"geometry":{"type":"MultiPolygon","coordinates":[[[[101.91,-1.138],[101.888,-1.123],[101.816,-1.218],[101.724,-1.238],[101.672,-1.332],[101.728,-1.355],[101.695,-1.394],[101.722,-1.431],[101.691,-1.49],[101.438,-1.696],[101.629,-1.889],[101.735,-1.877],[101.829,-1.821],[102.035,-1.905],[102.131,-1.854],[102.134,-1.791],[102.185,-1.786],[102.345,-1.676],[102.406,-1.701],[102.513,-1.649],[102.489,-1.646],[102.477,-1.571],[102.314,-1.569],[102.33,-1.51],[102.29,-1.443],[102.211,-1.476],[102.004,-1.352],[101.936,-1.347],[101.92,-1.25],[101.962,-1.227],[101.944,-1.174],[101.972,-1.155],[101.91,-1.138]]]]}},{"type":"Feature","properties":{"nama":"Dairi","prov":"12"},"geometry":{"type":"MultiPolygon","coordinates":[[[[98.578,2.83],[98.532,2.879],[98.483,2.861],[98.346,2.966],[98.249,2.931],[98.182,3.069],[98.113,3.055],[98.059,3.111],[98.038,3.078],[97.937,3.074],[97.944,2.899],[98.055,2.819],[98.099,2.823],[98.106,2.79],[98.205,2.729],[98.339,2.702],[98.357,2.66],[98.422,2.636],[98.468,2.549],[98.56,2.58],[98.572,2.724],[98.629,2.795],[98.578,2.83]]]]}},{"type":"Feature","properties":{"nama":"Deli Serdang","prov":"12"},"geometry":{"type":"MultiPolygon","coordinates":[[[[98.745,3.537],[98.658,3.522],[98.647,3.48],[98.628,3.518],[98.593,3.495],[98.599,3.619],[98.667,3.635],[98.619,3.709],[98.653,3.729],[98.625,3.763],[98.71,3.795],[98.664,3.908],[98.505,3.745],[98.54,3.575],[98.499,3.576],[98.525,3.522],[98.509,3.309],[98.468,3.253],[98.539,3.247],[98.558,3.2],[98.623,3.233],[98.602,3.163],[98.63,3.069],[98.694,3.072],[98.695,3.041],[98.738,3.225],[98.8,3.304],[98.919,3.371],[98.936,3.52],[98.919,3.601],[98.943,3.676],[98.707,3.772],[98.731,3.721],[98.705,3.715],[98.704,3.672],[98.669,3.676],[98.703,3.656],[98.706,3.595],[98.744,3.596],[98.717,3.59],[98.745,3.537]]]]}},{"type":"Feature","properties":{"nama":"Dharmasraya","prov":"13"},"geometry":{"type":"MultiPolygon","coordinates":[[[[101.456,-1.683],[101.691,-1.49],[101.722,-1.431],[101.695,-1.394],[101.728,-1.365],[101.712,-1.336],[101.675,-1.348],[101.692,-1.28],[101.727,-1.235],[101.817,-1.217],[101.893,-1.106],[101.83,-1.11],[101.824,-0.978],[101.699,-0.938],[101.736,-0.876],[101.648,-0.824],[101.591,-0.847],[101.548,-0.821],[101.521,-0.848],[101.454,-0.834],[101.397,-0.975],[101.21,-0.922],[101.184,-1.03],[101.142,-1.037],[101.167,-1.103],[101.29,-1.174],[101.351,-1.131],[101.344,-1.044],[101.454,-1.011],[101.411,-1.184],[101.469,-1.282],[101.526,-1.304],[101.515,-1.338],[101.587,-1.325],[101.672,-1.389],[101.527,-1.485],[101.51,-1.573],[101.431,-1.642],[101.429,-1.684],[101.456,-1.683]]]]}},{"type":"Feature","properties":{"nama":"Empat Lawang","prov":"16"},"geometry":{"type":"MultiPolygon","coordinates":[[[[103.202,-3.501],[103.176,-3.452],[103.102,-3.475],[102.999,-3.413],[102.995,-3.525],[102.935,-3.591],[102.9,-3.615],[102.86,-3.548],[102.81,-3.53],[102.771,-3.708],[102.62,-3.802],[102.817,-3.979],[102.912,-3.97],[102.963,-4.02],[103.124,-4.006],[103.109,-3.932],[103.138,-3.816],[103.088,-3.765],[103.119,-3.71],[103.102,-3.654],[103.138,-3.557],[103.18,-3.532],[103.168,-3.509],[103.202,-3.501]]]]}},{"type":"Feature","properties":{"nama":"Gayo Lues","prov":"11"},"geometry":{"type":"MultiPolygon","coordinates":[[[[97.359,4.214],[97.241,4.175],[97.162,4.279],[96.999,4.176],[96.8,4.282],[96.794,4.203],[96.716,4.098],[96.791,4.052],[96.838,3.954],[97.109,3.94],[97.112,3.833],[97.207,3.691],[97.351,3.676],[97.825,3.751],[97.909,3.818],[97.896,3.924],[97.813,4.007],[97.8,4.093],[97.739,4.146],[97.733,4.249],[97.646,4.22],[97.603,4.251],[97.499,4.156],[97.359,4.214]]]]}},{"type":"Feature","properties":{"nama":"Humbang Hasundutan","prov":"12"},"geometry":{"type":"MultiPolygon","coordinates":[[[[98.85,2.356],[98.751,2.434],[98.619,2.396],[98.559,2.438],[98.457,2.437],[98.421,2.476],[98.299,2.418],[98.303,2.335],[98.251,2.354],[98.31,2.162],[98.5,2.081],[98.596,2.082],[98.644,1.999],[98.735,2.129],[98.841,2.162],[98.812,2.221],[98.886,2.205],[98.963,2.267],[98.949,2.319],[98.85,2.356]]]]}},{"type":"Feature","properties":{"nama":"Indragiri Hilir","prov":"14"},"geometry":{"type":"MultiPolygon","coordinates":[[[[103.356,0.535],[103.352,0.485],[103.211,0.369],[102.695,0.086],[102.693,-0.339],[102.719,-0.412],[102.686,-0.513],[102.719,-0.558],[102.686,-0.564],[102.691,-0.653],[102.641,-0.708],[102.677,-0.778],[102.565,-0.918],[102.635,-1.126],[102.729,-1.08],[102.753,-1.024],[102.781,-1.032],[102.786,-0.979],[102.928,-0.866],[103.004,-0.755],[103.312,-0.765],[103.353,-0.799],[103.437,-0.778],[103.437,-0.711],[103.405,-0.692],[103.421,-0.522],[103.544,-0.503],[103.606,-0.436],[103.591,-0.391],[103.786,-0.342],[103.709,-0.256],[103.471,-0.21],[103.456,-0.184],[103.502,-0.146],[103.473,-0.102],[103.581,-0.062],[103.595,-0.037],[103.57,-0.035],[103.614,-0.006],[103.685,-0.028],[103.814,-0.004],[103.71,0.3],[103.603,0.346],[103.585,0.393],[103.421,0.517],[103.356,0.535]]],[[[103.55,-0.176],[103.479,-0.202],[103.568,-0.194],[103.55,-0.176]]],[[[103.581,-0.078],[103.505,-0.118],[103.581,-0.104],[103.581,-0.078]]],[[[103.625,-0.015],[103.599,-0.021],[103.648,-0.049],[103.625,-0.015]]],[[[103.567,0.44],[103.539,0.447],[103.588,0.408],[103.567,0.44]]]]}},{"type":"Feature","properties":{"nama":"Indragiri Hulu","prov":"14"},"geometry":{"type":"MultiPolygon","coordinates":[[[[102.695,0.086],[102.534,0.068],[102.467,-0.117],[102.415,-0.165],[102.214,-0.165],[102.143,-0.287],[102.048,-0.314],[101.985,-0.394],[101.899,-0.387],[101.912,-0.534],[101.831,-0.572],[101.828,-0.619],[101.783,-0.651],[101.777,-0.797],[101.817,-0.85],[101.84,-0.814],[101.894,-0.826],[101.854,-0.877],[101.916,-0.883],[101.927,-0.915],[102.012,-0.878],[102.117,-0.921],[102.167,-0.9],[102.203,-0.947],[102.304,-0.919],[102.383,-0.994],[102.375,-1.034],[102.441,-1.031],[102.48,-1.089],[102.608,-1.101],[102.566,-0.905],[102.677,-0.778],[102.641,-0.708],[102.691,-0.653],[102.686,-0.564],[102.719,-0.558],[102.686,-0.513],[102.719,-0.412],[102.693,-0.339],[102.695,0.086]]]]}},{"type":"Feature","properties":{"nama":"Kampar","prov":"14"},"geometry":{"type":"MultiPolygon","coordinates":[[[[101.008,0.958],[100.835,0.941],[100.734,0.842],[100.749,0.778],[100.674,0.767],[100.587,0.7],[100.674,0.596],[100.76,0.59],[100.797,0.533],[100.862,0.534],[100.851,0.374],[100.787,0.404],[100.72,0.39],[100.571,0.528],[100.531,0.446],[100.462,0.446],[100.429,0.36],[100.471,0.311],[100.559,0.305],[100.673,0.185],[100.7,0.249],[100.767,0.234],[100.817,0.26],[100.849,0.162],[100.774,0.102],[100.8,0.05],[100.833,0.069],[100.865,0.045],[100.817,-0.049],[100.806,-0.02],[100.738,-0.041],[100.775,-0.214],[100.843,-0.29],[100.845,-0.343],[100.992,-0.316],[101.041,-0.376],[101.101,-0.379],[101.265,0.009],[101.35,-0.105],[101.458,-0.067],[101.519,-0.1],[101.547,-0.044],[101.504,0.101],[101.568,0.131],[101.585,0.268],[101.665,0.278],[101.667,0.316],[101.614,0.34],[101.637,0.383],[101.592,0.414],[101.589,0.464],[101.544,0.432],[101.479,0.462],[101.447,0.42],[101.332,0.477],[101.375,0.554],[101.323,0.597],[101.397,0.689],[101.32,0.714],[101.38,0.734],[101.379,0.769],[101.087,0.92],[101.056,0.888],[101.062,0.925],[101.008,0.958]]]]}},{"type":"Feature","properties":{"nama":"Kota Solok","prov":"13"},"geometry":{"type":"MultiPolygon","coordinates":[[[[100.545,-0.815],[100.678,-0.807],[100.684,-0.745],[100.545,-0.815]]]]}},{"type":"Feature","properties":{"nama":"Kota Subulussalam","prov":"11"},"geometry":{"type":"MultiPolygon","coordinates":[[[[97.936,2.99],[97.869,3.01],[97.815,2.983],[97.9,2.966],[97.909,2.925],[97.852,2.836],[97.767,2.788],[97.825,2.637],[97.791,2.5],[97.865,2.499],[97.855,2.565],[98.077,2.575],[98.109,2.606],[98.069,2.764],[98.117,2.785],[98.099,2.823],[98.055,2.819],[97.944,2.899],[97.936,2.99]]]]}},{"type":"Feature","properties":{"nama":"Kota Sungai Penuh","prov":"15"},"geometry":{"type":"MultiPolygon","coordinates":[[[[101.28,-2.251],[101.412,-2.166],[101.409,-2.119],[101.454,-2.093],[101.429,-2.027],[101.289,-2.026],[101.24,-2.067],[101.28,-2.251]]]]}},{"type":"Feature","properties":{"nama":"Kota Tanjung Balai","prov":"12"},"geometry":{"type":"MultiPolygon","coordinates":[[[[99.818,3.011],[99.766,3.009],[99.783,2.97],[99.753,2.944],[99.775,2.921],[99.838,2.938],[99.818,3.011]]]]}},{"type":"Feature","properties":{"nama":"Kota Tanjung Pinang","prov":"21"},"geometry":{"type":"MultiPolygon","coordinates":[[[[104.5,0.991],[104.409,0.964],[104.48,0.933],[104.438,0.912],[104.499,0.839],[104.552,0.916],[104.5,0.991]]],[[[104.454,0.889],[104.417,0.876],[104.462,0.858],[104.485,0.871],[104.454,0.889]]]]}},{"type":"Feature","properties":{"nama":"Kota Tebing Tinggi","prov":"12"},"geometry":{"type":"MultiPolygon","coordinates":[[[[99.174,3.373],[99.117,3.339],[99.138,3.274],[99.139,3.309],[99.194,3.31],[99.174,3.373]]]]}},{"type":"Feature","properties":{"nama":"Kuantan Singingi","prov":"14"},"geometry":{"type":"MultiPolygon","coordinates":[[[[101.296,-0.05],[101.265,0.009],[101.198,-0.113],[101.14,-0.333],[101.102,-0.378],[101.029,-0.394],[101.065,-0.502],[101.112,-0.502],[101.255,-0.625],[101.357,-0.657],[101.348,-0.683],[101.406,-0.717],[101.395,-0.744],[101.506,-0.808],[101.588,-0.847],[101.648,-0.824],[101.732,-0.871],[101.698,-0.937],[101.754,-0.975],[101.845,-0.984],[101.908,-0.952],[101.916,-0.883],[101.854,-0.877],[101.899,-0.831],[101.84,-0.814],[101.817,-0.85],[101.777,-0.791],[101.783,-0.651],[101.828,-0.619],[101.831,-0.572],[101.912,-0.534],[101.914,-0.4],[101.86,-0.402],[101.803,-0.328],[101.761,-0.336],[101.76,-0.293],[101.615,-0.234],[101.48,-0.073],[101.35,-0.105],[101.296,-0.05]]]]}},{"type":"Feature","properties":{"nama":"Labuhanbatu","prov":"12"},"geometry":{"type":"MultiPolygon","coordinates":[[[[100.322,2.548],[100.234,2.643],[100.22,2.705],[100.138,2.688],[100.06,2.734],[100.073,2.546],[100.015,2.494],[100.037,2.483],[100.009,2.409],[99.983,2.408],[99.987,2.275],[100.024,2.264],[99.99,2.199],[99.771,2.188],[99.764,2.135],[99.631,2.047],[99.695,2.027],[99.701,1.943],[99.792,2.024],[99.85,2.004],[99.843,1.798],[99.882,1.821],[99.865,1.887],[99.897,1.979],[99.953,1.968],[99.96,1.927],[99.969,1.961],[100.037,1.936],[100.06,1.987],[100.029,2],[100.036,2.076],[100.124,2.128],[100.125,2.171],[100.238,2.22],[100.36,2.219],[100.303,2.405],[100.322,2.548]]]]}},{"type":"Feature","properties":{"nama":"Labuhanbatu Selatan","prov":"12"},"geometry":{"type":"MultiPolygon","coordinates":[[[[100.318,1.471],[100.319,1.448],[100.377,1.45],[100.435,1.52],[100.404,1.578],[100.418,1.665],[100.366,1.686],[100.352,1.733],[100.387,1.778],[100.28,1.818],[100.318,1.902],[100.35922914546703,2.2190063184797784],[100.238,2.22],[100.125,2.171],[100.124,2.128],[100.036,2.076],[100.029,2],[100.06,1.987],[100.037,1.936],[99.969,1.961],[99.96,1.927],[99.953,1.968],[99.883,1.968],[99.861,1.795],[99.676,1.825],[99.732,1.727],[99.847,1.637],[99.91,1.717],[99.992,1.663],[100.047,1.756],[100.042,1.703],[100.078,1.721],[100.168,1.599],[100.308,1.514],[100.318,1.471]]]]}},{"type":"Feature","properties":{"nama":"Labuhanbatu Utara","prov":"12"},"geometry":{"type":"MultiPolygon","coordinates":[[[[100.015,2.735],[99.985,2.758],[99.987,2.856],[99.694,2.596],[99.609,2.574],[99.544,2.616],[99.453,2.541],[99.419,2.46],[99.502,2.395],[99.524,2.459],[99.521,2.351],[99.587,2.315],[99.55,2.307],[99.535,2.247],[99.424,2.215],[99.388,2.136],[99.415,2.112],[99.512,2.123],[99.563,2.03],[99.622,1.995],[99.616,2.041],[99.717,2.09],[99.771,2.188],[99.99,2.199],[100.024,2.264],[99.987,2.275],[99.983,2.408],[100.009,2.409],[100.037,2.483],[100.015,2.494],[100.073,2.547],[100.06,2.734],[100.015,2.735]]],[[[100.034,2.754],[100.03,2.768],[100.025,2.76],[100.034,2.754]]]]}},{"type":"Feature","properties":{"nama":"Lahat","prov":"16"},"geometry":{"type":"MultiPolygon","coordinates":[[[[103.538,-3.548],[103.518,-3.599],[103.487,-3.53],[103.411,-3.49],[103.409,-3.527],[103.357,-3.541],[103.276,-3.5],[103.168,-3.509],[103.088,-3.765],[103.138,-3.816],[103.109,-3.932],[103.124,-4.006],[103.004,-4.016],[102.914,-4.062],[102.92,-4.097],[103.06,-4.196],[103.073,-4.262],[103.167,-4.247],[103.187,-4.217],[103.12,-4.016],[103.225,-3.989],[103.29,-4.008],[103.278,-4.032],[103.329,-4.066],[103.353,-4.003],[103.415,-3.985],[103.36,-4.098],[103.376,-4.211],[103.458,-4.159],[103.465,-4.1],[103.526,-4.137],[103.556,-4.12],[103.597,-3.996],[103.643,-3.967],[103.66,-3.911],[103.711,-3.899],[103.724,-3.765],[103.764,-3.74],[103.734,-3.691],[103.768,-3.67],[103.731,-3.617],[103.773,-3.583],[103.628,-3.509],[103.538,-3.548]]]]}},{"type":"Feature","properties":{"nama":"Lampung Barat","prov":"18"},"geometry":{"type":"MultiPolygon","coordinates":[[[[104.316,-5.354],[104.334,-5.324],[104.374,-5.329],[104.36,-5.303],[104.399,-5.303],[104.364,-5.281],[104.374,-5.199],[104.59,-5.07],[104.567,-5.022],[104.499,-5.014],[104.51,-4.943],[104.442,-4.943],[104.412,-4.864],[104.191,-4.863],[104.144,-4.924],[104.062,-4.886],[103.976,-4.913],[103.936,-4.885],[103.857,-4.92],[103.856,-4.892],[103.812,-4.892],[103.876,-4.965],[103.973,-4.969],[104.019,-5.044],[104.003,-5.098],[104.063,-5.099],[104.121,-5.175],[104.223,-5.218],[104.316,-5.354]]]]}},{"type":"Feature","properties":{"nama":"Lampung Tengah","prov":"18"},"geometry":{"type":"MultiPolygon","coordinates":[[[[105.456,-4.9],[105.548,-4.899],[105.626,-4.86],[105.699,-4.739],[105.813,-4.75],[105.817,-4.65],[105.779,-4.623],[105.805,-4.585],[105.771,-4.529],[105.713,-4.531],[105.68,-4.485],[105.646,-4.509],[105.643,-4.481],[105.581,-4.535],[105.491,-4.482],[105.369,-4.521],[105.262,-4.636],[105.212,-4.635],[105.215,-4.599],[105.184,-4.598],[105.036,-4.964],[104.996,-4.949],[105.01,-4.915],[104.932,-4.92],[104.902,-4.985],[104.813,-4.98],[104.685,-5.083],[104.591,-5.069],[104.548,-5.094],[104.683,-5.157],[104.751,-5.118],[104.926,-5.267],[105.045,-5.212],[105.083,-5.117],[105.1,-5.161],[105.191,-5.122],[105.225,-5.169],[105.283,-5.176],[105.269,-5.096],[105.366,-5.028],[105.327,-4.986],[105.416,-4.961],[105.401,-4.916],[105.437,-4.884],[105.456,-4.9]]]]}},{"type":"Feature","properties":{"nama":"Lampung Timur","prov":"18"},"geometry":{"type":"MultiPolygon","coordinates":[[[[105.845,-4.631],[105.817,-4.65],[105.811,-4.751],[105.683,-4.746],[105.626,-4.86],[105.548,-4.899],[105.433,-4.885],[105.399,-4.92],[105.416,-4.961],[105.346,-4.964],[105.32,-5.005],[105.366,-5.028],[105.309,-5.072],[105.355,-5.064],[105.349,-5.108],[105.33,-5.168],[105.279,-5.198],[105.343,-5.234],[105.419,-5.217],[105.456,-5.276],[105.416,-5.304],[105.482,-5.286],[105.542,-5.34],[105.517,-5.461],[105.586,-5.455],[105.6,-5.487],[105.656,-5.493],[105.676,-5.572],[105.773,-5.621],[105.822,-5.571],[105.818,-5.336],[105.864,-5.255],[105.859,-5.037],[105.901,-4.938],[105.861,-4.817],[105.884,-4.7],[105.845,-4.631]]],[[[106.108,-5.172],[106.11,-5.167],[106.108,-5.171],[106.108,-5.172]]]]}},{"type":"Feature","properties":{"nama":"Lampung Utara","prov":"18"},"geometry":{"type":"MultiPolygon","coordinates":[[[[104.84,-4.504],[104.702,-4.553],[104.7,-4.598],[104.614,-4.671],[104.646,-4.779],[104.612,-4.832],[104.549,-4.832],[104.496,-4.966],[104.502,-5.018],[104.567,-5.022],[104.628,-5.089],[104.714,-5.07],[104.808,-4.982],[104.902,-4.985],[104.932,-4.92],[105.01,-4.915],[104.996,-4.949],[105.036,-4.964],[105.124,-4.757],[105.125,-4.726],[104.979,-4.627],[105,-4.608],[104.981,-4.535],[104.84,-4.504]]]]}},{"type":"Feature","properties":{"nama":"Langkat","prov":"12"},"geometry":{"type":"MultiPolygon","coordinates":[[[[98.204,4.298],[98.07,4.247],[98.095,4.209],[98.062,4.185],[98.04,4.041],[98.094,3.968],[98.011,3.95],[98.008,3.902],[97.901,3.911],[97.909,3.818],[97.801,3.723],[97.872,3.613],[97.868,3.571],[97.959,3.483],[97.934,3.442],[97.949,3.39],[98.096,3.316],[98.123,3.267],[98.216,3.284],[98.341,3.219],[98.368,3.246],[98.352,3.289],[98.466,3.23],[98.509,3.308],[98.525,3.522],[98.501,3.566],[98.45,3.529],[98.467,3.594],[98.441,3.608],[98.474,3.626],[98.446,3.657],[98.501,3.67],[98.536,3.791],[98.664,3.908],[98.56,3.939],[98.528,4.018],[98.391,4.076],[98.315,4.07],[98.249,4.13],[98.173,4.113],[98.161,4.154],[98.254,4.202],[98.253,4.29],[98.204,4.298]]],[[[98.263,4.175],[98.233,4.147],[98.253,4.134],[98.263,4.175]]]]}},{"type":"Feature","properties":{"nama":"Lebong","prov":"17"},"geometry":{"type":"MultiPolygon","coordinates":[[[[102.064,-2.768],[101.997,-2.724],[101.919,-2.736],[101.926,-2.77],[102.019,-2.856],[102.042,-2.984],[102.137,-3.066],[102.146,-3.206],[102.291,-3.284],[102.27,-3.365],[102.375,-3.383],[102.45,-3.321],[102.497,-3.322],[102.471,-3.087],[102.389,-3.043],[102.318,-3.07],[102.254,-3.035],[102.222,-2.928],[102.131,-2.875],[102.064,-2.768]]]]}},{"type":"Feature","properties":{"nama":"Lima Puluh Kota","prov":"13"},"geometry":{"type":"MultiPolygon","coordinates":[[[[100.434,0.415],[100.346,0.381],[100.301,0.395],[100.333,0.352],[100.308,0.302],[100.354,0.179],[100.316,0.084],[100.353,0.045],[100.265,-0.032],[100.323,-0.053],[100.456,-0.214],[100.58,-0.288],[100.584,-0.339],[100.664,-0.351],[100.678,-0.324],[100.757,-0.371],[100.844,-0.349],[100.843,-0.29],[100.775,-0.214],[100.736,-0.046],[100.806,-0.02],[100.817,-0.049],[100.865,0.044],[100.833,0.069],[100.8,0.05],[100.774,0.102],[100.842,0.146],[100.843,0.224],[100.816,0.261],[100.767,0.234],[100.701,0.249],[100.673,0.185],[100.559,0.305],[100.467,0.315],[100.429,0.36],[100.461,0.412],[100.434,0.415]],[[100.644,-0.256],[100.65,-0.277],[100.598,-0.267],[100.583,-0.202],[100.678,-0.197],[100.679,-0.238],[100.644,-0.256]]]]}},{"type":"Feature","properties":{"nama":"Lingga","prov":"21"},"geometry":{"type":"MultiPolygon","coordinates":[[[[104.555,0.026],[104.535,-0.012],[104.494,0.003],[104.513,-0.104],[104.427,-0.184],[104.429,-0.237],[104.498,-0.242],[104.522,-0.276],[104.703,-0.205],[104.849,-0.322],[104.916,-0.339],[104.9,-0.287],[104.921,-0.276],[105.001,-0.303],[104.892,-0.225],[104.827,-0.133],[104.819,-0.2],[104.751,-0.189],[104.683,-0.084],[104.672,-0.119],[104.633,-0.097],[104.626,-0.073],[104.668,-0.077],[104.653,-0.052],[104.555,0.026]]],[[[104.479,-0.336],[104.44,-0.34],[104.403,-0.407],[104.347,-0.387],[104.342,-0.445],[104.311,-0.417],[104.338,-0.388],[104.325,-0.34],[104.244,-0.485],[104.307,-0.54],[104.322,-0.52],[104.359,-0.683],[104.429,-0.575],[104.505,-0.644],[104.535,-0.538],[104.601,-0.468],[104.479,-0.336]]],[[[104.519,0.244],[104.529,0.214],[104.477,0.237],[104.569,0.142],[104.554,0.127],[104.702,0.018],[104.704,0.049],[104.519,0.244]]],[[[104.404,0.163],[104.436,0.089],[104.379,0.122],[104.494,0.014],[104.46,0.063],[104.487,0.045],[104.492,0.072],[104.404,0.163]]],[[[104.472,-0.278],[104.386,-0.298],[104.46,-0.329],[104.492,-0.308],[104.472,-0.278]]],[[[104.332,0.376],[104.393,0.288],[104.421,0.298],[104.397,0.316],[104.434,0.308],[104.332,0.376]]],[[[104.517,0.43],[104.533,0.361],[104.529,0.405],[104.561,0.413],[104.517,0.43]]],[[[104.351,0.19],[104.38,0.132],[104.387,0.147],[104.351,0.19]]],[[[104.193,-0.36],[104.185,-0.389],[104.234,-0.387],[104.193,-0.36]]],[[[104.733,-0.1],[104.745,-0.14],[104.766,-0.148],[104.733,-0.1]]],[[[104.769,0.063],[104.74,0.032],[104.784,0.031],[104.769,0.063]]],[[[104.843,-0.036],[104.838,-0.053],[104.878,-0.08],[104.843,-0.036]]],[[[104.452,0.138],[104.446,0.127],[104.48,0.095],[104.452,0.138]]],[[[104.232,0.199],[104.201,0.167],[104.231,0.156],[104.232,0.199]]],[[[104.49,0.151],[104.517,0.108],[104.52,0.121],[104.49,0.151]]],[[[104.692,-0.048],[104.699,-0.067],[104.728,-0.088],[104.692,-0.048]]],[[[104.435,0.251],[104.446,0.236],[104.474,0.228],[104.435,0.251]]],[[[104.196,-0.393],[104.223,-0.43],[104.229,-0.393],[104.196,-0.393]]],[[[104.332,0.208],[104.337,0.183],[104.343,0.176],[104.332,0.208]]],[[[104.327,0.282],[104.359,0.256],[104.347,0.276],[104.327,0.282]]],[[[104.468,0.364],[104.46,0.349],[104.491,0.346],[104.468,0.364]]],[[[104.541,0.103],[104.534,0.096],[104.562,0.073],[104.541,0.103]]]]}},{"type":"Feature","properties":{"nama":"Mandailing Natal","prov":"12"},"geometry":{"type":"MultiPolygon","coordinates":[[[[98.972,1.345],[98.84,1.284],[98.97,0.936],[98.97,0.847],[99.059,0.742],[99.046,0.638],[99.107,0.58],[99.093,0.508],[99.14,0.424],[99.109,0.346],[99.151,0.327],[99.137,0.258],[99.166,0.229],[99.194,0.312],[99.263,0.345],[99.317,0.334],[99.41,0.484],[99.439,0.478],[99.519,0.552],[99.573,0.509],[99.643,0.545],[99.718,0.451],[99.744,0.479],[99.907,0.472],[99.961,0.513],[99.911,0.68],[99.831,0.696],[99.838,0.827],[99.746,0.867],[99.703,0.926],[99.642,0.92],[99.603,0.951],[99.605,1.001],[99.52,1.119],[99.429,1.09],[99.464,1.019],[99.44,0.977],[99.336,1.024],[99.278,1.096],[99.262,1.052],[99.223,1.043],[99.2,1.091],[99.117,1.101],[99.133,1.167],[99.05,1.205],[99.031,1.296],[98.972,1.345]]],[[[99.105,0.373],[99.089,0.362],[99.104,0.362],[99.105,0.373]]]]}},{"type":"Feature","properties":{"nama":"Merangin","prov":"15"},"geometry":{"type":"MultiPolygon","coordinates":[[[[102.475,-1.65],[102.431,-1.697],[102.345,-1.676],[102.185,-1.786],[102.134,-1.791],[102.131,-1.854],[102.035,-1.905],[101.829,-1.821],[101.735,-1.877],[101.629,-1.889],[101.837,-2.183],[101.784,-2.195],[101.711,-2.318],[101.555,-2.352],[101.542,-2.571],[101.591,-2.531],[101.67,-2.528],[101.859,-2.73],[101.995,-2.724],[102.073,-2.765],[102.064,-2.622],[102.156,-2.523],[102.134,-2.411],[102.24,-2.403],[102.276,-2.357],[102.338,-2.39],[102.463,-2.182],[102.546,-2.214],[102.629,-2.185],[102.626,-2.112],[102.547,-2.078],[102.547,-2.018],[102.495,-2.009],[102.516,-1.982],[102.458,-1.945],[102.458,-1.885],[102.486,-1.884],[102.457,-1.85],[102.514,-1.718],[102.49,-1.706],[102.53,-1.653],[102.475,-1.65]]]]}},{"type":"Feature","properties":{"nama":"Mesuji","prov":"18"},"geometry":{"type":"MultiPolygon","coordinates":[[[[105.76,-4.137],[105.7,-4.135],[105.709,-4.102],[105.65,-4.084],[105.661,-4.046],[105.606,-4.055],[105.631,-4.004],[105.59,-3.953],[105.61,-3.938],[105.563,-3.929],[105.548,-3.881],[105.525,-3.894],[105.524,-3.84],[105.433,-3.826],[105.416,-3.777],[105.358,-3.797],[105.333,-3.724],[105.284,-3.797],[105.276,-3.878],[105.139,-3.936],[105.12,-4.047],[105.095,-4.046],[105.05,-4.14],[105.067,-4.214],[105.101,-4.227],[105.196,-4.179],[105.367,-4.159],[105.4,-4.12],[105.435,-4.166],[105.503,-4.136],[105.507,-4.166],[105.617,-4.223],[105.683,-4.189],[105.755,-4.195],[105.76,-4.137]]]]}},{"type":"Feature","properties":{"nama":"Muara Enim","prov":"16"},"geometry":{"type":"MultiPolygon","coordinates":[[[[103.785,-3.316],[103.744,-3.286],[103.731,-3.354],[103.721,-3.303],[103.691,-3.301],[103.627,-3.359],[103.594,-3.457],[103.54,-3.493],[103.538,-3.548],[103.628,-3.509],[103.773,-3.583],[103.731,-3.617],[103.768,-3.67],[103.734,-3.691],[103.764,-3.74],[103.724,-3.765],[103.72,-3.885],[103.66,-3.911],[103.643,-3.967],[103.597,-3.996],[103.556,-4.12],[103.526,-4.137],[103.465,-4.1],[103.439,-4.182],[103.405,-4.173],[103.316,-4.267],[103.518,-4.377],[103.602,-4.363],[103.619,-4.225],[103.705,-4.184],[103.702,-4.087],[103.774,-4.074],[103.892,-3.968],[103.896,-3.928],[103.97,-3.888],[103.994,-3.92],[104.114,-3.901],[104.212,-3.852],[104.286,-3.756],[104.385,-3.763],[104.375,-3.692],[104.468,-3.615],[104.435,-3.566],[104.321,-3.609],[104.316,-3.557],[104.251,-3.578],[104.248,-3.535],[104.218,-3.526],[104.149,-3.551],[104.126,-3.495],[104.154,-3.409],[104.114,-3.333],[104.093,-3.356],[104.029,-3.341],[104.025,-3.406],[103.949,-3.412],[103.871,-3.328],[103.785,-3.316]]],[[[104.632,-3.017],[104.596,-3.053],[104.545,-3.033],[104.498,-3.081],[104.257,-3.032],[104.21,-3.258],[104.234,-3.283],[104.179,-3.349],[104.352,-3.376],[104.317,-3.45],[104.276,-3.46],[104.318,-3.539],[104.424,-3.492],[104.437,-3.428],[104.533,-3.362],[104.55,-3.25],[104.522,-3.18],[104.577,-3.102],[104.66,-3.078],[104.675,-3.037],[104.632,-3.017]]]]}},{"type":"Feature","properties":{"nama":"Muaro Jambi","prov":"15"},"geometry":{"type":"MultiPolygon","coordinates":[[[[103.338,-1.237],[103.271,-1.235],[103.263,-1.375],[103.225,-1.331],[103.22,-1.388],[103.289,-1.393],[103.303,-1.348],[103.384,-1.484],[103.474,-1.478],[103.473,-1.544],[103.401,-1.656],[103.43,-1.679],[103.4,-1.727],[103.432,-1.773],[103.394,-1.835],[103.411,-1.868],[103.32,-1.868],[103.314,-1.913],[103.34,-1.995],[103.37,-1.994],[103.37,-2.047],[103.454,-2.048],[103.446,-2.174],[103.559,-2.137],[103.517,-2.092],[103.564,-2.017],[103.5,-1.96],[103.586,-1.862],[103.85,-1.817],[104.363,-1.647],[104.173,-1.462],[104.092,-1.294],[103.581,-1.39],[103.559,-1.316],[103.433,-1.342],[103.391,-1.28],[103.335,-1.277],[103.338,-1.237]],[[103.627,-1.679],[103.524,-1.676],[103.549,-1.567],[103.652,-1.554],[103.681,-1.619],[103.608,-1.66],[103.627,-1.679]]]]}},{"type":"Feature","properties":{"nama":"Muko Muko","prov":"17"},"geometry":{"type":"MultiPolygon","coordinates":[[[[101.362,-2.329],[101.278,-2.291],[101.022,-2.478],[101.142,-2.628],[101.322,-2.737],[101.524,-3.119],[101.58,-3.119],[101.791,-2.983],[101.785,-2.938],[101.866,-2.789],[101.86,-2.731],[101.67,-2.528],[101.591,-2.531],[101.542,-2.571],[101.556,-2.449],[101.362,-2.329]]]]}},{"type":"Feature","properties":{"nama":"Musi Banyuasin","prov":"16"},"geometry":{"type":"MultiPolygon","coordinates":[[[[104.176,-1.819],[104.145,-1.715],[103.85,-1.817],[103.63,-1.841],[103.521,-1.907],[103.5,-1.96],[103.564,-2.017],[103.517,-2.092],[103.559,-2.137],[103.455,-2.186],[103.454,-2.36],[103.338,-2.271],[103.259,-2.133],[103.169,-2.221],[103.211,-2.32],[103.132,-2.353],[103.055,-2.317],[103.029,-2.342],[103.039,-2.387],[103.079,-2.393],[103.068,-2.412],[103.117,-2.451],[103.2,-2.439],[103.227,-2.47],[103.267,-2.437],[103.285,-2.512],[103.361,-2.573],[103.341,-2.695],[103.271,-2.753],[103.353,-2.852],[103.434,-2.854],[103.411,-2.925],[103.484,-3.021],[103.533,-3.233],[103.588,-3.223],[103.655,-3.266],[103.796,-3.24],[103.792,-3.134],[103.95,-3.004],[104.02,-3.03],[104.128,-3.009],[104.166,-3.05],[104.175,-2.918],[104.232,-2.908],[104.171,-2.872],[104.171,-2.761],[104.302,-2.644],[104.209,-2.629],[104.14,-2.551],[104.131,-2.481],[104.096,-2.441],[104.062,-2.452],[104.039,-2.33],[104.061,-2.296],[104.142,-2.388],[104.279,-2.44],[104.343,-2.407],[104.474,-2.414],[104.515,-2.374],[104.605,-2.377],[104.684,-2.335],[104.634,-2.241],[104.468,-2.22],[104.384,-2.146],[104.37,-2.055],[104.176,-1.819]]]]}},{"type":"Feature","properties":{"nama":"Musi Rawas","prov":"16"},"geometry":{"type":"MultiPolygon","coordinates":[[[[103.648,-3.248],[103.522,-3.221],[103.484,-3.021],[103.411,-2.925],[103.434,-2.854],[103.353,-2.852],[103.271,-2.753],[103.12,-2.771],[103.101,-2.846],[102.901,-2.886],[102.912,-2.934],[102.873,-2.927],[102.847,-2.991],[102.697,-3.006],[102.483,-3.118],[102.484,-3.254],[102.568,-3.277],[102.638,-3.338],[102.751,-3.309],[102.855,-3.132],[102.917,-3.152],[102.955,-3.237],[102.927,-3.261],[102.966,-3.268],[102.959,-3.33],[102.999,-3.413],[103.102,-3.475],[103.176,-3.452],[103.202,-3.501],[103.357,-3.541],[103.409,-3.527],[103.416,-3.492],[103.487,-3.53],[103.518,-3.599],[103.543,-3.59],[103.541,-3.49],[103.611,-3.426],[103.605,-3.287],[103.648,-3.248]]]]}},{"type":"Feature","properties":{"nama":"Musi Rawas Utara","prov":"16"},"geometry":{"type":"MultiPolygon","coordinates":[[[[102.877,-2.321],[102.844,-2.374],[102.879,-2.424],[102.787,-2.547],[102.625,-2.615],[102.581,-2.678],[102.469,-2.704],[102.271,-2.624],[102.236,-2.691],[102.064,-2.768],[102.131,-2.875],[102.222,-2.928],[102.254,-3.035],[102.318,-3.07],[102.392,-3.044],[102.51,-3.105],[102.697,-3.006],[102.847,-2.991],[102.873,-2.927],[102.912,-2.934],[102.901,-2.886],[103.1,-2.846],[103.12,-2.771],[103.263,-2.757],[103.341,-2.695],[103.361,-2.573],[103.285,-2.512],[103.267,-2.437],[103.227,-2.47],[103.2,-2.439],[103.117,-2.451],[103.068,-2.412],[103.079,-2.393],[103.039,-2.387],[103.029,-2.342],[102.877,-2.321]]]]}},{"type":"Feature","properties":{"nama":"Nagan Raya","prov":"11"},"geometry":{"type":"MultiPolygon","coordinates":[[[[96.514,4.625],[96.49,4.625],[96.492,4.548],[96.443,4.528],[96.484,4.5],[96.482,4.461],[96.332,4.391],[96.259,4.274],[96.276,4.153],[96.19,4.107],[96.459,3.781],[96.529,3.733],[96.613,3.735],[96.62,3.79],[96.584,3.838],[96.603,3.908],[96.632,3.963],[96.718,4.01],[96.717,4.101],[96.794,4.203],[96.799,4.266],[96.676,4.367],[96.684,4.394],[96.628,4.406],[96.689,4.47],[96.607,4.503],[96.653,4.55],[96.514,4.625]]]]}},{"type":"Feature","properties":{"nama":"Natuna","prov":"21"},"geometry":{"type":"MultiPolygon","coordinates":[[[[108.223,4.227],[108.074,4.068],[107.963,4.004],[108.063,3.835],[108.207,3.803],[108.255,3.761],[108.276,3.711],[108.199,3.782],[108.118,3.744],[108.09,3.681],[108.156,3.63],[108.297,3.659],[108.309,3.731],[108.387,3.794],[108.41,3.859],[108.409,3.887],[108.377,3.856],[108.353,3.883],[108.392,3.892],[108.403,3.967],[108.234,4.128],[108.223,4.227]]],[[[108.864,3.012],[108.775,2.892],[108.819,2.844],[108.885,2.879],[108.89,3],[108.864,3.012]]],[[[108.996,2.56],[108.976,2.532],[109.034,2.515],[109.018,2.481],[109.118,2.508],[109.119,2.531],[109.064,2.523],[108.996,2.56]]],[[[108.007,4.775],[107.929,4.681],[107.977,4.68],[108.007,4.775]]],[[[107.787,3.019],[107.748,3.006],[107.757,2.972],[107.813,2.98],[107.787,3.019]]],[[[108.104,3.637],[108.07,3.584],[108.121,3.607],[108.104,3.637]]],[[[108.582,2.7],[108.568,2.685],[108.564,2.654],[108.582,2.7]]],[[[107.861,4.158],[107.844,4.112],[107.863,4.126],[107.861,4.158]]],[[[108.922,2.767],[108.886,2.727],[108.913,2.736],[108.922,2.767]]],[[[108.055,3.669],[108.05,3.632],[108.081,3.634],[108.055,3.669]]],[[[108.21,4.268],[108.199,4.263],[108.187,4.235],[108.21,4.268]]],[[[108.046,3.589],[108.033,3.574],[108.043,3.557],[108.046,3.589]]]]}},{"type":"Feature","properties":{"nama":"Nias","prov":"12"},"geometry":{"type":"MultiPolygon","coordinates":[[[[97.544,1.273],[97.535,1.293],[97.495,1.262],[97.495,1.142],[97.521,1.156],[97.622,1.104],[97.623,1.021],[97.688,1.001],[97.695,0.933],[97.765,0.962],[97.805,0.922],[97.875,0.933],[97.904,0.894],[97.947,0.958],[97.898,1.053],[97.847,1.075],[97.8,1.151],[97.69,1.178],[97.653,1.236],[97.613,1.184],[97.602,1.21],[97.562,1.202],[97.544,1.273]]],[[[97.904,1.073],[97.904,1.079],[97.901,1.077],[97.904,1.073]]]]}},{"type":"Feature","properties":{"nama":"Nias Barat","prov":"12"},"geometry":{"type":"MultiPolygon","coordinates":[[[[97.5,1.185],[97.478,1.086],[97.446,1.119],[97.434,1.092],[97.362,1.09],[97.406,0.939],[97.484,0.939],[97.548,0.888],[97.524,0.952],[97.621,1.028],[97.624,1.101],[97.521,1.156],[97.495,1.142],[97.5,1.185]]],[[[97.348,0.843],[97.332,0.83],[97.358,0.811],[97.348,0.843]]]]}},{"type":"Feature","properties":{"nama":"Nias Selatan","prov":"12"},"geometry":{"type":"MultiPolygon","coordinates":[[[[97.628,1.014],[97.588,1.019],[97.524,0.952],[97.548,0.888],[97.634,0.8],[97.684,0.584],[97.71,0.561],[97.741,0.581],[97.744,0.554],[97.78,0.58],[97.782,0.553],[97.827,0.544],[97.82,0.567],[97.9,0.626],[97.904,0.894],[97.875,0.933],[97.805,0.922],[97.765,0.962],[97.695,0.933],[97.688,1.001],[97.628,1.014]]],[[[98.382,0.008],[98.293,-0.02],[98.35,-0.043],[98.557,-0.391],[98.54,-0.329],[98.568,-0.331],[98.573,-0.28],[98.493,-0.21],[98.471,-0.094],[98.415,0.002],[98.382,0.008]]],[[[98.418,-0.242],[98.441,-0.302],[98.384,-0.343],[98.376,-0.461],[98.346,-0.519],[98.288,-0.523],[98.417,-0.598],[98.432,-0.54],[98.476,-0.535],[98.467,-0.575],[98.506,-0.557],[98.481,-0.517],[98.522,-0.38],[98.489,-0.3],[98.418,-0.242]]],[[[98.612,0.181],[98.525,0.144],[98.536,0.102],[98.654,0.072],[98.854,0.081],[98.798,0.171],[98.612,0.181]]],[[[98.284,-0.048],[98.264,-0.039],[98.282,-0.094],[98.284,-0.048]]],[[[97.89,-0.062],[97.837,-0.067],[97.889,-0.107],[97.89,-0.062]]],[[[98.329,-0.092],[98.32,-0.125],[98.347,-0.143],[98.329,-0.092]]],[[[98.516,-0.639],[98.502,-0.595],[98.49,-0.619],[98.516,-0.639]]],[[[98.493,-0.028],[98.5,-0.071],[98.506,-0.048],[98.493,-0.028]]],[[[98.527,-0.032],[98.526,-0.056],[98.545,-0.071],[98.527,-0.032]]]]}},{"type":"Feature","properties":{"nama":"Nias Utara","prov":"12"},"geometry":{"type":"MultiPolygon","coordinates":[[[[97.351,1.541],[97.345,1.481],[97.275,1.419],[97.172,1.396],[97.136,1.436],[97.058,1.409],[97.152,1.366],[97.362,1.09],[97.434,1.092],[97.446,1.119],[97.478,1.086],[97.507,1.263],[97.471,1.348],[97.499,1.339],[97.498,1.382],[97.539,1.421],[97.351,1.541]]],[[[97.088,1.235],[97.081,1.209],[97.102,1.189],[97.088,1.235]]]]}},{"type":"Feature","properties":{"nama":"Ogan Ilir","prov":"16"},"geometry":{"type":"MultiPolygon","coordinates":[[[[104.79,-3.053],[104.751,-3.039],[104.725,-3.091],[104.677,-3.049],[104.643,-3.096],[104.577,-3.102],[104.523,-3.179],[104.551,-3.259],[104.533,-3.362],[104.437,-3.428],[104.424,-3.492],[104.318,-3.539],[104.321,-3.609],[104.416,-3.563],[104.468,-3.615],[104.375,-3.692],[104.367,-3.757],[104.454,-3.745],[104.556,-3.803],[104.66,-3.65],[104.631,-3.604],[104.661,-3.496],[104.816,-3.451],[104.826,-3.319],[104.787,-3.249],[104.813,-3.238],[104.818,-3.143],[104.793,-3.131],[104.79,-3.053]]]]}},{"type":"Feature","properties":{"nama":"Ogan Komering Ilir","prov":"16"},"geometry":{"type":"MultiPolygon","coordinates":[[[[105.617,-2.391],[105.472,-2.464],[105.334,-2.448],[105.258,-2.55],[105.213,-2.56],[105.205,-2.631],[105.174,-2.646],[105.215,-2.685],[105.206,-2.732],[105.255,-2.756],[105.249,-2.807],[105.278,-2.827],[105.259,-2.882],[105.299,-2.904],[105.305,-2.978],[105.26,-2.983],[105.209,-3.11],[105.127,-2.941],[105.083,-3],[105.084,-3.105],[105.044,-3.114],[105.05,-3.148],[104.923,-3.159],[104.884,-3.142],[104.88,-3.099],[104.796,-3.073],[104.816,-3.451],[104.661,-3.496],[104.632,-3.615],[104.66,-3.65],[104.647,-3.622],[104.705,-3.62],[104.698,-3.66],[104.799,-3.757],[104.835,-3.748],[104.877,-3.81],[104.849,-3.911],[104.898,-3.925],[104.855,-3.954],[104.93,-3.949],[104.911,-4.006],[104.83,-4.06],[104.748,-4.248],[104.793,-4.267],[104.968,-4.171],[105.014,-4.175],[105.095,-4.046],[105.12,-4.048],[105.139,-3.936],[105.277,-3.877],[105.284,-3.797],[105.333,-3.724],[105.357,-3.797],[105.433,-3.783],[105.432,-3.826],[105.523,-3.839],[105.525,-3.894],[105.548,-3.881],[105.563,-3.929],[105.599,-3.924],[105.631,-4.004],[105.604,-4.053],[105.662,-4.046],[105.65,-4.084],[105.709,-4.102],[105.7,-4.135],[105.745,-4.144],[105.776,-4.111],[105.845,-4.16],[105.863,-4.032],[105.961,-3.828],[105.831,-3.711],[105.826,-3.594],[105.93,-3.36],[106.084,-3.262],[106.095,-3.22],[106.048,-3.123],[106.042,-2.987],[105.959,-2.943],[105.847,-2.951],[105.782,-2.857],[105.78,-2.683],[105.692,-2.684],[105.626,-2.629],[105.617,-2.391]]],[[[106.216,-3.216],[106.219,-3.222],[106.221,-3.218],[106.216,-3.216]]]]}},{"type":"Feature","properties":{"nama":"Ogan Komering Ulu","prov":"16"},"geometry":{"type":"MultiPolygon","coordinates":[[[[104.556,-3.803],[104.454,-3.745],[104.308,-3.775],[104.288,-3.755],[104.149,-3.887],[103.994,-3.92],[103.97,-3.888],[103.941,-3.899],[103.774,-4.074],[103.702,-4.087],[103.705,-4.184],[103.645,-4.201],[103.615,-4.263],[103.706,-4.276],[103.789,-4.223],[103.836,-4.237],[103.94,-4.349],[103.988,-4.463],[104.218,-4.402],[104.226,-4.25],[104.335,-4.179],[104.309,-4.075],[104.351,-4.013],[104.479,-3.957],[104.494,-3.902],[104.568,-3.863],[104.556,-3.803]]]]}},{"type":"Feature","properties":{"nama":"Ogan Komering Ulu Selatan","prov":"16"},"geometry":{"type":"MultiPolygon","coordinates":[[[[103.791,-4.227],[103.706,-4.276],[103.626,-4.273],[103.602,-4.363],[103.468,-4.355],[103.425,-4.401],[103.408,-4.504],[103.487,-4.578],[103.572,-4.525],[103.622,-4.533],[103.599,-4.593],[103.661,-4.61],[103.702,-4.664],[103.705,-4.704],[103.668,-4.729],[103.763,-4.742],[103.826,-4.801],[103.87,-4.856],[103.846,-4.919],[103.936,-4.885],[103.976,-4.913],[104.061,-4.886],[104.144,-4.924],[104.191,-4.863],[104.335,-4.872],[104.369,-4.822],[104.334,-4.818],[104.304,-4.765],[104.299,-4.644],[104.212,-4.443],[104.151,-4.406],[103.98,-4.46],[103.89,-4.286],[103.791,-4.227]]]]}},{"type":"Feature","properties":{"nama":"Ogan Komering Ulu Timur","prov":"16"},"geometry":{"type":"MultiPolygon","coordinates":[[[[104.666,-3.619],[104.556,-3.803],[104.568,-3.863],[104.494,-3.902],[104.479,-3.957],[104.351,-4.013],[104.309,-4.075],[104.335,-4.179],[104.226,-4.25],[104.219,-4.401],[104.151,-4.406],[104.212,-4.443],[104.3,-4.644],[104.341,-4.602],[104.322,-4.458],[104.384,-4.348],[104.621,-4.214],[104.627,-4.244],[104.739,-4.254],[104.791,-4.127],[104.835,-4.099],[104.83,-4.06],[104.926,-3.975],[104.928,-3.945],[104.855,-3.954],[104.898,-3.925],[104.849,-3.911],[104.869,-3.791],[104.698,-3.66],[104.705,-3.62],[104.666,-3.619]]]]}},{"type":"Feature","properties":{"nama":"Padang Lawas","prov":"12"},"geometry":{"type":"MultiPolygon","coordinates":[[[[100.053,1.378],[99.992,1.426],[99.943,1.403],[99.98,1.43],[99.925,1.44],[99.903,1.55],[99.86,1.486],[99.772,1.465],[99.73,1.438],[99.729,1.396],[99.608,1.332],[99.575,1.262],[99.487,1.276],[99.418,1.206],[99.569,1.069],[99.594,0.963],[99.64,0.92],[99.693,0.931],[99.746,0.867],[99.837,0.826],[99.833,0.884],[99.875,0.906],[100.183,0.757],[100.123,0.818],[100.144,0.899],[100.12076543209876,0.9106172839506161],[100.151,0.935],[100.139,0.984],[100.166,1.002],[100.116,1.093],[100.184,1.125],[100.114,1.212],[100.126,1.256],[100.053,1.378]]]]}},{"type":"Feature","properties":{"nama":"Padang Lawas Utara","prov":"12"},"geometry":{"type":"MultiPolygon","coordinates":[[[[99.841,1.801],[99.85,2.004],[99.792,2.024],[99.701,1.943],[99.688,2.034],[99.616,2.041],[99.622,1.995],[99.588,2.016],[99.634,1.964],[99.598,1.943],[99.611,1.889],[99.565,1.891],[99.548,1.862],[99.571,1.811],[99.55,1.716],[99.479,1.705],[99.435,1.658],[99.455,1.593],[99.391,1.572],[99.42,1.542],[99.394,1.482],[99.419,1.398],[99.388,1.414],[99.36,1.383],[99.422,1.219],[99.487,1.276],[99.575,1.262],[99.608,1.332],[99.729,1.396],[99.73,1.438],[99.772,1.465],[99.86,1.486],[99.903,1.55],[99.925,1.44],[99.98,1.43],[99.943,1.403],[99.992,1.426],[100.039,1.373],[100.341,1.438],[100.277,1.464],[100.318,1.471],[100.314,1.507],[100.168,1.599],[100.078,1.721],[100.042,1.703],[100.047,1.756],[99.992,1.663],[99.91,1.717],[99.847,1.637],[99.732,1.727],[99.676,1.825],[99.841,1.801]]]]}},{"type":"Feature","properties":{"nama":"Pakpak Bharat","prov":"12"},"geometry":{"type":"MultiPolygon","coordinates":[[[[98.468,2.549],[98.422,2.636],[98.357,2.66],[98.338,2.703],[98.247,2.709],[98.12,2.786],[98.069,2.764],[98.11,2.611],[98.077,2.575],[98.084,2.505],[98.197,2.312],[98.264,2.265],[98.252,2.356],[98.303,2.335],[98.299,2.418],[98.431,2.468],[98.42,2.537],[98.468,2.549]]]]}},{"type":"Feature","properties":{"nama":"Pasaman","prov":"13"},"geometry":{"type":"MultiPolygon","coordinates":[[[[100.181,0.762],[100.07,0.79],[99.944,0.883],[99.871,0.907],[99.831,0.881],[99.831,0.696],[99.911,0.68],[99.961,0.513],[99.827,0.459],[99.82,0.417],[99.767,0.421],[99.753,0.324],[99.795,0.3],[99.916,0.314],[100.061,0.244],[100.064,0.15],[99.981,0.071],[100.037,0.01],[100.017,-0.099],[100.092,-0.081],[100.202,-0.112],[100.213,-0.07],[100.246,-0.073],[100.267,-0.02],[100.353,0.045],[100.316,0.084],[100.354,0.179],[100.308,0.302],[100.333,0.352],[100.236,0.475],[100.198,0.628],[100.286,0.687],[100.273,0.728],[100.181,0.762]]]]}},{"type":"Feature","properties":{"nama":"Pelalawan","prov":"14"},"geometry":{"type":"MultiPolygon","coordinates":[[[[102.9,0.724],[102.814,0.694],[102.81,0.653],[101.932,0.552],[101.913,0.454],[101.886,0.45],[101.873,0.525],[101.822,0.5],[101.85,0.461],[101.789,0.406],[101.733,0.454],[101.688,0.431],[101.651,0.448],[101.675,0.51],[101.587,0.506],[101.592,0.414],[101.637,0.383],[101.614,0.34],[101.667,0.316],[101.665,0.278],[101.585,0.268],[101.568,0.131],[101.504,0.101],[101.547,-0.044],[101.513,-0.107],[101.614,-0.234],[101.714,-0.262],[101.76,-0.293],[101.761,-0.336],[101.803,-0.328],[101.866,-0.402],[101.985,-0.394],[102.048,-0.314],[102.143,-0.287],[102.214,-0.165],[102.415,-0.165],[102.467,-0.117],[102.534,0.068],[102.787,0.118],[103.074,0.313],[103.211,0.369],[103.352,0.485],[103.326,0.545],[103.196,0.475],[103.111,0.385],[103.076,0.441],[103.107,0.456],[103.096,0.495],[102.9,0.724]]],[[[103.207,0.702],[103.15,0.665],[103.139,0.558],[103.169,0.499],[103.3,0.553],[103.279,0.655],[103.207,0.702]]],[[[103.038,0.66],[103.069,0.564],[103.084,0.591],[103.038,0.66]]],[[[103.109,0.667],[103.094,0.651],[103.104,0.63],[103.109,0.667]]]]}},{"type":"Feature","properties":{"nama":"Penukal Abab Lematang Ilir","prov":"16"},"geometry":{"type":"MultiPolygon","coordinates":[[[[104.166,-3.05],[104.094,-3.002],[104.023,-3.03],[103.95,-3.004],[103.912,-3.022],[103.89,-3.076],[103.791,-3.135],[103.796,-3.24],[103.633,-3.255],[103.605,-3.287],[103.618,-3.351],[103.707,-3.294],[103.733,-3.353],[103.761,-3.28],[103.787,-3.318],[103.892,-3.344],[103.918,-3.399],[103.993,-3.414],[104.025,-3.406],[104.029,-3.341],[104.187,-3.329],[104.234,-3.283],[104.21,-3.258],[104.258,-3.031],[104.166,-3.05]]]]}},{"type":"Feature","properties":{"nama":"Pesawaran","prov":"18"},"geometry":{"type":"MultiPolygon","coordinates":[[[[105.083,-5.121],[105.041,-5.185],[105.098,-5.23],[105.037,-5.276],[105.076,-5.391],[105.002,-5.388],[104.934,-5.495],[104.963,-5.576],[105.074,-5.646],[105.081,-5.712],[105.139,-5.785],[105.195,-5.795],[105.222,-5.779],[105.154,-5.747],[105.219,-5.72],[105.174,-5.667],[105.21,-5.647],[105.167,-5.601],[105.245,-5.588],[105.247,-5.515],[105.267,-5.519],[105.25,-5.483],[105.225,-5.49],[105.222,-5.446],[105.181,-5.446],[105.202,-5.347],[105.116,-5.301],[105.145,-5.253],[105.172,-5.271],[105.165,-5.2],[105.258,-5.179],[105.191,-5.122],[105.136,-5.164],[105.083,-5.121]]],[[[105.292,-5.8],[105.228,-5.831],[105.285,-5.839],[105.292,-5.8]]],[[[105.313,-5.784],[105.306,-5.794],[105.334,-5.821],[105.313,-5.784]]]]}},{"type":"Feature","properties":{"nama":"Pesisir Barat","prov":"18"},"geometry":{"type":"MultiPolygon","coordinates":[[[[103.799,-4.791],[103.731,-4.799],[103.596,-4.922],[103.641,-4.934],[103.656,-4.99],[103.711,-4.963],[103.748,-5.042],[103.781,-5.031],[103.913,-5.129],[103.936,-5.179],[103.907,-5.232],[103.993,-5.263],[103.995,-5.318],[104.069,-5.408],[104.299,-5.576],[104.301,-5.642],[104.416,-5.707],[104.565,-5.867],[104.556,-5.926],[104.659,-5.936],[104.634,-5.843],[104.654,-5.821],[104.589,-5.754],[104.628,-5.692],[104.568,-5.62],[104.49,-5.608],[104.419,-5.452],[104.291,-5.332],[104.223,-5.218],[104.121,-5.175],[104.063,-5.099],[104.003,-5.098],[104.019,-5.044],[103.973,-4.969],[103.832,-4.943],[103.812,-4.892],[103.856,-4.892],[103.87,-4.856],[103.799,-4.791]]],[[[103.853,-5.119],[103.838,-5.122],[103.85,-5.126],[103.853,-5.119]]]]}},{"type":"Feature","properties":{"nama":"Pesisir Selatan","prov":"13"},"geometry":{"type":"MultiPolygon","coordinates":[[[[100.535,-0.959],[100.525,-1.001],[100.477,-1.004],[100.425,-1.072],[100.432,-1.116],[100.38099371596145,-1.1462010892333454],[100.38,-1.178],[100.432,-1.201],[100.433,-1.255],[100.407,-1.237],[100.401,-1.271],[100.453,-1.258],[100.569,-1.337],[100.561,-1.372],[100.593,-1.394],[100.558,-1.407],[100.584,-1.422],[100.561,-1.441],[100.622,-1.501],[100.644,-1.621],[100.865,-1.932],[100.88,-2.05],[100.823,-2.174],[100.89,-2.326],[101.022,-2.478],[101.293,-2.289],[101.261,-2.102],[101.138,-1.899],[101.132,-1.685],[101.018,-1.607],[100.976,-1.483],[100.894,-1.393],[100.893,-1.326],[100.799,-1.278],[100.801,-1.203],[100.737,-1.104],[100.644,-1.121],[100.621,-1.062],[100.583,-1.071],[100.558,-1.041],[100.535,-0.959]]],[[[100.34,-1.189],[100.328,-1.206],[100.339,-1.212],[100.34,-1.189]]]]}},{"type":"Feature","properties":{"nama":"Pidie","prov":"11"},"geometry":{"type":"MultiPolygon","coordinates":[[[[95.754,5.564],[95.726,5.501],[95.78,5.441],[95.753,5.419],[95.749,5.319],[95.791,5.28],[95.775,5.253],[95.841,5.136],[95.821,5.086],[95.743,5.061],[95.996,4.754],[96.107,4.75],[96.105,4.675],[96.134,4.675],[96.168,4.75],[96.26,4.712],[96.282,4.78],[96.471,4.762],[96.464,4.914],[96.354,4.944],[96.277,4.91],[96.212,4.959],[96.193,5.077],[96.09,5.092],[96.02,5.146],[96.052,5.183],[96.054,5.288],[96.105,5.287],[95.934,5.406],[95.886,5.506],[95.754,5.564]]]]}},{"type":"Feature","properties":{"nama":"Pidie Jaya","prov":"11"},"geometry":{"type":"MultiPolygon","coordinates":[[[[96.105,5.284],[96.054,5.288],[96.052,5.183],[96.02,5.146],[96.09,5.092],[96.193,5.077],[96.212,4.959],[96.264,4.914],[96.325,4.917],[96.364,5.037],[96.343,5.227],[96.105,5.284]]]]}},{"type":"Feature","properties":{"nama":"Pringsewu","prov":"18"},"geometry":{"type":"MultiPolygon","coordinates":[[[[104.803,-5.171],[104.772,-5.18],[104.787,-5.259],[104.913,-5.429],[104.887,-5.435],[104.917,-5.448],[104.889,-5.553],[104.962,-5.576],[104.942,-5.46],[105.001,-5.423],[105.003,-5.387],[105.075,-5.393],[105.038,-5.259],[105.098,-5.23],[105.049,-5.206],[104.925,-5.266],[104.803,-5.171]]]]}},{"type":"Feature","properties":{"nama":"Rejang Lebong","prov":"17"},"geometry":{"type":"MultiPolygon","coordinates":[[[[102.498,-3.269],[102.497,-3.322],[102.388,-3.353],[102.37,-3.4],[102.425,-3.524],[102.53,-3.494],[102.722,-3.553],[102.819,-3.528],[102.907,-3.616],[102.995,-3.525],[102.982,-3.363],[102.896,-3.376],[102.896,-3.327],[102.798,-3.332],[102.776,-3.282],[102.638,-3.338],[102.568,-3.277],[102.498,-3.269]]]]}},{"type":"Feature","properties":{"nama":"Rokan Hilir","prov":"14"},"geometry":{"type":"MultiPolygon","coordinates":[[[[100.322,2.547],[100.307,2.375],[100.373,2.193],[100.28,1.813],[100.387,1.778],[100.352,1.733],[100.366,1.686],[100.418,1.665],[100.404,1.578],[100.435,1.52],[100.377,1.45],[100.277,1.464],[100.448,1.377],[100.48,1.342],[100.456,1.334],[100.624,1.23],[100.664,1.292],[100.698,1.241],[100.786,1.24],[100.844,1.335],[100.935,1.396],[100.976,1.379],[100.973,1.349],[101.014,1.35],[101.177,1.452],[101.266,1.465],[101.265,1.49],[101.317,1.474],[101.335,1.496],[101.29,1.6],[101.067,1.935],[101.016,2.081],[101.026,2.184],[101.067,2.234],[101.047,2.291],[100.775,2.284],[100.789,2.119],[100.763,2.086],[100.723,2.095],[100.568,2.156],[100.44,2.259],[100.362,2.393],[100.322,2.547]]],[[[100.736,2.267],[100.704,2.249],[100.72,2.179],[100.785,2.121],[100.736,2.267]]],[[[100.649,2.218],[100.635,2.195],[100.684,2.163],[100.649,2.218]]],[[[101.013,2.307],[100.988,2.301],[101.034,2.306],[101.013,2.307]]]]}},{"type":"Feature","properties":{"nama":"Rokan Hulu","prov":"14"},"geometry":{"type":"MultiPolygon","coordinates":[[[[100.973,1.349],[100.976,1.379],[100.935,1.396],[100.844,1.335],[100.786,1.24],[100.698,1.241],[100.664,1.292],[100.622,1.23],[100.341,1.438],[100.053,1.38],[100.126,1.256],[100.114,1.212],[100.184,1.125],[100.116,1.093],[100.166,1.002],[100.139,0.984],[100.151,0.935],[100.088,0.926],[100.144,0.898],[100.124,0.816],[100.212,0.736],[100.274,0.727],[100.284,0.682],[100.198,0.628],[100.24,0.536],[100.223,0.506],[100.289,0.399],[100.346,0.381],[100.469,0.449],[100.528,0.444],[100.571,0.528],[100.72,0.39],[100.856,0.381],[100.862,0.534],[100.797,0.533],[100.76,0.59],[100.674,0.596],[100.587,0.7],[100.674,0.767],[100.749,0.778],[100.734,0.842],[100.835,0.941],[100.994,0.956],[100.973,1.349]]]]}},{"type":"Feature","properties":{"nama":"Samosir","prov":"12"},"geometry":{"type":"MultiPolygon","coordinates":[[[[98.895,2.663],[98.738,2.792],[98.629,2.795],[98.572,2.724],[98.56,2.58],[98.42,2.537],[98.444,2.505],[98.421,2.476],[98.457,2.437],[98.559,2.438],[98.619,2.396],[98.751,2.434],[98.838,2.358],[98.875,2.402],[98.982,2.395],[99.019,2.484],[98.922,2.57],[98.895,2.663]]]]}},{"type":"Feature","properties":{"nama":"Tanah Datar","prov":"13"},"geometry":{"type":"MultiPolygon","coordinates":[[[[100.534,-0.279],[100.471,-0.391],[100.344,-0.392],[100.317,-0.424],[100.32,-0.479],[100.393,-0.491],[100.409,-0.657],[100.524,-0.642],[100.592,-0.599],[100.591,-0.552],[100.665,-0.532],[100.705,-0.571],[100.804,-0.567],[100.84,-0.481],[100.825,-0.353],[100.751,-0.37],[100.678,-0.324],[100.619,-0.352],[100.567,-0.323],[100.575,-0.283],[100.534,-0.279]],[[100.398,-0.45],[100.435,-0.483],[100.374,-0.488],[100.398,-0.45]]]]}},{"type":"Feature","properties":{"nama":"Tanggamus","prov":"18"},"geometry":{"type":"MultiPolygon","coordinates":[[[[104.6258909990638,-5.695352770719093],[104.589,-5.754],[104.654,-5.821],[104.634,-5.843],[104.659,-5.936],[104.733,-5.929],[104.698,-5.878],[104.711,-5.832],[104.6258909990638,-5.695352770719093]]],[[[104.547,-5.094],[104.374,-5.199],[104.364,-5.281],[104.399,-5.303],[104.36,-5.303],[104.374,-5.329],[104.334,-5.324],[104.315,-5.354],[104.419,-5.452],[104.49,-5.608],[104.568,-5.62],[104.61138356164385,-5.672060273972618],[104.531,-5.543],[104.604,-5.496],[104.709,-5.522],[104.777,-5.605],[105.03,-5.728],[105.028,-5.752],[105.087,-5.755],[105.109,-5.774],[105.089,-5.796],[105.117,-5.775],[105.149,-5.809],[105.195,-5.803],[105.11,-5.75],[105.05,-5.62],[104.889,-5.553],[104.917,-5.448],[104.887,-5.435],[104.913,-5.429],[104.787,-5.259],[104.788,-5.145],[104.751,-5.118],[104.683,-5.157],[104.547,-5.094]]],[[[104.785,-5.76],[104.856,-5.846],[104.853,-5.802],[104.785,-5.76]]]]}},{"type":"Feature","properties":{"nama":"Tanjung Jabung Barat","prov":"15"},"geometry":{"type":"MultiPolygon","coordinates":[[[[103.751,-0.987],[103.573,-0.876],[103.548,-0.811],[103.489,-0.803],[103.454,-0.733],[103.437,-0.778],[103.353,-0.799],[103.312,-0.765],[103.004,-0.755],[102.928,-0.866],[102.786,-0.979],[102.781,-1.032],[102.753,-1.024],[102.729,-1.08],[102.682,-1.081],[102.644,-1.125],[102.697,-1.239],[102.781,-1.31],[102.809,-1.423],[102.891,-1.371],[103.029,-1.455],[103.055,-1.387],[103.238,-1.374],[103.225,-1.331],[103.263,-1.375],[103.271,-1.235],[103.426,-1.22],[103.455,-1.118],[103.527,-1.122],[103.543,-1.09],[103.593,-1.115],[103.731,-1.064],[103.751,-0.987]]]]}},{"type":"Feature","properties":{"nama":"Tanjung Jabung Timur","prov":"15"},"geometry":{"type":"MultiPolygon","coordinates":[[[[103.912,-0.983],[103.831,-1.015],[103.751,-0.987],[103.736,-1.06],[103.651,-1.102],[103.543,-1.09],[103.527,-1.122],[103.455,-1.118],[103.448,-1.195],[103.338,-1.237],[103.334,-1.276],[103.391,-1.28],[103.433,-1.342],[103.559,-1.316],[103.581,-1.39],[103.618,-1.392],[104.092,-1.294],[104.164,-1.449],[104.316,-1.628],[104.429,-1.628],[104.491,-1.668],[104.438,-1.508],[104.456,-1.337],[104.392,-1.217],[104.405,-1.127],[104.367,-1.024],[104.207,-1.071],[103.912,-0.983]]],[[[104.205,-1.031],[104.191,-1.036],[104.203,-1.056],[104.205,-1.031]]]]}},{"type":"Feature","properties":{"nama":"Tapanuli Selatan","prov":"12"},"geometry":{"type":"MultiPolygon","coordinates":[[[[99.464,2.122],[99.445,2.027],[99.483,1.946],[99.379,1.951],[99.339,1.905],[99.35,1.835],[99.256,1.824],[99.26,1.726],[99.143,1.64],[99.051,1.701],[99.057,1.645],[99.004,1.547],[99.037,1.558],[98.989,1.523],[99.012,1.482],[98.924,1.468],[98.987,1.448],[98.902,1.439],[98.856,1.468],[98.842,1.431],[98.782,1.431],[98.852,1.287],[98.971,1.346],[99.031,1.297],[99.05,1.205],[99.133,1.167],[99.118,1.101],[99.187,1.097],[99.24,1.042],[99.278,1.096],[99.336,1.024],[99.434,0.976],[99.464,1.019],[99.429,1.09],[99.52,1.119],[99.419,1.205],[99.413,1.291],[99.36,1.383],[99.388,1.414],[99.419,1.398],[99.394,1.482],[99.42,1.542],[99.391,1.572],[99.455,1.593],[99.435,1.658],[99.479,1.705],[99.55,1.716],[99.571,1.811],[99.548,1.862],[99.565,1.891],[99.611,1.889],[99.598,1.943],[99.634,1.964],[99.512,2.123],[99.464,2.122]],[[99.246,1.473],[99.328,1.416],[99.349,1.311],[99.311,1.303],[99.244,1.363],[99.22,1.411],[99.246,1.473]]]]}},{"type":"Feature","properties":{"nama":"Tapanuli Tengah","prov":"12"},"geometry":{"type":"MultiPolygon","coordinates":[[[[98.279,2.241],[98.195,2.311],[98.127,2.17],[98.262,2.063],[98.263,2.028],[98.34,2.047],[98.358,2.003],[98.469,1.984],[98.686,1.734],[98.736,1.722],[98.707,1.786],[98.801,1.758],[98.782,1.703],[98.84,1.628],[98.766,1.528],[98.713,1.561],[98.782,1.43],[98.842,1.431],[98.856,1.468],[98.902,1.439],[98.987,1.448],[98.924,1.468],[99.012,1.482],[98.989,1.523],[99.037,1.558],[99.004,1.547],[99.057,1.645],[99.052,1.708],[98.985,1.654],[98.966,1.679],[98.992,1.756],[98.889,1.742],[98.864,1.81],[98.789,1.856],[98.813,1.944],[98.725,1.953],[98.652,1.994],[98.67,2.013],[98.643,1.999],[98.596,2.082],[98.5,2.081],[98.313,2.159],[98.279,2.241]]],[[[98.462,1.702],[98.451,1.642],[98.609,1.613],[98.588,1.666],[98.572,1.649],[98.547,1.681],[98.533,1.64],[98.462,1.702]]]]}},{"type":"Feature","properties":{"nama":"Tapanuli Utara","prov":"12"},"geometry":{"type":"MultiPolygon","coordinates":[[[[98.982,2.395],[98.86,2.396],[98.846,2.344],[98.949,2.319],[98.963,2.267],[98.886,2.205],[98.812,2.221],[98.841,2.162],[98.735,2.129],[98.652,1.994],[98.813,1.944],[98.789,1.856],[98.864,1.81],[98.889,1.742],[98.992,1.756],[98.966,1.679],[98.985,1.654],[99.052,1.708],[99.143,1.64],[99.26,1.726],[99.256,1.824],[99.35,1.835],[99.339,1.905],[99.379,1.951],[99.483,1.946],[99.445,2.023],[99.459,2.125],[99.415,2.113],[99.37,2.174],[99.332,2.105],[99.252,2.121],[99.181,2.296],[98.999,2.27],[98.982,2.395]]]]}},{"type":"Feature","properties":{"nama":"Tebo","prov":"15"},"geometry":{"type":"MultiPolygon","coordinates":[[[[102.015,-0.878],[101.815,-1.002],[101.83,-1.11],[101.878,-1.094],[101.888,-1.138],[101.967,-1.14],[101.944,-1.174],[101.962,-1.227],[101.92,-1.25],[101.933,-1.344],[102.004,-1.352],[102.211,-1.476],[102.29,-1.443],[102.33,-1.51],[102.314,-1.569],[102.477,-1.571],[102.489,-1.646],[102.513,-1.649],[102.47,-1.655],[102.53,-1.653],[102.49,-1.706],[102.514,-1.718],[102.457,-1.85],[102.4783178807947,-1.8749933774834424],[102.497,-1.852],[102.59,-1.882],[102.664,-1.813],[102.668,-1.757],[102.805,-1.58],[102.823,-1.443],[102.777,-1.304],[102.697,-1.239],[102.63,-1.107],[102.48,-1.089],[102.441,-1.031],[102.375,-1.034],[102.383,-0.994],[102.304,-0.919],[102.203,-0.947],[102.167,-0.9],[102.117,-0.921],[102.015,-0.878]]]]}},{"type":"Feature","properties":{"nama":"Toba","prov":"12"},"geometry":{"type":"MultiPolygon","coordinates":[[[[99.078,2.597],[99.042,2.634],[98.975,2.602],[98.951,2.654],[98.895,2.663],[98.922,2.57],[99.019,2.484],[98.982,2.395],[98.999,2.27],[99.181,2.296],[99.252,2.121],[99.332,2.105],[99.362,2.173],[99.535,2.247],[99.55,2.307],[99.586,2.314],[99.521,2.351],[99.524,2.459],[99.502,2.395],[99.419,2.46],[99.466,2.548],[99.457,2.604],[99.416,2.563],[99.424,2.599],[99.385,2.564],[99.305,2.55],[99.305,2.574],[99.204,2.531],[99.078,2.597]]]]}},{"type":"Feature","properties":{"nama":"Tulang Bawang","prov":"18"},"geometry":{"type":"MultiPolygon","coordinates":[[[[105.818,-4.16],[105.774,-4.111],[105.755,-4.195],[105.683,-4.189],[105.617,-4.223],[105.507,-4.166],[105.503,-4.136],[105.423,-4.162],[105.403,-4.119],[105.366,-4.13],[105.367,-4.159],[105.222,-4.196],[105.156,-4.282],[105.202,-4.325],[105.195,-4.355],[105.235,-4.328],[105.238,-4.367],[105.195,-4.357],[105.255,-4.397],[105.203,-4.429],[105.159,-4.543],[105.216,-4.599],[105.212,-4.635],[105.286,-4.622],[105.381,-4.517],[105.492,-4.482],[105.581,-4.535],[105.643,-4.481],[105.646,-4.509],[105.68,-4.485],[105.713,-4.531],[105.771,-4.529],[105.805,-4.585],[105.781,-4.634],[105.81,-4.654],[105.838,-4.62],[105.853,-4.676],[105.898,-4.683],[105.915,-4.642],[105.882,-4.588],[105.913,-4.438],[105.852,-4.411],[105.82,-4.338],[105.818,-4.16]]]]}},{"type":"Feature","properties":{"nama":"Tulang Bawang Barat","prov":"18"},"geometry":{"type":"MultiPolygon","coordinates":[[[[105.043,-4.139],[105.014,-4.175],[104.953,-4.178],[104.942,-4.232],[104.994,-4.28],[104.981,-4.385],[105.049,-4.401],[105.07,-4.436],[105.017,-4.466],[104.986,-4.446],[104.926,-4.515],[104.981,-4.536],[104.981,-4.63],[105.125,-4.726],[105.199,-4.603],[105.159,-4.543],[105.184,-4.473],[105.213,-4.416],[105.255,-4.402],[105.195,-4.357],[105.238,-4.367],[105.235,-4.328],[105.195,-4.355],[105.202,-4.325],[105.156,-4.297],[105.232,-4.191],[105.196,-4.179],[105.101,-4.227],[105.067,-4.214],[105.043,-4.139]]]]}},{"type":"Feature","properties":{"nama":"Way Kanan","prov":"18"},"geometry":{"type":"MultiPolygon","coordinates":[[[[104.946,-4.192],[104.792,-4.267],[104.627,-4.244],[104.621,-4.214],[104.384,-4.348],[104.322,-4.458],[104.341,-4.602],[104.287,-4.684],[104.328,-4.812],[104.369,-4.822],[104.34,-4.867],[104.412,-4.864],[104.442,-4.943],[104.51,-4.943],[104.549,-4.832],[104.612,-4.832],[104.646,-4.779],[104.61,-4.677],[104.7,-4.598],[104.702,-4.553],[104.818,-4.504],[104.925,-4.516],[104.986,-4.446],[105.017,-4.466],[105.069,-4.439],[105.049,-4.401],[104.981,-4.385],[104.996,-4.288],[104.942,-4.232],[104.946,-4.192]]]]}},{"type":"Feature","properties":{"nama":"Padang Pariaman","prov":"13"},"geometry":{"type":"MultiPolygon","coordinates":[[[[100.103,-0.322],[100.046,-0.364],[99.99,-0.362],[100,-0.398],[99.962,-0.434],[100.092,-0.572],[100.131,-0.551],[100.186,-0.623],[100.154,-0.669],[100.291,-0.817],[100.367,-0.8],[100.385,-0.756],[100.458,-0.726],[100.396,-0.632],[100.419,-0.582],[100.393,-0.491],[100.332,-0.489],[100.316,-0.433],[100.245,-0.473],[100.103,-0.322]]],[[[100.101,-0.876],[100.101,-0.872],[100.099,-0.874],[100.101,-0.876]]]]}},{"type":"Feature","properties":{"nama":"Adm. Kep. Seribu","prov":"31"},"geometry":{"type":"MultiPolygon","coordinates":[[[[106.481,-5.793],[106.512,-5.803],[106.5,-5.796],[106.481,-5.793]]],[[[106.631,-5.854],[106.615,-5.857],[106.609,-5.864],[106.631,-5.854]]]]}},{"type":"Feature","properties":{"nama":"Alor","prov":"53"},"geometry":{"type":"MultiPolygon","coordinates":[[[[124.53,-8.123],[124.452,-8.149],[124.4,-8.22],[124.406,-8.278],[124.565,-8.218],[124.408,-8.296],[124.342,-8.392],[124.355,-8.439],[124.419,-8.459],[124.505,-8.418],[124.547,-8.442],[124.658,-8.391],[124.787,-8.401],[125.14,-8.319],[125.141,-8.238],[125.095,-8.148],[124.874,-8.168],[124.751,-8.146],[124.609,-8.197],[124.604,-8.126],[124.53,-8.123]]],[[[124.292,-8.177],[124.105,-8.36],[124.112,-8.392],[124.059,-8.293],[123.965,-8.348],[123.919,-8.448],[124.033,-8.42],[124.056,-8.544],[124.142,-8.538],[124.212,-8.461],[124.247,-8.362],[124.309,-8.312],[124.329,-8.203],[124.292,-8.177]]],[[[124.356,-8.276],[124.315,-8.296],[124.33,-8.324],[124.374,-8.306],[124.356,-8.276]]],[[[123.955,-8.349],[123.9,-8.37],[123.933,-8.381],[123.955,-8.349]]],[[[123.83,-8.368],[123.807,-8.373],[123.826,-8.415],[123.83,-8.368]]]]}},{"type":"Feature","properties":{"nama":"Badung","prov":"51"},"geometry":{"type":"MultiPolygon","coordinates":[[[[115.23,-8.24],[115.184,-8.245],[115.212,-8.329],[115.203,-8.488],[115.189,-8.443],[115.156,-8.6],[115.099,-8.637],[115.169,-8.722],[115.164,-8.78],[115.085,-8.821],[115.123,-8.848],[115.199,-8.842],[115.24,-8.804],[115.221,-8.753],[115.22,-8.787],[115.183,-8.765],[115.173,-8.682],[115.18,-8.616],[115.249,-8.582],[115.225,-8.391],[115.251,-8.262],[115.23,-8.24]]],[[[115.189,-8.766],[115.188,-8.764],[115.188,-8.765],[115.189,-8.766]]]]}},{"type":"Feature","properties":{"nama":"Bandung","prov":"32"},"geometry":{"type":"MultiPolygon","coordinates":[[[[107.915,-6.953],[107.754,-6.956],[107.75,-6.813],[107.661,-6.832],[107.625,-6.858],[107.632,-6.889],[107.738,-6.9],[107.716,-6.961],[107.584,-6.962],[107.528,-6.917],[107.469,-6.998],[107.478,-7.057],[107.438,-7.046],[107.409,-7.097],[107.331,-7.098],[107.251,-7.201],[107.318,-7.19],[107.384,-7.251],[107.555,-7.251],[107.608,-7.309],[107.727,-7.298],[107.738,-7.264],[107.706,-7.238],[107.737,-7.173],[107.807,-7.143],[107.849,-7.059],[107.938,-7.044],[107.889,-6.982],[107.915,-6.953]]]]}},{"type":"Feature","properties":{"nama":"Bandung Barat","prov":"32"},"geometry":{"type":"MultiPolygon","coordinates":[[[[107.594,-6.728],[107.555,-6.775],[107.41,-6.689],[107.294,-6.733],[107.284,-6.774],[107.349,-6.866],[107.19,-6.968],[107.182,-7.059],[107.252,-7.048],[107.321,-7.107],[107.409,-7.097],[107.438,-7.046],[107.478,-7.057],[107.469,-6.998],[107.531,-6.942],[107.51,-6.898],[107.54,-6.832],[107.571,-6.883],[107.598,-6.837],[107.623,-6.863],[107.746,-6.815],[107.601,-6.761],[107.594,-6.728]]]]}},{"type":"Feature","properties":{"nama":"Bangkalan","prov":"35"},"geometry":{"type":"MultiPolygon","coordinates":[[[[113.034,-6.88],[112.827,-6.907],[112.782,-6.992],[112.724,-7.039],[112.681,-7.035],[112.692,-7.155],[113.06,-7.199],[113.148,-6.99],[113.099,-6.957],[113.125,-6.893],[113.034,-6.88]]],[[[112.847,-6.898],[112.847,-6.897],[112.846,-6.897],[112.847,-6.898]]]]}},{"type":"Feature","properties":{"nama":"Bangli","prov":"51"},"geometry":{"type":"MultiPolygon","coordinates":[[[[115.434,-8.181],[115.32,-8.142],[115.242,-8.185],[115.251,-8.314],[115.328,-8.33],[115.336,-8.524],[115.414,-8.434],[115.399,-8.344],[115.459,-8.244],[115.434,-8.181]]]]}},{"type":"Feature","properties":{"nama":"Banjarnegara","prov":"33"},"geometry":{"type":"MultiPolygon","coordinates":[[[[109.917,-7.19],[109.799,-7.171],[109.726,-7.202],[109.636,-7.177],[109.539,-7.244],[109.585,-7.293],[109.519,-7.343],[109.546,-7.405],[109.502,-7.411],[109.505,-7.45],[109.373,-7.478],[109.362,-7.515],[109.404,-7.541],[109.498,-7.503],[109.587,-7.516],[109.638,-7.479],[109.684,-7.503],[109.765,-7.436],[109.833,-7.446],[109.751,-7.389],[109.917,-7.19]]]]}},{"type":"Feature","properties":{"nama":"Bantul","prov":"34"},"geometry":{"type":"MultiPolygon","coordinates":[[[[110.351,-7.768],[110.292,-7.835],[110.287,-7.785],[110.234,-7.813],[110.221,-7.837],[110.273,-7.91],[110.212,-7.985],[110.339,-8.028],[110.348,-7.974],[110.449,-7.947],[110.477,-7.971],[110.498,-7.9],[110.468,-7.867],[110.521,-7.834],[110.43,-7.836],[110.413,-7.783],[110.388,-7.84],[110.351,-7.825],[110.351,-7.768]]]]}},{"type":"Feature","properties":{"nama":"Banyumas","prov":"33"},"geometry":{"type":"MultiPolygon","coordinates":[[[[109.362,-7.485],[109.321,-7.482],[109.334,-7.43],[109.224,-7.246],[109.087,-7.295],[109.035,-7.351],[109.028,-7.326],[108.976,-7.335],[108.889,-7.45],[108.956,-7.47],[108.973,-7.518],[109.066,-7.573],[109.153,-7.579],[109.181,-7.549],[109.268,-7.592],[109.262,-7.62],[109.381,-7.666],[109.446,-7.621],[109.415,-7.57],[109.433,-7.536],[109.364,-7.517],[109.362,-7.485]]]]}},{"type":"Feature","properties":{"nama":"Banyuwangi","prov":"35"},"geometry":{"type":"MultiPolygon","coordinates":[[[[114.305,-7.885],[114.225,-7.983],[114.249,-8.046],[114.214,-8.1],[114.047,-8.125],[113.958,-8.206],[113.909,-8.347],[113.947,-8.402],[113.91,-8.442],[113.89,-8.41],[113.855,-8.43],[113.838,-8.554],[113.909,-8.579],[113.946,-8.559],[113.957,-8.613],[114.015,-8.59],[114.05,-8.646],[114.096,-8.615],[114.221,-8.645],[114.227,-8.604],[114.259,-8.602],[114.37,-8.671],[114.345,-8.742],[114.567,-8.773],[114.597,-8.7],[114.481,-8.618],[114.442,-8.634],[114.389,-8.448],[114.376,-8.532],[114.351,-8.529],[114.371,-8.48],[114.341,-8.417],[114.434,-8.031],[114.424,-7.935],[114.305,-7.885]]]]}},{"type":"Feature","properties":{"nama":"Batang","prov":"33"},"geometry":{"type":"MultiPolygon","coordinates":[[[[109.711,-6.867],[109.673,-6.935],[109.749,-7],[109.744,-7.111],[109.833,-7.189],[109.921,-7.189],[109.974,-7.034],[110.051,-6.98],[110.045,-6.921],[109.876,-6.916],[109.711,-6.867]]]]}},{"type":"Feature","properties":{"nama":"Bekasi","prov":"32"},"geometry":{"type":"MultiPolygon","coordinates":[[[[107.016,-5.927],[106.991,-5.942],[107.016,-5.959],[106.993,-6.013],[107.016,-6.034],[106.972,-6.053],[107.016,-6.077],[106.971,-6.088],[106.972,-6.169],[107.034,-6.199],[107.014,-6.286],[107.041,-6.307],[106.991,-6.363],[107.024,-6.409],[107.063,-6.399],[107.055,-6.436],[107.174,-6.486],[107.217,-6.461],[107.196,-6.423],[107.221,-6.408],[107.217,-6.315],[107.276,-6.267],[107.293,-6.141],[107.094,-6.027],[107.096,-5.938],[107.047,-5.926],[107.074,-5.969],[107.016,-5.927]]]]}},{"type":"Feature","properties":{"nama":"Belu","prov":"53"},"geometry":{"type":"MultiPolygon","coordinates":[[[[125.011,-9.3],[124.983,-9.191],[125.053,-9.169],[125.097,-9.202],[125.175,-9.175],[125.184,-9.025],[125.112,-8.967],[125.077,-9.022],[124.984,-9.066],[124.932,-9.028],[124.945,-8.957],[124.796,-9.012],[124.826,-9.242],[124.858,-9.261],[124.817,-9.343],[124.843,-9.385],[124.899,-9.358],[124.961,-9.393],[125.011,-9.3]]]]}},{"type":"Feature","properties":{"nama":"Bima","prov":"52"},"geometry":{"type":"MultiPolygon","coordinates":[[[[118.502,-8.249],[118.445,-8.268],[118.543,-8.395],[118.482,-8.46],[118.536,-8.681],[118.477,-8.883],[118.72,-8.793],[118.836,-8.846],[118.96,-8.818],[118.899,-8.763],[118.726,-8.778],[118.695,-8.739],[118.761,-8.693],[118.846,-8.73],[118.908,-8.68],[118.972,-8.749],[119.1,-8.751],[119.105,-8.726],[119.133,-8.753],[119.172,-8.724],[119.148,-8.711],[119.176,-8.698],[119.151,-8.637],[119.192,-8.61],[119.167,-8.557],[119.151,-8.593],[119.109,-8.596],[119.13,-8.63],[119.032,-8.634],[119.013,-8.538],[119.052,-8.514],[119.054,-8.464],[118.992,-8.375],[119.001,-8.31],[118.821,-8.281],[118.765,-8.31],[118.737,-8.339],[118.741,-8.403],[118.875,-8.436],[118.896,-8.49],[118.801,-8.532],[118.713,-8.495],[118.653,-8.547],[118.698,-8.397],[118.686,-8.345],[118.646,-8.289],[118.502,-8.249]]],[[[117.937,-8.083],[117.766,-8.143],[117.851,-8.213],[117.929,-8.22],[118.205,-8.437],[118.323,-8.406],[118.317,-8.37],[118.234,-8.332],[118.163,-8.242],[118.143,-8.135],[117.937,-8.083]]],[[[119.068,-8.131],[119,-8.179],[119.001,-8.231],[119.043,-8.261],[119.123,-8.199],[119.068,-8.131]]],[[[119.275,-8.397],[119.28,-8.468],[119.301,-8.43],[119.321,-8.455],[119.321,-8.401],[119.283,-8.419],[119.275,-8.397]]]]}},{"type":"Feature","properties":{"nama":"Blitar","prov":"35"},"geometry":{"type":"MultiPolygon","coordinates":[[[[112.457,-7.932],[112.371,-7.957],[112.311,-7.928],[111.956,-7.998],[111.997,-8.092],[112.122,-8.125],[112.079,-8.187],[112.029,-8.168],[112.029,-8.317],[112.36,-8.348],[112.388,-8.285],[112.367,-8.175],[112.455,-8.142],[112.478,-7.971],[112.457,-7.932]],[[112.185,-8.056],[112.201,-8.093],[112.156,-8.135],[112.134,-8.084],[112.185,-8.056]]]]}},{"type":"Feature","properties":{"nama":"Blora","prov":"33"},"geometry":{"type":"MultiPolygon","coordinates":[[[[111.263,-6.856],[111.104,-6.917],[111.111,-6.977],[111.169,-6.984],[111.218,-7.03],[111.244,-7.285],[111.463,-7.378],[111.458,-7.322],[111.424,-7.31],[111.438,-7.27],[111.587,-7.186],[111.628,-7.075],[111.623,-6.98],[111.567,-6.952],[111.586,-6.906],[111.263,-6.856]]]]}},{"type":"Feature","properties":{"nama":"Bogor","prov":"32"},"geometry":{"type":"MultiPolygon","coordinates":[[[[106.991,-6.363],[106.967,-6.303],[106.882,-6.457],[106.85,-6.436],[106.824,-6.462],[106.738,-6.438],[106.719,-6.359],[106.594,-6.363],[106.527,-6.325],[106.519,-6.355],[106.476,-6.351],[106.466,-6.305],[106.425,-6.35],[106.455,-6.427],[106.401,-6.455],[106.43,-6.682],[106.466,-6.751],[106.525,-6.762],[106.577,-6.717],[106.633,-6.755],[106.741,-6.715],[106.778,-6.755],[106.918,-6.787],[106.985,-6.745],[106.993,-6.668],[107.135,-6.67],[107.212,-6.64],[107.227,-6.602],[107.179,-6.552],[107.174,-6.485],[107.055,-6.436],[107.063,-6.399],[107.024,-6.409],[106.991,-6.363]],[[106.783,-6.515],[106.796,-6.551],[106.829,-6.55],[106.844,-6.679],[106.772,-6.654],[106.791,-6.628],[106.736,-6.565],[106.783,-6.515]]]]}},{"type":"Feature","properties":{"nama":"Bojonegoro","prov":"35"},"geometry":{"type":"MultiPolygon","coordinates":[[[[112.152,-7.109],[112.083,-7.066],[112.018,-7.068],[111.984,-7.163],[111.954,-7.132],[111.933,-7.16],[111.93,-7.133],[111.862,-7.13],[111.817,-7.087],[111.712,-7.081],[111.622,-6.986],[111.628,-7.075],[111.587,-7.186],[111.49,-7.26],[111.452,-7.248],[111.424,-7.31],[111.458,-7.322],[111.445,-7.361],[111.575,-7.349],[111.77,-7.469],[111.821,-7.44],[111.94,-7.44],[111.943,-7.406],[112.085,-7.378],[112.087,-7.23],[112.152,-7.158],[112.152,-7.109]]]]}},{"type":"Feature","properties":{"nama":"Bondowoso","prov":"35"},"geometry":{"type":"MultiPolygon","coordinates":[[[[114.224,-7.987],[114.175,-7.969],[114.128,-7.993],[114.079,-7.771],[114.008,-7.755],[113.834,-7.813],[113.74,-7.789],[113.723,-7.879],[113.623,-7.962],[113.67,-7.968],[113.748,-8.065],[113.893,-8.015],[114.053,-8.128],[114.214,-8.1],[114.249,-8.046],[114.224,-7.987]]]]}},{"type":"Feature","properties":{"nama":"Boyolali","prov":"33"},"geometry":{"type":"MultiPolygon","coordinates":[[[[110.839,-7.263],[110.858,-7.212],[110.831,-7.198],[110.767,-7.244],[110.786,-7.194],[110.742,-7.139],[110.69,-7.189],[110.693,-7.241],[110.623,-7.222],[110.637,-7.264],[110.6,-7.292],[110.608,-7.334],[110.643,-7.325],[110.622,-7.454],[110.649,-7.448],[110.628,-7.467],[110.662,-7.497],[110.602,-7.49],[110.576,-7.425],[110.556,-7.45],[110.481,-7.402],[110.377,-7.512],[110.465,-7.545],[110.531,-7.626],[110.6,-7.569],[110.703,-7.594],[110.709,-7.532],[110.815,-7.523],[110.769,-7.416],[110.802,-7.368],[110.794,-7.275],[110.839,-7.263]],[[110.581,-7.451],[110.576,-7.453],[110.577,-7.451],[110.581,-7.451]]]]}},{"type":"Feature","properties":{"nama":"Brebes","prov":"33"},"geometry":{"type":"MultiPolygon","coordinates":[[[[109.102,-6.84],[109.065,-6.809],[109.088,-6.782],[109.065,-6.79],[109.066,-6.758],[109.044,-6.802],[109.021,-6.784],[108.947,-6.825],[108.848,-6.819],[108.83,-6.786],[108.753,-6.921],[108.758,-6.984],[108.794,-7.008],[108.778,-7.095],[108.697,-7.167],[108.815,-7.203],[108.932,-7.321],[109.028,-7.326],[109.034,-7.351],[109.197,-7.25],[109.058,-7.192],[109.073,-7.128],[108.966,-7.151],[108.951,-7.127],[108.985,-7.111],[108.969,-7.06],[109.025,-7.045],[109.033,-6.984],[109.075,-6.994],[109.102,-6.84]]]]}},{"type":"Feature","properties":{"nama":"Buleleng","prov":"51"},"geometry":{"type":"MultiPolygon","coordinates":[[[[115.184,-8.062],[115.001,-8.176],[114.868,-8.196],[114.618,-8.123],[114.522,-8.155],[114.489,-8.094],[114.432,-8.119],[114.46,-8.195],[114.504,-8.21],[114.597,-8.177],[114.655,-8.227],[114.702,-8.201],[114.772,-8.258],[114.812,-8.251],[114.824,-8.333],[114.928,-8.383],[114.981,-8.289],[115.126,-8.308],[115.175,-8.246],[115.232,-8.24],[115.246,-8.176],[115.303,-8.173],[115.32,-8.142],[115.418,-8.186],[115.457,-8.167],[115.184,-8.062]]],[[[114.515,-8.092],[114.501,-8.096],[114.528,-8.095],[114.515,-8.092]]]]}},{"type":"Feature","properties":{"nama":"Ciamis","prov":"32"},"geometry":{"type":"MultiPolygon","coordinates":[[[[108.386,-7.073],[108.356,-7.052],[108.167,-7.063],[108.22,-7.088],[108.199,-7.283],[108.278,-7.334],[108.406,-7.36],[108.427,-7.501],[108.527,-7.527],[108.528,-7.574],[108.647,-7.54],[108.649,-7.468],[108.706,-7.477],[108.723,-7.431],[108.666,-7.353],[108.567,-7.444],[108.47,-7.382],[108.559,-7.332],[108.585,-7.218],[108.509,-7.161],[108.511,-7.132],[108.386,-7.073]]]]}},{"type":"Feature","properties":{"nama":"Cianjur","prov":"32"},"geometry":{"type":"MultiPolygon","coordinates":[[[[107.302,-6.728],[107.251,-6.694],[107.268,-6.645],[107.227,-6.602],[107.212,-6.64],[107.135,-6.67],[106.992,-6.668],[106.965,-6.768],[107.048,-6.911],[107.064,-6.961],[107.033,-6.984],[107.059,-7.023],[107.039,-7.046],[106.982,-7.014],[106.959,-7.033],[106.936,-7.117],[106.983,-7.222],[106.967,-7.312],[106.823,-7.362],[106.777,-7.402],[106.794,-7.437],[107.426,-7.503],[107.432,-7.424],[107.485,-7.357],[107.455,-7.292],[107.478,-7.255],[107.384,-7.251],[107.318,-7.19],[107.251,-7.201],[107.304,-7.165],[107.318,-7.103],[107.252,-7.048],[107.182,-7.058],[107.19,-6.968],[107.349,-6.866],[107.284,-6.774],[107.302,-6.728]]]]}},{"type":"Feature","properties":{"nama":"Cilacap","prov":"33"},"geometry":{"type":"MultiPolygon","coordinates":[[[[108.658,-7.157],[108.635,-7.139],[108.562,-7.171],[108.586,-7.242],[108.558,-7.335],[108.676,-7.358],[108.755,-7.559],[108.732,-7.613],[108.788,-7.669],[108.86,-7.658],[108.897,-7.709],[108.967,-7.712],[109.016,-7.752],[109.042,-7.707],[109.107,-7.683],[109.392,-7.725],[109.36,-7.64],[109.262,-7.62],[109.268,-7.592],[109.215,-7.564],[109.066,-7.573],[108.973,-7.518],[108.956,-7.47],[108.899,-7.472],[108.976,-7.335],[108.865,-7.272],[108.815,-7.203],[108.658,-7.157]]],[[[108.802,-7.68],[108.8,-7.742],[109.05,-7.775],[108.963,-7.718],[108.802,-7.68]]],[[[108.864,-7.675],[108.852,-7.665],[108.829,-7.683],[108.864,-7.675]]],[[[108.857,-7.676],[108.837,-7.682],[108.867,-7.683],[108.857,-7.676]]]]}},{"type":"Feature","properties":{"nama":"Cirebon","prov":"32"},"geometry":{"type":"MultiPolygon","coordinates":[[[[108.539,-6.516],[108.456,-6.573],[108.432,-6.521],[108.361,-6.555],[108.324,-6.619],[108.368,-6.699],[108.359,-6.751],[108.398,-6.795],[108.513,-6.791],[108.523,-6.87],[108.654,-6.903],[108.656,-6.937],[108.716,-6.944],[108.737,-7.006],[108.845,-6.736],[108.75,-6.815],[108.685,-6.8],[108.653,-6.747],[108.626,-6.769],[108.57,-6.75],[108.544,-6.796],[108.518,-6.737],[108.563,-6.691],[108.539,-6.516]]]]}},{"type":"Feature","properties":{"nama":"Demak","prov":"33"},"geometry":{"type":"MultiPolygon","coordinates":[[[[110.758,-6.794],[110.667,-6.765],[110.664,-6.717],[110.549,-6.731],[110.549,-6.772],[110.576,-6.772],[110.495,-6.904],[110.53,-6.933],[110.478,-6.924],[110.502,-6.941],[110.478,-6.94],[110.503,-6.958],[110.477,-7.087],[110.501,-7.12],[110.571,-7.148],[110.561,-7.084],[110.606,-7.051],[110.624,-6.976],[110.679,-6.987],[110.669,-7.054],[110.694,-7.018],[110.763,-7.022],[110.786,-6.911],[110.834,-6.85],[110.758,-6.794]]]]}},{"type":"Feature","properties":{"nama":"Dompu","prov":"52"},"geometry":{"type":"MultiPolygon","coordinates":[[[[117.766,-8.144],[117.724,-8.15],[117.691,-8.235],[117.818,-8.369],[117.98,-8.465],[118.082,-8.451],[118.194,-8.571],[118.23,-8.551],[118.278,-8.591],[118.269,-8.659],[118.176,-8.655],[118.188,-8.706],[118.333,-8.713],[118.406,-8.672],[118.387,-8.609],[118.421,-8.624],[118.429,-8.72],[118.372,-8.78],[118.38,-8.828],[118.48,-8.885],[118.536,-8.681],[118.482,-8.46],[118.543,-8.395],[118.452,-8.275],[118.323,-8.36],[118.298,-8.429],[118.207,-8.437],[118.049,-8.339],[117.929,-8.22],[117.851,-8.213],[117.766,-8.144]]],[[[118.207,-8.642],[118.195,-8.649],[118.209,-8.654],[118.207,-8.642]]]]}},{"type":"Feature","properties":{"nama":"Flores Timur","prov":"53"},"geometry":{"type":"MultiPolygon","coordinates":[[[[122.867,-8.063],[122.783,-8.108],[122.731,-8.225],[122.788,-8.235],[122.866,-8.176],[122.94,-8.2],[122.882,-8.289],[122.811,-8.298],[122.766,-8.363],[122.683,-8.384],[122.654,-8.637],[122.831,-8.59],[122.842,-8.542],[122.79,-8.484],[122.783,-8.423],[122.888,-8.449],[122.878,-8.384],[122.914,-8.328],[122.964,-8.352],[123.021,-8.315],[122.957,-8.196],[122.972,-8.133],[122.867,-8.063]]],[[[123.211,-8.225],[123.142,-8.234],[123.033,-8.308],[123.001,-8.41],[123.295,-8.388],[123.334,-8.264],[123.211,-8.225]]],[[[123.146,-8.424],[122.976,-8.436],[122.885,-8.524],[122.871,-8.586],[122.925,-8.605],[122.984,-8.507],[123.148,-8.462],[123.168,-8.436],[123.146,-8.424]]]]}},{"type":"Feature","properties":{"nama":"Garut","prov":"32"},"geometry":{"type":"MultiPolygon","coordinates":[[[[107.918,-6.948],[107.889,-6.982],[107.938,-7.044],[107.849,-7.059],[107.807,-7.143],[107.737,-7.173],[107.706,-7.238],[107.731,-7.295],[107.608,-7.309],[107.557,-7.251],[107.481,-7.252],[107.455,-7.292],[107.474,-7.4],[107.42,-7.463],[107.423,-7.505],[107.601,-7.571],[107.69,-7.668],[107.79,-7.681],[107.875,-7.74],[107.927,-7.7],[107.917,-7.597],[107.947,-7.54],[107.952,-7.422],[107.905,-7.363],[107.947,-7.331],[107.923,-7.289],[108.063,-7.22],[108.088,-7.163],[108.068,-7.13],[108.123,-7.115],[108.136,-7.06],[108.082,-6.987],[107.918,-6.948]]],[[[107.852,-7.736],[107.85,-7.736],[107.853,-7.737],[107.852,-7.736]]]]}},{"type":"Feature","properties":{"nama":"Gianyar","prov":"51"},"geometry":{"type":"MultiPolygon","coordinates":[[[[115.358,-8.521],[115.324,-8.491],[115.328,-8.33],[115.251,-8.314],[115.225,-8.391],[115.243,-8.609],[115.274,-8.65],[115.371,-8.575],[115.358,-8.521]]]]}},{"type":"Feature","properties":{"nama":"Gresik","prov":"35"},"geometry":{"type":"MultiPolygon","coordinates":[[[[112.556,-6.847],[112.52,-6.906],[112.44,-6.874],[112.425,-6.951],[112.367,-6.978],[112.512,-7.013],[112.499,-7.031],[112.553,-7.05],[112.536,-7.096],[112.476,-7.126],[112.502,-7.192],[112.419,-7.232],[112.411,-7.304],[112.37,-7.322],[112.478,-7.305],[112.495,-7.408],[112.665,-7.351],[112.59,-7.215],[112.676,-7.182],[112.625,-7.129],[112.65,-7.019],[112.594,-6.938],[112.617,-6.891],[112.556,-6.847]]],[[[112.688,-5.723],[112.613,-5.75],[112.576,-5.845],[112.621,-5.871],[112.633,-5.844],[112.733,-5.832],[112.726,-5.737],[112.688,-5.723]]]]}},{"type":"Feature","properties":{"nama":"Grobogan","prov":"33"},"geometry":{"type":"MultiPolygon","coordinates":[[[[111.098,-6.93],[111.061,-6.97],[110.915,-6.961],[110.828,-7.002],[110.779,-6.949],[110.763,-7.022],[110.694,-7.018],[110.669,-7.054],[110.679,-6.987],[110.624,-6.976],[110.606,-7.051],[110.561,-7.084],[110.571,-7.162],[110.538,-7.18],[110.693,-7.241],[110.69,-7.189],[110.742,-7.139],[110.786,-7.194],[110.767,-7.244],[110.849,-7.201],[110.828,-7.249],[110.877,-7.277],[111.223,-7.255],[111.249,-7.177],[111.218,-7.03],[111.169,-6.984],[111.112,-6.979],[111.098,-6.93]]]]}},{"type":"Feature","properties":{"nama":"Gunungkidul","prov":"34"},"geometry":{"type":"MultiPolygon","coordinates":[[[[110.565,-7.783],[110.468,-7.867],[110.498,-7.9],[110.478,-7.971],[110.449,-7.947],[110.348,-7.974],[110.339,-8.028],[110.437,-8.1],[110.708,-8.2],[110.835,-8.203],[110.831,-8.136],[110.786,-8.151],[110.756,-8.025],[110.786,-7.817],[110.671,-7.786],[110.586,-7.809],[110.565,-7.783]]]]}},{"type":"Feature","properties":{"nama":"Indramayu","prov":"32"},"geometry":{"type":"MultiPolygon","coordinates":[[[[108.199,-6.221],[108.168,-6.229],[108.212,-6.275],[108.13,-6.335],[107.92,-6.25],[107.924,-6.36],[107.886,-6.456],[107.921,-6.514],[107.855,-6.579],[108.028,-6.664],[108.12,-6.541],[108.162,-6.614],[108.224,-6.573],[108.308,-6.624],[108.394,-6.534],[108.438,-6.522],[108.455,-6.573],[108.539,-6.516],[108.543,-6.485],[108.385,-6.358],[108.358,-6.25],[108.335,-6.273],[108.199,-6.221]]],[[[108.377,-5.925],[108.375,-5.933],[108.385,-5.935],[108.377,-5.925]]]]}},{"type":"Feature","properties":{"nama":"Jember","prov":"35"},"geometry":{"type":"MultiPolygon","coordinates":[[[[113.665,-7.968],[113.533,-8.009],[113.482,-7.994],[113.465,-8.027],[113.391,-7.997],[113.349,-8.055],[113.38,-8.158],[113.313,-8.229],[113.304,-8.307],[113.389,-8.4],[113.472,-8.383],[113.486,-8.416],[113.639,-8.455],[113.647,-8.494],[113.718,-8.485],[113.713,-8.528],[113.792,-8.488],[113.806,-8.554],[113.83,-8.527],[113.838,-8.554],[113.855,-8.43],[113.89,-8.41],[113.91,-8.442],[113.947,-8.402],[113.909,-8.347],[113.958,-8.206],[114.047,-8.124],[113.893,-8.015],[113.748,-8.065],[113.665,-7.968]]],[[[113.296,-8.444],[113.263,-8.487],[113.294,-8.508],[113.42,-8.47],[113.296,-8.444]]]]}},{"type":"Feature","properties":{"nama":"Jembrana","prov":"51"},"geometry":{"type":"MultiPolygon","coordinates":[[[[114.439,-8.161],[114.454,-8.23],[114.584,-8.399],[114.749,-8.399],[114.916,-8.467],[114.933,-8.381],[114.824,-8.333],[114.812,-8.251],[114.772,-8.258],[114.702,-8.201],[114.655,-8.227],[114.597,-8.177],[114.504,-8.21],[114.439,-8.161]]]]}},{"type":"Feature","properties":{"nama":"Jepara","prov":"33"},"geometry":{"type":"MultiPolygon","coordinates":[[[[110.919,-6.404],[110.728,-6.446],[110.664,-6.503],[110.683,-6.522],[110.644,-6.557],[110.647,-6.653],[110.594,-6.724],[110.666,-6.717],[110.667,-6.764],[110.705,-6.795],[110.829,-6.756],[110.859,-6.628],[110.908,-6.614],[110.913,-6.5],[110.974,-6.456],[110.972,-6.413],[110.919,-6.404]]],[[[110.484,-5.77],[110.45,-5.814],[110.473,-5.798],[110.485,-5.837],[110.484,-5.77]]],[[[110.464,-5.825],[110.411,-5.84],[110.449,-5.89],[110.478,-5.854],[110.464,-5.825]]],[[[110.25,-5.726],[110.232,-5.738],[110.246,-5.763],[110.25,-5.726]]]]}},{"type":"Feature","properties":{"nama":"Jombang","prov":"35"},"geometry":{"type":"MultiPolygon","coordinates":[[[[112.346,-7.345],[112.187,-7.352],[112.076,-7.384],[112.063,-7.421],[112.08,-7.474],[112.125,-7.452],[112.169,-7.49],[112.112,-7.566],[112.117,-7.604],[112.165,-7.613],[112.252,-7.726],[112.456,-7.779],[112.364,-7.553],[112.405,-7.461],[112.333,-7.454],[112.346,-7.345]],[[112.329,-7.346],[112.332,-7.35],[112.331,-7.351],[112.329,-7.346]]]]}},{"type":"Feature","properties":{"nama":"Karanganyar","prov":"33"},"geometry":{"type":"MultiPolygon","coordinates":[[[[110.825,-7.457],[110.805,-7.459],[110.817,-7.529],[110.947,-7.618],[110.941,-7.74],[110.969,-7.741],[110.968,-7.771],[111.046,-7.783],[111.142,-7.709],[111.182,-7.712],[111.197,-7.61],[111.136,-7.514],[111.092,-7.531],[111.064,-7.497],[111.05,-7.537],[111.022,-7.534],[110.825,-7.457]]],[[[110.753,-7.525],[110.708,-7.54],[110.796,-7.549],[110.753,-7.525]]]]}},{"type":"Feature","properties":{"nama":"Karangasem","prov":"51"},"geometry":{"type":"MultiPolygon","coordinates":[[[[115.458,-8.168],[115.434,-8.181],[115.458,-8.248],[115.396,-8.357],[115.416,-8.409],[115.39,-8.482],[115.414,-8.474],[115.41,-8.53],[115.465,-8.505],[115.479,-8.551],[115.521,-8.504],[115.612,-8.506],[115.712,-8.39],[115.458,-8.168]]],[[[115.615,-8.508],[115.614,-8.51],[115.616,-8.509],[115.615,-8.508]]]]}},{"type":"Feature","properties":{"nama":"Karawang","prov":"32"},"geometry":{"type":"MultiPolygon","coordinates":[[[[107.643,-6.215],[107.473,-6.149],[107.343,-5.97],[107.168,-5.989],[107.098,-5.94],[107.094,-6.027],[107.293,-6.141],[107.276,-6.267],[107.217,-6.315],[107.221,-6.408],[107.196,-6.423],[107.217,-6.461],[107.164,-6.502],[107.205,-6.587],[107.25,-6.573],[107.306,-6.491],[107.349,-6.48],[107.391,-6.511],[107.373,-6.468],[107.535,-6.415],[107.581,-6.256],[107.643,-6.215]]]]}},{"type":"Feature","properties":{"nama":"Kebumen","prov":"33"},"geometry":{"type":"MultiPolygon","coordinates":[[[[109.758,-7.474],[109.752,-7.446],[109.684,-7.503],[109.638,-7.479],[109.587,-7.516],[109.437,-7.528],[109.415,-7.57],[109.446,-7.621],[109.384,-7.653],[109.388,-7.756],[109.824,-7.831],[109.832,-7.723],[109.798,-7.695],[109.815,-7.601],[109.765,-7.604],[109.731,-7.56],[109.773,-7.519],[109.758,-7.474]]],[[[109.412,-7.778],[109.411,-7.777],[109.411,-7.778],[109.412,-7.778]]]]}},{"type":"Feature","properties":{"nama":"Kediri","prov":"35"},"geometry":{"type":"MultiPolygon","coordinates":[[[[112.417,-7.764],[112.252,-7.726],[112.165,-7.613],[112.111,-7.593],[112.022,-7.762],[111.954,-7.68],[111.797,-7.848],[111.884,-7.948],[111.945,-7.953],[111.976,-8.013],[112.306,-7.936],[112.326,-7.873],[112.288,-7.771],[112.417,-7.764]],[[112.01,-7.772],[112.077,-7.832],[112.074,-7.876],[111.958,-7.823],[112.01,-7.772]]]]}},{"type":"Feature","properties":{"nama":"Kendal","prov":"33"},"geometry":{"type":"MultiPolygon","coordinates":[[[[110.295,-6.947],[110.307,-6.928],[110.173,-6.833],[110.14,-6.876],[110.039,-6.903],[110.051,-6.98],[109.974,-7.034],[109.923,-7.187],[109.961,-7.193],[110.056,-7.121],[110.183,-7.077],[110.193,-7.106],[110.139,-7.134],[110.214,-7.186],[110.366,-7.176],[110.347,-7.085],[110.315,-7.108],[110.272,-7.041],[110.295,-6.947]]]]}},{"type":"Feature","properties":{"nama":"Klaten","prov":"33"},"geometry":{"type":"MultiPolygon","coordinates":[[[[110.455,-7.539],[110.492,-7.767],[110.586,-7.809],[110.71,-7.804],[110.799,-7.642],[110.744,-7.599],[110.6,-7.569],[110.531,-7.626],[110.455,-7.539]]]]}},{"type":"Feature","properties":{"nama":"Klungkung","prov":"51"},"geometry":{"type":"MultiPolygon","coordinates":[[[[115.563,-8.672],[115.49,-8.674],[115.447,-8.733],[115.588,-8.819],[115.629,-8.77],[115.563,-8.672]]],[[[115.397,-8.461],[115.353,-8.51],[115.371,-8.575],[115.479,-8.551],[115.463,-8.504],[115.41,-8.53],[115.397,-8.461]]]]}},{"type":"Feature","properties":{"nama":"Kota Adm. Jakarta Barat","prov":"31"},"geometry":{"type":"MultiPolygon","coordinates":[[[[106.694,-6.096],[106.687,-6.172],[106.724,-6.185],[106.718,-6.223],[106.778,-6.225],[106.822,-6.137],[106.775,-6.145],[106.694,-6.096]]]]}},{"type":"Feature","properties":{"nama":"Kota Adm. Jakarta Pusat","prov":"31"},"geometry":{"type":"MultiPolygon","coordinates":[[[[106.879,-6.166],[106.821,-6.137],[106.796,-6.229],[106.879,-6.166]]]]}},{"type":"Feature","properties":{"nama":"Kota Adm. Jakarta Selatan","prov":"31"},"geometry":{"type":"MultiPolygon","coordinates":[[[[106.847,-6.209],[106.737,-6.224],[106.777,-6.315],[106.809,-6.315],[106.795,-6.365],[106.858,-6.311],[106.847,-6.209]]]]}},{"type":"Feature","properties":{"nama":"Kota Adm. Jakarta Timur","prov":"31"},"geometry":{"type":"MultiPolygon","coordinates":[[[[106.972,-6.154],[106.923,-6.183],[106.875,-6.167],[106.851,-6.202],[106.84,-6.335],[106.885,-6.372],[106.916,-6.363],[106.904,-6.262],[106.944,-6.252],[106.972,-6.154]]]]}},{"type":"Feature","properties":{"nama":"Kota Adm. Jakarta Utara","prov":"31"},"geometry":{"type":"MultiPolygon","coordinates":[[[[106.968,-6.091],[106.841,-6.124],[106.804,-6.094],[106.712,-6.096],[106.775,-6.145],[106.815,-6.13],[106.923,-6.183],[106.972,-6.154],[106.968,-6.091]]],[[[106.924,-6.089],[106.899,-6.082],[106.9,-6.09],[106.924,-6.089]]]]}},{"type":"Feature","properties":{"nama":"Kota Bandung","prov":"32"},"geometry":{"type":"MultiPolygon","coordinates":[[[[107.624,-6.862],[107.598,-6.837],[107.556,-6.89],[107.561,-6.949],[107.716,-6.961],[107.738,-6.9],[107.643,-6.893],[107.624,-6.862]]]]}},{"type":"Feature","properties":{"nama":"Kota Banjar","prov":"32"},"geometry":{"type":"MultiPolygon","coordinates":[[[[108.662,-7.352],[108.559,-7.332],[108.47,-7.382],[108.567,-7.444],[108.662,-7.352]]]]}},{"type":"Feature","properties":{"nama":"Kota Batu","prov":"35"},"geometry":{"type":"MultiPolygon","coordinates":[[[[112.59,-7.765],[112.575,-7.733],[112.49,-7.764],[112.475,-7.939],[112.595,-7.906],[112.564,-7.879],[112.59,-7.765]]]]}},{"type":"Feature","properties":{"nama":"Kota Bekasi","prov":"32"},"geometry":{"type":"MultiPolygon","coordinates":[[[[106.991,-6.363],[107.041,-6.307],[107.015,-6.291],[107.042,-6.234],[107.01,-6.172],[106.973,-6.175],[106.944,-6.252],[106.904,-6.262],[106.923,-6.314],[106.898,-6.397],[106.937,-6.382],[106.967,-6.303],[106.991,-6.363]]]]}},{"type":"Feature","properties":{"nama":"Kota Bima","prov":"52"},"geometry":{"type":"MultiPolygon","coordinates":[[[[118.733,-8.34],[118.698,-8.41],[118.731,-8.514],[118.801,-8.532],[118.896,-8.49],[118.875,-8.436],[118.741,-8.403],[118.733,-8.34]]]]}},{"type":"Feature","properties":{"nama":"Kota Blitar","prov":"35"},"geometry":{"type":"MultiPolygon","coordinates":[[[[112.186,-8.056],[112.134,-8.084],[112.156,-8.135],[112.201,-8.093],[112.186,-8.056]]]]}},{"type":"Feature","properties":{"nama":"Kota Bogor","prov":"32"},"geometry":{"type":"MultiPolygon","coordinates":[[[[106.783,-6.515],[106.736,-6.565],[106.791,-6.628],[106.772,-6.654],[106.844,-6.679],[106.829,-6.55],[106.796,-6.551],[106.783,-6.515]]]]}},{"type":"Feature","properties":{"nama":"Kota Cilegon","prov":"36"},"geometry":{"type":"MultiPolygon","coordinates":[[[[106.041,-5.877],[105.925,-6.048],[106.03,-6.04],[106.033,-6.08],[106.085,-6.036],[106.031,-5.934],[106.041,-5.877]]],[[[105.989,-5.931],[105.988,-5.937],[105.994,-5.933],[105.989,-5.931]]]]}},{"type":"Feature","properties":{"nama":"Kota Cimahi","prov":"32"},"geometry":{"type":"MultiPolygon","coordinates":[[[[107.572,-6.882],[107.547,-6.827],[107.518,-6.917],[107.564,-6.933],[107.572,-6.882]]]]}},{"type":"Feature","properties":{"nama":"Kota Cirebon","prov":"32"},"geometry":{"type":"MultiPolygon","coordinates":[[[[108.562,-6.691],[108.518,-6.737],[108.545,-6.796],[108.591,-6.743],[108.562,-6.691]]]]}},{"type":"Feature","properties":{"nama":"Kota Denpasar","prov":"51"},"geometry":{"type":"MultiPolygon","coordinates":[[[[115.235,-8.591],[115.18,-8.616],[115.189,-8.739],[115.265,-8.704],[115.275,-8.65],[115.235,-8.591]]],[[[115.214,-8.736],[115.201,-8.741],[115.212,-8.747],[115.214,-8.736]]]]}},{"type":"Feature","properties":{"nama":"Kota Depok","prov":"32"},"geometry":{"type":"MultiPolygon","coordinates":[[[[106.84,-6.336],[106.795,-6.365],[106.809,-6.315],[106.782,-6.316],[106.77,-6.361],[106.718,-6.364],[106.738,-6.438],[106.882,-6.457],[106.914,-6.365],[106.84,-6.336]]]]}},{"type":"Feature","properties":{"nama":"Kota Kediri","prov":"35"},"geometry":{"type":"MultiPolygon","coordinates":[[[[112.01,-7.772],[111.958,-7.823],[112.074,-7.876],[112.077,-7.832],[112.01,-7.772]]]]}},{"type":"Feature","properties":{"nama":"Kota Kupang","prov":"53"},"geometry":{"type":"MultiPolygon","coordinates":[[[[123.64,-10.222],[123.674,-10.233],[123.636,-10.193],[123.692,-10.171],[123.662,-10.158],[123.673,-10.124],[123.527,-10.188],[123.539,-10.247],[123.574,-10.217],[123.585,-10.288],[123.635,-10.284],[123.618,-10.234],[123.64,-10.222]]]]}},{"type":"Feature","properties":{"nama":"Kota Madiun","prov":"35"},"geometry":{"type":"MultiPolygon","coordinates":[[[[111.551,-7.595],[111.5,-7.608],[111.513,-7.661],[111.544,-7.659],[111.551,-7.595]]],[[[111.507,-7.678],[111.515,-7.671],[111.512,-7.662],[111.507,-7.678]]]]}},{"type":"Feature","properties":{"nama":"Kota Magelang","prov":"33"},"geometry":{"type":"MultiPolygon","coordinates":[[[[110.225,-7.434],[110.213,-7.506],[110.237,-7.504],[110.225,-7.434]]]]}},{"type":"Feature","properties":{"nama":"Kota Malang","prov":"35"},"geometry":{"type":"MultiPolygon","coordinates":[[[[112.634,-7.915],[112.569,-7.939],[112.646,-8.052],[112.694,-7.982],[112.634,-7.915]]]]}},{"type":"Feature","properties":{"nama":"Kota Mataram","prov":"52"},"geometry":{"type":"MultiPolygon","coordinates":[[[[116.073,-8.553],[116.074,-8.624],[116.17,-8.594],[116.073,-8.553]]]]}},{"type":"Feature","properties":{"nama":"Sarolangun","prov":"15"},"geometry":{"type":"MultiPolygon","coordinates":[[[[102.519,-1.908],[102.458,-1.9],[102.458,-1.945],[102.516,-1.982],[102.495,-2.009],[102.547,-2.018],[102.547,-2.078],[102.626,-2.112],[102.629,-2.185],[102.546,-2.214],[102.463,-2.182],[102.338,-2.39],[102.276,-2.357],[102.24,-2.403],[102.134,-2.411],[102.156,-2.523],[102.064,-2.622],[102.073,-2.765],[102.236,-2.691],[102.271,-2.624],[102.469,-2.704],[102.581,-2.678],[102.625,-2.615],[102.787,-2.547],[102.879,-2.424],[102.845,-2.388],[102.868,-2.314],[103.029,-2.342],[103.055,-2.317],[103.119,-2.354],[103.211,-2.32],[103.167,-2.229],[103.231,-2.131],[103.181,-1.976],[103.199,-1.91],[103.169,-1.958],[103.087,-1.98],[103.08,-1.954],[102.979,-1.943],[102.801,-1.991],[102.802,-1.932],[102.713,-1.953],[102.616,-1.905],[102.519,-1.908]]]]}},{"type":"Feature","properties":{"nama":"Seluma","prov":"17"},"geometry":{"type":"MultiPolygon","coordinates":[[[[102.63,-3.809],[102.574,-3.804],[102.489,-3.86],[102.369,-3.857],[102.301,-3.982],[102.743,-4.322],[102.797,-4.354],[102.827,-4.32],[102.843,-4.345],[102.862,-4.282],[102.918,-4.256],[102.881,-4.241],[102.9,-4.178],[103.003,-4.16],[102.914,-4.062],[102.998,-4.019],[102.912,-3.97],[102.817,-3.979],[102.63,-3.809]]]]}},{"type":"Feature","properties":{"nama":"Serdang Bedagai","prov":"12"},"geometry":{"type":"MultiPolygon","coordinates":[[[[98.956,3.679],[98.919,3.601],[98.918,3.37],[98.8,3.304],[98.736,3.22],[98.987,3.274],[98.937,3.208],[99.008,3.209],[98.965,3.145],[98.981,3.079],[98.927,3.016],[98.999,3.025],[99.033,3.111],[99.197,3.179],[99.32,3.433],[99.292,3.479],[98.956,3.679]],[[99.167,3.373],[99.194,3.31],[99.139,3.309],[99.138,3.274],[99.117,3.339],[99.167,3.373]]],[[[99.5,3.777],[99.496,3.771],[99.502,3.771],[99.5,3.777]]]]}},{"type":"Feature","properties":{"nama":"Siak","prov":"14"},"geometry":{"type":"MultiPolygon","coordinates":[[[[102.182,1.228],[102.038,1.087],[102.033,1.032],[101.979,0.98],[101.887,1.176],[101.777,1.212],[101.713,1.212],[101.548,0.922],[101.434,1.016],[101.282,1.06],[101.231,1.007],[101.079,1.003],[100.984,1.082],[100.99,0.982],[101.062,0.925],[101.056,0.888],[101.087,0.92],[101.379,0.769],[101.38,0.734],[101.324,0.692],[101.375,0.711],[101.466,0.638],[101.514,0.691],[101.538,0.681],[101.593,0.607],[101.601,0.506],[101.675,0.51],[101.651,0.448],[101.688,0.431],[101.733,0.454],[101.788,0.406],[101.85,0.461],[101.822,0.5],[101.873,0.525],[101.886,0.45],[101.913,0.454],[101.932,0.552],[102.81,0.653],[102.814,0.694],[102.897,0.718],[102.69,0.755],[102.515,0.748],[102.417,0.804],[102.229,0.996],[102.182,1.228]]]]}},{"type":"Feature","properties":{"nama":"Sijunjung","prov":"13"},"geometry":{"type":"MultiPolygon","coordinates":[[[[100.83,-0.358],[100.849,-0.427],[100.789,-0.671],[100.81,-0.794],[100.851,-0.784],[100.888,-0.828],[100.962,-0.804],[101,-0.877],[101.046,-0.886],[101.063,-0.988],[101.203,-0.951],[101.217,-0.921],[101.397,-0.975],[101.454,-0.834],[101.497,-0.851],[101.547,-0.824],[101.395,-0.744],[101.406,-0.717],[101.348,-0.683],[101.357,-0.657],[101.255,-0.625],[101.112,-0.502],[101.065,-0.502],[101.038,-0.352],[100.994,-0.316],[100.83,-0.358]]]]}},{"type":"Feature","properties":{"nama":"Simalungun","prov":"12"},"geometry":{"type":"MultiPolygon","coordinates":[[[[99.325,3.295],[99.236,3.257],[99.227,3.204],[99.207,3.225],[99.16,3.152],[99.133,3.174],[99.033,3.111],[99,3.025],[98.971,3.018],[98.927,3.016],[98.981,3.079],[98.965,3.145],[99.008,3.209],[98.937,3.208],[98.987,3.274],[98.736,3.215],[98.705,3.05],[98.635,3.062],[98.607,3.11],[98.56,3.026],[98.535,2.91],[98.581,2.825],[98.781,2.769],[98.895,2.663],[98.951,2.654],[98.975,2.602],[99.042,2.634],[99.078,2.597],[99.079,2.662],[99.266,2.861],[99.446,2.932],[99.566,3.079],[99.418,3.155],[99.37,3.151],[99.404,3.254],[99.357,3.22],[99.325,3.295]],[[99.1,3.019],[99.08,2.96],[99.102,2.935],[99.012,2.892],[99.042,2.925],[99.03,3.004],[99.1,3.019]]]]}},{"type":"Feature","properties":{"nama":"Simeulue","prov":"11"},"geometry":{"type":"MultiPolygon","coordinates":[[[[95.802,2.93],[95.763,2.88],[95.792,2.831],[95.719,2.825],[95.692,2.774],[95.705,2.747],[95.734,2.757],[95.797,2.63],[95.863,2.638],[95.949,2.57],[96.011,2.591],[96.08,2.567],[96.228,2.442],[96.316,2.418],[96.336,2.388],[96.315,2.36],[96.345,2.341],[96.443,2.328],[96.499,2.364],[96.454,2.476],[96.404,2.513],[96.407,2.457],[96.385,2.456],[96.35,2.547],[96.253,2.585],[96.173,2.674],[96.193,2.617],[96.143,2.655],[96.106,2.637],[96.092,2.675],[96.152,2.689],[96.113,2.714],[96.131,2.731],[96.026,2.757],[95.917,2.845],[95.883,2.825],[95.865,2.858],[95.912,2.847],[95.905,2.895],[95.835,2.913],[95.84,2.883],[95.802,2.93]]],[[[96.65,2.125],[96.611,2.105],[96.646,2.058],[96.689,2.089],[96.65,2.125]]],[[[96.367,2.658],[96.352,2.656],[96.397,2.645],[96.367,2.658]]],[[[95.938,2.547],[95.918,2.531],[95.961,2.523],[95.938,2.547]]],[[[96.257,2.373],[96.219,2.359],[96.248,2.345],[96.257,2.373]]]]}},{"type":"Feature","properties":{"nama":"Solok","prov":"13"},"geometry":{"type":"MultiPolygon","coordinates":[[[[100.678,-0.537],[100.591,-0.552],[100.592,-0.599],[100.524,-0.642],[100.426,-0.659],[100.542,-0.809],[100.684,-0.745],[100.678,-0.807],[100.544,-0.815],[100.566,-0.903],[100.539,-0.961],[100.578,-1.068],[100.62,-1.061],[100.644,-1.121],[100.726,-1.094],[100.793,-1.183],[100.799,-1.278],[100.89,-1.329],[100.934,-1.284],[101,-1.306],[101.005,-1.259],[101.095,-1.302],[101.253,-1.291],[101.245,-1.213],[101.142,-1.037],[101.184,-1.03],[101.201,-0.957],[101.066,-0.989],[101.046,-0.886],[101,-0.877],[100.962,-0.804],[100.888,-0.828],[100.851,-0.784],[100.811,-0.795],[100.738,-0.724],[100.696,-0.724],[100.725,-0.662],[100.691,-0.645],[100.706,-0.573],[100.678,-0.537]]]]}},{"type":"Feature","properties":{"nama":"Solok Selatan","prov":"13"},"geometry":{"type":"MultiPolygon","coordinates":[[[[101.427,-1.677],[101.561,-1.444],[101.672,-1.389],[101.587,-1.325],[101.515,-1.338],[101.526,-1.304],[101.469,-1.281],[101.403,-1.16],[101.46,-1.031],[101.432,-1.005],[101.344,-1.044],[101.351,-1.131],[101.3,-1.144],[101.293,-1.174],[101.167,-1.103],[101.245,-1.213],[101.253,-1.291],[101.095,-1.302],[101.005,-1.259],[101,-1.306],[100.917,-1.288],[100.888,-1.338],[100.894,-1.393],[100.976,-1.483],[101.065,-1.658],[101.169,-1.711],[101.191,-1.676],[101.216,-1.725],[101.427,-1.677]]]]}},{"type":"Feature","properties":{"nama":"Sabu Raijua","prov":"53"},"geometry":{"type":"MultiPolygon","coordinates":[[[[121.953,-10.434],[121.86,-10.436],[121.834,-10.498],[121.684,-10.578],[121.749,-10.615],[121.875,-10.618],[121.994,-10.535],[122.006,-10.453],[121.953,-10.434]]],[[[121.635,-10.602],[121.557,-10.6],[121.519,-10.633],[121.574,-10.642],[121.635,-10.602]]]]}},{"type":"Feature","properties":{"nama":"Sampang","prov":"35"},"geometry":{"type":"MultiPolygon","coordinates":[[[[113.417,-6.887],[113.125,-6.893],[113.096,-6.943],[113.146,-6.998],[113.111,-7.029],[113.098,-7.157],[113.057,-7.164],[113.041,-7.214],[113.393,-7.218],[113.363,-7.102],[113.483,-6.9],[113.417,-6.887]]],[[[113.205,-7.307],[113.214,-7.315],[113.224,-7.311],[113.205,-7.307]]]]}},{"type":"Feature","properties":{"nama":"Semarang","prov":"33"},"geometry":{"type":"MultiPolygon","coordinates":[[[[110.46,-7.079],[110.396,-7.115],[110.349,-7.105],[110.366,-7.176],[110.257,-7.194],[110.27,-7.253],[110.333,-7.296],[110.327,-7.324],[110.379,-7.335],[110.438,-7.453],[110.464,-7.409],[110.507,-7.406],[110.517,-7.44],[110.591,-7.439],[110.566,-7.443],[110.602,-7.49],[110.662,-7.497],[110.628,-7.467],[110.649,-7.448],[110.622,-7.454],[110.643,-7.325],[110.6,-7.315],[110.637,-7.264],[110.614,-7.199],[110.546,-7.195],[110.574,-7.152],[110.46,-7.079]],[[110.478,-7.29],[110.523,-7.292],[110.515,-7.386],[110.476,-7.374],[110.478,-7.29]]]]}},{"type":"Feature","properties":{"nama":"Serang","prov":"36"},"geometry":{"type":"MultiPolygon","coordinates":[[[[106.044,-5.875],[106.031,-5.934],[106.085,-6.036],[106.036,-6.08],[106.03,-6.04],[105.885,-6.07],[105.827,-6.248],[105.885,-6.223],[105.93,-6.281],[105.947,-6.237],[106.027,-6.275],[106.086,-6.228],[106.175,-6.251],[106.172,-6.291],[106.223,-6.312],[106.401,-6.33],[106.366,-6.215],[106.393,-6.152],[106.339,-6.068],[106.41,-6.029],[106.389,-5.978],[106.244,-5.967],[106.216,-6.016],[106.222,-6.126],[106.251,-6.159],[106.192,-6.218],[106.138,-6.209],[106.15,-6.169],[106.066,-6.174],[106.074,-6.122],[106.149,-6.068],[106.148,-6.02],[106.1,-5.988],[106.101,-5.912],[106.044,-5.875]]],[[[105.857,-5.938],[105.83,-5.951],[105.851,-5.98],[105.857,-5.938]]],[[[106.27,-5.808],[106.254,-5.811],[106.295,-5.811],[106.27,-5.808]]]]}},{"type":"Feature","properties":{"nama":"Sidoarjo","prov":"35"},"geometry":{"type":"MultiPolygon","coordinates":[[[[112.87,-7.572],[112.87,-7.533],[112.813,-7.479],[112.841,-7.481],[112.841,-7.33],[112.704,-7.336],[112.459,-7.437],[112.571,-7.48],[112.67,-7.562],[112.87,-7.572]]]]}},{"type":"Feature","properties":{"nama":"Sikka","prov":"53"},"geometry":{"type":"MultiPolygon","coordinates":[[[[122.636,-8.383],[122.479,-8.49],[122.518,-8.546],[122.472,-8.609],[122.29,-8.642],[122.104,-8.529],[122.001,-8.515],[121.974,-8.655],[121.929,-8.717],[121.958,-8.757],[121.993,-8.754],[122,-8.807],[122.116,-8.729],[122.369,-8.753],[122.51,-8.718],[122.557,-8.666],[122.654,-8.637],[122.684,-8.386],[122.636,-8.383]]],[[[122.367,-8.429],[122.335,-8.464],[122.389,-8.498],[122.423,-8.448],[122.367,-8.429]]],[[[121.708,-8.293],[121.676,-8.337],[121.726,-8.355],[121.745,-8.327],[121.708,-8.293]]],[[[122.315,-8.345],[122.276,-8.368],[122.308,-8.368],[122.315,-8.345]]],[[[122.452,-8.461],[122.423,-8.472],[122.455,-8.476],[122.452,-8.461]]]]}},{"type":"Feature","properties":{"nama":"Situbondo","prov":"35"},"geometry":{"type":"MultiPolygon","coordinates":[[[[114.039,-7.605],[113.931,-7.701],[113.868,-7.68],[113.764,-7.738],[113.713,-7.708],[113.667,-7.737],[113.579,-7.726],[113.616,-7.958],[113.723,-7.879],[113.74,-7.789],[113.834,-7.813],[114.008,-7.755],[114.079,-7.771],[114.128,-7.993],[114.175,-7.969],[114.224,-7.987],[114.299,-7.886],[114.413,-7.94],[114.464,-7.89],[114.439,-7.79],[114.293,-7.747],[114.24,-7.698],[114.108,-7.707],[114.039,-7.605]]]]}},{"type":"Feature","properties":{"nama":"Sleman","prov":"34"},"geometry":{"type":"MultiPolygon","coordinates":[[[[110.544,-7.793],[110.492,-7.767],[110.445,-7.541],[110.216,-7.74],[110.233,-7.815],[110.287,-7.785],[110.292,-7.835],[110.352,-7.766],[110.421,-7.786],[110.434,-7.837],[110.542,-7.823],[110.544,-7.793]]]]}},{"type":"Feature","properties":{"nama":"Sragen","prov":"33"},"geometry":{"type":"MultiPolygon","coordinates":[[[[111.149,-7.264],[110.803,-7.263],[110.771,-7.441],[111.022,-7.534],[111.05,-7.537],[111.064,-7.497],[111.081,-7.528],[111.148,-7.525],[111.118,-7.415],[111.149,-7.264]]]]}},{"type":"Feature","properties":{"nama":"Subang","prov":"32"},"geometry":{"type":"MultiPolygon","coordinates":[[[[107.92,-6.25],[107.887,-6.182],[107.859,-6.212],[107.819,-6.187],[107.805,-6.221],[107.783,-6.205],[107.721,-6.237],[107.643,-6.215],[107.581,-6.256],[107.526,-6.433],[107.566,-6.487],[107.553,-6.564],[107.59,-6.6],[107.601,-6.761],[107.734,-6.814],[107.802,-6.811],[107.837,-6.777],[107.851,-6.573],[107.921,-6.514],[107.886,-6.456],[107.924,-6.36],[107.92,-6.25]]]]}},{"type":"Feature","properties":{"nama":"Sukabumi","prov":"32"},"geometry":{"type":"MultiPolygon","coordinates":[[[[106.742,-6.716],[106.632,-6.755],[106.576,-6.717],[106.436,-6.82],[106.393,-6.901],[106.397,-6.979],[106.445,-6.952],[106.51,-6.964],[106.545,-7.027],[106.457,-7.129],[106.463,-7.18],[106.401,-7.186],[106.373,-7.237],[106.405,-7.382],[106.443,-7.361],[106.56,-7.417],[106.793,-7.437],[106.777,-7.402],[106.823,-7.362],[106.967,-7.312],[106.983,-7.222],[106.937,-7.109],[106.975,-7.017],[107.056,-7.031],[107.032,-6.981],[107.064,-6.961],[107.048,-6.911],[106.959,-6.762],[106.9,-6.788],[106.778,-6.755],[106.742,-6.716]],[[106.915,-6.892],[106.954,-6.904],[106.956,-6.958],[106.875,-6.976],[106.912,-6.952],[106.915,-6.892]]]]}},{"type":"Feature","properties":{"nama":"Sukoharjo","prov":"33"},"geometry":{"type":"MultiPolygon","coordinates":[[[[110.771,-7.545],[110.712,-7.546],[110.703,-7.594],[110.8,-7.643],[110.715,-7.791],[110.755,-7.826],[110.807,-7.791],[110.852,-7.818],[110.877,-7.746],[110.936,-7.78],[110.947,-7.618],[110.868,-7.567],[110.819,-7.595],[110.771,-7.545]]]]}},{"type":"Feature","properties":{"nama":"Sumba Barat","prov":"53"},"geometry":{"type":"MultiPolygon","coordinates":[[[[119.402,-9.381],[119.367,-9.379],[119.396,-9.573],[119.278,-9.684],[119.166,-9.658],[119.143,-9.729],[119.185,-9.759],[119.301,-9.744],[119.394,-9.797],[119.458,-9.742],[119.539,-9.763],[119.543,-9.696],[119.489,-9.665],[119.482,-9.607],[119.52,-9.527],[119.466,-9.515],[119.402,-9.381]]],[[[119.586,-9.769],[119.584,-9.77],[119.586,-9.77],[119.586,-9.769]]]]}},{"type":"Feature","properties":{"nama":"Sumba Tengah","prov":"53"},"geometry":{"type":"MultiPolygon","coordinates":[[[[119.878,-9.372],[119.865,-9.343],[119.784,-9.4],[119.623,-9.345],[119.539,-9.378],[119.403,-9.376],[119.466,-9.515],[119.52,-9.527],[119.482,-9.607],[119.489,-9.665],[119.543,-9.696],[119.538,-9.759],[119.622,-9.764],[119.621,-9.801],[119.671,-9.781],[119.681,-9.829],[119.756,-9.705],[119.845,-9.66],[119.841,-9.578],[119.926,-9.483],[119.909,-9.383],[119.878,-9.372]]],[[[119.642,-9.799],[119.642,-9.798],[119.641,-9.797],[119.642,-9.799]]]]}},{"type":"Feature","properties":{"nama":"Sumba Timur","prov":"53"},"geometry":{"type":"MultiPolygon","coordinates":[[[[119.939,-9.279],[119.865,-9.344],[119.909,-9.383],[119.926,-9.485],[119.841,-9.578],[119.846,-9.659],[119.756,-9.705],[119.687,-9.848],[119.784,-9.922],[119.863,-9.922],[119.905,-9.973],[119.95,-9.974],[120.019,-10.08],[120.008,-10.124],[120.046,-10.125],[120.165,-10.24],[120.349,-10.249],[120.454,-10.317],[120.487,-10.262],[120.684,-10.225],[120.816,-10.124],[120.84,-10.017],[120.784,-9.948],[120.677,-9.897],[120.597,-9.731],[120.504,-9.686],[120.465,-9.615],[120.323,-9.67],[120.251,-9.647],[120.211,-9.491],[120.085,-9.47],[119.939,-9.279]]],[[[120.213,-10.304],[120.172,-10.317],[120.201,-10.322],[120.213,-10.304]]]]}},{"type":"Feature","properties":{"nama":"Sumbawa","prov":"52"},"geometry":{"type":"MultiPolygon","coordinates":[[[[117.155,-8.364],[117.008,-8.46],[117.004,-8.506],[116.987,-8.479],[116.873,-8.529],[116.935,-8.606],[116.995,-8.615],[117.09,-8.703],[117.09,-8.761],[117.035,-8.8],[117.097,-8.837],[117.054,-8.89],[117.088,-8.931],[117.04,-9.101],[117.135,-9.084],[117.186,-9.021],[117.41,-9.049],[117.691,-8.919],[117.766,-8.934],[117.817,-8.899],[117.884,-8.944],[118.013,-8.853],[118.08,-8.84],[118.127,-8.878],[118.334,-8.715],[118.312,-8.693],[118.188,-8.706],[118.176,-8.655],[118.141,-8.648],[118.036,-8.671],[117.965,-8.742],[117.922,-8.719],[117.905,-8.741],[117.871,-8.696],[117.805,-8.727],[117.773,-8.712],[117.749,-8.645],[117.781,-8.632],[117.751,-8.631],[117.737,-8.564],[117.632,-8.561],[117.635,-8.465],[117.6,-8.427],[117.574,-8.442],[117.592,-8.504],[117.57,-8.501],[117.564,-8.406],[117.428,-8.396],[117.388,-8.473],[117.155,-8.364]]],[[[117.56,-8.144],[117.48,-8.192],[117.479,-8.257],[117.508,-8.273],[117.47,-8.356],[117.528,-8.39],[117.61,-8.238],[117.69,-8.181],[117.663,-8.15],[117.56,-8.144]]],[[[117.728,-8.478],[117.701,-8.495],[117.733,-8.56],[117.799,-8.554],[117.748,-8.539],[117.728,-8.478]]],[[[117.653,-8.448],[117.651,-8.533],[117.68,-8.522],[117.653,-8.448]]],[[[117.966,-8.612],[117.955,-8.666],[117.99,-8.648],[117.978,-8.691],[118.003,-8.693],[118.003,-8.629],[117.966,-8.612]]]]}},{"type":"Feature","properties":{"nama":"Sumbawa Barat","prov":"52"},"geometry":{"type":"MultiPolygon","coordinates":[[[[116.823,-8.515],[116.833,-8.557],[116.746,-8.663],[116.774,-8.675],[116.763,-8.737],[116.815,-8.813],[116.733,-8.869],[116.755,-8.89],[116.725,-8.911],[116.752,-8.924],[116.715,-8.971],[116.788,-9.036],[116.942,-9.053],[117.039,-9.105],[117.088,-8.931],[117.054,-8.89],[117.097,-8.837],[117.035,-8.8],[117.09,-8.761],[117.09,-8.703],[116.823,-8.515]]],[[[116.788,-8.529],[116.773,-8.538],[116.769,-8.559],[116.788,-8.529]]]]}},{"type":"Feature","properties":{"nama":"Sumedang","prov":"32"},"geometry":{"type":"MultiPolygon","coordinates":[[[[108.043,-6.639],[108.019,-6.663],[107.849,-6.581],[107.837,-6.777],[107.746,-6.824],[107.753,-6.955],[107.829,-6.972],[107.916,-6.946],[108.082,-6.987],[108.138,-7.039],[108.22,-6.928],[108.214,-6.889],[108.16,-6.826],[108.162,-6.724],[108.043,-6.639]]]]}},{"type":"Feature","properties":{"nama":"Sumenep","prov":"35"},"geometry":{"type":"MultiPolygon","coordinates":[[[[113.91,-6.864],[113.643,-6.888],[113.619,-7.009],[113.576,-7.031],[113.621,-7.085],[113.602,-7.128],[113.683,-7.109],[113.892,-7.133],[113.878,-7.077],[113.948,-7.052],[113.924,-7.018],[113.962,-7.041],[113.989,-7.008],[114.125,-6.977],[114.092,-6.929],[113.91,-6.864]]],[[[115.267,-6.827],[115.227,-6.838],[115.253,-6.862],[115.198,-6.922],[115.27,-6.935],[115.264,-6.991],[115.293,-7.013],[115.303,-6.948],[115.333,-6.996],[115.404,-6.989],[115.33,-6.931],[115.369,-6.929],[115.372,-6.899],[115.412,-6.942],[115.449,-6.911],[115.548,-6.966],[115.576,-6.933],[115.436,-6.846],[115.267,-6.827]]],[[[115.906,-7.105],[115.871,-7.132],[115.885,-7.164],[115.809,-7.154],[115.783,-7.109],[115.775,-7.15],[115.763,-7.129],[115.742,-7.155],[115.828,-7.206],[115.88,-7.202],[115.906,-7.105]]],[[[114.576,-7.128],[114.475,-7.148],[114.576,-7.166],[114.616,-7.153],[114.576,-7.128]]],[[[114.331,-7.055],[114.276,-7.083],[114.277,-7.111],[114.313,-7.159],[114.39,-7.18],[114.373,-7.092],[114.331,-7.055]]],[[[113.952,-7.055],[113.942,-7.09],[114.065,-7.11],[114.049,-7.074],[113.952,-7.055]]],[[[115.588,-6.94],[115.565,-6.96],[115.59,-6.993],[115.685,-7.013],[115.588,-6.94]]],[[[113.923,-7.174],[113.882,-7.205],[113.955,-7.232],[113.923,-7.174]]],[[[114.414,-5.533],[114.395,-5.568],[114.435,-5.588],[114.452,-5.547],[114.414,-5.533]]],[[[115.467,-6.978],[115.428,-6.993],[115.476,-7.006],[115.467,-6.978]]],[[[115.545,-6.987],[115.504,-7.014],[115.529,-7.034],[115.545,-6.987]]],[[[115.637,-7.042],[115.596,-7.04],[115.626,-7.065],[115.637,-7.042]]],[[[115.914,-6.95],[115.903,-6.961],[115.935,-6.961],[115.914,-6.95]]],[[[114.417,-5.428],[114.414,-5.45],[114.437,-5.458],[114.417,-5.428]]]]}},{"type":"Feature","properties":{"nama":"Tabanan","prov":"51"},"geometry":{"type":"MultiPolygon","coordinates":[[[[115.189,-8.255],[115.139,-8.271],[115.126,-8.308],[114.981,-8.289],[114.932,-8.364],[114.916,-8.467],[115.099,-8.637],[115.156,-8.6],[115.176,-8.459],[115.198,-8.446],[115.203,-8.489],[115.217,-8.438],[115.189,-8.255]]]]}},{"type":"Feature","properties":{"nama":"Tangerang","prov":"36"},"geometry":{"type":"MultiPolygon","coordinates":[[[[106.648,-6.006],[106.587,-6.032],[106.535,-6.01],[106.485,-6.049],[106.393,-6.028],[106.339,-6.063],[106.393,-6.152],[106.366,-6.215],[106.41,-6.345],[106.469,-6.303],[106.476,-6.351],[106.519,-6.355],[106.527,-6.325],[106.657,-6.36],[106.639,-6.23],[106.552,-6.19],[106.636,-6.106],[106.725,-6.09],[106.71,-6.037],[106.648,-6.006]]],[[[106.644,-6.003],[106.633,-6.006],[106.633,-6.014],[106.644,-6.003]]]]}},{"type":"Feature","properties":{"nama":"Tasikmalaya","prov":"32"},"geometry":{"type":"MultiPolygon","coordinates":[[[[108.129,-7.041],[108.123,-7.115],[108.068,-7.13],[108.088,-7.163],[108.065,-7.219],[107.923,-7.289],[107.947,-7.331],[107.905,-7.363],[107.953,-7.46],[107.91,-7.731],[108.341,-7.817],[108.315,-7.69],[108.356,-7.683],[108.367,-7.609],[108.334,-7.507],[108.374,-7.479],[108.442,-7.489],[108.396,-7.408],[108.415,-7.377],[108.297,-7.34],[108.269,-7.425],[108.188,-7.446],[108.154,-7.295],[108.193,-7.269],[108.22,-7.088],[108.129,-7.041]]],[[[108.298,-7.816],[108.298,-7.817],[108.299,-7.817],[108.298,-7.816]]]]}},{"type":"Feature","properties":{"nama":"Tegal","prov":"33"},"geometry":{"type":"MultiPolygon","coordinates":[[[[109.351,-6.862],[109.162,-6.844],[109.147,-6.888],[109.076,-6.889],[109.075,-6.994],[109.033,-6.984],[109.025,-7.045],[108.969,-7.061],[108.963,-7.148],[109.073,-7.128],[109.058,-7.192],[109.204,-7.246],[109.187,-7.137],[109.336,-6.957],[109.351,-6.862]]]]}},{"type":"Feature","properties":{"nama":"Temanggung","prov":"33"},"geometry":{"type":"MultiPolygon","coordinates":[[[[110.257,-7.194],[110.14,-7.138],[110.193,-7.106],[110.183,-7.077],[109.936,-7.202],[110.071,-7.385],[110.195,-7.381],[110.215,-7.404],[110.317,-7.352],[110.333,-7.296],[110.27,-7.253],[110.257,-7.194]]]]}},{"type":"Feature","properties":{"nama":"Timor Tengah Selatan","prov":"53"},"geometry":{"type":"MultiPolygon","coordinates":[[[[124.19,-9.483],[124.185,-9.511],[124.122,-9.473],[124.158,-9.557],[124.078,-9.587],[124.089,-9.621],[124.055,-9.653],[124.111,-9.684],[124.067,-9.759],[124.094,-9.809],[124.086,-9.964],[124.165,-10.018],[124.143,-10.023],[124.207,-10.087],[124.224,-10.163],[124.4,-10.168],[124.507,-10.093],[124.548,-10.011],[124.751,-9.882],[124.81,-9.791],[124.821,-9.659],[124.786,-9.598],[124.714,-9.639],[124.663,-9.627],[124.645,-9.585],[124.517,-9.663],[124.43,-9.594],[124.321,-9.597],[124.267,-9.553],[124.227,-9.56],[124.239,-9.526],[124.19,-9.483]]]]}},{"type":"Feature","properties":{"nama":"Timor Tengah Utara","prov":"53"},"geometry":{"type":"MultiPolygon","coordinates":[[[[124.82,-9.345],[124.858,-9.261],[124.826,-9.242],[124.792,-9.018],[124.697,-9.054],[124.616,-9.153],[124.476,-9.174],[124.463,-9.299],[124.38,-9.357],[124.355,-9.485],[124.278,-9.503],[124.272,-9.412],[124.217,-9.366],[124.15,-9.427],[124.093,-9.413],[124.224,-9.506],[124.227,-9.56],[124.267,-9.553],[124.321,-9.597],[124.43,-9.594],[124.517,-9.663],[124.633,-9.586],[124.754,-9.564],[124.721,-9.503],[124.782,-9.47],[124.779,-9.4],[124.82,-9.345]]]]}},{"type":"Feature","properties":{"nama":"Trenggalek","prov":"35"},"geometry":{"type":"MultiPolygon","coordinates":[[[[111.753,-7.887],[111.655,-7.941],[111.653,-8.02],[111.591,-8.019],[111.535,-8.06],[111.528,-8.107],[111.483,-8.108],[111.477,-8.173],[111.438,-8.163],[111.404,-8.197],[111.404,-8.272],[111.455,-8.274],[111.455,-8.32],[111.617,-8.32],[111.626,-8.354],[111.702,-8.383],[111.724,-8.369],[111.688,-8.335],[111.713,-8.291],[111.749,-8.341],[111.782,-8.326],[111.719,-8.169],[111.847,-8.106],[111.755,-8.031],[111.753,-7.887]]],[[[111.651,-8.378],[111.65,-8.376],[111.651,-8.384],[111.651,-8.378]]]]}},{"type":"Feature","properties":{"nama":"Tuban","prov":"35"},"geometry":{"type":"MultiPolygon","coordinates":[[[[112.171,-6.897],[112.053,-6.887],[111.961,-6.76],[111.838,-6.801],[111.691,-6.754],[111.656,-6.826],[111.619,-6.822],[111.567,-6.952],[111.651,-7],[111.712,-7.081],[111.814,-7.086],[111.862,-7.13],[111.93,-7.133],[111.933,-7.16],[111.97,-7.138],[111.981,-7.165],[112.018,-7.068],[112.083,-7.066],[112.158,-7.11],[112.217,-7.074],[112.203,-6.918],[112.171,-6.897]]]]}},{"type":"Feature","properties":{"nama":"Tulungagung","prov":"35"},"geometry":{"type":"MultiPolygon","coordinates":[[[[111.789,-7.834],[111.738,-7.959],[111.755,-8.031],[111.847,-8.106],[111.722,-8.162],[111.75,-8.29],[111.791,-8.255],[111.843,-8.282],[111.84,-8.258],[111.899,-8.304],[111.95,-8.277],[112.032,-8.311],[112.029,-8.168],[112.079,-8.187],[112.122,-8.125],[111.997,-8.092],[111.945,-7.954],[111.884,-7.948],[111.789,-7.834]]],[[[111.781,-8.367],[111.779,-8.367],[111.784,-8.37],[111.781,-8.367]]]]}},{"type":"Feature","properties":{"nama":"Wonogiri","prov":"33"},"geometry":{"type":"MultiPolygon","coordinates":[[[[111.155,-7.714],[111.046,-7.783],[110.969,-7.771],[110.959,-7.734],[110.936,-7.78],[110.864,-7.753],[110.852,-7.818],[110.783,-7.804],[110.756,-8.025],[110.786,-8.151],[110.831,-8.136],[110.814,-8.18],[110.833,-8.169],[110.837,-8.206],[110.9,-8.211],[110.908,-8.116],[110.953,-8.062],[111.118,-8.059],[111.154,-7.922],[111.233,-7.949],[111.28,-7.918],[111.315,-7.852],[111.289,-7.741],[111.155,-7.714]]]]}},{"type":"Feature","properties":{"nama":"Wonosobo","prov":"33"},"geometry":{"type":"MultiPolygon","coordinates":[[[[109.923,-7.187],[109.751,-7.389],[109.833,-7.423],[109.833,-7.446],[109.752,-7.446],[109.774,-7.519],[109.731,-7.56],[109.765,-7.604],[109.803,-7.611],[109.901,-7.518],[109.974,-7.535],[109.997,-7.59],[110.046,-7.534],[110.074,-7.385],[109.923,-7.187]]]]}},{"type":"Feature","properties":{"nama":"Balangan","prov":"63"},"geometry":{"type":"MultiPolygon","coordinates":[[[[115.695,-2.041],[115.644,-2.127],[115.618,-2.113],[115.458,-2.272],[115.36,-2.296],[115.315,-2.403],[115.531,-2.499],[115.59,-2.479],[115.68,-2.524],[115.782,-2.514],[115.791,-2.435],[115.836,-2.385],[115.833,-2.296],[115.785,-2.215],[115.814,-2.072],[115.695,-2.041]]]]}},{"type":"Feature","properties":{"nama":"Barito Kuala","prov":"63"},"geometry":{"type":"MultiPolygon","coordinates":[[[[114.86,-2.526],[114.797,-2.593],[114.762,-2.72],[114.679,-2.739],[114.667,-2.799],[114.598,-2.816],[114.615,-2.884],[114.567,-2.864],[114.538,-2.927],[114.517,-2.92],[114.544,-2.949],[114.505,-3],[114.546,-3.068],[114.424,-3.18],[114.45,-3.21],[114.36,-3.316],[114.353,-3.464],[114.513,-3.513],[114.507,-3.388],[114.569,-3.267],[114.625,-3.285],[114.78,-3.23],[114.869,-3.137],[114.869,-3.064],[114.831,-3.094],[114.799,-2.957],[114.839,-2.87],[114.804,-2.742],[114.86,-2.526]]]]}},{"type":"Feature","properties":{"nama":"Barito Selatan","prov":"62"},"geometry":{"type":"MultiPolygon","coordinates":[[[[115.455,-1.462],[115.401,-1.355],[115.398,-1.251],[115.242,-1.367],[115.244,-1.32],[115.177,-1.291],[114.895,-1.354],[114.668,-1.319],[114.597,-1.67],[114.617,-2.017],[114.694,-2.155],[114.644,-2.405],[114.737,-2.439],[114.727,-2.463],[114.759,-2.458],[114.77,-2.493],[114.717,-2.567],[114.78,-2.606],[115.001,-2.396],[114.914,-2.241],[114.945,-2.22],[114.917,-2.227],[114.913,-2.168],[114.944,-1.789],[115.103,-1.631],[115.315,-1.645],[115.332,-1.609],[115.362,-1.62],[115.391,-1.52],[115.435,-1.496],[115.434,-1.452],[115.455,-1.462]]]]}},{"type":"Feature","properties":{"nama":"Barito Timur","prov":"62"},"geometry":{"type":"MultiPolygon","coordinates":[[[[115.362,-1.62],[115.332,-1.609],[115.315,-1.645],[115.103,-1.631],[114.944,-1.789],[114.913,-2.168],[114.917,-2.227],[114.945,-2.22],[114.914,-2.241],[115.001,-2.396],[115.089,-2.349],[115.244,-2.192],[115.29,-2.224],[115.297,-2.144],[115.355,-2.094],[115.364,-2.044],[115.409,-2.058],[115.397,-2.013],[115.443,-1.947],[115.42,-1.892],[115.32,-1.892],[115.3,-1.824],[115.374,-1.653],[115.362,-1.62]]]]}},{"type":"Feature","properties":{"nama":"Barito Utara","prov":"62"},"geometry":{"type":"MultiPolygon","coordinates":[[[[115.292,-0.05],[115.165,-0.087],[115.15,-0.139],[115.051,-0.161],[115.013,-0.266],[115.039,-0.338],[115.008,-0.364],[115.019,-0.501],[114.873,-0.713],[114.737,-0.768],[114.653,-0.86],[114.57,-0.875],[114.555,-0.916],[114.522,-0.903],[114.454,-1.019],[114.524,-1.094],[114.51,-1.126],[114.627,-1.171],[114.697,-1.164],[114.668,-1.319],[114.895,-1.354],[115.177,-1.291],[115.244,-1.32],[115.242,-1.367],[115.398,-1.251],[115.401,-1.355],[115.455,-1.462],[115.471,-1.43],[115.513,-1.452],[115.626,-1.351],[115.759,-1.313],[115.777,-1.231],[115.849,-1.172],[115.842,-1.096],[115.757,-1.133],[115.679,-1.009],[115.625,-1.017],[115.631,-0.976],[115.547,-0.854],[115.478,-0.882],[115.399,-0.845],[115.35,-0.891],[115.342,-0.839],[115.29,-0.799],[115.301,-0.745],[115.347,-0.72],[115.326,-0.671],[115.373,-0.654],[115.357,-0.613],[115.381,-0.572],[115.283,-0.549],[115.307,-0.486],[115.233,-0.36],[115.247,-0.252],[115.299,-0.21],[115.24,-0.167],[115.31,-0.118],[115.292,-0.05]]]]}},{"type":"Feature","properties":{"nama":"Bengkayang","prov":"61"},"geometry":{"type":"MultiPolygon","coordinates":[[[[109.757,1.537],[109.719,1.476],[109.611,1.432],[109.608,1.389],[109.577,1.381],[109.616,1.363],[109.621,1.241],[109.562,1.189],[109.502,1.022],[109.425,1.045],[109.378,0.998],[109.242,1.019],[109.162,0.95],[109.162,0.894],[109.051,0.837],[109.052,0.788],[109.077,0.783],[109.051,0.745],[108.955,0.758],[108.878,0.84],[108.842,0.817],[108.952,0.531],[109.083,0.591],[109.173,0.701],[109.22,0.702],[109.262,0.753],[109.274,0.72],[109.349,0.776],[109.412,0.736],[109.477,0.771],[109.521,0.705],[109.565,0.712],[109.661,0.753],[109.693,0.848],[109.769,0.832],[109.867,0.867],[109.932,0.949],[109.942,1.031],[110.144,1.025],[110.102,1.157],[110.128,1.195],[110.065,1.209],[110.066,1.264],[109.979,1.299],[109.963,1.404],[109.837,1.422],[109.839,1.483],[109.803,1.465],[109.757,1.537]]],[[[108.704,0.803],[108.695,0.774],[108.726,0.732],[108.704,0.803]]],[[[108.766,0.753],[108.762,0.764],[108.768,0.729],[108.766,0.753]]]]}},{"type":"Feature","properties":{"nama":"Berau","prov":"64"},"geometry":{"type":"MultiPolygon","coordinates":[[[[117.212,2.566],[117.134,2.536],[117.048,2.548],[117.024,2.459],[116.983,2.432],[116.927,2.504],[116.888,2.477],[116.845,2.52],[116.792,2.509],[116.708,2.379],[116.63,2.391],[116.567,2.454],[116.497,2.452],[116.504,2.348],[116.467,2.325],[116.477,2.291],[116.335,2.291],[116.29,2.236],[116.348,2.163],[116.315,2.115],[116.22,2.093],[116.235,2.031],[116.195,1.986],[116.184,1.841],[116.294,1.868],[116.354,1.778],[116.416,1.823],[116.489,1.786],[116.44,1.748],[116.461,1.725],[116.528,1.724],[116.659,1.643],[116.76,1.694],[116.892,1.676],[116.902,1.609],[116.985,1.522],[117.009,1.411],[117.136,1.382],[117.189,1.379],[117.212,1.41],[117.241,1.382],[117.28,1.446],[117.334,1.451],[117.394,1.591],[117.495,1.501],[117.549,1.598],[117.642,1.59],[117.664,1.671],[117.725,1.695],[117.82,1.598],[117.865,1.439],[117.837,1.366],[117.907,1.342],[118.039,1.162],[118.31,1.178],[118.349,1.285],[118.381,1.262],[118.482,1.29],[118.573,1.233],[118.602,1.112],[118.751,1.109],[118.787,0.996],[118.856,0.985],[118.949,1.046],[118.837,1.051],[118.828,1.101],[118.721,1.154],[118.769,1.19],[118.712,1.251],[118.563,1.367],[118.515,1.354],[118.48,1.385],[118.462,1.359],[118.469,1.396],[118.44,1.373],[118.408,1.396],[118.427,1.432],[118.383,1.431],[118.421,1.448],[118.411,1.487],[118.135,1.634],[118.054,1.73],[118.048,1.783],[117.918,1.813],[117.832,1.912],[117.824,2.01],[117.702,2.036],[117.724,2.136],[117.69,2.181],[117.906,2.211],[117.946,2.181],[118.019,2.197],[118.078,2.251],[118.095,2.311],[118.046,2.379],[118.021,2.36],[117.999,2.436],[117.864,2.393],[117.812,2.326],[117.747,2.327],[117.609,2.522],[117.572,2.502],[117.471,2.531],[117.462,2.479],[117.442,2.519],[117.412,2.504],[117.393,2.561],[117.231,2.479],[117.192,2.497],[117.212,2.566]]],[[[117.879,2.154],[117.802,2.184],[117.813,2.122],[117.865,2.149],[117.909,2.1],[117.957,2.122],[117.879,2.154]]],[[[118.57074809160305,2.301045801526666],[118.564,2.242],[118.654,2.163],[118.568,2.247],[118.57074809160305,2.301045801526666]]],[[[118.572,2.312],[118.57128605200946,2.3057529550827387],[118.637,2.249],[118.572,2.312]]],[[[117.849,2.082],[117.811,2.089],[117.802,2.027],[117.911,2.046],[117.849,2.082]]],[[[117.804,2.165],[117.714,2.163],[117.732,2.088],[117.803,2.122],[117.804,2.165]]],[[[117.778,2.084],[117.713,2.079],[117.716,2.033],[117.739,2.053],[117.798,2.028],[117.752,2.058],[117.778,2.084]]],[[[118.468,1.466],[118.475,1.399],[118.53,1.386],[118.468,1.466]]],[[[117.807,2.112],[117.752,2.064],[117.789,2.036],[117.832,2.098],[117.807,2.112]]],[[[117.872,1.95],[117.874,1.972],[117.818,1.956],[117.859,1.894],[117.872,1.95]]],[[[117.9,2.08],[117.879,2.141],[117.83,2.116],[117.9,2.08]]],[[[117.752,2.185],[117.708,2.17],[117.775,2.174],[117.752,2.185]]],[[[117.85,1.987],[117.829,2.01],[117.808,1.986],[117.844,1.951],[117.85,1.987]]],[[[118.533,2.162],[118.505,2.136],[118.563,2.117],[118.533,2.162]]],[[[117.87,2.158],[117.881,2.177],[117.828,2.192],[117.87,2.158]]],[[[117.88,2.056],[117.845,2.027],[117.889,2.037],[117.88,2.056]]],[[[118.204,2.383],[118.194,2.376],[118.217,2.348],[118.204,2.383]]]]}},{"type":"Feature","properties":{"nama":"Bulungan","prov":"65"},"geometry":{"type":"MultiPolygon","coordinates":[[[[117.305,3.409],[117.283,3.425],[117.247,3.314],[117.173,3.358],[117.116,3.348],[117.048,3.407],[116.707,3.371],[116.782,3.292],[116.794,3.236],[116.768,3.164],[116.741,3.171],[116.745,3.042],[116.663,3.007],[116.584,2.89],[116.436,2.812],[116.292,2.632],[116.31,2.574],[116.271,2.485],[116.229,2.483],[116.178,2.405],[116.123,2.394],[116.035,2.256],[115.989,2.262],[116.055,2.146],[116.097,2.17],[116.228,2.096],[116.314,2.115],[116.349,2.178],[116.29,2.236],[116.335,2.291],[116.477,2.291],[116.467,2.325],[116.504,2.348],[116.497,2.452],[116.567,2.454],[116.63,2.391],[116.708,2.379],[116.757,2.484],[116.84,2.52],[116.888,2.477],[116.929,2.503],[116.983,2.432],[117.024,2.459],[117.016,2.498],[117.056,2.551],[117.134,2.536],[117.206,2.569],[117.192,2.497],[117.231,2.479],[117.393,2.561],[117.412,2.504],[117.442,2.519],[117.462,2.479],[117.471,2.531],[117.572,2.502],[117.609,2.522],[117.747,2.327],[117.812,2.326],[117.864,2.393],[117.988,2.435],[117.8,2.626],[117.785,2.748],[117.675,2.787],[117.737,2.815],[117.669,2.856],[117.72,2.891],[117.692,2.897],[117.716,2.912],[117.675,2.932],[117.696,2.952],[117.667,2.988],[117.577,2.981],[117.622,3.06],[117.441,3.049],[117.479,3.098],[117.445,3.161],[117.316,3.165],[117.308,3.207],[117.524,3.296],[117.445,3.341],[117.379,3.308],[117.372,3.371],[117.305,3.409]]],[[[117.445,3.55],[117.412,3.547],[117.442,3.51],[117.547,3.471],[117.613,3.481],[117.445,3.55]]],[[[117.622,3.576],[117.506,3.585],[117.62,3.537],[117.659,3.546],[117.622,3.576]]],[[[117.817,3.577],[117.759,3.567],[117.752,3.533],[117.864,3.448],[117.817,3.577]]],[[[117.529,3.098],[117.499,3.082],[117.568,3.083],[117.529,3.098]]],[[[117.489,3.408],[117.449,3.402],[117.454,3.348],[117.501,3.344],[117.489,3.408]]],[[[117.494,3.083],[117.466,3.081],[117.451,3.058],[117.494,3.083]]],[[[117.589,3.084],[117.606,3.095],[117.572,3.088],[117.589,3.084]]],[[[117.493,3.569],[117.459,3.59],[117.469,3.574],[117.493,3.569]]]]}},{"type":"Feature","properties":{"nama":"Gunung Mas","prov":"62"},"geometry":{"type":"MultiPolygon","coordinates":[[[[113.76,-0.482],[113.722,-0.386],[113.632,-0.345],[113.582,-0.391],[113.468,-0.381],[113.492,-0.313],[113.444,-0.291],[113.374,-0.378],[113.256,-0.384],[113.261,-0.449],[113.158,-0.545],[113.227,-0.681],[113.185,-0.744],[113.19,-0.802],[113.234,-0.863],[113.23,-0.942],[113.286,-1.064],[113.204,-1.168],[113.186,-1.252],[113.361,-1.525],[113.531,-1.655],[113.648,-1.585],[113.798,-1.604],[113.844,-1.583],[113.865,-1.527],[113.983,-1.532],[114.008,-1.473],[113.985,-1.066],[113.928,-1],[113.809,-0.959],[113.748,-0.842],[113.684,-0.796],[113.678,-0.675],[113.736,-0.601],[113.76,-0.482]]]]}},{"type":"Feature","properties":{"nama":"Hulu Sungai Selatan","prov":"63"},"geometry":{"type":"MultiPolygon","coordinates":[[[[115.155,-2.555],[114.999,-2.499],[114.865,-2.528],[114.998,-2.757],[115.074,-2.786],[115.068,-2.845],[115.232,-2.868],[115.266,-2.93],[115.344,-2.937],[115.382,-2.882],[115.512,-2.885],[115.57,-2.815],[115.588,-2.714],[115.485,-2.728],[115.423,-2.776],[115.327,-2.697],[115.231,-2.682],[115.173,-2.637],[115.155,-2.555]]]]}},{"type":"Feature","properties":{"nama":"Hulu Sungai Tengah","prov":"63"},"geometry":{"type":"MultiPolygon","coordinates":[[[[115.751,-2.532],[115.402,-2.452],[115.382,-2.505],[115.341,-2.468],[115.155,-2.555],[115.175,-2.558],[115.158,-2.611],[115.231,-2.682],[115.327,-2.697],[115.441,-2.783],[115.483,-2.729],[115.575,-2.711],[115.59,-2.76],[115.66,-2.768],[115.665,-2.721],[115.747,-2.667],[115.677,-2.613],[115.69,-2.59],[115.745,-2.617],[115.82,-2.601],[115.819,-2.562],[115.751,-2.532]]]]}},{"type":"Feature","properties":{"nama":"Hulu Sungai Utara","prov":"63"},"geometry":{"type":"MultiPolygon","coordinates":[[[[115.349,-2.34],[115.282,-2.36],[115.126,-2.295],[114.859,-2.526],[114.999,-2.499],[115.155,-2.555],[115.341,-2.468],[115.382,-2.505],[115.398,-2.445],[115.313,-2.4],[115.349,-2.34]]]]}},{"type":"Feature","properties":{"nama":"Kota Mojokerto","prov":"35"},"geometry":{"type":"MultiPolygon","coordinates":[[[[112.458,-7.457],[112.416,-7.457],[112.408,-7.492],[112.45,-7.493],[112.458,-7.457]]]]}},{"type":"Feature","properties":{"nama":"Kota Pasuruan","prov":"35"},"geometry":{"type":"MultiPolygon","coordinates":[[[[112.953,-7.622],[112.875,-7.627],[112.872,-7.663],[112.923,-7.676],[112.953,-7.622]]]]}},{"type":"Feature","properties":{"nama":"Kota Pekalongan","prov":"33"},"geometry":{"type":"MultiPolygon","coordinates":[[[[109.711,-6.867],[109.663,-6.851],[109.644,-6.921],[109.694,-6.931],[109.711,-6.867]]]]}},{"type":"Feature","properties":{"nama":"Kota Probolinggo","prov":"35"},"geometry":{"type":"MultiPolygon","coordinates":[[[[113.237,-7.739],[113.215,-7.722],[113.17,-7.754],[113.179,-7.81],[113.237,-7.808],[113.237,-7.739]]]]}},{"type":"Feature","properties":{"nama":"Kota Salatiga","prov":"33"},"geometry":{"type":"MultiPolygon","coordinates":[[[[110.485,-7.286],[110.492,-7.39],[110.535,-7.354],[110.523,-7.292],[110.485,-7.286]]]]}},{"type":"Feature","properties":{"nama":"Kota Semarang","prov":"33"},"geometry":{"type":"MultiPolygon","coordinates":[[[[110.461,-6.934],[110.361,-6.97],[110.294,-6.947],[110.27,-7.021],[110.305,-7.102],[110.347,-7.085],[110.396,-7.115],[110.501,-7.067],[110.502,-6.955],[110.461,-6.934]]],[[[110.445,-6.938],[110.442,-6.939],[110.443,-6.941],[110.445,-6.938]]]]}},{"type":"Feature","properties":{"nama":"Kota Serang","prov":"36"},"geometry":{"type":"MultiPolygon","coordinates":[[[[106.216,-6.016],[106.148,-6.02],[106.149,-6.068],[106.074,-6.122],[106.067,-6.177],[106.15,-6.169],[106.138,-6.209],[106.175,-6.219],[106.23,-6.194],[106.256,-6.146],[106.223,-6.127],[106.216,-6.016]]]]}},{"type":"Feature","properties":{"nama":"Kota Sukabumi","prov":"32"},"geometry":{"type":"MultiPolygon","coordinates":[[[[106.915,-6.893],[106.912,-6.952],[106.875,-6.976],[106.956,-6.958],[106.954,-6.904],[106.915,-6.893]]]]}},{"type":"Feature","properties":{"nama":"Kota Surabaya","prov":"35"},"geometry":{"type":"MultiPolygon","coordinates":[[[[112.833,-7.332],[112.843,-7.277],[112.765,-7.196],[112.708,-7.225],[112.668,-7.22],[112.678,-7.19],[112.59,-7.214],[112.665,-7.351],[112.833,-7.332]]]]}},{"type":"Feature","properties":{"nama":"Kota Surakarta","prov":"33"},"geometry":{"type":"MultiPolygon","coordinates":[[[[110.815,-7.523],[110.769,-7.551],[110.833,-7.595],[110.869,-7.547],[110.815,-7.523]]]]}},{"type":"Feature","properties":{"nama":"Kota Tangerang","prov":"36"},"geometry":{"type":"MultiPolygon","coordinates":[[[[106.689,-6.104],[106.636,-6.106],[106.553,-6.199],[106.747,-6.251],[106.724,-6.185],[106.687,-6.172],[106.689,-6.104]]]]}},{"type":"Feature","properties":{"nama":"Kota Tangerang Selatan","prov":"36"},"geometry":{"type":"MultiPolygon","coordinates":[[[[106.662,-6.231],[106.637,-6.236],[106.651,-6.362],[106.77,-6.361],[106.754,-6.252],[106.662,-6.231]]]]}},{"type":"Feature","properties":{"nama":"Kota Tasikmalaya","prov":"32"},"geometry":{"type":"MultiPolygon","coordinates":[[[[108.309,-7.337],[108.193,-7.269],[108.156,-7.289],[108.188,-7.446],[108.269,-7.425],[108.265,-7.374],[108.309,-7.337]]]]}},{"type":"Feature","properties":{"nama":"Kota Tegal","prov":"33"},"geometry":{"type":"MultiPolygon","coordinates":[[[[109.162,-6.845],[109.102,-6.84],[109.076,-6.889],[109.147,-6.888],[109.162,-6.845]]]]}},{"type":"Feature","properties":{"nama":"Kota Yogyakarta","prov":"34"},"geometry":{"type":"MultiPolygon","coordinates":[[[[110.397,-7.788],[110.352,-7.766],[110.352,-7.826],[110.404,-7.833],[110.397,-7.788]]]]}},{"type":"Feature","properties":{"nama":"Kudus","prov":"33"},"geometry":{"type":"MultiPolygon","coordinates":[[[[110.902,-6.626],[110.862,-6.624],[110.821,-6.708],[110.829,-6.756],[110.758,-6.794],[110.834,-6.85],[110.773,-6.945],[110.804,-6.98],[110.815,-6.939],[110.883,-6.906],[110.882,-6.867],[110.977,-6.833],[110.902,-6.626]]]]}},{"type":"Feature","properties":{"nama":"Kulon Progo","prov":"34"},"geometry":{"type":"MultiPolygon","coordinates":[[[[110.27,-7.706],[110.261,-7.645],[110.141,-7.645],[110.116,-7.674],[110.13,-7.748],[110.063,-7.812],[110.033,-7.896],[110.004,-7.888],[110.212,-7.985],[110.271,-7.924],[110.221,-7.837],[110.216,-7.742],[110.27,-7.706]]]]}},{"type":"Feature","properties":{"nama":"Kuningan","prov":"32"},"geometry":{"type":"MultiPolygon","coordinates":[[[[108.761,-6.988],[108.718,-6.994],[108.716,-6.944],[108.656,-6.937],[108.654,-6.903],[108.523,-6.87],[108.513,-6.791],[108.398,-6.795],[108.386,-7.073],[108.511,-7.132],[108.526,-7.181],[108.563,-7.194],[108.59,-7.154],[108.676,-7.156],[108.769,-7.112],[108.795,-7.018],[108.761,-6.988]]]]}},{"type":"Feature","properties":{"nama":"Kupang","prov":"53"},"geometry":{"type":"MultiPolygon","coordinates":[[[[123.64,-10.222],[123.611,-10.293],[123.585,-10.288],[123.574,-10.217],[123.544,-10.247],[123.54,-10.214],[123.489,-10.224],[123.501,-10.273],[123.457,-10.356],[123.543,-10.328],[123.612,-10.37],[123.704,-10.366],[124.019,-10.273],[124.135,-10.163],[124.224,-10.163],[124.207,-10.087],[124.143,-10.023],[124.165,-10.018],[124.086,-9.964],[124.094,-9.809],[124.067,-9.759],[124.111,-9.684],[124.055,-9.653],[124.089,-9.621],[124.078,-9.587],[124.158,-9.557],[124.122,-9.473],[124.195,-9.504],[124.093,-9.415],[124.079,-9.325],[123.994,-9.342],[123.884,-9.465],[123.795,-9.491],[123.788,-9.542],[123.673,-9.631],[123.681,-9.743],[123.642,-9.774],[123.668,-9.854],[123.584,-9.916],[123.581,-10.018],[123.599,-10.045],[123.654,-10.009],[123.771,-10.043],[123.742,-10.098],[123.673,-10.124],[123.662,-10.158],[123.692,-10.171],[123.636,-10.192],[123.674,-10.233],[123.64,-10.222]]],[[[123.453,-10.115],[123.396,-10.134],[123.301,-10.271],[123.322,-10.339],[123.347,-10.305],[123.409,-10.335],[123.419,-10.26],[123.391,-10.207],[123.428,-10.23],[123.506,-10.178],[123.453,-10.115]]]]}},{"type":"Feature","properties":{"nama":"Lamongan","prov":"35"},"geometry":{"type":"MultiPolygon","coordinates":[[[[112.334,-6.861],[112.17,-6.895],[112.203,-6.918],[112.219,-7.069],[112.179,-7.076],[112.087,-7.23],[112.082,-7.383],[112.211,-7.349],[112.314,-7.365],[112.41,-7.305],[112.419,-7.232],[112.502,-7.192],[112.476,-7.126],[112.536,-7.096],[112.553,-7.05],[112.499,-7.031],[112.511,-7.012],[112.367,-6.988],[112.377,-6.953],[112.425,-6.951],[112.448,-6.884],[112.334,-6.861]]],[[[112.447,-6.874],[112.456,-6.884],[112.455,-6.878],[112.447,-6.874]]]]}},{"type":"Feature","properties":{"nama":"Lebak","prov":"36"},"geometry":{"type":"MultiPolygon","coordinates":[[[[106.208,-6.293],[106.13,-6.327],[106.112,-6.427],[106.059,-6.405],[106.024,-6.43],[105.869,-6.809],[105.883,-6.846],[105.921,-6.816],[106.032,-6.821],[106.238,-6.931],[106.27,-6.976],[106.381,-6.995],[106.436,-6.82],[106.526,-6.768],[106.467,-6.751],[106.429,-6.681],[106.401,-6.453],[106.441,-6.449],[106.454,-6.414],[106.401,-6.33],[106.32,-6.335],[106.208,-6.293]]],[[[106.262,-6.972],[106.262,-6.971],[106.261,-6.972],[106.262,-6.972]]]]}},{"type":"Feature","properties":{"nama":"Lembata","prov":"53"},"geometry":{"type":"MultiPolygon","coordinates":[[[[123.783,-8.171],[123.697,-8.218],[123.713,-8.24],[123.687,-8.259],[123.651,-8.253],[123.65,-8.218],[123.605,-8.22],[123.635,-8.292],[123.6,-8.318],[123.603,-8.288],[123.574,-8.288],[123.597,-8.333],[123.559,-8.368],[123.493,-8.359],[123.558,-8.241],[123.381,-8.263],[123.347,-8.307],[123.414,-8.292],[123.471,-8.338],[123.335,-8.401],[123.208,-8.535],[123.222,-8.554],[123.317,-8.527],[123.393,-8.586],[123.491,-8.515],[123.546,-8.572],[123.587,-8.531],[123.553,-8.47],[123.62,-8.406],[123.676,-8.427],[123.766,-8.288],[123.924,-8.25],[123.783,-8.171]]],[[[123.592,-7.779],[123.575,-7.785],[123.591,-7.805],[123.592,-7.779]]]]}},{"type":"Feature","properties":{"nama":"Lombok Barat","prov":"52"},"geometry":{"type":"MultiPolygon","coordinates":[[[[116.336,-8.419],[116.214,-8.48],[116.142,-8.454],[116.037,-8.47],[116.069,-8.552],[116.17,-8.594],[116.075,-8.623],[116.062,-8.767],[116.034,-8.72],[116.011,-8.752],[115.966,-8.726],[115.915,-8.775],[115.852,-8.72],[115.821,-8.752],[115.831,-8.815],[115.933,-8.833],[116.008,-8.904],[116.019,-8.86],[116.073,-8.856],[116.045,-8.87],[116.078,-8.895],[116.109,-8.873],[116.092,-8.839],[116.131,-8.742],[116.174,-8.727],[116.167,-8.673],[116.196,-8.673],[116.175,-8.622],[116.295,-8.551],[116.336,-8.419]]],[[[115.885,-8.732],[115.883,-8.741],[115.89,-8.746],[115.885,-8.732]]]]}},{"type":"Feature","properties":{"nama":"Lombok Tengah","prov":"52"},"geometry":{"type":"MultiPolygon","coordinates":[[[[116.352,-8.41],[116.306,-8.457],[116.321,-8.505],[116.295,-8.551],[116.175,-8.622],[116.196,-8.673],[116.167,-8.673],[116.174,-8.727],[116.134,-8.737],[116.092,-8.846],[116.109,-8.873],[116.157,-8.865],[116.173,-8.914],[116.28,-8.893],[116.347,-8.93],[116.341,-8.9],[116.377,-8.904],[116.377,-8.956],[116.405,-8.9],[116.396,-8.818],[116.446,-8.723],[116.378,-8.663],[116.406,-8.434],[116.352,-8.41]]],[[[116.369,-8.913],[116.371,-8.911],[116.37,-8.909],[116.369,-8.913]]]]}},{"type":"Feature","properties":{"nama":"Lombok Timur","prov":"52"},"geometry":{"type":"MultiPolygon","coordinates":[[[[116.495,-8.247],[116.38,-8.531],[116.378,-8.663],[116.446,-8.723],[116.396,-8.818],[116.403,-8.865],[116.421,-8.828],[116.472,-8.827],[116.449,-8.921],[116.496,-8.911],[116.511,-8.87],[116.513,-8.916],[116.594,-8.863],[116.542,-8.868],[116.524,-8.826],[116.504,-8.859],[116.48,-8.809],[116.665,-8.562],[116.662,-8.487],[116.725,-8.383],[116.652,-8.289],[116.495,-8.247]]],[[[116.719,-8.31],[116.71,-8.325],[116.744,-8.345],[116.719,-8.31]]]]}},{"type":"Feature","properties":{"nama":"Lombok Utara","prov":"52"},"geometry":{"type":"MultiPolygon","coordinates":[[[[116.371,-8.21],[116.254,-8.254],[116.175,-8.342],[116.1,-8.361],[116.037,-8.47],[116.142,-8.454],[116.214,-8.48],[116.345,-8.409],[116.406,-8.434],[116.494,-8.245],[116.371,-8.21]]],[[[116.035,-8.362],[116.041,-8.339],[116.028,-8.346],[116.035,-8.362]]]]}},{"type":"Feature","properties":{"nama":"Lumajang","prov":"35"},"geometry":{"type":"MultiPolygon","coordinates":[[[[113.265,-7.899],[113.207,-7.9],[113.113,-7.995],[113.059,-8.01],[112.994,-7.96],[112.925,-8.001],[112.904,-8.192],[112.949,-8.356],[113.08,-8.287],[113.308,-8.302],[113.313,-8.229],[113.38,-8.15],[113.342,-7.943],[113.265,-7.899]]]]}},{"type":"Feature","properties":{"nama":"Madiun","prov":"35"},"geometry":{"type":"MultiPolygon","coordinates":[[[[111.8,-7.461],[111.674,-7.411],[111.587,-7.521],[111.55,-7.527],[111.562,-7.547],[111.511,-7.538],[111.451,-7.628],[111.501,-7.659],[111.5,-7.608],[111.551,-7.595],[111.554,-7.634],[111.459,-7.725],[111.451,-7.781],[111.55,-7.804],[111.66,-7.767],[111.694,-7.805],[111.751,-7.799],[111.731,-7.732],[111.802,-7.549],[111.85,-7.509],[111.8,-7.461]]]]}},{"type":"Feature","properties":{"nama":"Magelang","prov":"33"},"geometry":{"type":"MultiPolygon","coordinates":[[[[110.439,-7.454],[110.379,-7.335],[110.327,-7.324],[110.215,-7.404],[110.077,-7.382],[110.044,-7.538],[110.06,-7.575],[110.102,-7.57],[110.144,-7.65],[110.264,-7.646],[110.272,-7.706],[110.445,-7.542],[110.377,-7.512],[110.439,-7.454]],[[110.225,-7.434],[110.237,-7.504],[110.213,-7.506],[110.225,-7.434]]]]}},{"type":"Feature","properties":{"nama":"Magetan","prov":"35"},"geometry":{"type":"MultiPolygon","coordinates":[[[[111.511,-7.538],[111.462,-7.509],[111.384,-7.537],[111.37,-7.574],[111.194,-7.618],[111.181,-7.711],[111.237,-7.75],[111.289,-7.741],[111.29,-7.794],[111.446,-7.781],[111.513,-7.652],[111.484,-7.663],[111.487,-7.632],[111.452,-7.62],[111.511,-7.538]],[[111.416,-7.541],[111.418,-7.543],[111.414,-7.546],[111.416,-7.541]]]]}},{"type":"Feature","properties":{"nama":"Majalengka","prov":"32"},"geometry":{"type":"MultiPolygon","coordinates":[[[[108.324,-6.621],[108.224,-6.573],[108.162,-6.614],[108.123,-6.541],[108.044,-6.631],[108.162,-6.724],[108.16,-6.826],[108.214,-6.889],[108.22,-6.928],[108.136,-7.039],[108.156,-7.067],[108.391,-7.063],[108.401,-6.779],[108.359,-6.751],[108.368,-6.699],[108.324,-6.621]]]]}},{"type":"Feature","properties":{"nama":"Malaka","prov":"53"},"geometry":{"type":"MultiPolygon","coordinates":[[[[124.808,-9.788],[124.89,-9.699],[124.948,-9.68],[124.988,-9.556],[125.088,-9.462],[125.052,-9.331],[125.012,-9.301],[124.96,-9.394],[124.899,-9.358],[124.845,-9.388],[124.804,-9.347],[124.782,-9.47],[124.721,-9.503],[124.757,-9.56],[124.645,-9.585],[124.663,-9.627],[124.714,-9.639],[124.788,-9.6],[124.821,-9.661],[124.808,-9.788]]]]}},{"type":"Feature","properties":{"nama":"Malang","prov":"35"},"geometry":{"type":"MultiPolygon","coordinates":[[[[112.353,-7.764],[112.287,-7.772],[112.326,-7.873],[112.307,-7.929],[112.371,-7.957],[112.452,-7.926],[112.478,-7.966],[112.454,-8.144],[112.367,-8.175],[112.39,-8.226],[112.372,-8.375],[112.558,-8.402],[112.652,-8.449],[112.757,-8.421],[112.774,-8.386],[112.813,-8.401],[112.831,-8.369],[112.848,-8.405],[112.932,-8.388],[112.948,-8.345],[112.904,-8.192],[112.927,-8.114],[112.9,-8.062],[112.935,-7.956],[112.806,-7.925],[112.733,-7.818],[112.593,-7.765],[112.564,-7.879],[112.595,-7.906],[112.475,-7.939],[112.489,-7.765],[112.396,-7.785],[112.353,-7.764]],[[112.574,-7.941],[112.626,-7.911],[112.663,-7.927],[112.657,-7.965],[112.694,-7.982],[112.665,-8.041],[112.632,-8.046],[112.574,-7.941]]],[[[112.699,-8.43],[112.678,-8.449],[112.707,-8.464],[112.699,-8.43]]]]}},{"type":"Feature","properties":{"nama":"Manggarai","prov":"53"},"geometry":{"type":"MultiPolygon","coordinates":[[[[120.428,-8.241],[120.367,-8.294],[120.287,-8.282],[120.297,-8.454],[120.389,-8.425],[120.399,-8.461],[120.361,-8.568],[120.286,-8.597],[120.28,-8.648],[120.33,-8.707],[120.233,-8.844],[120.518,-8.818],[120.469,-8.675],[120.524,-8.638],[120.51,-8.565],[120.546,-8.494],[120.478,-8.382],[120.494,-8.293],[120.428,-8.241]]],[[[120.301,-8.876],[120.26,-8.907],[120.306,-8.901],[120.301,-8.876]]]]}},{"type":"Feature","properties":{"nama":"Manggarai Barat","prov":"53"},"geometry":{"type":"MultiPolygon","coordinates":[[[[120.285,-8.282],[120.201,-8.306],[120.163,-8.378],[120.121,-8.356],[120.11,-8.441],[120.085,-8.437],[120.087,-8.388],[120.05,-8.405],[120.074,-8.377],[120.019,-8.384],[119.998,-8.461],[119.969,-8.428],[119.908,-8.476],[119.857,-8.43],[119.878,-8.505],[119.804,-8.573],[119.796,-8.742],[119.833,-8.806],[119.89,-8.813],[119.89,-8.859],[119.919,-8.866],[119.91,-8.839],[119.945,-8.821],[120.15,-8.786],[120.232,-8.844],[120.24,-8.803],[120.283,-8.787],[120.273,-8.76],[120.33,-8.705],[120.28,-8.648],[120.285,-8.597],[120.33,-8.559],[120.361,-8.568],[120.399,-8.444],[120.346,-8.426],[120.297,-8.454],[120.285,-8.282]]],[[[119.457,-8.429],[119.422,-8.444],[119.449,-8.491],[119.412,-8.502],[119.423,-8.552],[119.373,-8.587],[119.373,-8.631],[119.41,-8.647],[119.377,-8.738],[119.407,-8.722],[119.444,-8.751],[119.471,-8.737],[119.452,-8.745],[119.433,-8.676],[119.494,-8.614],[119.453,-8.606],[119.505,-8.568],[119.519,-8.602],[119.574,-8.595],[119.549,-8.53],[119.571,-8.49],[119.471,-8.48],[119.457,-8.429]]],[[[119.635,-8.605],[119.624,-8.682],[119.653,-8.669],[119.661,-8.701],[119.618,-8.708],[119.633,-8.742],[119.604,-8.754],[119.618,-8.794],[119.659,-8.773],[119.694,-8.81],[119.734,-8.757],[119.69,-8.723],[119.711,-8.679],[119.745,-8.699],[119.805,-8.625],[119.719,-8.621],[119.674,-8.688],[119.663,-8.612],[119.635,-8.605]]],[[[119.601,-8.631],[119.541,-8.678],[119.564,-8.692],[119.601,-8.631]]],[[[120.132,-8.339],[120.112,-8.345],[120.154,-8.351],[120.132,-8.339]]],[[[119.655,-8.784],[119.631,-8.807],[119.667,-8.817],[119.655,-8.784]]],[[[119.66,-8.532],[119.647,-8.536],[119.658,-8.567],[119.66,-8.532]]]]}},{"type":"Feature","properties":{"nama":"Manggarai Timur","prov":"53"},"geometry":{"type":"MultiPolygon","coordinates":[[[[120.594,-8.257],[120.592,-8.297],[120.53,-8.273],[120.481,-8.319],[120.478,-8.382],[120.546,-8.494],[120.51,-8.565],[120.524,-8.638],[120.468,-8.686],[120.517,-8.818],[120.596,-8.815],[120.647,-8.867],[120.774,-8.887],[120.891,-8.65],[120.845,-8.515],[120.922,-8.476],[120.936,-8.368],[120.733,-8.349],[120.594,-8.257]]]]}},{"type":"Feature","properties":{"nama":"Mojokerto","prov":"35"},"geometry":{"type":"MultiPolygon","coordinates":[[[[112.495,-7.408],[112.475,-7.304],[112.359,-7.326],[112.332,-7.371],[112.353,-7.413],[112.333,-7.454],[112.405,-7.461],[112.364,-7.553],[112.456,-7.779],[112.584,-7.723],[112.664,-7.557],[112.569,-7.479],[112.457,-7.447],[112.495,-7.408]],[[112.458,-7.457],[112.45,-7.493],[112.408,-7.492],[112.416,-7.457],[112.458,-7.457]]]]}},{"type":"Feature","properties":{"nama":"Nagekeo","prov":"53"},"geometry":{"type":"MultiPolygon","coordinates":[[[[121.187,-8.441],[121.162,-8.48],[121.192,-8.526],[121.142,-8.551],[121.141,-8.63],[121.101,-8.662],[121.128,-8.702],[121.096,-8.757],[121.14,-8.843],[121.115,-8.875],[121.34,-8.906],[121.377,-8.797],[121.416,-8.788],[121.413,-8.688],[121.525,-8.624],[121.476,-8.564],[121.418,-8.592],[121.344,-8.548],[121.308,-8.48],[121.187,-8.441]]],[[[121.302,-8.439],[121.301,-8.439],[121.301,-8.44],[121.302,-8.439]]]]}},{"type":"Feature","properties":{"nama":"Ngada","prov":"53"},"geometry":{"type":"MultiPolygon","coordinates":[[[[120.947,-8.344],[120.956,-8.371],[120.929,-8.352],[120.914,-8.394],[120.922,-8.476],[120.845,-8.515],[120.891,-8.65],[120.811,-8.83],[120.85,-8.834],[120.931,-8.933],[121.03,-8.956],[121.139,-8.901],[121.096,-8.757],[121.127,-8.687],[121.101,-8.662],[121.141,-8.63],[121.142,-8.551],[121.194,-8.511],[121.162,-8.48],[121.173,-8.441],[121.022,-8.415],[120.963,-8.371],[120.984,-8.349],[120.947,-8.344]]],[[[121.078,-8.39],[121.077,-8.392],[121.083,-8.395],[121.078,-8.39]]]]}},{"type":"Feature","properties":{"nama":"Nganjuk","prov":"35"},"geometry":{"type":"MultiPolygon","coordinates":[[[[112.069,-7.397],[111.801,-7.459],[111.85,-7.508],[111.833,-7.549],[111.802,-7.549],[111.73,-7.737],[111.767,-7.823],[111.8,-7.836],[111.954,-7.68],[111.985,-7.686],[112.018,-7.762],[112.075,-7.704],[112.112,-7.566],[112.169,-7.49],[112.125,-7.452],[112.08,-7.474],[112.069,-7.397]]]]}},{"type":"Feature","properties":{"nama":"Ngawi","prov":"35"},"geometry":{"type":"MultiPolygon","coordinates":[[[[111.206,-7.245],[111.15,-7.261],[111.118,-7.415],[111.195,-7.62],[111.37,-7.574],[111.384,-7.537],[111.462,-7.509],[111.562,-7.547],[111.55,-7.527],[111.587,-7.521],[111.674,-7.412],[111.575,-7.349],[111.463,-7.378],[111.206,-7.245]]],[[[111.416,-7.541],[111.414,-7.546],[111.418,-7.543],[111.416,-7.541]]]]}},{"type":"Feature","properties":{"nama":"Pacitan","prov":"35"},"geometry":{"type":"MultiPolygon","coordinates":[[[[111.185,-7.918],[111.141,-7.934],[111.115,-8.061],[110.952,-8.063],[110.908,-8.116],[110.9,-8.212],[111.028,-8.257],[111.093,-8.221],[111.154,-8.285],[111.261,-8.247],[111.399,-8.277],[111.427,-8.175],[111.347,-8.114],[111.349,-7.979],[111.283,-7.919],[111.232,-7.949],[111.185,-7.918]]]]}},{"type":"Feature","properties":{"nama":"Pamekasan","prov":"35"},"geometry":{"type":"MultiPolygon","coordinates":[[[[113.643,-6.888],[113.483,-6.897],[113.363,-7.101],[113.379,-7.211],[113.384,-7.189],[113.394,-7.218],[113.497,-7.227],[113.509,-7.254],[113.552,-7.234],[113.623,-7.104],[113.576,-7.031],[113.619,-7.009],[113.643,-6.888]]]]}},{"type":"Feature","properties":{"nama":"Pandeglang","prov":"36"},"geometry":{"type":"MultiPolygon","coordinates":[[[[105.898,-6.239],[105.827,-6.248],[105.841,-6.309],[105.798,-6.491],[105.715,-6.533],[105.674,-6.509],[105.677,-6.476],[105.65,-6.481],[105.611,-6.633],[105.507,-6.73],[105.478,-6.821],[105.443,-6.822],[105.389,-6.741],[105.37,-6.646],[105.263,-6.761],[105.212,-6.746],[105.238,-6.836],[105.327,-6.803],[105.414,-6.854],[105.439,-6.836],[105.538,-6.874],[105.671,-6.836],[105.882,-6.84],[105.863,-6.781],[105.946,-6.66],[105.929,-6.617],[105.975,-6.517],[106.043,-6.411],[106.118,-6.42],[106.13,-6.327],[106.18,-6.257],[106.085,-6.228],[106.061,-6.267],[106.001,-6.275],[105.946,-6.237],[105.93,-6.281],[105.898,-6.239]]],[[[105.262,-6.521],[105.185,-6.539],[105.101,-6.62],[105.178,-6.579],[105.184,-6.679],[105.259,-6.605],[105.262,-6.521]]],[[[105.815,-6.95],[105.766,-6.971],[105.814,-6.958],[105.815,-6.95]]],[[[105.55,-6.995],[105.521,-7.009],[105.569,-7.014],[105.55,-6.995]]]]}},{"type":"Feature","properties":{"nama":"Pangandaran","prov":"32"},"geometry":{"type":"MultiPolygon","coordinates":[[[[108.686,-7.461],[108.649,-7.468],[108.647,-7.54],[108.553,-7.574],[108.524,-7.569],[108.521,-7.524],[108.4,-7.479],[108.34,-7.495],[108.366,-7.659],[108.315,-7.69],[108.313,-7.725],[108.343,-7.819],[108.496,-7.794],[108.503,-7.711],[108.539,-7.691],[108.641,-7.688],[108.67,-7.731],[108.674,-7.682],[108.795,-7.691],[108.732,-7.613],[108.755,-7.559],[108.72,-7.472],[108.686,-7.461]]],[[[108.5,-7.789],[108.501,-7.788],[108.5,-7.788],[108.5,-7.789]]]]}},{"type":"Feature","properties":{"nama":"Pasuruan","prov":"35"},"geometry":{"type":"MultiPolygon","coordinates":[[[[112.87,-7.572],[112.674,-7.55],[112.575,-7.732],[112.632,-7.798],[112.733,-7.818],[112.806,-7.925],[112.935,-7.956],[113.1,-7.702],[112.954,-7.621],[112.895,-7.685],[112.872,-7.634],[112.903,-7.625],[112.87,-7.572]]]]}},{"type":"Feature","properties":{"nama":"Pati","prov":"33"},"geometry":{"type":"MultiPolygon","coordinates":[[[[111.234,-6.687],[111.117,-6.625],[111.047,-6.427],[110.969,-6.41],[110.974,-6.457],[110.913,-6.5],[110.898,-6.636],[110.977,-6.833],[110.882,-6.868],[110.883,-6.906],[110.815,-6.939],[110.804,-6.99],[110.852,-7],[110.915,-6.961],[111.061,-6.97],[111.108,-6.914],[111.263,-6.856],[111.234,-6.687]]]]}},{"type":"Feature","properties":{"nama":"Pekalongan","prov":"33"},"geometry":{"type":"MultiPolygon","coordinates":[[[[109.663,-6.851],[109.596,-6.841],[109.562,-6.924],[109.498,-6.966],[109.491,-7.129],[109.539,-7.244],[109.647,-7.173],[109.726,-7.202],[109.799,-7.171],[109.739,-7.102],[109.749,-7],[109.642,-6.918],[109.663,-6.851]]]]}},{"type":"Feature","properties":{"nama":"Pemalang","prov":"33"},"geometry":{"type":"MultiPolygon","coordinates":[[[[109.596,-6.841],[109.523,-6.772],[109.44,-6.841],[109.351,-6.862],[109.336,-6.957],[109.187,-7.137],[109.203,-7.247],[109.41,-7.202],[109.444,-7.163],[109.478,-7.224],[109.532,-7.232],[109.483,-7.03],[109.498,-6.966],[109.562,-6.924],[109.596,-6.841]]]]}},{"type":"Feature","properties":{"nama":"Ponorogo","prov":"35"},"geometry":{"type":"MultiPolygon","coordinates":[[[[111.751,-7.799],[111.694,-7.805],[111.66,-7.767],[111.55,-7.804],[111.469,-7.777],[111.289,-7.793],[111.315,-7.852],[111.279,-7.917],[111.35,-7.979],[111.347,-8.113],[111.38,-8.163],[111.477,-8.173],[111.483,-8.108],[111.528,-8.107],[111.535,-8.06],[111.636,-8.002],[111.653,-8.02],[111.655,-7.941],[111.701,-7.896],[111.771,-7.887],[111.786,-7.833],[111.751,-7.799]]]]}},{"type":"Feature","properties":{"nama":"Probolinggo","prov":"35"},"geometry":{"type":"MultiPolygon","coordinates":[[[[113.491,-7.698],[113.287,-7.784],[113.237,-7.739],[113.217,-7.82],[113.164,-7.779],[113.177,-7.726],[113.151,-7.741],[113.088,-7.707],[113.047,-7.82],[112.954,-7.9],[112.926,-7.966],[112.95,-7.987],[113.009,-7.963],[113.06,-8.011],[113.15,-7.98],[113.207,-7.9],[113.263,-7.896],[113.341,-7.942],[113.362,-8.028],[113.391,-7.997],[113.465,-8.027],[113.482,-7.994],[113.614,-7.992],[113.644,-7.973],[113.611,-7.95],[113.612,-7.824],[113.573,-7.742],[113.598,-7.715],[113.491,-7.698]]],[[[113.262,-7.676],[113.243,-7.68],[113.258,-7.681],[113.262,-7.676]]]]}},{"type":"Feature","properties":{"nama":"Purbalingga","prov":"33"},"geometry":{"type":"MultiPolygon","coordinates":[[[[109.532,-7.231],[109.478,-7.224],[109.444,-7.163],[109.41,-7.202],[109.225,-7.239],[109.334,-7.43],[109.321,-7.483],[109.505,-7.45],[109.502,-7.411],[109.546,-7.405],[109.519,-7.343],[109.585,-7.293],[109.532,-7.231]]]]}},{"type":"Feature","properties":{"nama":"Purwakarta","prov":"32"},"geometry":{"type":"MultiPolygon","coordinates":[[[[107.529,-6.418],[107.373,-6.468],[107.391,-6.511],[107.349,-6.48],[107.289,-6.502],[107.221,-6.591],[107.268,-6.645],[107.252,-6.694],[107.302,-6.728],[107.411,-6.689],[107.561,-6.773],[107.6,-6.658],[107.529,-6.418]]]]}},{"type":"Feature","properties":{"nama":"Purworejo","prov":"33"},"geometry":{"type":"MultiPolygon","coordinates":[[[[110.044,-7.535],[109.997,-7.59],[109.974,-7.535],[109.901,-7.518],[109.818,-7.591],[109.798,-7.695],[109.832,-7.723],[109.824,-7.831],[110.042,-7.884],[110.063,-7.812],[110.131,-7.747],[110.116,-7.674],[110.142,-7.647],[110.102,-7.57],[110.06,-7.575],[110.044,-7.535]]]]}},{"type":"Feature","properties":{"nama":"Rembang","prov":"33"},"geometry":{"type":"MultiPolygon","coordinates":[[[[111.493,-6.621],[111.379,-6.703],[111.234,-6.687],[111.263,-6.856],[111.602,-6.912],[111.619,-6.822],[111.656,-6.826],[111.691,-6.754],[111.562,-6.639],[111.493,-6.621]]],[[[111.29,-6.654],[111.291,-6.652],[111.29,-6.653],[111.29,-6.654]]]]}},{"type":"Feature","properties":{"nama":"Rote Ndao","prov":"53"},"geometry":{"type":"MultiPolygon","coordinates":[[[[123.379,-10.431],[123.37,-10.478],[123.265,-10.52],[123.213,-10.58],[123.31,-10.593],[123.195,-10.594],[123.178,-10.637],[123.129,-10.643],[123.043,-10.729],[122.81,-10.782],[122.832,-10.931],[122.971,-10.915],[122.949,-10.893],[122.969,-10.87],[123.09,-10.857],[123.133,-10.815],[123.223,-10.83],[123.253,-10.734],[123.332,-10.678],[123.403,-10.685],[123.421,-10.614],[123.343,-10.587],[123.384,-10.568],[123.357,-10.546],[123.4,-10.505],[123.383,-10.488],[123.426,-10.472],[123.379,-10.431]]],[[[123.427,-10.491],[123.363,-10.548],[123.388,-10.559],[123.439,-10.511],[123.427,-10.491]]],[[[122.668,-10.8],[122.64,-10.807],[122.686,-10.834],[122.668,-10.8]]],[[[122.871,-10.969],[122.841,-10.968],[122.875,-11.008],[122.871,-10.969]]],[[[122.773,-10.772],[122.749,-10.785],[122.785,-10.781],[122.773,-10.772]]]]}},{"type":"Feature","properties":{"nama":"Kapuas","prov":"62"},"geometry":{"type":"MultiPolygon","coordinates":[[[[113.989,-0.384],[113.938,-0.395],[113.922,-0.467],[113.852,-0.445],[113.76,-0.479],[113.736,-0.601],[113.678,-0.675],[113.699,-0.702],[113.682,-0.788],[113.748,-0.842],[113.809,-0.959],[113.928,-1],[113.985,-1.066],[114.008,-1.473],[113.983,-1.532],[114.031,-1.587],[113.982,-1.667],[113.986,-1.803],[114.171,-2.09],[114.184,-2.189],[114.262,-2.232],[114.262,-2.378],[114.325,-2.373],[114.349,-2.744],[114.212,-2.937],[114.281,-3.044],[114.226,-3.192],[114.147,-3.187],[114.141,-3.267],[114.172,-3.334],[114.153,-3.384],[114.246,-3.363],[114.255,-3.403],[114.352,-3.463],[114.36,-3.316],[114.45,-3.21],[114.424,-3.18],[114.546,-3.068],[114.505,-3],[114.544,-2.949],[114.517,-2.92],[114.538,-2.927],[114.567,-2.864],[114.615,-2.884],[114.598,-2.816],[114.664,-2.801],[114.676,-2.741],[114.762,-2.721],[114.792,-2.664],[114.797,-2.591],[114.717,-2.567],[114.77,-2.493],[114.759,-2.458],[114.644,-2.405],[114.694,-2.155],[114.617,-2.017],[114.597,-1.67],[114.697,-1.164],[114.627,-1.171],[114.51,-1.126],[114.524,-1.094],[114.455,-1.024],[114.522,-0.903],[114.551,-0.917],[114.57,-0.875],[114.636,-0.863],[114.468,-0.834],[114.234,-0.86],[114.219,-0.809],[114.153,-0.796],[114.063,-0.577],[114.078,-0.552],[114.015,-0.479],[113.989,-0.384]]]]}},{"type":"Feature","properties":{"nama":"Kapuas Hulu","prov":"61"},"geometry":{"type":"MultiPolygon","coordinates":[[[[114.206,1.41],[114.141,1.467],[113.955,1.443],[113.822,1.374],[113.804,1.3],[113.704,1.266],[113.663,1.218],[113.619,1.229],[113.583,1.309],[113.5,1.318],[113.421,1.285],[113.328,1.375],[113.144,1.388],[113.106,1.446],[112.975,1.411],[113.071,1.53],[112.999,1.578],[112.885,1.587],[112.841,1.538],[112.501,1.584],[112.434,1.527],[112.319,1.508],[112.205,1.438],[112.232,1.379],[112.179,1.304],[112.143,1.135],[111.935,1.122],[111.829,0.986],[111.668,1.043],[111.529,0.954],[111.561,0.921],[111.626,0.923],[111.644,0.861],[111.745,0.758],[111.687,0.628],[111.721,0.571],[111.725,0.459],[111.686,0.378],[111.645,0.359],[111.681,0.321],[111.671,0.284],[111.841,0.228],[111.871,0.182],[112.059,0.18],[112.049,0.134],[112.139,0.066],[112.218,0.115],[112.291,0.083],[112.393,0.095],[112.396,0.147],[112.506,0.105],[112.512,0.184],[112.569,0.204],[112.648,0.167],[112.629,0.207],[112.671,0.242],[112.753,0.234],[112.824,0.162],[112.942,0.146],[112.974,0.171],[112.966,0.214],[113.055,0.292],[113.131,0.209],[113.359,0.276],[113.443,0.26],[113.586,0.361],[113.581,0.398],[113.652,0.435],[113.667,0.497],[113.851,0.608],[113.821,0.643],[113.839,0.695],[113.895,0.726],[113.873,0.783],[113.927,0.841],[113.871,0.889],[113.914,0.973],[113.89,1.048],[113.948,1.06],[113.989,1.139],[114.127,1.154],[114.171,1.265],[114.155,1.374],[114.206,1.41]]]]}},{"type":"Feature","properties":{"nama":"Katingan","prov":"62"},"geometry":{"type":"MultiPolygon","coordinates":[[[[113.154,-0.479],[113.131,-0.452],[113.055,-0.514],[112.992,-0.493],[112.832,-0.578],[112.745,-0.572],[112.734,-0.631],[112.705,-0.62],[112.688,-0.659],[112.561,-0.696],[112.461,-0.669],[112.315,-0.723],[112.26,-0.632],[112.21,-0.615],[112.164,-0.688],[112.194,-0.765],[112.147,-0.83],[112.172,-0.866],[112.113,-0.93],[112.1,-1.021],[112.158,-1.039],[112.162,-1.087],[112.096,-1.211],[112.126,-1.233],[112.127,-1.313],[112.258,-1.321],[112.323,-1.3],[112.35,-1.231],[112.392,-1.24],[112.427,-1.206],[112.632,-1.208],[112.691,-1.306],[112.75,-1.333],[112.746,-1.378],[112.839,-1.424],[112.864,-1.592],[112.93,-1.641],[112.929,-1.705],[113,-1.716],[113.062,-1.813],[113.134,-1.815],[113.142,-1.899],[113.27,-2.024],[113.172,-2.323],[113.213,-2.45],[113.095,-2.675],[113.097,-2.797],[113.235,-3.152],[113.345,-3.281],[113.473,-3.181],[113.601,-3.167],[113.714,-3.022],[113.584,-2.738],[113.751,-2.522],[113.762,-2.402],[113.69,-2.243],[113.695,-2.086],[113.489,-1.786],[113.49,-1.618],[113.361,-1.525],[113.186,-1.252],[113.204,-1.168],[113.286,-1.064],[113.23,-0.942],[113.234,-0.863],[113.19,-0.802],[113.185,-0.744],[113.227,-0.681],[113.158,-0.545],[113.211,-0.506],[113.154,-0.479]]],[[[113.402,-3.259],[113.359,-3.277],[113.366,-3.302],[113.402,-3.259]]]]}},{"type":"Feature","properties":{"nama":"Kayong Utara","prov":"61"},"geometry":{"type":"MultiPolygon","coordinates":[[[[110.013,-0.729],[109.94,-0.74],[109.893,-0.823],[109.799,-0.843],[109.728,-0.92],[109.775,-1.044],[109.819,-1.092],[109.94,-1.124],[109.908,-1.21],[109.962,-1.277],[110.022,-1.292],[110.068,-1.363],[110.217,-1.344],[110.218,-1.285],[110.422,-1.26],[110.325,-1.132],[110.361,-1.109],[110.343,-1.053],[110.269,-1],[110.281,-0.975],[110.243,-0.966],[110.242,-0.933],[110.165,-0.935],[110.167,-0.857],[110.013,-0.729]]],[[[109.498,-0.979],[109.458,-1.004],[109.431,-1.186],[109.38,-1.255],[109.497,-1.309],[109.78,-1.144],[109.761,-1.005],[109.715,-0.989],[109.674,-1.021],[109.636,-0.986],[109.552,-1.003],[109.498,-0.979]]],[[[108.898,-1.535],[108.877,-1.568],[108.835,-1.553],[108.79,-1.581],[108.84,-1.585],[108.819,-1.649],[108.858,-1.677],[108.937,-1.654],[108.983,-1.602],[108.898,-1.535]]],[[[108.745,-1.7],[108.678,-1.72],[108.787,-1.709],[108.745,-1.7]]],[[[109.261,-1.183],[109.224,-1.242],[109.27,-1.216],[109.261,-1.183]]],[[[109.146,-1.288],[109.136,-1.331],[109.163,-1.293],[109.146,-1.288]]],[[[109.158,-1.266],[109.176,-1.296],[109.178,-1.281],[109.158,-1.266]]]]}},{"type":"Feature","properties":{"nama":"Ketapang","prov":"61"},"geometry":{"type":"MultiPolygon","coordinates":[[[[110.483,-0.329],[110.437,-0.339],[110.428,-0.385],[110.321,-0.41],[110.303,-0.452],[110.197,-0.417],[110.108,-0.429],[110.051,-0.387],[109.996,-0.486],[109.886,-0.553],[109.808,-0.671],[109.86,-0.659],[109.9,-0.733],[110.011,-0.724],[110.167,-0.857],[110.165,-0.935],[110.242,-0.933],[110.243,-0.966],[110.281,-0.975],[110.269,-1],[110.358,-1.074],[110.325,-1.132],[110.422,-1.26],[110.218,-1.285],[110.217,-1.344],[110.068,-1.363],[110.027,-1.683],[109.946,-1.775],[109.913,-1.774],[109.928,-1.83],[109.901,-1.828],[110.067,-1.931],[110.12,-2.03],[110.091,-2.225],[110.062,-2.246],[110.132,-2.292],[110.147,-2.428],[110.182,-2.457],[110.19,-2.571],[110.149,-2.622],[110.214,-2.648],[110.218,-2.74],[110.261,-2.767],[110.224,-2.887],[110.259,-2.96],[110.306,-2.996],[110.419,-2.897],[110.569,-2.84],[110.624,-2.889],[110.644,-2.99],[110.611,-2.99],[110.657,-3.04],[110.733,-2.996],[110.793,-2.912],[110.97,-2.856],[111.012,-2.795],[111.101,-2.769],[111.17,-2.707],[111.132,-2.599],[111.147,-2.542],[111.099,-2.466],[111.116,-2.327],[111.023,-2.224],[111.101,-1.989],[111.055,-1.957],[111.01,-1.969],[110.95,-1.887],[111.026,-1.72],[110.985,-1.689],[110.994,-1.65],[110.94,-1.657],[110.917,-1.693],[110.864,-1.624],[111.006,-1.504],[111.08,-1.525],[111.156,-1.432],[111.2,-1.475],[111.204,-1.443],[111.254,-1.438],[111.327,-1.367],[111.341,-1.313],[111.316,-1.257],[111.255,-1.25],[111.24,-1.057],[111.145,-1.007],[111.151,-0.965],[111.114,-0.952],[111.167,-0.911],[111.161,-0.846],[111.186,-0.822],[111.218,-0.849],[111.207,-0.782],[111.244,-0.735],[111.213,-0.531],[110.966,-0.481],[110.928,-0.558],[110.97,-0.626],[110.895,-0.681],[110.824,-0.6],[110.717,-0.622],[110.635,-0.587],[110.618,-0.443],[110.57,-0.346],[110.483,-0.329]]],[[[110.113,-2.675],[110.044,-2.748],[110.128,-2.742],[110.113,-2.675]]],[[[110.17,-2.853],[110.133,-2.895],[110.192,-2.913],[110.17,-2.853]]]]}},{"type":"Feature","properties":{"nama":"Kota Banjarbaru","prov":"63"},"geometry":{"type":"MultiPolygon","coordinates":[[[[114.736,-3.389],[114.682,-3.439],[114.682,-3.518],[114.809,-3.524],[114.857,-3.569],[114.9,-3.541],[114.901,-3.449],[114.736,-3.389]]]]}},{"type":"Feature","properties":{"nama":"Kota Banjarmasin","prov":"63"},"geometry":{"type":"MultiPolygon","coordinates":[[[[114.639,-3.276],[114.569,-3.267],[114.522,-3.363],[114.586,-3.382],[114.657,-3.348],[114.639,-3.276]]]]}},{"type":"Feature","properties":{"nama":"Kota Bontang","prov":"64"},"geometry":{"type":"MultiPolygon","coordinates":[[[[117.505,0.204],[117.469,0.199],[117.388,0.023],[117.518,0.022],[117.491,0.03],[117.509,0.064],[117.468,0.046],[117.457,0.1],[117.487,0.084],[117.485,0.117],[117.522,0.126],[117.47,0.164],[117.505,0.204]]],[[[117.518,0.067],[117.512,0.065],[117.524,0.063],[117.518,0.067]]]]}},{"type":"Feature","properties":{"nama":"Kota Palangkaraya","prov":"62"},"geometry":{"type":"MultiPolygon","coordinates":[[[[113.798,-1.604],[113.648,-1.585],[113.564,-1.653],[113.502,-1.644],[113.476,-1.681],[113.489,-1.786],[113.695,-2.086],[113.69,-2.243],[113.762,-2.402],[114.025,-2.404],[114.108,-2.188],[113.936,-2.163],[113.826,-2.011],[113.832,-1.806],[113.798,-1.604]]]]}},{"type":"Feature","properties":{"nama":"Kota Pontianak","prov":"61"},"geometry":{"type":"MultiPolygon","coordinates":[[[[109.37,0.022],[109.309,0.038],[109.287,0.006],[109.274,-0.03],[109.322,-0.094],[109.385,-0.053],[109.37,0.022]]]]}},{"type":"Feature","properties":{"nama":"Kota Samarinda","prov":"64"},"geometry":{"type":"MultiPolygon","coordinates":[[[[117.275,-0.583],[117.236,-0.561],[117.268,-0.56],[117.262,-0.438],[117.298,-0.375],[117.234,-0.357],[117.226,-0.314],[117.143,-0.32],[117.128,-0.408],[117.062,-0.448],[117.07,-0.591],[117.091,-0.577],[117.145,-0.621],[117.126,-0.665],[117.164,-0.717],[117.275,-0.583]]]]}},{"type":"Feature","properties":{"nama":"Kota Singkawang","prov":"61"},"geometry":{"type":"MultiPolygon","coordinates":[[[[109.176,0.962],[109.129,1.018],[109.093,0.99],[108.979,0.997],[108.954,0.906],[108.874,0.84],[108.955,0.758],[109.051,0.745],[109.077,0.783],[109.052,0.788],[109.05,0.836],[109.162,0.894],[109.176,0.962]]]]}},{"type":"Feature","properties":{"nama":"Kota Tarakan","prov":"65"},"geometry":{"type":"MultiPolygon","coordinates":[[[[117.619,3.439],[117.549,3.442],[117.515,3.381],[117.643,3.239],[117.669,3.404],[117.619,3.439]]],[[[117.526,3.343],[117.526,3.349],[117.522,3.348],[117.526,3.343]]]]}},{"type":"Feature","properties":{"nama":"Kotabaru","prov":"63"},"geometry":{"type":"MultiPolygon","coordinates":[[[[116.19,-2.308],[116.114,-2.338],[116.033,-2.307],[115.926,-2.325],[115.812,-2.405],[115.782,-2.514],[115.751,-2.532],[115.819,-2.562],[115.82,-2.601],[115.745,-2.617],[115.69,-2.59],[115.677,-2.613],[115.747,-2.667],[115.665,-2.721],[115.667,-2.766],[115.59,-2.76],[115.556,-2.835],[115.596,-2.892],[115.518,-3.027],[115.585,-3.005],[115.623,-3.069],[115.703,-3.079],[115.769,-3.195],[115.934,-3.152],[115.947,-3.254],[115.99,-3.22],[116.092,-3.283],[116.177,-3.251],[116.171,-3.157],[116.274,-3.125],[116.173,-3.062],[116.158,-3.015],[116.093,-3],[116.123,-2.962],[116.101,-2.934],[116.132,-2.886],[116.118,-2.825],[116.144,-2.792],[116.149,-2.935],[116.207,-2.938],[116.221,-3.008],[116.27,-3.002],[116.364,-2.878],[116.367,-2.668],[116.415,-2.578],[116.358,-2.55],[116.323,-2.581],[116.289,-2.533],[116.449,-2.502],[116.478,-2.517],[116.481,-2.571],[116.512,-2.562],[116.556,-2.412],[116.19,-2.308]]],[[[116.26,-3.212],[116.114,-3.307],[116.002,-3.638],[116.081,-3.825],[116.039,-4.023],[116.048,-4.062],[116.069,-4.037],[116.097,-4.055],[116.091,-4.086],[116.109,-4.035],[116.21,-3.985],[116.208,-3.951],[116.273,-3.907],[116.31,-3.916],[116.317,-3.863],[116.271,-3.816],[116.339,-3.728],[116.301,-3.713],[116.306,-3.59],[116.272,-3.547],[116.314,-3.475],[116.249,-3.375],[116.281,-3.223],[116.26,-3.212]]],[[[116.41,-3.361],[116.313,-3.555],[116.343,-3.568],[116.361,-3.653],[116.399,-3.627],[116.435,-3.422],[116.41,-3.361]]],[[[115.857,-4.755],[115.765,-4.837],[115.847,-4.793],[115.857,-4.755]]],[[[116.147,-2.989],[116.17,-3.038],[116.177,-2.998],[116.147,-2.989]]],[[[115.678,-4.894],[115.634,-4.938],[115.661,-4.927],[115.678,-4.894]]],[[[115.753,-4.691],[115.719,-4.706],[115.711,-4.727],[115.753,-4.691]]],[[[116.321,-3.816],[116.297,-3.846],[116.314,-3.844],[116.321,-3.816]]]]}},{"type":"Feature","properties":{"nama":"Kotawaringin Barat","prov":"62"},"geometry":{"type":"MultiPolygon","coordinates":[[[[111.933,-1.666],[111.872,-1.544],[111.75,-1.483],[111.818,-1.601],[111.788,-1.654],[111.845,-1.721],[111.811,-1.813],[111.835,-1.844],[111.822,-1.999],[111.739,-2.08],[111.745,-2.122],[111.681,-2.121],[111.649,-2.15],[111.66,-2.181],[111.603,-2.202],[111.585,-2.307],[111.46,-2.314],[111.369,-2.275],[111.275,-2.336],[111.287,-2.518],[111.218,-2.505],[111.226,-2.562],[111.4,-2.653],[111.362,-2.76],[111.383,-2.817],[111.361,-2.909],[111.457,-2.925],[111.548,-3.023],[111.69,-2.942],[111.707,-2.905],[111.669,-2.894],[111.712,-2.849],[111.752,-2.89],[111.825,-3.053],[111.798,-3.197],[111.817,-3.405],[111.769,-3.504],[111.795,-3.526],[112.131,-3.159],[112.097,-3.054],[112.14,-2.803],[112.042,-2.688],[112.062,-2.649],[112.011,-2.462],[112.061,-2.428],[112.04,-2.345],[112.073,-2.347],[112.018,-2.125],[112.074,-1.972],[111.937,-1.869],[111.956,-1.762],[111.933,-1.666]]]]}},{"type":"Feature","properties":{"nama":"Kotawaringin Timur","prov":"62"},"geometry":{"type":"MultiPolygon","coordinates":[[[[112.54,-1.193],[112.35,-1.231],[112.317,-1.304],[112.127,-1.313],[112.127,-1.448],[112.067,-1.595],[112.252,-1.86],[112.345,-1.927],[112.313,-1.984],[112.341,-2.013],[112.306,-2.062],[112.314,-2.156],[112.374,-2.197],[112.374,-2.267],[112.408,-2.267],[112.451,-2.491],[112.525,-2.545],[112.495,-2.545],[112.512,-2.629],[112.604,-2.667],[112.636,-2.729],[112.745,-2.755],[112.844,-2.846],[112.813,-3.3],[113.042,-3.13],[112.997,-3.156],[112.942,-3.118],[113.033,-2.975],[113.235,-3.152],[113.098,-2.8],[113.095,-2.675],[113.213,-2.45],[113.172,-2.323],[113.27,-2.024],[113.142,-1.899],[113.134,-1.815],[113.062,-1.813],[113,-1.716],[112.929,-1.705],[112.93,-1.641],[112.864,-1.592],[112.839,-1.424],[112.746,-1.378],[112.75,-1.333],[112.691,-1.306],[112.632,-1.208],[112.54,-1.193]]]]}},{"type":"Feature","properties":{"nama":"Kubu Raya","prov":"61"},"geometry":{"type":"MultiPolygon","coordinates":[[[[109.459,0.223],[109.368,0.197],[109.385,-0.053],[109.343,-0.098],[109.274,-0.03],[109.287,0.006],[109.17,0.032],[109.197,-0.217],[109.087,-0.278],[109.115,-0.336],[109.116,-0.514],[109.148,-0.568],[109.202,-0.551],[109.25,-0.605],[109.333,-0.572],[109.415,-0.631],[109.474,-0.615],[109.584,-0.651],[109.596,-0.694],[109.657,-0.671],[109.698,-0.717],[109.671,-0.755],[109.632,-0.752],[109.635,-0.797],[109.713,-0.829],[109.754,-0.895],[109.799,-0.843],[109.893,-0.823],[109.94,-0.761],[109.933,-0.72],[109.884,-0.723],[109.86,-0.659],[109.808,-0.671],[109.973,-0.477],[109.946,-0.444],[109.972,-0.434],[109.925,-0.393],[109.971,-0.282],[109.948,-0.141],[109.906,-0.137],[109.851,-0.049],[109.843,0.004],[109.886,0.041],[109.85,0.086],[109.7,0.098],[109.656,0.035],[109.573,0.038],[109.581,-0.005],[109.505,-0.032],[109.508,0.141],[109.489,0.215],[109.459,0.223]]],[[[109.252,-0.662],[109.239,-0.812],[109.302,-0.901],[109.439,-0.853],[109.584,-0.898],[109.613,-0.972],[109.682,-1.014],[109.721,-0.974],[109.748,-0.872],[109.716,-0.87],[109.71,-0.832],[109.553,-0.743],[109.467,-0.755],[109.252,-0.662]]],[[[109.178,-0.117],[109.162,-0.058],[109.124,-0.116],[109.176,-0.194],[109.178,-0.117]]],[[[109.127,-0.202],[109.059,-0.213],[109.096,-0.332],[109.083,-0.27],[109.193,-0.219],[109.127,-0.202]]],[[[109.483,-0.628],[109.458,-0.636],[109.499,-0.694],[109.583,-0.686],[109.584,-0.653],[109.483,-0.628]]],[[[109.364,-0.617],[109.36,-0.653],[109.477,-0.686],[109.364,-0.617]]],[[[109.526,-0.699],[109.445,-0.708],[109.542,-0.731],[109.559,-0.716],[109.526,-0.699]]],[[[109.657,-0.7],[109.579,-0.716],[109.63,-0.732],[109.688,-0.713],[109.657,-0.7]]],[[[109.364,-0.873],[109.304,-0.902],[109.406,-0.932],[109.364,-0.873]]],[[[109.127,-0.176],[109.086,-0.187],[109.173,-0.201],[109.127,-0.176]]],[[[109.447,-0.672],[109.412,-0.674],[109.459,-0.719],[109.497,-0.702],[109.447,-0.672]]],[[[109.691,-0.716],[109.608,-0.745],[109.67,-0.753],[109.691,-0.716]]],[[[109.584,-0.739],[109.567,-0.758],[109.635,-0.792],[109.626,-0.751],[109.584,-0.739]]],[[[109.452,-0.632],[109.427,-0.642],[109.491,-0.673],[109.452,-0.632]]],[[[109.376,-0.654],[109.349,-0.656],[109.365,-0.675],[109.406,-0.675],[109.376,-0.654]]],[[[109.125,-0.15],[109.113,-0.117],[109.094,-0.13],[109.114,-0.167],[109.125,-0.15]]],[[[109.41,-0.874],[109.383,-0.881],[109.419,-0.913],[109.41,-0.874]]],[[[109.161,-0.185],[109.127,-0.146],[109.126,-0.167],[109.161,-0.185]]]]}},{"type":"Feature","properties":{"nama":"Kutai Barat","prov":"64"},"geometry":{"type":"MultiPolygon","coordinates":[[[[115.689,0.33],[115.671,0.311],[115.711,0.278],[115.714,0.225],[115.677,0.162],[115.581,0.145],[115.509,0.062],[115.391,0.056],[115.291,-0.036],[115.31,-0.118],[115.241,-0.165],[115.299,-0.21],[115.225,-0.312],[115.248,-0.411],[115.307,-0.486],[115.283,-0.548],[115.381,-0.572],[115.357,-0.613],[115.373,-0.654],[115.326,-0.671],[115.347,-0.72],[115.301,-0.745],[115.29,-0.799],[115.342,-0.839],[115.35,-0.891],[115.399,-0.845],[115.478,-0.882],[115.547,-0.854],[115.631,-0.976],[115.625,-1.017],[115.679,-1.009],[115.766,-1.138],[115.82,-1.089],[115.895,-1.105],[115.922,-1.154],[115.985,-1.082],[116.212,-1.104],[116.385,-0.966],[116.48,-0.945],[116.451,-0.884],[116.501,-0.858],[116.491,-0.807],[116.522,-0.754],[116.455,-0.735],[116.32,-0.534],[116.255,-0.496],[116.236,-0.4],[116.323,-0.39],[116.277,-0.289],[116.165,-0.214],[116.161,-0.178],[116.066,-0.168],[115.971,-0.084],[115.948,-0.019],[115.989,0.021],[115.976,0.106],[115.902,0.123],[115.827,0.219],[115.767,0.227],[115.782,0.285],[115.689,0.33]]]]}},{"type":"Feature","properties":{"nama":"Kutai Kartanegara","prov":"64"},"geometry":{"type":"MultiPolygon","coordinates":[[[[115.976,1.53],[115.854,1.434],[115.765,1.259],[115.659,1.29],[115.428,1.223],[115.421,1.14],[115.371,1.07],[115.3,1.061],[115.232,0.964],[115.308,0.897],[115.283,0.813],[115.319,0.828],[115.382,0.809],[115.392,0.771],[115.496,0.763],[115.595,0.636],[115.652,0.621],[115.674,0.581],[115.648,0.54],[115.735,0.519],[115.768,0.405],[115.675,0.335],[115.782,0.285],[115.765,0.23],[115.827,0.219],[115.902,0.123],[115.976,0.106],[115.989,0.021],[115.948,-0.019],[115.971,-0.084],[116.066,-0.168],[116.161,-0.178],[116.165,-0.214],[116.306,-0.33],[116.323,-0.39],[116.233,-0.408],[116.266,-0.45],[116.251,-0.486],[116.32,-0.534],[116.455,-0.735],[116.522,-0.753],[116.491,-0.807],[116.501,-0.858],[116.555,-0.81],[116.602,-0.883],[116.684,-0.798],[116.735,-0.826],[116.825,-0.81],[116.884,-0.851],[116.887,-0.891],[116.945,-0.88],[116.931,-0.952],[116.839,-1.047],[116.902,-1.063],[116.945,-1.126],[117.023,-1.141],[117.17,-0.953],[117.249,-0.907],[117.303,-0.679],[117.273,-0.596],[117.162,-0.716],[117.126,-0.665],[117.145,-0.621],[117.091,-0.577],[117.07,-0.591],[117.054,-0.551],[117.066,-0.44],[117.128,-0.408],[117.143,-0.32],[117.226,-0.314],[117.234,-0.357],[117.298,-0.383],[117.262,-0.438],[117.268,-0.56],[117.236,-0.576],[117.35,-0.579],[117.412,-0.539],[117.455,-0.455],[117.429,-0.397],[117.465,-0.371],[117.417,-0.223],[117.518,-0.031],[117.517,0.022],[117.284,0.034],[117.21,0.083],[117.173,0.151],[117.177,0.274],[117.215,0.35],[117.144,0.371],[116.993,0.583],[116.94,0.54],[116.938,0.435],[116.874,0.39],[116.826,0.236],[116.653,0.184],[116.469,0.184],[116.471,0.309],[116.288,0.465],[116.224,0.71],[116.142,0.723],[116.147,0.75],[116.076,0.809],[116.011,0.771],[115.968,0.821],[116.068,0.902],[116.029,0.971],[116.074,1.024],[116.03,1.169],[116.148,1.295],[116.175,1.381],[116.141,1.414],[116.153,1.49],[115.976,1.53]]],[[[117.307,-0.616],[117.334,-0.757],[117.441,-0.893],[117.372,-0.778],[117.378,-0.694],[117.307,-0.616]]],[[[117.618,-0.416],[117.498,-0.471],[117.418,-0.561],[117.51,-0.506],[117.472,-0.521],[117.485,-0.5],[117.604,-0.477],[117.618,-0.416]]],[[[117.307,-0.578],[117.285,-0.583],[117.326,-0.63],[117.368,-0.653],[117.371,-0.605],[117.47,-0.68],[117.459,-0.635],[117.307,-0.578]]],[[[117.461,-0.703],[117.445,-0.74],[117.522,-0.776],[117.615,-0.768],[117.605,-0.727],[117.515,-0.736],[117.461,-0.703]]],[[[117.524,-0.351],[117.443,-0.5],[117.54,-0.377],[117.524,-0.351]]],[[[117.303,-0.696],[117.293,-0.798],[117.309,-0.84],[117.339,-0.837],[117.303,-0.696]]],[[[117.475,-0.556],[117.373,-0.591],[117.426,-0.583],[117.47,-0.624],[117.464,-0.595],[117.509,-0.575],[117.475,-0.556]]],[[[117.339,-0.782],[117.347,-0.835],[117.311,-0.856],[117.337,-0.911],[117.374,-0.839],[117.339,-0.782]]],[[[117.489,-0.329],[117.426,-0.433],[117.452,-0.44],[117.489,-0.329]]],[[[117.556,-0.508],[117.489,-0.561],[117.514,-0.602],[117.578,-0.578],[117.588,-0.517],[117.564,-0.536],[117.556,-0.508]]],[[[117.5,-0.614],[117.47,-0.62],[117.527,-0.654],[117.562,-0.649],[117.566,-0.621],[117.5,-0.614]]],[[[117.387,-0.74],[117.374,-0.778],[117.417,-0.836],[117.434,-0.788],[117.387,-0.74]]],[[[117.533,-0.403],[117.501,-0.403],[117.45,-0.498],[117.533,-0.403]]],[[[117.454,-0.682],[117.385,-0.681],[117.439,-0.731],[117.423,-0.69],[117.471,-0.707],[117.454,-0.682]]],[[[117.472,-0.746],[117.507,-0.805],[117.554,-0.802],[117.472,-0.746]]],[[[117.33,-0.635],[117.329,-0.668],[117.381,-0.704],[117.33,-0.635]]],[[[117.441,-0.78],[117.406,-0.753],[117.412,-0.785],[117.465,-0.821],[117.441,-0.78]]],[[[117.504,-0.527],[117.439,-0.562],[117.488,-0.562],[117.504,-0.527]]],[[[117.364,-0.646],[117.37517049576783,-0.6604135429262395],[117.372,-0.66],[117.393,-0.672],[117.401,-0.644],[117.426,-0.681],[117.412,-0.638],[117.364,-0.646]]],[[[117.272,-0.827],[117.263,-0.845],[117.276,-0.888],[117.272,-0.827]]],[[[117.482,-0.772],[117.437,-0.746],[117.492,-0.802],[117.482,-0.772]]],[[[117.509,-0.666],[117.485,-0.65],[117.473,-0.685],[117.528,-0.69],[117.509,-0.666]]],[[[117.491,-0.628],[117.459,-0.631],[117.478,-0.665],[117.51,-0.663],[117.491,-0.628]]],[[[117.433,-0.587],[117.4,-0.605],[117.438,-0.631],[117.433,-0.587]]],[[[117.532,-0.526],[117.541,-0.505],[117.501,-0.523],[117.532,-0.526]]],[[[117.51,-0.35],[117.498,-0.351],[117.486,-0.387],[117.51,-0.35]]],[[[117.262,-0.862],[117.26,-0.85],[117.262,-0.886],[117.262,-0.862]]],[[[117.276,-0.81],[117.269,-0.844],[117.286,-0.828],[117.276,-0.81]]],[[[117.426,-0.862],[117.416,-0.872],[117.435,-0.892],[117.426,-0.862]]]]}},{"type":"Feature","properties":{"nama":"Kutai Timur","prov":"64"},"geometry":{"type":"MultiPolygon","coordinates":[[[[116.294,1.866],[116.184,1.841],[116.134,1.668],[116.069,1.649],[116.008,1.526],[116.153,1.49],[116.141,1.414],[116.175,1.381],[116.148,1.295],[116.03,1.169],[116.074,1.024],[116.029,0.971],[116.068,0.902],[115.968,0.821],[116.011,0.771],[116.076,0.809],[116.147,0.75],[116.142,0.723],[116.224,0.71],[116.288,0.465],[116.471,0.309],[116.469,0.184],[116.653,0.184],[116.826,0.236],[116.874,0.39],[116.938,0.435],[116.94,0.54],[116.993,0.583],[117.144,0.371],[117.215,0.35],[117.177,0.274],[117.173,0.151],[117.21,0.083],[117.272,0.037],[117.337,0.051],[117.388,0.023],[117.469,0.199],[117.528,0.22],[117.553,0.422],[117.584,0.405],[117.61,0.429],[117.605,0.487],[117.669,0.61],[117.71,0.627],[117.711,0.697],[117.752,0.756],[117.914,0.837],[117.971,0.774],[118.029,0.78],[117.973,0.979],[117.884,1.089],[117.899,1.126],[117.981,1.068],[118.009,0.96],[118.057,0.94],[118.064,0.903],[118.321,0.85],[118.368,0.806],[118.442,0.845],[118.59,0.81],[118.672,0.858],[118.708,0.814],[118.795,0.802],[118.987,0.986],[118.953,1.052],[118.856,0.985],[118.787,0.996],[118.751,1.109],[118.602,1.112],[118.573,1.233],[118.495,1.288],[118.381,1.262],[118.349,1.285],[118.31,1.178],[118.039,1.162],[117.907,1.342],[117.837,1.366],[117.865,1.439],[117.82,1.598],[117.725,1.695],[117.664,1.671],[117.642,1.59],[117.549,1.598],[117.495,1.501],[117.394,1.591],[117.334,1.451],[117.28,1.446],[117.241,1.382],[117.212,1.41],[117.189,1.379],[117.136,1.382],[117.009,1.411],[116.985,1.522],[116.902,1.609],[116.893,1.676],[116.76,1.694],[116.659,1.643],[116.528,1.724],[116.461,1.725],[116.44,1.748],[116.489,1.786],[116.416,1.823],[116.35,1.779],[116.294,1.866]]],[[[118.002,0.933],[117.992,0.925],[118.003,0.9],[118.002,0.933]]],[[[118.011,0.745],[117.998,0.733],[118.013,0.713],[118.011,0.745]]]]}},{"type":"Feature","properties":{"nama":"Lamandau","prov":"62"},"geometry":{"type":"MultiPolygon","coordinates":[[[[111.446,-1.245],[111.391,-1.253],[111.327,-1.367],[111.254,-1.438],[111.204,-1.443],[111.2,-1.475],[111.156,-1.432],[111.08,-1.525],[111.006,-1.504],[110.863,-1.629],[110.917,-1.693],[110.94,-1.657],[110.994,-1.65],[110.985,-1.689],[111.026,-1.72],[111.014,-1.782],[110.95,-1.852],[110.989,-1.955],[111.087,-1.966],[111.087,-2.041],[111.157,-2.016],[111.205,-2.064],[111.268,-2.073],[111.265,-2.14],[111.356,-2.152],[111.358,-2.215],[111.389,-2.215],[111.382,-2.282],[111.419,-2.306],[111.585,-2.307],[111.603,-2.202],[111.66,-2.181],[111.649,-2.15],[111.681,-2.121],[111.745,-2.122],[111.739,-2.08],[111.822,-1.999],[111.835,-1.844],[111.811,-1.813],[111.846,-1.728],[111.788,-1.654],[111.818,-1.601],[111.75,-1.483],[111.61,-1.392],[111.577,-1.314],[111.504,-1.253],[111.446,-1.245]]]]}},{"type":"Feature","properties":{"nama":"Landak","prov":"61"},"geometry":{"type":"MultiPolygon","coordinates":[[[[110.135,1.02],[109.942,1.031],[109.932,0.949],[109.867,0.867],[109.769,0.832],[109.693,0.848],[109.661,0.753],[109.565,0.712],[109.521,0.705],[109.477,0.771],[109.412,0.736],[109.349,0.776],[109.315,0.727],[109.274,0.72],[109.263,0.753],[109.22,0.702],[109.173,0.701],[109.167,0.667],[109.251,0.668],[109.284,0.627],[109.208,0.465],[109.271,0.456],[109.322,0.376],[109.207,0.323],[109.179,0.246],[109.32,0.246],[109.368,0.197],[109.436,0.23],[109.489,0.215],[109.522,0.038],[109.505,-0.032],[109.581,-0.005],[109.573,0.038],[109.656,0.035],[109.7,0.098],[109.731,0.076],[109.91,0.084],[110.025,0.14],[110.049,0.211],[110.117,0.207],[110.159,0.379],[110.21,0.411],[110.164,0.458],[110.199,0.526],[110.255,0.551],[110.22,0.602],[110.24,0.727],[110.179,0.807],[110.259,0.871],[110.217,0.918],[110.224,0.981],[110.135,1.02]]]]}},{"type":"Feature","properties":{"nama":"Mahakam Ulu","prov":"64"},"geometry":{"type":"MultiPolygon","coordinates":[[[[114.562,1.434],[114.405,1.523],[114.158,1.378],[114.171,1.265],[114.127,1.154],[113.989,1.139],[113.948,1.06],[113.89,1.048],[113.914,0.973],[113.871,0.889],[113.927,0.841],[113.873,0.783],[113.895,0.726],[113.835,0.671],[114.004,0.641],[114.123,0.695],[114.178,0.637],[114.147,0.586],[114.195,0.582],[114.203,0.54],[114.364,0.53],[114.371,0.559],[114.525,0.563],[114.546,0.631],[114.598,0.632],[114.662,0.703],[114.83,0.755],[114.872,0.741],[114.909,0.791],[114.943,0.773],[114.986,0.732],[115.077,0.47],[115.137,0.426],[115.129,0.374],[115.048,0.298],[115.023,0.33],[114.903,0.318],[114.82,0.237],[114.83,0.192],[114.763,0.146],[114.771,0.12],[114.707,0.084],[114.837,-0.046],[114.876,-0.015],[114.898,-0.032],[114.92,-0.233],[114.996,-0.273],[115.039,-0.24],[115.02,-0.212],[115.06,-0.152],[115.15,-0.139],[115.165,-0.088],[115.292,-0.05],[115.395,0.058],[115.509,0.062],[115.581,0.145],[115.677,0.162],[115.714,0.271],[115.685,0.281],[115.672,0.343],[115.768,0.405],[115.754,0.485],[115.701,0.544],[115.648,0.54],[115.674,0.581],[115.652,0.621],[115.595,0.636],[115.519,0.748],[115.392,0.771],[115.382,0.809],[115.319,0.828],[115.284,0.81],[115.308,0.895],[115.232,0.962],[115.254,1.023],[115.367,1.067],[115.418,1.152],[115.368,1.114],[115.28,1.135],[115.247,1.181],[115.115,1.181],[115.098,1.25],[115.045,1.268],[115.017,1.348],[114.908,1.418],[114.802,1.383],[114.723,1.313],[114.69,1.36],[114.572,1.389],[114.562,1.434]]]]}},{"type":"Feature","properties":{"nama":"Malinau","prov":"65"},"geometry":{"type":"MultiPolygon","coordinates":[[[[116.134,4.121],[116.033,4.081],[115.96,4.106],[116.021,4.009],[116.008,3.94],[115.914,3.878],[115.908,3.844],[115.948,3.776],[115.911,3.695],[115.973,3.563],[115.964,3.519],[115.939,3.527],[115.878,3.458],[115.814,3.5],[115.696,3.407],[115.658,3.44],[115.624,3.408],[115.585,3.449],[115.516,3.224],[115.563,3.15],[115.514,3.109],[115.498,3.028],[115.331,2.975],[115.285,3.048],[115.25,2.966],[115.164,2.927],[115.152,2.871],[115.091,2.824],[115.154,2.79],[115.1,2.717],[115.122,2.651],[115.092,2.606],[115.116,2.583],[115.178,2.611],[115.251,2.541],[115.243,2.499],[115.144,2.476],[115.1,2.405],[115.053,2.406],[114.998,2.349],[114.961,2.365],[114.967,2.289],[114.917,2.255],[114.816,2.264],[114.787,2.2],[114.741,2.191],[114.74,2.132],[114.82,2.13],[114.809,2.025],[114.859,2.044],[114.888,2.023],[114.851,1.962],[114.882,1.914],[114.82,1.893],[114.794,1.849],[114.718,1.857],[114.694,1.81],[114.709,1.638],[114.611,1.575],[114.616,1.516],[114.565,1.426],[114.617,1.363],[114.69,1.36],[114.728,1.313],[114.802,1.383],[114.908,1.418],[115.017,1.348],[115.045,1.268],[115.098,1.25],[115.115,1.181],[115.247,1.181],[115.28,1.135],[115.368,1.114],[115.418,1.152],[115.428,1.223],[115.488,1.253],[115.659,1.29],[115.773,1.264],[115.854,1.434],[115.957,1.491],[115.973,1.531],[116.007,1.525],[116.069,1.649],[116.134,1.668],[116.195,1.986],[116.231,2.013],[116.223,2.1],[116.126,2.165],[116.056,2.145],[115.989,2.262],[116.035,2.256],[116.123,2.394],[116.178,2.405],[116.229,2.483],[116.271,2.485],[116.31,2.574],[116.292,2.632],[116.436,2.812],[116.584,2.89],[116.663,3.007],[116.745,3.041],[116.741,3.171],[116.768,3.164],[116.794,3.235],[116.782,3.292],[116.71,3.354],[116.676,3.518],[116.738,3.606],[116.714,3.639],[116.743,3.681],[116.696,3.702],[116.643,3.798],[116.407,3.896],[116.391,3.992],[116.323,4.066],[116.253,4.043],[116.134,4.121]]],[[[114.563,1.432],[114.563,1.433],[114.562,1.434],[114.563,1.432]]]]}},{"type":"Feature","properties":{"nama":"Melawi","prov":"61"},"geometry":{"type":"MultiPolygon","coordinates":[[[[112.463,-0.669],[112.413,-0.621],[112.437,-0.431],[112.364,-0.347],[112.411,-0.182],[112.228,-0.243],[112.151,-0.309],[112.037,-0.204],[111.977,-0.218],[111.932,-0.186],[111.893,-0.213],[111.86,-0.19],[111.815,-0.216],[111.693,-0.129],[111.542,-0.235],[111.498,-0.234],[111.495,-0.322],[111.467,-0.347],[111.368,-0.359],[111.185,-0.51],[111.24,-0.592],[111.215,-0.647],[111.244,-0.735],[111.207,-0.782],[111.215,-0.856],[111.176,-0.832],[111.152,-0.865],[111.167,-0.911],[111.114,-0.952],[111.151,-0.965],[111.145,-1.007],[111.24,-1.057],[111.255,-1.25],[111.316,-1.257],[111.342,-1.32],[111.384,-1.296],[111.391,-1.253],[111.424,-1.267],[111.555,-1.202],[111.578,-1.169],[111.544,-1.098],[111.571,-1.058],[111.616,-1.056],[111.64,-0.968],[111.748,-0.912],[111.838,-0.906],[111.917,-0.841],[111.923,-0.793],[111.977,-0.813],[112.055,-0.771],[112.085,-0.7],[112.175,-0.726],[112.176,-0.644],[112.212,-0.613],[112.26,-0.632],[112.315,-0.723],[112.463,-0.669]]]]}},{"type":"Feature","properties":{"nama":"Mempawah","prov":"61"},"geometry":{"type":"MultiPolygon","coordinates":[[[[109.152,0.681],[109.083,0.591],[108.999,0.543],[108.955,0.529],[108.927,0.562],[108.909,0.484],[108.946,0.405],[108.913,0.34],[109.101,0.237],[109.194,0.061],[109.178,0.034],[109.287,0.006],[109.309,0.038],[109.37,0.022],[109.353,0.216],[109.32,0.246],[109.253,0.228],[109.173,0.264],[109.207,0.323],[109.322,0.376],[109.271,0.456],[109.208,0.465],[109.276,0.644],[109.152,0.681]]],[[[108.861,0.514],[108.838,0.5],[108.858,0.476],[108.861,0.514]]]]}},{"type":"Feature","properties":{"nama":"Murung Raya","prov":"62"},"geometry":{"type":"MultiPolygon","coordinates":[[[[115.013,-0.266],[114.971,-0.273],[114.92,-0.233],[114.898,-0.032],[114.876,-0.015],[114.837,-0.046],[114.707,0.084],[114.771,0.12],[114.763,0.146],[114.83,0.192],[114.82,0.237],[114.903,0.318],[115.023,0.33],[115.048,0.298],[115.129,0.374],[115.137,0.426],[115.077,0.47],[114.986,0.732],[114.912,0.791],[114.872,0.741],[114.83,0.755],[114.66,0.702],[114.598,0.632],[114.546,0.631],[114.525,0.563],[114.371,0.559],[114.364,0.53],[114.203,0.54],[114.195,0.582],[114.147,0.586],[114.178,0.637],[114.123,0.695],[114.004,0.641],[113.846,0.66],[113.826,0.579],[113.798,0.595],[113.664,0.495],[113.655,0.44],[113.582,0.398],[113.587,0.362],[113.544,0.325],[113.442,0.26],[113.359,0.276],[113.262,0.23],[113.414,0.116],[113.396,0.034],[113.433,0.009],[113.416,-0.048],[113.444,-0.061],[113.423,-0.11],[113.33,-0.152],[113.292,-0.206],[113.305,-0.254],[113.22,-0.334],[113.239,-0.378],[113.333,-0.396],[113.444,-0.291],[113.492,-0.313],[113.468,-0.381],[113.582,-0.391],[113.632,-0.345],[113.722,-0.386],[113.76,-0.482],[113.852,-0.445],[113.922,-0.467],[113.938,-0.395],[113.987,-0.383],[114.015,-0.479],[114.078,-0.552],[114.063,-0.577],[114.153,-0.796],[114.219,-0.809],[114.234,-0.86],[114.468,-0.834],[114.653,-0.86],[114.737,-0.768],[114.873,-0.713],[115.019,-0.501],[115.008,-0.364],[115.039,-0.338],[115.013,-0.266]]]]}},{"type":"Feature","properties":{"nama":"Nunukan","prov":"65"},"geometry":{"type":"MultiPolygon","coordinates":[[[[116.569,4.409],[116.537,4.321],[116.489,4.335],[116.441,4.288],[116.354,4.389],[116.279,4.36],[116.167,4.391],[116.155,4.339],[116.111,4.332],[116.073,4.277],[116.003,4.348],[115.929,4.353],[115.879,4.392],[115.875,4.291],[115.825,4.263],[115.829,4.235],[115.766,4.245],[115.728,4.189],[115.703,4.195],[115.64,3.962],[115.558,3.918],[115.618,3.868],[115.577,3.747],[115.578,3.599],[115.687,3.409],[115.802,3.467],[115.814,3.5],[115.878,3.458],[115.971,3.529],[115.913,3.683],[115.948,3.776],[115.908,3.844],[116.016,3.963],[115.965,4.118],[116.033,4.081],[116.132,4.122],[116.272,4.04],[116.323,4.066],[116.391,3.992],[116.407,3.896],[116.643,3.798],[116.731,3.683],[116.833,3.694],[116.944,3.75],[117.043,3.735],[117.221,3.769],[117.249,3.731],[117.436,3.69],[117.49,3.722],[117.488,3.769],[117.596,3.796],[117.601,3.774],[117.792,3.759],[117.695,3.867],[117.597,3.877],[117.533,3.925],[117.487,3.915],[117.44,4.004],[117.366,4.014],[117.383,4.037],[117.438,4.013],[117.474,4.071],[117.418,4.094],[117.395,4.145],[117.518,4.099],[117.593,4.172],[117.458,4.178],[117.412,4.25],[117.296,4.31],[117.248,4.374],[117.2,4.335],[117.043,4.347],[117.021,4.319],[116.911,4.369],[116.835,4.326],[116.752,4.391],[116.703,4.334],[116.631,4.336],[116.569,4.409]]],[[[117.748,4.167],[117.683,4.167],[117.861,4.029],[117.926,4.061],[117.902,4.166],[117.748,4.167]]],[[[117.522,4.032],[117.496,4.053],[117.443,4.006],[117.46,3.932],[117.55,3.925],[117.602,3.883],[117.682,3.887],[117.683,3.914],[117.598,3.934],[117.522,4.032]]],[[[117.66,4.147],[117.589,4.079],[117.603,4.011],[117.672,3.966],[117.726,3.986],[117.754,4.061],[117.66,4.147]]],[[[117.735,3.873],[117.71,3.861],[117.741,3.808],[117.833,3.786],[117.735,3.873]]],[[[117.554,4.099],[117.588,4.142],[117.546,4.133],[117.554,4.099]]],[[[117.799,3.782],[117.78,3.772],[117.816,3.758],[117.799,3.782]]]]}},{"type":"Feature","properties":{"nama":"Paser","prov":"64"},"geometry":{"type":"MultiPolygon","coordinates":[[[[116.393,-0.973],[116.212,-1.104],[115.985,-1.082],[115.922,-1.154],[115.895,-1.105],[115.843,-1.11],[115.849,-1.172],[115.777,-1.231],[115.689,-1.449],[115.621,-1.477],[115.621,-1.515],[115.656,-1.513],[115.629,-1.562],[115.677,-1.656],[115.665,-1.707],[115.707,-1.733],[115.68,-1.793],[115.728,-1.799],[115.695,-2.041],[115.813,-2.07],[115.785,-2.215],[115.833,-2.296],[115.836,-2.39],[115.926,-2.325],[116.033,-2.307],[116.114,-2.338],[116.163,-2.307],[116.559,-2.405],[116.586,-2.17],[116.552,-2.209],[116.553,-2.174],[116.515,-2.166],[116.401,-2.214],[116.392,-2.117],[116.36,-2.111],[116.46,-2.056],[116.456,-1.915],[116.417,-1.867],[116.449,-1.771],[116.245,-1.803],[116.318,-1.695],[116.56,-1.597],[116.375,-1.525],[116.336,-1.284],[116.376,-1.132],[116.454,-1.043],[116.442,-0.97],[116.393,-0.973]]],[[[116.513,-2.122],[116.393,-2.127],[116.387,-2.187],[116.406,-2.205],[116.522,-2.157],[116.513,-2.122]]]]}},{"type":"Feature","properties":{"nama":"Pulang Pisau","prov":"62"},"geometry":{"type":"MultiPolygon","coordinates":[[[[113.983,-1.532],[113.865,-1.527],[113.844,-1.583],[113.798,-1.604],[113.832,-1.806],[113.826,-2.011],[113.936,-2.163],[114.108,-2.188],[114.025,-2.404],[113.762,-2.402],[113.751,-2.522],[113.584,-2.738],[113.715,-3.012],[113.601,-3.167],[113.632,-3.321],[113.581,-3.442],[113.63,-3.465],[113.821,-3.45],[114.039,-3.35],[114.054,-3.311],[114.152,-3.384],[114.172,-3.334],[114.147,-3.187],[114.226,-3.192],[114.281,-3.044],[114.212,-2.937],[114.349,-2.744],[114.325,-2.373],[114.262,-2.378],[114.262,-2.232],[114.184,-2.189],[114.171,-2.09],[114.006,-1.86],[113.974,-1.734],[114.031,-1.587],[113.983,-1.532]]]]}},{"type":"Feature","properties":{"nama":"Sambas","prov":"61"},"geometry":{"type":"MultiPolygon","coordinates":[[[[109.633,2.032],[109.645,2.082],[109.585,1.99],[109.337,1.943],[109.337,1.833],[109.255,1.664],[109.055,1.518],[109.043,1.356],[108.964,1.218],[108.979,1.185],[108.903,1.168],[108.979,0.997],[109.093,0.99],[109.129,1.018],[109.19,0.959],[109.242,1.019],[109.378,0.998],[109.425,1.045],[109.503,1.023],[109.562,1.189],[109.621,1.241],[109.616,1.363],[109.577,1.381],[109.754,1.527],[109.662,1.617],[109.686,1.782],[109.586,1.792],[109.539,1.912],[109.553,1.966],[109.62,1.983],[109.633,2.032]]],[[[108.982,1.27],[108.98,1.269],[108.981,1.268],[108.982,1.27]]]]}},{"type":"Feature","properties":{"nama":"Sanggau","prov":"61"},"geometry":{"type":"MultiPolygon","coordinates":[[[[110.803,0.901],[110.772,0.932],[110.695,0.864],[110.652,0.903],[110.575,0.854],[110.491,0.877],[110.405,0.953],[110.396,0.998],[110.276,0.997],[110.286,1.045],[110.241,1.118],[110.211,1.119],[110.191,1.185],[110.132,1.199],[110.106,1.17],[110.134,1.007],[110.224,0.981],[110.217,0.918],[110.259,0.871],[110.179,0.807],[110.24,0.727],[110.22,0.602],[110.255,0.551],[110.199,0.526],[110.164,0.458],[110.21,0.411],[110.159,0.379],[110.117,0.207],[110.049,0.211],[110.025,0.14],[109.876,0.077],[109.886,0.041],[109.843,0.003],[109.905,-0.137],[109.948,-0.141],[109.971,-0.282],[109.925,-0.392],[109.972,-0.435],[109.946,-0.444],[109.966,-0.497],[110.052,-0.387],[110.108,-0.429],[110.197,-0.417],[110.303,-0.452],[110.321,-0.41],[110.429,-0.384],[110.441,-0.336],[110.568,-0.348],[110.56,-0.259],[110.63,-0.203],[110.597,-0.157],[110.747,-0.162],[110.714,-0.083],[110.725,-0.004],[110.766,0.089],[110.843,0.096],[110.901,0.168],[110.911,0.222],[110.888,0.233],[110.959,0.373],[110.943,0.462],[111,0.558],[111.013,0.659],[110.989,0.705],[111.012,0.739],[110.904,0.713],[110.792,0.792],[110.759,0.842],[110.803,0.901]]]]}},{"type":"Feature","properties":{"nama":"Sekadau","prov":"61"},"geometry":{"type":"MultiPolygon","coordinates":[[[[111.095,-0.504],[110.992,-0.327],[111.082,-0.261],[111.088,-0.145],[111.134,-0.111],[111.123,0.085],[111.157,0.102],[111.217,0.063],[111.269,0.171],[111.26,0.295],[111.208,0.369],[111.296,0.507],[111.272,0.578],[111.212,0.598],[111.199,0.685],[111.012,0.739],[110.989,0.705],[111.012,0.669],[111,0.558],[110.943,0.462],[110.959,0.373],[110.888,0.233],[110.911,0.222],[110.901,0.168],[110.843,0.096],[110.764,0.086],[110.715,-0.049],[110.747,-0.162],[110.597,-0.157],[110.63,-0.203],[110.56,-0.259],[110.553,-0.326],[110.618,-0.443],[110.617,-0.565],[110.675,-0.617],[110.824,-0.6],[110.871,-0.673],[110.93,-0.678],[110.97,-0.626],[110.928,-0.558],[110.966,-0.481],[111.095,-0.504]]]]}},{"type":"Feature","properties":{"nama":"Seruyan","prov":"62"},"geometry":{"type":"MultiPolygon","coordinates":[[[[112.175,-0.726],[112.085,-0.7],[112.055,-0.771],[111.977,-0.813],[111.923,-0.793],[111.917,-0.841],[111.838,-0.906],[111.748,-0.912],[111.64,-0.968],[111.616,-1.056],[111.571,-1.058],[111.544,-1.098],[111.569,-1.185],[111.446,-1.245],[111.577,-1.314],[111.645,-1.419],[111.872,-1.544],[111.955,-1.75],[111.937,-1.869],[112.074,-1.972],[112.018,-2.125],[112.073,-2.347],[112.04,-2.345],[112.061,-2.428],[112.011,-2.462],[112.062,-2.649],[112.042,-2.688],[112.14,-2.803],[112.097,-3.054],[112.131,-3.159],[111.795,-3.526],[111.853,-3.541],[111.907,-3.538],[112.256,-3.314],[112.381,-3.332],[112.563,-3.447],[112.817,-3.299],[112.844,-2.846],[112.745,-2.755],[112.636,-2.729],[112.604,-2.667],[112.512,-2.629],[112.495,-2.545],[112.525,-2.545],[112.451,-2.491],[112.408,-2.267],[112.374,-2.267],[112.374,-2.197],[112.314,-2.156],[112.306,-2.062],[112.341,-2.013],[112.313,-1.984],[112.345,-1.927],[112.252,-1.86],[112.067,-1.595],[112.133,-1.412],[112.126,-1.233],[112.096,-1.211],[112.16,-1.044],[112.1,-1.021],[112.113,-0.93],[112.172,-0.866],[112.147,-0.83],[112.194,-0.765],[112.175,-0.726]]]]}},{"type":"Feature","properties":{"nama":"Sintang","prov":"61"},"geometry":{"type":"MultiPolygon","coordinates":[[[[111.529,0.954],[111.489,1.035],[111.413,1.008],[111.232,1.086],[110.905,1.029],[110.861,0.951],[110.809,0.95],[110.816,0.905],[110.76,0.851],[110.792,0.792],[110.869,0.755],[110.858,0.728],[110.904,0.713],[110.997,0.746],[111.187,0.693],[111.212,0.598],[111.29,0.545],[111.294,0.5],[111.208,0.369],[111.26,0.295],[111.269,0.171],[111.217,0.063],[111.157,0.102],[111.123,0.085],[111.134,-0.111],[111.088,-0.145],[111.082,-0.261],[110.992,-0.327],[111.096,-0.505],[111.203,-0.511],[111.368,-0.359],[111.467,-0.347],[111.495,-0.322],[111.498,-0.234],[111.542,-0.235],[111.702,-0.127],[111.725,-0.175],[111.785,-0.18],[111.815,-0.216],[111.86,-0.19],[111.893,-0.213],[111.932,-0.186],[111.977,-0.218],[112.037,-0.204],[112.151,-0.309],[112.228,-0.243],[112.411,-0.182],[112.364,-0.347],[112.437,-0.431],[112.414,-0.628],[112.503,-0.7],[112.688,-0.659],[112.704,-0.62],[112.735,-0.631],[112.745,-0.572],[112.832,-0.578],[112.992,-0.493],[113.055,-0.514],[113.131,-0.452],[113.226,-0.498],[113.271,-0.426],[113.221,-0.333],[113.305,-0.254],[113.291,-0.209],[113.33,-0.152],[113.423,-0.11],[113.443,-0.064],[113.416,-0.048],[113.433,0.009],[113.396,0.034],[113.4,0.135],[113.262,0.23],[113.179,0.243],[113.123,0.212],[113.055,0.292],[112.966,0.214],[112.948,0.147],[112.824,0.162],[112.753,0.234],[112.672,0.242],[112.629,0.207],[112.648,0.167],[112.569,0.204],[112.512,0.184],[112.506,0.105],[112.396,0.147],[112.393,0.095],[112.291,0.083],[112.218,0.115],[112.139,0.066],[112.049,0.134],[112.059,0.18],[111.867,0.183],[111.841,0.228],[111.721,0.25],[111.667,0.291],[111.681,0.321],[111.645,0.359],[111.686,0.378],[111.725,0.459],[111.721,0.571],[111.687,0.628],[111.745,0.758],[111.644,0.861],[111.626,0.923],[111.561,0.921],[111.529,0.954]]]]}},{"type":"Feature","properties":{"nama":"Sukamara","prov":"62"},"geometry":{"type":"MultiPolygon","coordinates":[[[[111.156,-2.019],[111.058,-2.059],[111.07,-2.114],[111.023,-2.224],[111.116,-2.327],[111.099,-2.466],[111.147,-2.542],[111.132,-2.599],[111.17,-2.707],[111.101,-2.769],[111.012,-2.795],[110.97,-2.856],[110.793,-2.912],[110.733,-2.996],[110.811,-2.979],[110.983,-3.065],[111.134,-3.018],[111.38,-2.877],[111.362,-2.76],[111.398,-2.648],[111.226,-2.562],[111.218,-2.505],[111.287,-2.518],[111.296,-2.408],[111.266,-2.347],[111.382,-2.282],[111.389,-2.215],[111.358,-2.215],[111.355,-2.152],[111.265,-2.14],[111.268,-2.073],[111.156,-2.019]]]]}},{"type":"Feature","properties":{"nama":"Tabalong","prov":"63"},"geometry":{"type":"MultiPolygon","coordinates":[[[[115.695,-2.041],[115.728,-1.799],[115.68,-1.793],[115.707,-1.733],[115.665,-1.707],[115.67,-1.629],[115.636,-1.604],[115.656,-1.513],[115.617,-1.5],[115.689,-1.449],[115.759,-1.313],[115.626,-1.351],[115.513,-1.452],[115.471,-1.43],[115.434,-1.452],[115.435,-1.496],[115.359,-1.588],[115.374,-1.653],[115.3,-1.824],[115.32,-1.892],[115.42,-1.892],[115.443,-1.947],[115.397,-2.013],[115.409,-2.058],[115.364,-2.044],[115.355,-2.094],[115.297,-2.144],[115.29,-2.224],[115.244,-2.192],[115.254,-2.209],[115.126,-2.295],[115.282,-2.36],[115.356,-2.341],[115.36,-2.296],[115.458,-2.272],[115.618,-2.113],[115.644,-2.127],[115.695,-2.041]]]]}},{"type":"Feature","properties":{"nama":"Tana Tidung","prov":"65"},"geometry":{"type":"MultiPolygon","coordinates":[[[[117.238,3.761],[116.944,3.75],[116.833,3.694],[116.759,3.694],[116.715,3.642],[116.738,3.606],[116.698,3.572],[116.712,3.55],[116.677,3.533],[116.705,3.369],[117.048,3.407],[117.116,3.348],[117.173,3.358],[117.247,3.314],[117.289,3.428],[117.41,3.327],[117.414,3.389],[117.358,3.448],[117.212,3.5],[117.193,3.537],[117.221,3.609],[117.132,3.621],[117,3.588],[117.087,3.638],[117.261,3.617],[117.496,3.64],[117.485,3.674],[117.249,3.731],[117.238,3.761]]],[[[117.597,3.78],[117.477,3.756],[117.513,3.682],[117.591,3.628],[117.737,3.632],[117.827,3.705],[117.666,3.786],[117.597,3.78]]],[[[117.248,3.588],[117.201,3.54],[117.231,3.497],[117.483,3.432],[117.518,3.481],[117.371,3.563],[117.248,3.588]]],[[[117.422,3.601],[117.292,3.597],[117.436,3.562],[117.46,3.569],[117.422,3.601]]],[[[117.417,3.421],[117.367,3.441],[117.416,3.391],[117.418,3.34],[117.444,3.399],[117.417,3.421]]],[[[117.482,3.637],[117.43,3.624],[117.496,3.598],[117.518,3.636],[117.482,3.637]]],[[[117.491,3.684],[117.482,3.709],[117.428,3.677],[117.491,3.684]]],[[[117.37,3.623],[117.319,3.614],[117.358,3.614],[117.37,3.623]]]]}},{"type":"Feature","properties":{"nama":"Tanah Bumbu","prov":"63"},"geometry":{"type":"MultiPolygon","coordinates":[[[[115.588,-3.016],[115.518,-3.028],[115.488,-3.096],[115.434,-3.12],[115.415,-3.222],[115.448,-3.241],[115.392,-3.25],[115.429,-3.296],[115.396,-3.362],[115.412,-3.452],[115.305,-3.517],[115.25,-3.591],[115.262,-3.667],[115.324,-3.705],[115.376,-3.861],[115.716,-3.732],[115.834,-3.631],[115.968,-3.61],[116.031,-3.365],[116.085,-3.285],[116.082,-3.257],[115.99,-3.22],[115.947,-3.254],[115.934,-3.152],[115.769,-3.195],[115.704,-3.079],[115.623,-3.069],[115.588,-3.016]]],[[[116.044,-3.357],[116.032,-3.366],[116.027,-3.405],[116.044,-3.357]]],[[[116.027,-3.457],[116.04,-3.42],[116.016,-3.438],[116.027,-3.457]]],[[[116.06,-3.384],[116.071,-3.349],[116.058,-3.354],[116.06,-3.384]]]]}},{"type":"Feature","properties":{"nama":"Tanah Laut","prov":"63"},"geometry":{"type":"MultiPolygon","coordinates":[[[[114.738,-3.511],[114.514,-3.543],[114.572,-3.571],[114.621,-3.672],[114.602,-3.809],[114.628,-4.169],[114.709,-4.169],[115.377,-3.859],[115.324,-3.705],[115.262,-3.667],[115.261,-3.562],[115.042,-3.702],[114.931,-3.729],[114.963,-3.634],[114.894,-3.543],[114.857,-3.569],[114.738,-3.511]]],[[[114.617,-4.062],[114.615,-4.064],[114.618,-4.063],[114.617,-4.062]]]]}},{"type":"Feature","properties":{"nama":"Tapin","prov":"63"},"geometry":{"type":"MultiPolygon","coordinates":[[[[114.865,-2.528],[114.804,-2.742],[114.839,-2.87],[114.799,-2.957],[114.826,-3.013],[115.026,-3.134],[115.025,-3.163],[115.123,-3.196],[115.238,-3.167],[115.242,-3.136],[115.168,-3.115],[115.216,-3.047],[115.323,-2.969],[115.399,-2.996],[115.435,-2.977],[115.505,-2.883],[115.382,-2.882],[115.343,-2.937],[115.266,-2.93],[115.232,-2.868],[115.069,-2.845],[115.074,-2.786],[114.998,-2.757],[114.865,-2.528]]]]}},{"type":"Feature","properties":{"nama":"Sumba Barat Daya","prov":"53"},"geometry":{"type":"MultiPolygon","coordinates":[[[[119.317,-9.368],[119.178,-9.375],[119.031,-9.432],[118.928,-9.558],[119.026,-9.675],[119.118,-9.726],[119.143,-9.729],[119.187,-9.649],[119.228,-9.688],[119.278,-9.684],[119.405,-9.553],[119.367,-9.379],[119.317,-9.368]]]]}},{"type":"Feature","properties":{"nama":"Ende","prov":"53"},"geometry":{"type":"MultiPolygon","coordinates":[[[[122.025,-8.443],[121.8,-8.511],[121.681,-8.512],[121.607,-8.478],[121.612,-8.559],[121.571,-8.53],[121.581,-8.571],[121.526,-8.596],[121.521,-8.635],[121.413,-8.688],[121.414,-8.792],[121.591,-8.804],[121.641,-8.84],[121.644,-8.906],[121.67,-8.848],[121.774,-8.883],[121.995,-8.806],[121.993,-8.754],[121.952,-8.753],[121.927,-8.712],[121.974,-8.655],[122.025,-8.443]]],[[[121.501,-8.565],[121.5,-8.567],[121.502,-8.569],[121.501,-8.565]]]]}},{"type":"Feature","properties":{"nama":"Penajam Paser Utara","prov":"64"},"geometry":{"type":"MultiPolygon","coordinates":[[[[116.709,-0.805],[116.671,-0.805],[116.625,-0.878],[116.57,-0.862],[116.555,-0.81],[116.454,-0.877],[116.48,-0.944],[116.44,-0.959],[116.454,-1.043],[116.376,-1.132],[116.344,-1.245],[116.375,-1.525],[116.521,-1.596],[116.557,-1.587],[116.53,-1.51],[116.545,-1.458],[116.764,-1.358],[116.779,-1.245],[116.742,-1.218],[116.767,-1.187],[116.702,-1.121],[116.72,-1.035],[116.75,-1.005],[116.738,-1.068],[116.765,-1.071],[116.905,-0.985],[116.945,-0.907],[116.945,-0.88],[116.887,-0.891],[116.884,-0.851],[116.825,-0.81],[116.709,-0.805]]],[[[116.726,-1.036],[116.726,-1.067],[116.733,-1.043],[116.726,-1.036]]]]}},{"type":"Feature","properties":{"nama":"Kota Balikpapan","prov":"64"},"geometry":{"type":"MultiPolygon","coordinates":[[[[116.848,-1.014],[116.729,-1.102],[116.78,-1.147],[116.783,-1.212],[116.813,-1.203],[116.811,-1.282],[116.936,-1.252],[117.023,-1.141],[116.945,-1.126],[116.902,-1.063],[116.839,-1.048],[116.848,-1.014]]],[[[116.734,-1.09],[116.736,-1.086],[116.734,-1.089],[116.734,-1.09]]]]}},{"type":"Feature","properties":{"nama":"Banjar","prov":"63"},"geometry":{"type":"MultiPolygon","coordinates":[[[[115.556,-2.831],[115.435,-2.977],[115.399,-2.996],[115.323,-2.969],[115.216,-3.047],[115.168,-3.115],[115.244,-3.156],[115.175,-3.163],[115.166,-3.188],[115.025,-3.163],[115.026,-3.134],[114.828,-3.015],[114.831,-3.094],[114.869,-3.064],[114.869,-3.137],[114.78,-3.23],[114.639,-3.276],[114.657,-3.348],[114.586,-3.382],[114.522,-3.363],[114.513,-3.542],[114.682,-3.518],[114.675,-3.461],[114.719,-3.377],[114.905,-3.454],[114.885,-3.556],[114.963,-3.634],[114.931,-3.729],[115.041,-3.702],[115.111,-3.638],[115.226,-3.599],[115.412,-3.452],[115.396,-3.362],[115.429,-3.296],[115.392,-3.25],[115.437,-3.26],[115.424,-3.142],[115.488,-3.096],[115.596,-2.892],[115.556,-2.831]]]]}},{"type":"Feature","properties":{"nama":"Asmat","prov":"95"},"geometry":{"type":"MultiPolygon","coordinates":[[[[137.878,-4.573],[137.828,-4.541],[137.74,-4.596],[137.784,-4.684],[137.9,-4.764],[137.825,-4.896],[137.851,-4.932],[137.805,-5.002],[137.82,-5.026],[137.745,-5.004],[137.668,-5.028],[137.637,-5.071],[137.664,-5.117],[137.553,-5.169],[137.684,-5.221],[137.753,-5.311],[137.735,-5.372],[137.769,-5.348],[137.813,-5.381],[137.863,-5.35],[138.009,-5.506],[138.134,-5.537],[138.049,-5.581],[138.066,-5.724],[138.093,-5.746],[138.166,-5.724],[138.166,-5.814],[138.277,-5.841],[138.252,-5.917],[138.396,-6.17],[138.422,-6.349],[138.604,-6.524],[138.783,-6.403],[138.872,-6.178],[138.919,-6.153],[138.923,-5.657],[139.093,-5.562],[139.138,-5.646],[139.504,-5.598],[139.493,-5.51],[139.564,-5.415],[139.695,-5.364],[139.764,-5.287],[139.879,-5.282],[139.981,-5.119],[139.987,-5.057],[139.622,-5.059],[139.498,-5.002],[138.888,-4.957],[138.889,-4.922],[138.957,-4.923],[138.997,-4.874],[139.059,-4.867],[138.933,-4.832],[138.99,-4.771],[138.855,-4.702],[138.808,-4.767],[138.808,-4.727],[138.753,-4.709],[138.505,-4.722],[138.459,-4.688],[138.419,-4.714],[138.376,-4.689],[138.373,-4.798],[138.326,-4.667],[138.244,-4.67],[138.193,-4.713],[138.109,-4.575],[138.07,-4.565],[138.029,-4.612],[137.878,-4.573]]],[[[137.515,-5.179],[137.496,-5.186],[137.51,-5.196],[137.515,-5.179]]]]}},{"type":"Feature","properties":{"nama":"Biak Numfor","prov":"94"},"geometry":{"type":"MultiPolygon","coordinates":[[[[135.811,-0.685],[135.736,-0.807],[135.829,-1.031],[135.802,-1.098],[135.858,-1.167],[136.001,-1.142],[136.145,-1.2],[136.382,-1.088],[136.257,-1.017],[136.173,-1.044],[136.091,-0.917],[136.04,-0.896],[136.05,-0.856],[135.811,-0.685]]],[[[134.856,-0.931],[134.792,-0.981],[134.815,-0.98],[134.795,-1.033],[134.857,-1.137],[134.951,-1.128],[134.98,-1.012],[134.923,-1.075],[134.943,-0.97],[134.856,-0.931]]],[[[136.596,-1.271],[136.605,-1.324],[136.611,-1.277],[136.596,-1.271]]],[[[136.326,-1.217],[136.293,-1.238],[136.344,-1.237],[136.326,-1.217]]],[[[136.42,-1.268],[136.41,-1.283],[136.413,-1.308],[136.42,-1.268]]],[[[136.6,-1.19],[136.576,-1.199],[136.591,-1.227],[136.615,-1.219],[136.6,-1.19]]],[[[136.524,-1.228],[136.501,-1.239],[136.536,-1.24],[136.524,-1.228]]],[[[136.222,-1.229],[136.188,-1.248],[136.205,-1.257],[136.222,-1.229]]]]}},{"type":"Feature","properties":{"nama":"Boven Digoel","prov":"95"},"geometry":{"type":"MultiPolygon","coordinates":[[[[141.001,-5.169],[140.823,-5.236],[140.554,-5.256],[140.316,-5.17],[140.269,-5.134],[140.238,-5.047],[139.95,-5.041],[139.888,-5.061],[139.987,-5.057],[139.971,-5.143],[139.88,-5.281],[139.757,-5.294],[139.817,-5.582],[139.713,-5.688],[139.718,-5.738],[139.843,-5.815],[139.863,-6.17],[139.811,-6.215],[139.821,-6.266],[139.708,-6.393],[139.798,-6.498],[140.066,-6.466],[140.076,-6.92],[140.041,-6.975],[140.085,-7.21],[140.102,-7.15],[140.255,-6.981],[140.327,-6.951],[140.361,-6.894],[140.424,-6.884],[140.491,-6.804],[140.491,-6.739],[140.534,-6.712],[140.588,-6.929],[140.551,-6.967],[140.6,-7.005],[140.589,-7.053],[140.685,-7.026],[140.826,-7.044],[140.707,-6.736],[140.719,-6.696],[140.783,-6.687],[140.843,-6.61],[140.904,-6.592],[140.891,-6.562],[140.937,-6.562],[140.921,-6.503],[140.961,-6.486],[140.917,-6.423],[140.954,-6.433],[140.942,-6.413],[140.982,-6.389],[140.942,-6.384],[140.978,-6.365],[140.96,-6.326],[141,-6.322],[141.001,-5.169]]]]}},{"type":"Feature","properties":{"nama":"Deiyai","prov":"96"},"geometry":{"type":"MultiPolygon","coordinates":[[[[136.923,-4.128],[136.778,-4.078],[136.723,-4.091],[136.771,-4.165],[136.698,-4.192],[136.574,-4.148],[136.602,-4.097],[136.509,-4.021],[136.363,-4.005],[136.349,-3.973],[136.315,-3.996],[136.193,-3.982],[136.16,-4.046],[136.088,-4.063],[136.09,-4.155],[136.01,-4.226],[136.003,-4.281],[136.041,-4.332],[136.005,-4.37],[136.078,-4.403],[136.153,-4.343],[136.202,-4.361],[136.253,-4.329],[136.317,-4.346],[136.518,-4.306],[136.6,-4.395],[136.644,-4.377],[136.686,-4.402],[136.739,-4.311],[136.799,-4.303],[136.788,-4.244],[136.928,-4.169],[136.923,-4.128]]]]}},{"type":"Feature","properties":{"nama":"Dogiyai","prov":"96"},"geometry":{"type":"MultiPolygon","coordinates":[[[[136.126,-3.857],[136.103,-3.911],[136.041,-3.854],[136.011,-3.903],[135.954,-3.915],[135.85,-3.892],[135.768,-3.91],[135.697,-3.879],[135.569,-3.947],[135.445,-3.865],[135.412,-3.893],[135.305,-3.86],[135.291,-3.803],[135.242,-3.911],[135.25,-4.006],[135.334,-4.066],[135.084,-4.06],[135.148,-4.077],[135.128,-4.164],[135.179,-4.195],[135.278,-4.167],[135.303,-4.208],[135.358,-4.193],[135.459,-4.251],[135.503,-4.203],[135.599,-4.206],[135.619,-4.233],[135.675,-4.194],[135.711,-4.269],[135.757,-4.282],[136.003,-4.281],[136.01,-4.225],[136.09,-4.155],[136.09,-4.059],[136.16,-4.046],[136.208,-3.958],[136.144,-3.947],[136.126,-3.857]]]]}},{"type":"Feature","properties":{"nama":"Fak Fak","prov":"91"},"geometry":{"type":"MultiPolygon","coordinates":[[[[132.985,-2.579],[132.791,-2.787],[132.733,-2.803],[132.587,-2.692],[132.488,-2.68],[132.467,-2.694],[132.497,-2.712],[132.437,-2.737],[132.421,-2.724],[132.455,-2.707],[132.416,-2.694],[132.439,-2.678],[132.228,-2.654],[132.142,-2.664],[132.112,-2.694],[132.207,-2.702],[132.095,-2.709],[132.106,-2.745],[132.074,-2.725],[131.95,-2.769],[132.071,-2.788],[131.978,-2.83],[132.039,-2.836],[132.029,-2.876],[131.976,-2.879],[131.982,-2.924],[131.988,-2.89],[132.045,-2.923],[132.058,-2.887],[132.087,-2.96],[132.118,-2.948],[132.1,-2.928],[132.154,-2.941],[132.207,-2.905],[132.348,-2.932],[132.35,-2.965],[132.48,-3.035],[132.582,-3.164],[132.645,-3.19],[132.596,-3.229],[132.662,-3.316],[132.729,-3.337],[132.728,-3.279],[132.77,-3.257],[132.844,-3.298],[132.8,-3.36],[132.816,-3.443],[132.852,-3.477],[132.896,-3.462],[132.908,-3.547],[132.94,-3.554],[132.903,-3.574],[132.891,-3.645],[132.726,-3.636],[132.843,-3.925],[132.845,-3.957],[132.812,-3.921],[132.807,-3.941],[132.841,-3.967],[132.874,-3.964],[133.501,-3.096],[133.488,-3.041],[133.416,-3.024],[133.375,-2.974],[133.279,-2.992],[133.157,-2.929],[133.224,-2.849],[133.197,-2.828],[133.213,-2.802],[133.057,-2.718],[133.048,-2.692],[133.084,-2.678],[133.067,-2.637],[132.985,-2.579]]],[[[132.65,-3.4],[132.63,-3.422],[132.718,-3.505],[132.65,-3.4]]],[[[131.667,-2.621],[131.594,-2.648],[131.588,-2.659],[131.667,-2.621]]],[[[132.467,-2.625],[132.461,-2.668],[132.509,-2.654],[132.467,-2.625]]],[[[132.556,-2.641],[132.536,-2.647],[132.575,-2.652],[132.556,-2.641]]],[[[132.132,-2.966],[132.11,-2.971],[132.144,-2.971],[132.132,-2.966]]],[[[131.98,-2.936],[131.998,-2.947],[132.013,-2.946],[131.98,-2.936]]],[[[132.751,-3.443],[132.74,-3.442],[132.747,-3.475],[132.751,-3.443]]],[[[132.562,-3.131],[132.552,-3.144],[132.578,-3.161],[132.562,-3.131]]]]}},{"type":"Feature","properties":{"nama":"Intan Jaya","prov":"96"},"geometry":{"type":"MultiPolygon","coordinates":[[[[136.869,-3.252],[136.826,-3.282],[136.758,-3.276],[136.711,-3.226],[136.567,-3.254],[136.517,-3.184],[136.572,-3.046],[136.463,-3.062],[136.388,-3.009],[136.319,-3.023],[136.321,-3.168],[136.356,-3.187],[136.395,-3.297],[136.369,-3.435],[136.436,-3.557],[136.579,-3.613],[136.584,-3.729],[136.861,-3.827],[136.996,-3.84],[137.022,-3.943],[137.105,-4.037],[137.151,-3.952],[137.215,-3.957],[137.242,-3.929],[137.255,-3.879],[137.208,-3.776],[137.357,-3.592],[137.308,-3.555],[137.287,-3.47],[137.171,-3.551],[137.028,-3.546],[136.945,-3.413],[136.944,-3.339],[136.869,-3.252]]]]}},{"type":"Feature","properties":{"nama":"Jayapura","prov":"94"},"geometry":{"type":"MultiPolygon","coordinates":[[[[140.115,-2.325],[139.999,-2.36],[139.976,-2.443],[139.752,-2.408],[139.783,-2.479],[139.759,-2.529],[139.661,-2.555],[139.583,-2.54],[139.558,-2.608],[139.486,-2.623],[139.417,-2.59],[139.361,-2.672],[139.423,-2.713],[139.426,-2.801],[139.537,-2.818],[139.59,-2.88],[139.521,-2.942],[139.536,-3.072],[139.476,-3.187],[139.513,-3.308],[139.441,-3.437],[139.486,-3.471],[139.472,-3.522],[139.496,-3.487],[139.52,-3.525],[139.518,-3.658],[139.595,-3.727],[139.626,-3.664],[139.704,-3.637],[139.675,-3.532],[139.719,-3.522],[139.737,-3.548],[139.758,-3.51],[139.8,-3.592],[139.864,-3.586],[139.889,-3.644],[139.968,-3.613],[140.005,-3.702],[140.065,-3.649],[140.163,-3.708],[140.275,-3.671],[140.321,-3.754],[140.387,-3.73],[140.342,-3.688],[140.397,-3.63],[140.379,-3.514],[140.337,-3.486],[140.369,-3.469],[140.348,-3.402],[140.37,-3.367],[140.314,-3.292],[140.324,-3.18],[140.407,-3.134],[140.408,-3.082],[140.359,-3.031],[140.412,-3.014],[140.382,-2.942],[140.414,-2.846],[140.375,-2.817],[140.469,-2.753],[140.525,-2.78],[140.623,-2.771],[140.603,-2.516],[140.653,-2.476],[140.613,-2.44],[140.498,-2.444],[140.348,-2.395],[140.372,-2.456],[140.337,-2.465],[140.153,-2.371],[140.152,-2.324],[140.144,-2.349],[140.115,-2.325]]]]}},{"type":"Feature","properties":{"nama":"Jayawijaya","prov":"97"},"geometry":{"type":"MultiPolygon","coordinates":[[[[139.017,-3.864],[138.963,-3.893],[138.905,-3.868],[138.882,-3.792],[138.79,-3.809],[138.675,-3.78],[138.666,-3.752],[138.635,-3.767],[138.659,-3.843],[138.721,-3.882],[138.746,-3.997],[138.683,-4.057],[138.619,-4.38],[138.583,-4.402],[138.626,-4.473],[138.77,-4.474],[138.775,-4.386],[138.739,-4.311],[138.781,-4.22],[138.919,-4.257],[138.926,-4.228],[139.015,-4.191],[139.213,-4.182],[139.187,-3.992],[139.105,-3.934],[139.011,-3.965],[139.017,-3.864]]]]}},{"type":"Feature","properties":{"nama":"Kaimana","prov":"91"},"geometry":{"type":"MultiPolygon","coordinates":[[[[133.993,-2.787],[133.97,-2.813],[133.99,-2.852],[133.961,-2.865],[133.86,-2.788],[133.735,-2.812],[133.712,-2.915],[133.605,-2.973],[133.571,-3.063],[133.5,-3.073],[132.874,-3.964],[132.837,-3.965],[132.918,-4.048],[132.913,-4.085],[133.019,-4.118],[133.07,-4.055],[133.25,-4.073],[133.4,-3.886],[133.458,-3.858],[133.395,-3.749],[133.402,-3.698],[133.581,-3.572],[133.598,-3.529],[133.55,-3.454],[133.478,-3.45],[133.517,-3.435],[133.496,-3.372],[133.541,-3.429],[133.65,-3.395],[133.648,-3.235],[133.672,-3.209],[133.648,-3.123],[133.73,-3.028],[133.793,-3.029],[133.814,-2.906],[133.853,-2.941],[133.858,-3.026],[133.911,-3.113],[133.835,-3.019],[133.827,-3.089],[133.772,-3.114],[133.773,-3.175],[133.699,-3.171],[133.702,-3.209],[133.668,-3.228],[133.7,-3.412],[133.621,-3.476],[133.708,-3.604],[133.69,-3.67],[133.752,-3.646],[133.816,-3.727],[133.784,-3.601],[133.833,-3.555],[133.839,-3.63],[133.934,-3.749],[133.914,-3.785],[133.96,-3.862],[134.041,-3.782],[134.06,-3.822],[134.118,-3.792],[134.098,-3.766],[134.136,-3.741],[134.191,-3.833],[134.105,-3.898],[134.169,-3.89],[134.163,-3.927],[134.25,-3.977],[134.291,-4.048],[134.334,-4.02],[134.269,-3.937],[134.35,-3.966],[134.36,-3.916],[134.333,-3.878],[134.438,-3.918],[134.475,-3.972],[134.446,-3.981],[134.506,-4.044],[134.604,-3.999],[134.676,-3.92],[134.969,-3.951],[134.946,-3.983],[134.869,-3.977],[134.866,-4.004],[134.834,-3.951],[134.769,-3.934],[134.662,-3.982],[134.675,-4.044],[134.725,-4.057],[134.656,-4.073],[134.649,-4.102],[134.654,-4.052],[134.629,-4.118],[134.65908,-4.128340000000001],[134.656,-4.129],[134.701,-4.12],[134.722,-4.195],[134.803,-4.237],[134.883,-4.161],[134.991,-4.136],[135.043,-4.049],[135.271,-4.083],[135.334,-4.066],[135.25,-4.006],[135.242,-3.91],[135.3,-3.819],[135.245,-3.824],[135.148,-3.747],[135.135,-3.683],[135.195,-3.577],[135.139,-3.612],[135.119,-3.579],[135.014,-3.599],[134.918,-3.439],[134.81,-3.369],[134.761,-3.388],[134.715,-3.301],[134.682,-3.296],[134.586,-3.304],[134.624,-3.371],[134.587,-3.423],[134.599,-3.475],[134.502,-3.499],[134.345,-3.47],[134.253,-3.363],[134.261,-3.325],[134.209,-3.257],[134.193,-3.014],[134.141,-3.016],[133.993,-2.787]]],[[[133.334,-4.096],[133.332,-4.182],[133.42,-4.206],[133.46,-4.251],[133.548,-4.234],[133.639,-4.308],[133.554,-4.218],[133.334,-4.096]]],[[[134.096,-3.914],[134.051,-3.922],[134.083,-3.984],[134.204,-4.031],[134.096,-3.914]]],[[[134.377,-3.981],[134.363,-4.033],[134.445,-4.02],[134.377,-3.981]]],[[[133.775,-3.052],[133.76,-3.076],[133.793,-3.109],[133.775,-3.052]]],[[[134.682,-3.937],[134.692,-3.964],[134.738,-3.954],[134.682,-3.937]]],[[[134.025,-3.811],[133.998,-3.852],[134.04,-3.841],[134.025,-3.811]]],[[[133.51,-3.443],[133.487,-3.446],[133.52,-3.448],[133.51,-3.443]]],[[[134.036,-3.848],[134.006,-3.857],[134.026,-3.866],[134.036,-3.848]]]]}},{"type":"Feature","properties":{"nama":"Keerom","prov":"94"},"geometry":{"type":"MultiPolygon","coordinates":[[[[141.003,-2.839],[140.824,-2.711],[140.728,-2.763],[140.526,-2.78],[140.469,-2.753],[140.375,-2.817],[140.414,-2.846],[140.382,-2.942],[140.412,-3.014],[140.359,-3.031],[140.408,-3.082],[140.407,-3.134],[140.324,-3.18],[140.314,-3.292],[140.37,-3.367],[140.348,-3.402],[140.369,-3.469],[140.337,-3.486],[140.379,-3.514],[140.397,-3.629],[140.342,-3.688],[140.403,-3.738],[140.4,-3.814],[140.432,-3.855],[140.405,-3.914],[140.435,-3.912],[140.438,-3.959],[140.471,-3.965],[140.568,-4.116],[140.664,-4.037],[140.719,-4.099],[140.657,-3.972],[140.718,-4.02],[140.812,-4.013],[140.89,-3.961],[140.974,-3.967],[141.001,-4.02],[141.003,-2.839]]]]}},{"type":"Feature","properties":{"nama":"Kepulauan Yapen","prov":"94"},"geometry":{"type":"MultiPolygon","coordinates":[[[[135.473,-1.599],[135.41,-1.602],[135.466,-1.637],[135.474,-1.68],[135.555,-1.662],[135.673,-1.707],[135.733,-1.688],[135.858,-1.767],[135.87,-1.74],[135.899,-1.788],[135.912,-1.755],[135.978,-1.817],[136.172,-1.874],[136.2,-1.856],[136.229,-1.91],[136.343,-1.86],[136.537,-1.899],[136.503,-1.849],[136.628,-1.873],[136.719,-1.816],[136.849,-1.827],[136.903,-1.793],[136.789,-1.74],[136.446,-1.698],[136.369,-1.717],[136.203,-1.648],[135.899,-1.635],[135.85,-1.664],[135.847,-1.638],[135.785,-1.626],[135.473,-1.599]]],[[[135.12,-1.466],[135.099,-1.508],[135.207,-1.528],[135.299,-1.519],[135.338,-1.483],[135.262,-1.479],[135.253,-1.522],[135.245,-1.484],[135.222,-1.508],[135.216,-1.474],[135.156,-1.491],[135.12,-1.466]]],[[[137.024,-1.831],[136.951,-1.838],[137.054,-1.87],[137.024,-1.831]]],[[[136.333,-1.907],[136.361,-1.963],[136.357,-1.905],[136.333,-1.907]]],[[[136.282,-1.889],[136.293,-1.939],[136.3,-1.923],[136.282,-1.889]]],[[[135.779,-1.725],[135.762,-1.749],[135.804,-1.733],[135.779,-1.725]]]]}},{"type":"Feature","properties":{"nama":"Kota Jayapura","prov":"94"},"geometry":{"type":"MultiPolygon","coordinates":[[[[140.663,-2.474],[140.603,-2.516],[140.631,-2.759],[140.728,-2.763],[140.824,-2.711],[141.003,-2.839],[141.001,-2.604],[140.911,-2.624],[140.789,-2.596],[140.763,-2.629],[140.711,-2.595],[140.738,-2.627],[140.705,-2.628],[140.707,-2.539],[140.748,-2.534],[140.663,-2.474]]],[[[140.708,-2.597],[140.706,-2.598],[140.708,-2.598],[140.708,-2.597]]]]}},{"type":"Feature","properties":{"nama":"Kota Sorong","prov":"92"},"geometry":{"type":"MultiPolygon","coordinates":[[[[131.356,-0.782],[131.225,-0.822],[131.242,-0.877],[131.376,-0.952],[131.396,-0.916],[131.36,-0.88],[131.356,-0.782]]],[[[131.206,-0.883],[131.185,-0.898],[131.204,-0.894],[131.206,-0.883]]]]}},{"type":"Feature","properties":{"nama":"Lanny Jaya","prov":"97"},"geometry":{"type":"MultiPolygon","coordinates":[[[[138.621,-3.769],[138.479,-3.758],[138.408,-3.792],[138.346,-3.758],[138.354,-3.826],[138.266,-3.827],[138.182,-3.901],[138.086,-3.908],[138.08,-3.873],[138.014,-3.89],[137.963,-3.932],[137.949,-4],[137.984,-4.109],[138.066,-4.106],[138.085,-4.077],[138.11,-4.095],[138.228,-4.022],[138.298,-4.097],[138.346,-4.056],[138.65,-4.153],[138.643,-4.236],[138.694,-4.032],[138.746,-3.996],[138.72,-3.882],[138.659,-3.843],[138.621,-3.769]]]]}},{"type":"Feature","properties":{"nama":"Mamberamo Raya","prov":"94"},"geometry":{"type":"MultiPolygon","coordinates":[[[[137.934,-1.458],[137.747,-1.479],[137.481,-1.597],[137.237,-1.751],[137.124,-1.776],[137.089,-1.851],[137.216,-1.979],[137.19,-2.001],[137.228,-2.057],[137.158,-2.106],[136.943,-2.123],[136.908,-2.18],[136.802,-2.177],[136.86,-2.284],[136.938,-2.34],[136.913,-2.386],[136.964,-2.425],[137.03,-2.417],[137.035,-2.46],[137.112,-2.501],[137.142,-2.587],[137.191,-2.564],[137.253,-2.592],[137.279,-2.805],[137.36,-2.879],[137.379,-2.979],[137.423,-2.995],[137.437,-3.04],[137.577,-3.068],[137.706,-3.038],[137.725,-3.066],[137.769,-3.049],[137.79,-3.084],[137.847,-3.049],[137.882,-3.083],[137.898,-3.015],[137.961,-3.001],[137.978,-3.031],[138.01,-3.022],[137.998,-2.992],[138.026,-3.016],[138.052,-2.983],[138.06,-3.023],[138.147,-3.046],[138.145,-2.994],[138.102,-3],[138.16,-2.971],[138.177,-3.11],[138.236,-3.152],[138.185,-3.207],[138.159,-3.198],[138.151045691906,-3.260971605744138],[138.291,-3.174],[138.352,-3.239],[138.435,-3.23],[138.473,-3.314],[138.598,-3.333],[138.675,-3.237],[138.703,-3.248],[138.679,-3.195],[138.716,-3.215],[138.749,-3.175],[138.779,-3.202],[138.775,-3.18],[138.824,-3.169],[138.806,-3.224],[138.878,-3.225],[138.919,-3.279],[138.878,-3.329],[138.873,-3.426],[138.999,-3.301],[139.066,-3.276],[139.012,-3.249],[139.001,-3.193],[139.045,-3.108],[139.12,-3.117],[139.121,-3.052],[139.084,-3.035],[139.145,-2.956],[139.103,-2.925],[139.107,-2.882],[139.188,-2.805],[139.171,-2.771],[139.211,-2.754],[139.233,-2.63],[139.129,-2.653],[139.075,-2.599],[138.976,-2.599],[138.788,-2.52],[138.718,-2.532],[138.624,-2.478],[138.539,-2.543],[138.437,-2.523],[138.421,-2.43],[138.383,-2.39],[138.466,-2.321],[138.441,-2.223],[138.408,-2.2],[138.374,-2.226],[138.344,-2.209],[138.411,-2.185],[138.299,-2.168],[138.311,-2.07],[138.254,-2.045],[138.228,-1.942],[138.15,-1.92],[138.171,-1.908],[138.137,-1.818],[138.175,-1.743],[138.164,-1.645],[137.988,-1.532],[137.95,-1.536],[137.934,-1.458]]],[[[137.091,-1.858],[137.093,-1.896],[137.112,-1.876],[137.091,-1.858]]]]}},{"type":"Feature","properties":{"nama":"Mamberamo Tengah","prov":"97"},"geometry":{"type":"MultiPolygon","coordinates":[[[[139.066,-3.276],[138.999,-3.301],[138.873,-3.426],[138.878,-3.329],[138.919,-3.279],[138.878,-3.225],[138.806,-3.224],[138.824,-3.169],[138.775,-3.18],[138.779,-3.202],[138.749,-3.175],[138.716,-3.215],[138.679,-3.195],[138.703,-3.248],[138.675,-3.237],[138.6,-3.332],[138.543,-3.324],[138.536,-3.365],[138.702,-3.485],[138.727,-3.597],[138.764,-3.616],[138.699,-3.723],[138.625,-3.72],[138.621,-3.769],[138.664,-3.751],[138.675,-3.78],[138.79,-3.809],[138.882,-3.792],[138.905,-3.868],[138.967,-3.894],[139.017,-3.864],[138.957,-3.838],[138.954,-3.805],[139.043,-3.857],[139.128,-3.806],[139.123,-3.735],[139.153,-3.763],[139.209,-3.741],[139.289,-3.77],[139.285,-3.724],[139.315,-3.728],[139.336,-3.653],[139.434,-3.574],[139.464,-3.46],[139.374,-3.436],[139.379,-3.468],[139.34,-3.484],[139.331,-3.446],[139.306,-3.474],[139.249,-3.453],[139.27,-3.419],[139.207,-3.449],[139.143,-3.428],[139.143,-3.364],[139.11,-3.38],[139.071,-3.315],[139.094,-3.29],[139.066,-3.276]]]]}},{"type":"Feature","properties":{"nama":"Manokwari","prov":"91"},"geometry":{"type":"MultiPolygon","coordinates":[[[[133.947,-0.714],[133.817,-0.748],[133.754,-0.719],[133.719,-0.752],[133.573,-0.721],[133.486,-0.741],[133.474,-0.8],[133.426,-0.8],[133.498,-1.043],[133.589,-1.076],[133.649,-1.037],[133.711,-1.123],[133.774,-1.131],[133.789,-1.074],[133.855,-1.084],[133.897,-1.003],[133.888,-1.101],[133.94,-1.193],[134.039,-1.242],[134.177,-1.213],[134.009,-0.956],[134.045,-0.928],[134.051,-0.869],[134.136,-0.863],[133.947,-0.714]]],[[[134.097,-0.889],[134.09,-0.897],[134.11,-0.922],[134.097,-0.889]]]]}},{"type":"Feature","properties":{"nama":"Mappi","prov":"95"},"geometry":{"type":"MultiPolygon","coordinates":[[[[139.817,-5.582],[139.757,-5.294],[139.695,-5.364],[139.564,-5.415],[139.493,-5.51],[139.504,-5.598],[139.138,-5.646],[139.093,-5.562],[138.923,-5.657],[138.919,-6.153],[138.872,-6.178],[138.783,-6.403],[138.604,-6.524],[138.823,-6.695],[138.831,-6.782],[138.931,-6.784],[138.952,-6.827],[138.798,-6.851],[138.725,-6.901],[138.628,-6.876],[138.575,-6.91],[138.606,-7.002],[138.706,-7.075],[138.682,-7.173],[139.525,-7.323],[139.647,-7.386],[139.784,-7.373],[140.085,-7.21],[140.041,-6.975],[140.076,-6.92],[140.066,-6.466],[139.798,-6.498],[139.708,-6.393],[139.821,-6.266],[139.811,-6.215],[139.863,-6.17],[139.843,-5.815],[139.718,-5.738],[139.713,-5.688],[139.817,-5.582]]],[[[138.707,-6.632],[138.669,-6.655],[138.674,-6.725],[138.757,-6.754],[138.833,-6.825],[138.944,-6.826],[138.928,-6.788],[138.831,-6.79],[138.82,-6.703],[138.707,-6.632]]],[[[138.639,-6.732],[138.617,-6.77],[138.676,-6.868],[138.729,-6.883],[138.799,-6.835],[138.736,-6.76],[138.639,-6.732]]]]}},{"type":"Feature","properties":{"nama":"Maybrat","prov":"92"},"geometry":{"type":"MultiPolygon","coordinates":[[[[132.905,-1.294],[132.819,-1.231],[132.786,-1.149],[132.706,-1.177],[132.677,-1.148],[132.579,-1.145],[132.56,-1.067],[132.405,-1.017],[132.276,-0.924],[132.21,-0.969],[132.226,-1.045],[132.184,-1.053],[132.183,-1.109],[132.071,-1.09],[132.115,-1.324],[132.207,-1.373],[132.441,-1.604],[132.392,-1.755],[132.447,-1.885],[132.522,-1.82],[132.622,-1.876],[132.733,-1.878],[132.787,-1.573],[132.824,-1.564],[132.854,-1.45],[132.905,-1.397],[132.905,-1.294]]]]}},{"type":"Feature","properties":{"nama":"Merauke","prov":"95"},"geometry":{"type":"MultiPolygon","coordinates":[[[[140.855,-6.618],[140.783,-6.687],[140.719,-6.696],[140.707,-6.736],[140.821,-7.049],[140.685,-7.026],[140.589,-7.053],[140.6,-7.005],[140.551,-6.967],[140.588,-6.929],[140.534,-6.712],[140.491,-6.739],[140.491,-6.804],[140.424,-6.884],[140.361,-6.894],[140.327,-6.951],[140.255,-6.981],[140.102,-7.15],[140.09,-7.207],[139.784,-7.373],[139.63,-7.386],[139.525,-7.323],[138.682,-7.173],[138.684,-7.229],[138.867,-7.317],[138.964,-7.519],[139.053,-7.517],[139.109,-7.56],[139.017,-7.756],[139.018,-7.853],[138.909,-7.93],[138.925,-8.075],[138.836,-8.114],[138.911,-8.267],[138.96,-8.259],[138.994,-8.227],[138.974,-8.203],[139.082,-8.137],[139.208,-8.097],[139.34,-8.206],[139.457,-8.193],[139.713,-8.097],[139.95,-8.102],[139.998,-8.204],[140.227,-8.356],[140.501,-8.614],[140.62,-8.818],[140.889,-9.083],[141.02,-9.125],[141.02,-6.892],[140.954,-6.91],[140.953,-6.857],[140.916,-6.872],[140.898,-6.846],[140.917,-6.816],[140.87,-6.793],[140.901,-6.753],[140.846,-6.72],[140.877,-6.625],[140.855,-6.618]]],[[[138.675,-7.367],[138.316,-7.429],[138.205,-7.477],[138.048,-7.602],[137.866,-7.854],[137.797,-8.005],[137.814,-8.04],[137.699,-8.181],[137.651,-8.444],[137.87,-8.372],[138.301,-8.391],[138.469,-8.35],[138.615,-8.249],[138.68,-8.149],[138.798,-8.138],[138.839,-8.073],[138.913,-8.076],[138.892,-7.914],[138.995,-7.849],[138.995,-7.746],[139.088,-7.574],[138.941,-7.546],[138.827,-7.402],[138.675,-7.367]]],[[[138.821,-8.145],[138.679,-8.17],[138.662,-8.237],[138.553,-8.341],[138.735,-8.386],[138.903,-8.382],[138.915,-8.299],[138.846,-8.263],[138.821,-8.145]]],[[[138.45875235135358,-8.355685532019297],[138.265,-8.391],[138.264,-8.416],[138.407,-8.399],[138.45875235135358,-8.355685532019297]]],[[[138.499,-8.322],[138.45875235135358,-8.355685532019297],[138.468,-8.354],[138.499,-8.322]]],[[[138.997,-8.23],[138.924,-8.279],[138.935,-8.303],[138.98,-8.287],[138.997,-8.23]]],[[[138.854,-8.21],[138.848,-8.255],[138.891,-8.266],[138.854,-8.21]]],[[[138.991,-8.288],[138.936,-8.313],[138.971,-8.327],[138.991,-8.288]]],[[[138.947,-8.367],[138.926,-8.327],[138.924,-8.358],[138.947,-8.367]]],[[[138.933,-8.316],[138.952,-8.341],[138.972,-8.336],[138.933,-8.316]]],[[[138.583,-8.292],[138.562,-8.301],[138.553,-8.328],[138.583,-8.292]]]]}},{"type":"Feature","properties":{"nama":"Mimika","prov":"96"},"geometry":{"type":"MultiPolygon","coordinates":[[[[137.117,-4.031],[137.036,-4.045],[137.009,-4.131],[136.934,-4.121],[136.927,-4.17],[136.788,-4.244],[136.799,-4.303],[136.739,-4.311],[136.686,-4.402],[136.644,-4.377],[136.6,-4.395],[136.518,-4.306],[136.317,-4.346],[136.253,-4.329],[136.202,-4.361],[136.153,-4.343],[136.045,-4.399],[136.005,-4.37],[136.039,-4.343],[136.021,-4.286],[135.757,-4.282],[135.711,-4.269],[135.683,-4.195],[135.619,-4.233],[135.599,-4.206],[135.503,-4.203],[135.459,-4.251],[135.358,-4.193],[135.303,-4.208],[135.278,-4.167],[135.179,-4.195],[135.128,-4.164],[135.148,-4.077],[135.091,-4.082],[135.088,-4.051],[135.042,-4.049],[134.991,-4.136],[134.883,-4.161],[134.807,-4.234],[134.899,-4.257],[135.202,-4.465],[135.402,-4.427],[135.719,-4.497],[135.926,-4.492],[136.11,-4.621],[136.297,-4.675],[136.323,-4.655],[136.739,-4.871],[136.768,-4.814],[136.845,-4.828],[136.808,-4.834],[136.789,-4.878],[136.831,-4.914],[136.928,-4.886],[136.975,-4.938],[137.032,-4.918],[137.182,-5.008],[137.212,-4.977],[137.282,-5.024],[137.308,-5.012],[137.423,-5.125],[137.449,-5.099],[137.498,-5.146],[137.614,-5.14],[137.663,-5.118],[137.637,-5.071],[137.668,-5.028],[137.745,-5.004],[137.82,-5.026],[137.805,-5.002],[137.851,-4.932],[137.825,-4.896],[137.9,-4.764],[137.784,-4.684],[137.74,-4.596],[137.83,-4.541],[137.867,-4.41],[137.894,-4.409],[137.858,-4.365],[137.885,-4.342],[137.859,-4.281],[137.899,-4.26],[137.88,-4.206],[137.959,-4.204],[137.958,-4.153],[137.837,-4.212],[137.579,-4.192],[137.562,-4.148],[137.409,-4.075],[137.284,-4.054],[137.184,-4.075],[137.117,-4.031]]],[[[135.402,-4.428],[135.349,-4.437],[135.411,-4.431],[135.402,-4.428]]]]}},{"type":"Feature","properties":{"nama":"Nabire","prov":"96"},"geometry":{"type":"MultiPolygon","coordinates":[[[[136.02,-2.712],[135.905,-2.87],[135.938,-2.944],[135.803,-3.048],[135.73,-3.068],[135.767,-3.111],[135.612,-3.18],[135.558,-3.3],[135.466,-3.375],[135.342,-3.397],[135.113,-3.382],[135.07,-3.334],[134.965,-3.308],[134.961,-3.226],[134.917,-3.244],[134.935,-3.272],[134.862,-3.251],[134.863,-3.159],[134.8,-3.131],[134.813,-3.082],[134.838,-3.096],[134.811,-3.038],[134.853,-3.003],[134.832,-2.968],[134.853,-2.886],[134.804,-2.911],[134.818,-2.941],[134.777,-2.941],[134.77,-2.991],[134.692,-2.971],[134.661,-2.756],[134.585,-2.803],[134.631,-3.051],[134.609,-3.128],[134.67,-3.17],[134.728,-3.361],[134.847,-3.384],[134.917,-3.439],[135.007,-3.551],[134.99,-3.584],[135.05,-3.611],[135.133,-3.581],[135.139,-3.612],[135.175,-3.573],[135.203,-3.585],[135.143,-3.656],[135.148,-3.747],[135.245,-3.824],[135.292,-3.803],[135.305,-3.86],[135.412,-3.893],[135.445,-3.865],[135.569,-3.947],[135.697,-3.879],[135.768,-3.91],[135.85,-3.892],[135.954,-3.915],[136.011,-3.903],[136.041,-3.854],[136.103,-3.911],[136.127,-3.887],[136.117,-3.744],[136.016,-3.691],[135.99,-3.621],[136.019,-3.556],[136.103,-3.47],[136.151,-3.465],[136.188,-3.301],[136.266,-3.31],[136.305,-3.361],[136.38,-3.312],[136.392,-3.356],[136.395,-3.297],[136.356,-3.187],[136.321,-3.168],[136.335,-3.054],[136.298,-2.987],[136.32,-2.94],[136.295,-2.882],[136.266,-2.887],[136.265,-2.85],[136.243,-2.861],[136.217,-2.807],[136.144,-2.797],[136.143,-2.773],[136.05,-2.771],[136.048,-2.72],[136.02,-2.712]]],[[[135.774,-2.937],[135.71,-2.973],[135.807,-2.942],[135.774,-2.937]]],[[[135.73,-2.912],[135.673,-2.943],[135.718,-2.929],[135.73,-2.912]]],[[[134.818,-2.682],[134.806,-2.713],[134.863,-2.708],[134.818,-2.682]]]]}},{"type":"Feature","properties":{"nama":"Nduga","prov":"97"},"geometry":{"type":"MultiPolygon","coordinates":[[[[138.643,-4.236],[138.65,-4.154],[138.543,-4.107],[138.346,-4.056],[138.298,-4.097],[138.268,-4.037],[138.172,-4.036],[138.167,-4.073],[138.089,-4.099],[138.076,-4.08],[138.066,-4.106],[138.026,-4.091],[137.971,-4.128],[137.959,-4.204],[137.88,-4.206],[137.899,-4.26],[137.859,-4.281],[137.885,-4.342],[137.858,-4.365],[137.894,-4.409],[137.867,-4.41],[137.828,-4.539],[137.941,-4.603],[137.995,-4.586],[138.03,-4.612],[138.07,-4.565],[138.109,-4.575],[138.193,-4.713],[138.244,-4.67],[138.326,-4.667],[138.366,-4.797],[138.376,-4.689],[138.419,-4.714],[138.459,-4.688],[138.505,-4.722],[138.753,-4.709],[138.807,-4.727],[138.808,-4.765],[138.843,-4.628],[138.807,-4.599],[138.858,-4.517],[138.817,-4.459],[138.822,-4.402],[138.774,-4.385],[138.759,-4.478],[138.624,-4.472],[138.583,-4.402],[138.619,-4.38],[138.643,-4.236]]]]}},{"type":"Feature","properties":{"nama":"Paniai","prov":"96"},"geometry":{"type":"MultiPolygon","coordinates":[[[[136.392,-3.356],[136.38,-3.312],[136.305,-3.361],[136.266,-3.31],[136.188,-3.301],[136.153,-3.462],[136.103,-3.47],[135.99,-3.621],[136.026,-3.706],[136.117,-3.743],[136.102,-3.807],[136.144,-3.947],[136.207,-3.953],[136.189,-3.977],[136.214,-3.998],[136.349,-3.973],[136.363,-4.005],[136.509,-4.021],[136.602,-4.097],[136.574,-4.148],[136.68,-4.189],[136.771,-4.165],[136.723,-4.091],[136.775,-4.078],[137.009,-4.131],[137.032,-4.049],[137.096,-4.034],[137.022,-3.943],[136.996,-3.84],[136.861,-3.827],[136.584,-3.729],[136.579,-3.613],[136.436,-3.557],[136.377,-3.455],[136.392,-3.356]]]]}},{"type":"Feature","properties":{"nama":"Pegunungan Arfak","prov":"91"},"geometry":{"type":"MultiPolygon","coordinates":[[[[134.045,-1.241],[133.918,-1.164],[133.888,-1.101],[133.897,-1.003],[133.855,-1.084],[133.789,-1.074],[133.773,-1.131],[133.711,-1.123],[133.649,-1.037],[133.589,-1.076],[133.529,-1.062],[133.474,-0.952],[133.442,-0.998],[133.432,-1.179],[133.368,-1.225],[133.242,-1.185],[133.23,-1.238],[133.474,-1.335],[133.461,-1.455],[133.488,-1.5],[133.655,-1.494],[133.683,-1.39],[133.681,-1.532],[133.789,-1.514],[133.843,-1.56],[133.85,-1.506],[133.939,-1.537],[133.937,-1.508],[134.012,-1.463],[134.009,-1.431],[134.076,-1.445],[134.08,-1.42],[134.025,-1.412],[134.08,-1.416],[134.043,-1.361],[134.083,-1.336],[134.081,-1.282],[134.045,-1.241]]]]}},{"type":"Feature","properties":{"nama":"Pegunungan Bintang","prov":"97"},"geometry":{"type":"MultiPolygon","coordinates":[[[[140.384,-3.736],[140.32,-3.754],[140.271,-3.67],[140.122,-3.716],[140.163,-3.808],[140.123,-3.913],[140.152,-3.956],[140.101,-4.041],[140.13,-4.618],[140.117,-4.82],[140.091,-4.856],[140.15,-4.923],[140.108,-5.05],[140.238,-5.047],[140.269,-5.134],[140.316,-5.17],[140.554,-5.256],[140.636,-5.265],[140.99,-5.193],[141.001,-4.02],[140.974,-3.967],[140.89,-3.961],[140.812,-4.013],[140.718,-4.02],[140.657,-3.972],[140.719,-4.099],[140.664,-4.037],[140.568,-4.116],[140.471,-3.965],[140.438,-3.959],[140.435,-3.912],[140.405,-3.914],[140.432,-3.854],[140.384,-3.736]]]]}},{"type":"Feature","properties":{"nama":"Puncak","prov":"96"},"geometry":{"type":"MultiPolygon","coordinates":[[[[137.683,-3.049],[137.554,-3.051],[137.444,-3.107],[137.359,-3.068],[137.251,-3.123],[137.125,-3.123],[137.086,-3.163],[136.95,-3.123],[136.869,-3.252],[136.944,-3.339],[136.945,-3.413],[137.028,-3.546],[137.171,-3.551],[137.287,-3.47],[137.308,-3.555],[137.357,-3.592],[137.208,-3.776],[137.255,-3.879],[137.242,-3.929],[137.146,-3.956],[137.124,-4.039],[137.184,-4.075],[137.284,-4.054],[137.409,-4.075],[137.562,-4.148],[137.578,-4.192],[137.837,-4.212],[137.874,-4.177],[137.926,-4.19],[137.925,-4.162],[138.006,-4.12],[137.946,-4.025],[137.962,-3.935],[138.08,-3.873],[137.93,-3.849],[137.873,-3.79],[137.87,-3.727],[137.815,-3.684],[137.76,-3.724],[137.689,-3.711],[137.633,-3.61],[137.596,-3.603],[137.647,-3.538],[137.616,-3.472],[137.464,-3.38],[137.448,-3.231],[137.568,-3.1],[137.641,-3.098],[137.683,-3.049]]]]}},{"type":"Feature","properties":{"nama":"Puncak Jaya","prov":"96"},"geometry":{"type":"MultiPolygon","coordinates":[[[[138.177,-3.11],[138.16,-2.971],[138.102,-3],[138.145,-2.994],[138.144,-3.047],[138.06,-3.023],[138.055,-2.983],[138.026,-3.016],[137.998,-2.992],[138.01,-3.022],[137.978,-3.031],[137.961,-3.001],[137.898,-3.015],[137.882,-3.083],[137.847,-3.049],[137.79,-3.084],[137.769,-3.049],[137.725,-3.066],[137.703,-3.038],[137.641,-3.098],[137.568,-3.1],[137.435,-3.266],[137.466,-3.286],[137.464,-3.38],[137.606,-3.461],[137.645,-3.526],[137.594,-3.594],[137.634,-3.611],[137.668,-3.693],[137.749,-3.725],[137.816,-3.685],[137.87,-3.727],[137.873,-3.79],[137.93,-3.849],[138.046,-3.851],[138.104,-3.912],[138.214,-3.885],[138.281,-3.822],[138.354,-3.826],[138.343,-3.726],[138.283,-3.704],[138.255,-3.62],[138.271,-3.49],[138.23,-3.441],[138.151,-3.437],[138.115,-3.402],[138.135,-3.298],[138.103,-3.306],[138.062,-3.21],[138.075,-3.131],[138.177,-3.11]]]]}},{"type":"Feature","properties":{"nama":"Raja Ampat","prov":"92"},"geometry":{"type":"MultiPolygon","coordinates":[[[[130.814,-0.006],[130.74,-0.025],[130.77,-0.054],[130.708,-0.062],[130.727,-0.028],[130.634,-0.063],[130.57,-0.039],[130.579,-0.075],[130.548,-0.058],[130.554,-0.078],[130.509,-0.051],[130.526,-0.068],[130.447,-0.1],[130.437,-0.075],[130.413,-0.115],[130.405,-0.077],[130.368,-0.075],[130.364,-0.136],[130.352,-0.078],[130.345,-0.11],[130.296,-0.093],[130.303,-0.174],[130.356,-0.191],[130.336,-0.141],[130.368,-0.16],[130.373,-0.138],[130.39,-0.172],[130.425,-0.129],[130.426,-0.167],[130.376,-0.182],[130.451,-0.199],[130.376,-0.238],[130.367,-0.202],[130.219,-0.209],[130.292,-0.228],[130.318,-0.273],[130.43,-0.261],[130.437,-0.29],[130.527,-0.246],[130.556,-0.43],[130.591,-0.38],[130.558,-0.368],[130.574,-0.319],[130.679,-0.292],[130.703,-0.411],[130.75,-0.443],[130.881,-0.42],[130.936,-0.382],[130.919,-0.306],[130.73,-0.294],[130.694,-0.198],[130.62,-0.145],[130.666,-0.117],[130.62,-0.104],[130.622,-0.08],[130.699,-0.078],[130.68,-0.098],[130.791,-0.169],[130.8,-0.242],[130.868,-0.235],[130.959,-0.351],[131.025,-0.357],[131.1,-0.307],[131.242,-0.381],[131.245,-0.34],[131.341,-0.292],[131.297,-0.244],[131.299,-0.16],[131.194,-0.13],[131.133,-0.071],[131.034,-0.061],[131.051,-0.021],[130.976,-0.035],[130.967,-0.062],[130.954,-0.034],[130.814,-0.006]]],[[[130.352,-1.672],[130.257,-1.73],[130.057,-1.725],[129.719,-1.88],[129.922,-1.999],[130.103,-2.017],[130.085,-2.028],[130.119,-2.039],[130.091,-2.042],[130.125,-2.06],[130.266,-2.054],[130.344,-1.956],[130.353,-1.981],[130.442,-1.978],[130.445,-1.954],[130.353,-1.958],[130.372,-1.936],[130.339,-1.923],[130.409,-1.897],[130.444,-1.831],[130.423,-1.779],[130.352,-1.737],[130.381,-1.691],[130.352,-1.672]]],[[[130.806,-0.753],[130.815,-0.826],[130.81,-0.802],[130.786,-0.814],[130.798,-0.794],[130.718,-0.83],[130.67,-0.798],[130.689,-0.821],[130.664,-0.827],[130.637,-0.791],[130.586,-0.833],[130.567,-0.794],[130.534,-0.84],[130.486,-0.83],[130.506,-0.797],[130.484,-0.789],[130.433,-0.862],[130.451,-0.894],[130.388,-0.923],[130.85,-0.86],[130.899,-0.835],[130.863,-0.805],[130.928,-0.783],[130.854,-0.764],[130.861,-0.801],[130.806,-0.753]]],[[[130.902,-0.89],[130.647,-0.954],[130.635,-0.98],[130.798,-1.115],[130.95,-1.128],[131.035,-1.195],[131.08,-0.969],[131.031,-0.911],[130.94,-0.941],[130.902,-0.89]]],[[[129.881,-1.147],[129.757,-1.172],[129.732,-1.207],[129.888,-1.196],[129.834,-1.251],[129.928,-1.186],[129.933,-1.215],[129.978,-1.171],[129.881,-1.147]]],[[[130.614,-0.396],[130.62,-0.42],[130.524,-0.468],[130.476,-0.439],[130.469,-0.484],[130.514,-0.486],[130.456,-0.509],[130.546,-0.512],[130.575,-0.463],[130.615,-0.482],[130.578,-0.535],[130.655,-0.514],[130.696,-0.441],[130.614,-0.396]]],[[[130.138,0.016],[130.088,0],[130.131,-0.097],[130.166,-0.066],[130.116,-0.036],[130.143,-0.016],[130.11,0.005],[130.138,0.016]]],[[[130.406,-1.995],[130.414,-2.017],[130.372,-2.037],[130.479,-2.008],[130.406,-1.995]]],[[[130.647,-0.568],[130.556,-0.608],[130.66,-0.573],[130.647,-0.568]]],[[[129.89,-0.398],[129.846,-0.439],[129.874,-0.498],[129.924,-0.414],[129.89,-0.398]]],[[[131.142,-0.996],[131.097,-1.004],[131.078,-1.081],[131.114,-1.079],[131.142,-0.996]]],[[[129.746,-1.158],[129.674,-1.199],[129.716,-1.199],[129.746,-1.158]]],[[[130.469,-2.061],[130.401,-2.081],[130.41,-2.089],[130.469,-2.061]]],[[[130.334,-1.973],[130.401,-2.01],[130.397,-1.984],[130.334,-1.973]]],[[[130.252,-0.545],[130.281,-0.608],[130.289,-0.591],[130.252,-0.545]]],[[[130.243,-2.181],[130.255,-2.211],[130.305,-2.194],[130.243,-2.181]]],[[[130.265,-1.46],[130.208,-1.484],[130.236,-1.485],[130.265,-1.46]]],[[[129.336,-1.155],[129.3,-1.177],[129.353,-1.162],[129.336,-1.155]]],[[[130.038,0.186],[129.998,0.18],[130.05,0.168],[130.038,0.186]]],[[[130.599,-2.244],[130.571,-2.253],[130.623,-2.253],[130.599,-2.244]]],[[[130.563,-1.989],[130.548,-1.997],[130.6,-2.003],[130.563,-1.989]]],[[[130.065,-0.065],[130.014,-0.07],[130.064,-0.077],[130.065,-0.065]]],[[[130.307,-0.643],[130.269,-0.666],[130.317,-0.651],[130.307,-0.643]]],[[[130.434,-2.207],[130.41,-2.214],[130.455,-2.214],[130.434,-2.207]]],[[[130.275,-0.18],[130.253,-0.181],[130.298,-0.191],[130.275,-0.18]]],[[[130.455,-2.124],[130.464,-2.136],[130.5,-2.139],[130.455,-2.124]]],[[[130.545,-2.218],[130.501,-2.225],[130.521,-2.232],[130.545,-2.218]]],[[[130.524,-0.796],[130.511,-0.818],[130.539,-0.828],[130.553,-0.796],[130.524,-0.796]]],[[[130.235,-0.165],[130.209,-0.176],[130.25,-0.18],[130.235,-0.165]]],[[[131.059,-1.193],[131.058,-1.154],[131.05,-1.173],[131.059,-1.193]]],[[[130.898,-2.146],[130.936,-2.164],[130.913,-2.148],[130.898,-2.146]]],[[[129.827,-1.22],[129.789,-1.229],[129.812,-1.23],[129.827,-1.22]]],[[[131.255,1.043],[131.276,1.067],[131.271,1.081],[131.255,1.043]]],[[[130.61,-1.998],[130.601,-2.005],[130.638,-2.005],[130.61,-1.998]]],[[[131.16,-1.037],[131.16,-1.074],[131.17,-1.062],[131.16,-1.037]]],[[[130.23,-0.283],[130.202,-0.285],[130.206,-0.315],[130.234,-0.318],[130.23,-0.283]]],[[[129.655,-1.804],[129.641,-1.821],[129.658,-1.839],[129.655,-1.804]]],[[[130.497,-0.299],[130.497,-0.332],[130.525,-0.322],[130.497,-0.299]]],[[[130.119,0.147],[130.125,0.135],[130.151,0.132],[130.119,0.147]]],[[[130.245,0.111],[130.25,0.098],[130.277,0.101],[130.245,0.111]]],[[[129.693,-1.756],[129.692,-1.772],[129.701,-1.787],[129.693,-1.756]]],[[[130.747,-0.778],[130.717,-0.775],[130.733,-0.799],[130.747,-0.778]]]]}},{"type":"Feature","properties":{"nama":"Sarmi","prov":"94"},"geometry":{"type":"MultiPolygon","coordinates":[[[[138.302,-1.693],[138.147,-1.628],[138.175,-1.743],[138.137,-1.818],[138.171,-1.907],[138.149,-1.919],[138.229,-1.942],[138.254,-2.045],[138.311,-2.07],[138.299,-2.168],[138.411,-2.185],[138.344,-2.209],[138.373,-2.226],[138.403,-2.2],[138.441,-2.223],[138.466,-2.321],[138.383,-2.39],[138.421,-2.43],[138.437,-2.523],[138.539,-2.543],[138.624,-2.478],[138.718,-2.532],[138.788,-2.52],[138.976,-2.599],[139.075,-2.599],[139.129,-2.653],[139.231,-2.627],[139.211,-2.754],[139.171,-2.771],[139.188,-2.805],[139.107,-2.882],[139.103,-2.925],[139.145,-2.956],[139.084,-3.035],[139.121,-3.052],[139.12,-3.117],[139.026,-3.126],[139.004,-3.231],[139.092,-3.286],[139.073,-3.324],[139.106,-3.336],[139.111,-3.381],[139.141,-3.36],[139.143,-3.428],[139.207,-3.449],[139.27,-3.419],[139.249,-3.453],[139.306,-3.474],[139.331,-3.446],[139.34,-3.484],[139.379,-3.468],[139.374,-3.436],[139.464,-3.46],[139.441,-3.437],[139.513,-3.308],[139.476,-3.187],[139.536,-3.072],[139.521,-2.942],[139.59,-2.88],[139.537,-2.818],[139.426,-2.801],[139.423,-2.713],[139.367,-2.658],[139.417,-2.59],[139.486,-2.623],[139.558,-2.608],[139.583,-2.54],[139.661,-2.555],[139.759,-2.529],[139.783,-2.479],[139.752,-2.408],[139.976,-2.443],[140.005,-2.367],[139.761,-2.361],[139.125,-2.031],[138.993,-1.973],[138.863,-1.966],[138.665,-1.793],[138.302,-1.693]]],[[[138.801,-1.663],[138.79,-1.673],[138.796,-1.707],[138.801,-1.663]]],[[[138.748,-1.618],[138.716,-1.581],[138.718,-1.618],[138.748,-1.618]]]]}},{"type":"Feature","properties":{"nama":"Sorong","prov":"92"},"geometry":{"type":"MultiPolygon","coordinates":[[[[131.533,-0.727],[131.357,-0.782],[131.36,-0.879],[131.397,-0.933],[131.357,-0.952],[131.336,-0.923],[131.268,-0.92],[131.284,-0.991],[131.24,-1.028],[131.249,-1.083],[131.178,-1.219],[131.051,-1.255],[131,-1.381],[130.937,-1.436],[131.165,-1.463],[131.209,-1.523],[131.282,-1.504],[131.337,-1.437],[131.269,-1.382],[131.353,-1.318],[131.337,-1.367],[131.444,-1.512],[131.5,-1.469],[131.548,-1.488],[131.653,-1.44],[131.669,-1.465],[131.714,-1.424],[131.745,-1.494],[131.696,-1.559],[131.778,-1.573],[131.793,-1.491],[131.822,-1.479],[131.796,-1.447],[131.826,-1.436],[131.809,-1.371],[131.865,-1.325],[131.859,-1.36],[131.886,-1.345],[131.837,-1.208],[131.917,-1.055],[131.9,-1.011],[131.943,-1.002],[131.97,-1.056],[132.186,-1.107],[132.184,-1.053],[132.226,-1.045],[132.232,-1],[132.212,-0.899],[132.006,-0.838],[131.835,-0.85],[131.761,-0.8],[131.746,-0.73],[131.503,-0.773],[131.533,-0.727]]],[[[130.732,-1.037],[130.701,-1.065],[130.718,-1.096],[130.681,-1.109],[130.737,-1.164],[130.756,-1.248],[130.812,-1.268],[130.858,-1.345],[130.901,-1.32],[130.974,-1.354],[131.044,-1.241],[131.035,-1.195],[130.95,-1.128],[130.798,-1.115],[130.791,-1.085],[130.733,-1.07],[130.732,-1.037]]],[[[131.726,-1.44],[131.594,-1.464],[131.588,-1.489],[131.66,-1.547],[131.738,-1.502],[131.726,-1.44]]],[[[131.331,-1.353],[131.275,-1.384],[131.322,-1.413],[131.362,-1.4],[131.331,-1.353]]],[[[131.107,-1.223],[131.151,-1.204],[131.131,-1.207],[131.107,-1.223]]]]}},{"type":"Feature","properties":{"nama":"Sorong Selatan","prov":"92"},"geometry":{"type":"MultiPolygon","coordinates":[[[[132.599,-2.199],[132.639,-2.09],[132.666,-2.109],[132.696,-2.085],[132.666,-2.015],[132.614,-1.987],[132.656,-1.962],[132.618,-1.913],[132.627,-1.858],[132.522,-1.82],[132.447,-1.885],[132.392,-1.755],[132.441,-1.605],[132.421,-1.569],[132.115,-1.324],[132.056,-1.059],[131.981,-1.061],[131.943,-1.002],[131.901,-1.01],[131.903,-1.096],[131.876,-1.097],[131.837,-1.208],[131.886,-1.345],[131.859,-1.36],[131.865,-1.325],[131.808,-1.374],[131.83,-1.38],[131.805,-1.419],[131.825,-1.439],[131.797,-1.443],[131.822,-1.479],[131.793,-1.491],[131.78,-1.596],[131.81,-1.613],[131.857,-1.566],[131.878,-1.584],[131.914,-1.719],[131.995,-1.674],[132.026,-1.7],[132.014,-1.747],[131.922,-1.814],[131.948,-1.844],[131.929,-1.882],[131.989,-1.933],[131.968,-1.964],[132.041,-2.026],[132.085,-2.021],[132.042,-2.075],[132.143,-2.149],[132.198,-2.151],[132.317,-2.284],[132.52,-2.197],[132.599,-2.199]]],[[[131.818,-1.62],[131.82,-1.618],[131.816,-1.619],[131.818,-1.62]]]]}},{"type":"Feature","properties":{"nama":"Supiori","prov":"94"},"geometry":{"type":"MultiPolygon","coordinates":[[[[135.393,-0.621],[135.361,-0.636],[135.411,-0.746],[135.493,-0.818],[135.466,-0.758],[135.485,-0.746],[135.643,-0.887],[135.748,-0.74],[135.719,-0.709],[135.685,-0.72],[135.645,-0.663],[135.595,-0.702],[135.594,-0.664],[135.46,-0.646],[135.439,-0.667],[135.448,-0.641],[135.417,-0.654],[135.393,-0.621]]],[[[135.787,-0.724],[135.732,-0.753],[135.71,-0.806],[135.782,-0.768],[135.787,-0.724]]],[[[135.524,-0.823],[135.508,-0.845],[135.54,-0.872],[135.524,-0.823]]],[[[134.301,0.805],[134.306,0.845],[134.3,0.824],[134.301,0.805]]]]}},{"type":"Feature","properties":{"nama":"Tambrauw","prov":"92"},"geometry":{"type":"MultiPolygon","coordinates":[[[[132.42,-0.345],[132.17,-0.427],[132.095,-0.48],[132.07,-0.542],[131.976,-0.579],[131.904,-0.675],[131.746,-0.73],[131.761,-0.8],[131.835,-0.85],[132.006,-0.838],[132.212,-0.899],[132.238,-0.943],[132.277,-0.924],[132.405,-1.017],[132.56,-1.067],[132.579,-1.145],[132.677,-1.148],[132.706,-1.177],[132.786,-1.149],[132.82,-1.232],[133.004,-1.357],[133.154,-1.251],[133.238,-1.252],[133.242,-1.185],[133.368,-1.225],[133.432,-1.179],[133.471,-0.927],[133.426,-0.8],[133.474,-0.8],[133.486,-0.741],[133.386,-0.738],[133.15,-0.545],[133.03,-0.519],[132.954,-0.454],[132.901,-0.463],[132.715,-0.362],[132.42,-0.345]]],[[[132.173,-0.344],[132.161,-0.344],[132.173,-0.351],[132.173,-0.344]]]]}},{"type":"Feature","properties":{"nama":"Teluk Bintuni","prov":"91"},"geometry":{"type":"MultiPolygon","coordinates":[[[[133.199,-1.243],[133.007,-1.357],[132.905,-1.292],[132.905,-1.397],[132.854,-1.45],[132.824,-1.564],[132.787,-1.573],[132.733,-1.877],[132.622,-1.876],[132.656,-1.962],[132.614,-1.987],[132.666,-2.015],[132.696,-2.084],[132.666,-2.109],[132.639,-2.09],[132.599,-2.194],[132.626,-2.267],[132.712,-2.298],[132.839,-2.243],[132.901,-2.281],[132.945,-2.262],[132.96,-2.292],[133.178,-2.194],[133.622,-2.232],[133.951,-2.06],[133.973,-2.099],[133.941,-2.134],[133.942,-2.232],[134,-2.249],[133.992,-2.3],[133.949,-2.325],[133.989,-2.389],[133.946,-2.419],[133.987,-2.45],[133.976,-2.479],[133.906,-2.483],[133.821,-2.446],[133.784,-2.49],[133.805,-2.647],[133.761,-2.674],[133.747,-2.621],[133.69,-2.616],[133.662,-2.658],[133.673,-2.567],[133.638,-2.532],[133.572,-2.565],[133.529,-2.642],[133.463,-2.632],[133.397,-2.69],[133.377,-2.51],[133.324,-2.468],[133.313,-2.517],[133.289,-2.512],[133.31,-2.51],[133.304,-2.445],[133.217,-2.411],[133.082,-2.465],[132.985,-2.578],[133.067,-2.637],[133.084,-2.678],[133.048,-2.692],[133.057,-2.718],[133.213,-2.802],[133.197,-2.828],[133.224,-2.849],[133.157,-2.929],[133.268,-2.988],[133.371,-2.973],[133.416,-3.024],[133.488,-3.041],[133.498,-3.081],[133.571,-3.063],[133.605,-2.973],[133.715,-2.911],[133.735,-2.812],[133.86,-2.788],[133.961,-2.865],[134.004,-2.787],[134.064,-2.928],[134.121,-2.957],[134.143,-3.017],[134.192,-3.013],[134.204,-3.078],[134.263,-3.128],[134.36,-2.953],[134.325,-2.91],[134.314,-2.769],[134.258,-2.708],[134.262,-2.609],[134.19,-2.57],[134.107,-2.433],[134.054,-1.889],[134.008,-1.838],[133.877,-1.839],[133.919,-1.801],[133.853,-1.683],[133.756,-1.622],[133.656,-1.628],[133.723,-1.589],[133.671,-1.512],[133.702,-1.447],[133.688,-1.392],[133.655,-1.494],[133.51,-1.509],[133.463,-1.47],[133.474,-1.335],[133.199,-1.243]]],[[[133.998,-2.242],[133.954,-2.234],[133.927,-2.306],[133.823,-2.332],[133.946,-2.323],[133.99,-2.299],[133.998,-2.242]]],[[[133.934,-2.327],[133.823,-2.375],[133.988,-2.389],[133.934,-2.327]]],[[[133.42,-2.542],[133.436,-2.605],[133.411,-2.694],[133.458,-2.622],[133.453,-2.557],[133.42,-2.542]]],[[[133.828,-2.409],[133.729,-2.441],[133.768,-2.481],[133.826,-2.443],[133.866,-2.469],[133.828,-2.409]]],[[[133.863,-2.385],[133.839,-2.395],[133.899,-2.476],[133.975,-2.476],[133.941,-2.396],[133.863,-2.385]]],[[[133.72,-2.556],[133.694,-2.538],[133.693,-2.61],[133.753,-2.62],[133.759,-2.672],[133.796,-2.647],[133.777,-2.587],[133.72,-2.556]]],[[[133.479,-2.509],[133.463,-2.619],[133.495,-2.643],[133.515,-2.588],[133.479,-2.509]]],[[[133.764,-2.512],[133.798,-2.633],[133.801,-2.542],[133.764,-2.512]]],[[[133.5,-2.417],[133.519,-2.482],[133.583,-2.522],[133.615,-2.502],[133.6,-2.458],[133.5,-2.417]]],[[[133.895,-2.186],[133.854,-2.205],[133.849,-2.284],[133.889,-2.265],[133.895,-2.186]]],[[[133.401,-2.55],[133.419,-2.641],[133.433,-2.599],[133.401,-2.55]]],[[[133.844,-2.202],[133.836,-2.241],[133.807,-2.24],[133.82,-2.292],[133.865,-2.229],[133.844,-2.202]]],[[[133.834,-2.147],[133.776,-2.195],[133.841,-2.189],[133.859,-2.152],[133.834,-2.147]]],[[[133.722,-2.176],[133.686,-2.239],[133.766,-2.177],[133.722,-2.176]]],[[[133.753,-2.215],[133.676,-2.264],[133.749,-2.249],[133.753,-2.215]]],[[[133.339,-2.428],[133.315,-2.441],[133.369,-2.496],[133.339,-2.428]]],[[[133.925,-2.189],[133.897,-2.226],[133.933,-2.257],[133.925,-2.189]]],[[[133.827,-2.227],[133.768,-2.234],[133.771,-2.272],[133.827,-2.227]]],[[[133.926,-2.134],[133.871,-2.162],[133.93,-2.161],[133.926,-2.134]]],[[[133.538,-2.548],[133.519,-2.58],[133.561,-2.606],[133.569,-2.554],[133.538,-2.548]]],[[[133.706,-2.5],[133.706,-2.548],[133.748,-2.558],[133.735,-2.506],[133.706,-2.5]]],[[[133.902,-2.268],[133.867,-2.291],[133.921,-2.301],[133.902,-2.268]]],[[[133.445,-2.502],[133.404,-2.544],[133.452,-2.555],[133.445,-2.502]]],[[[133.836,-2.353],[133.847,-2.343],[133.805,-2.342],[133.836,-2.353]]],[[[133.896,-2.228],[133.894,-2.263],[133.926,-2.27],[133.896,-2.228]]],[[[133.664,-2.493],[133.638,-2.508],[133.674,-2.533],[133.664,-2.493]]],[[[133.848,-2.1],[133.836,-2.131],[133.869,-2.14],[133.848,-2.1]]],[[[133.924,-2.168],[133.895,-2.183],[133.934,-2.188],[133.924,-2.168]]],[[[133.596,-2.535],[133.574,-2.563],[133.61,-2.538],[133.596,-2.535]]],[[[133.866,-2.171],[133.855,-2.201],[133.89,-2.187],[133.866,-2.171]]],[[[133.834,-2.21],[133.802,-2.22],[133.812,-2.229],[133.834,-2.21]]]]}},{"type":"Feature","properties":{"nama":"Teluk Wondama","prov":"91"},"geometry":{"type":"MultiPolygon","coordinates":[[[[134.1,-1.776],[134.008,-1.838],[134.054,-1.889],[134.107,-2.433],[134.19,-2.57],[134.262,-2.609],[134.258,-2.708],[134.314,-2.769],[134.325,-2.91],[134.36,-2.953],[134.283,-3.065],[134.288,-3.111],[134.231,-3.12],[134.204,-3.078],[134.209,-3.257],[134.261,-3.325],[134.253,-3.363],[134.345,-3.47],[134.502,-3.499],[134.585,-3.481],[134.625,-3.373],[134.586,-3.304],[134.715,-3.304],[134.67,-3.17],[134.609,-3.128],[134.631,-3.051],[134.585,-2.803],[134.661,-2.756],[134.651,-2.532],[134.631,-2.474],[134.603,-2.489],[134.533,-2.449],[134.551,-2.473],[134.512,-2.474],[134.569,-2.485],[134.513,-2.484],[134.461,-2.549],[134.524,-2.792],[134.496,-2.86],[134.443,-2.846],[134.455,-2.811],[134.406,-2.768],[134.376,-2.644],[134.319,-2.587],[134.339,-2.551],[134.286,-2.52],[134.313,-2.507],[134.261,-2.431],[134.214,-2.419],[134.125,-2.209],[134.144,-2.169],[134.118,-2.164],[134.102,-2.052],[134.143,-1.993],[134.1,-1.776]]],[[[134.223,-1.735],[134.148,-1.827],[134.135,-1.907],[134.166,-1.951],[134.216,-1.83],[134.196,-1.794],[134.238,-1.758],[134.223,-1.735]]],[[[134.39,-1.995],[134.316,-2.078],[134.35,-2.167],[134.411,-2.073],[134.39,-1.995]]],[[[134.565,-2.283],[134.563,-2.368],[134.503,-2.36],[134.564,-2.441],[134.561,-2.404],[134.591,-2.396],[134.565,-2.283]]],[[[134.152,-2.001],[134.148,-2.036],[134.157,-2.052],[134.152,-2.001]]],[[[134.738,-2.017],[134.724,-2.025],[134.739,-2.053],[134.738,-2.017]]]]}},{"type":"Feature","properties":{"nama":"Tolikara","prov":"97"},"geometry":{"type":"MultiPolygon","coordinates":[[[[138.177,-3.11],[138.075,-3.131],[138.062,-3.21],[138.103,-3.306],[138.135,-3.298],[138.115,-3.402],[138.151,-3.437],[138.23,-3.441],[138.271,-3.49],[138.255,-3.62],[138.283,-3.704],[138.408,-3.792],[138.479,-3.758],[138.597,-3.779],[138.625,-3.72],[138.699,-3.723],[138.764,-3.616],[138.727,-3.597],[138.702,-3.485],[138.539,-3.368],[138.543,-3.324],[138.471,-3.312],[138.435,-3.23],[138.352,-3.239],[138.292,-3.174],[138.15104566431867,-3.260971824143807],[138.159,-3.198],[138.185,-3.207],[138.236,-3.153],[138.177,-3.11]]]]}},{"type":"Feature","properties":{"nama":"Waropen","prov":"94"},"geometry":{"type":"MultiPolygon","coordinates":[[[[136.589,-2.195],[136.544,-2.224],[136.518,-2.192],[136.424,-2.203],[136.34,-2.263],[136.342,-2.374],[136.296,-2.411],[136.296,-2.488],[136.224,-2.614],[136.011,-2.706],[136.048,-2.72],[136.05,-2.771],[136.143,-2.773],[136.144,-2.797],[136.217,-2.807],[136.243,-2.861],[136.265,-2.85],[136.266,-2.887],[136.295,-2.881],[136.311,-3.018],[136.388,-3.009],[136.463,-3.062],[136.572,-3.046],[136.52,-3.163],[136.533,-3.226],[136.567,-3.254],[136.711,-3.226],[136.758,-3.276],[136.828,-3.281],[136.95,-3.123],[137.086,-3.163],[137.125,-3.123],[137.251,-3.123],[137.359,-3.068],[137.444,-3.107],[137.551,-3.07],[137.457,-3.05],[137.379,-2.979],[137.36,-2.879],[137.279,-2.805],[137.287,-2.719],[137.24,-2.577],[137.143,-2.587],[137.112,-2.501],[137.035,-2.46],[137.03,-2.417],[136.964,-2.425],[136.913,-2.386],[136.938,-2.34],[136.895,-2.324],[136.817,-2.202],[136.75,-2.252],[136.706,-2.228],[136.674,-2.262],[136.6,-2.253],[136.589,-2.195]]],[[[136.577,-2.205],[136.589,-2.184],[136.572,-2.193],[136.577,-2.205]]]]}},{"type":"Feature","properties":{"nama":"Yahukimo","prov":"97"},"geometry":{"type":"MultiPolygon","coordinates":[[[[140.126,-3.695],[139.985,-3.742],[139.938,-3.692],[139.86,-3.689],[139.837,-3.737],[139.765,-3.771],[139.633,-4.018],[139.522,-3.997],[139.429,-4.035],[139.299,-3.99],[139.262,-4.013],[139.188,-3.992],[139.212,-4.183],[139.015,-4.191],[138.926,-4.228],[138.919,-4.257],[138.78,-4.221],[138.741,-4.318],[138.773,-4.384],[138.822,-4.401],[138.817,-4.459],[138.858,-4.517],[138.807,-4.599],[138.843,-4.628],[138.802,-4.764],[138.855,-4.702],[138.99,-4.771],[138.933,-4.832],[139.059,-4.867],[138.997,-4.874],[138.957,-4.923],[138.889,-4.922],[138.888,-4.957],[139.498,-5.002],[139.667,-5.063],[140.041,-5.054],[140.116,-5.026],[140.15,-4.923],[140.091,-4.856],[140.117,-4.82],[140.13,-4.618],[140.101,-4.041],[140.152,-3.956],[140.123,-3.913],[140.163,-3.808],[140.126,-3.695]]]]}},{"type":"Feature","properties":{"nama":"Yalimo","prov":"97"},"geometry":{"type":"MultiPolygon","coordinates":[[[[139.474,-3.523],[139.468,-3.459],[139.434,-3.574],[139.336,-3.653],[139.285,-3.774],[139.123,-3.735],[139.128,-3.806],[139.034,-3.859],[138.954,-3.805],[138.957,-3.838],[139.017,-3.864],[139.011,-3.965],[139.081,-3.931],[139.253,-4.012],[139.299,-3.99],[139.429,-4.035],[139.522,-3.997],[139.633,-4.018],[139.765,-3.771],[139.837,-3.737],[139.86,-3.689],[139.938,-3.692],[139.985,-3.742],[140.126,-3.695],[140.065,-3.649],[140.001,-3.701],[139.968,-3.613],[139.889,-3.644],[139.864,-3.586],[139.8,-3.592],[139.758,-3.51],[139.737,-3.548],[139.719,-3.522],[139.675,-3.532],[139.704,-3.637],[139.626,-3.664],[139.595,-3.727],[139.518,-3.657],[139.5,-3.489],[139.474,-3.523]]]]}},{"type":"Feature","properties":{"nama":"Pasaman Barat","prov":"13"},"geometry":{"type":"MultiPolygon","coordinates":[[[[99.539,0.519],[99.519,0.552],[99.439,0.478],[99.412,0.486],[99.317,0.334],[99.263,0.345],[99.194,0.312],[99.167,0.228],[99.191,0.254],[99.263,0.202],[99.353,0.232],[99.398,0.151],[99.618,0.066],[99.754,-0.047],[99.771,-0.176],[99.987,-0.159],[100.039,-0.037],[100.037,0.01],[99.981,0.071],[100.064,0.15],[100.061,0.244],[99.916,0.314],[99.757,0.317],[99.777,0.359],[99.749,0.401],[99.824,0.418],[99.827,0.459],[99.779,0.482],[99.718,0.451],[99.641,0.546],[99.539,0.519]]]]}},{"type":"Feature","properties":{"nama":"Lampung Selatan","prov":"18"},"geometry":{"type":"MultiPolygon","coordinates":[[[[105.283,-5.179],[105.169,-5.196],[105.172,-5.271],[105.145,-5.253],[105.115,-5.312],[105.211,-5.37],[105.254,-5.327],[105.306,-5.358],[105.382,-5.588],[105.518,-5.692],[105.561,-5.67],[105.585,-5.806],[105.706,-5.848],[105.718,-5.908],[105.799,-5.794],[105.826,-5.579],[105.765,-5.619],[105.669,-5.565],[105.656,-5.493],[105.6,-5.487],[105.586,-5.455],[105.517,-5.461],[105.542,-5.34],[105.482,-5.286],[105.416,-5.304],[105.456,-5.276],[105.418,-5.217],[105.331,-5.231],[105.286,-5.214],[105.283,-5.179]]],[[[105.528,-5.849],[105.492,-5.877],[105.504,-5.902],[105.545,-5.865],[105.528,-5.849]]],[[[105.495,-5.921],[105.464,-5.946],[105.486,-5.972],[105.517,-5.947],[105.495,-5.921]]],[[[105.395,-6.091],[105.403,-6.074],[105.358,-6.108],[105.395,-6.091]]],[[[105.45,-6.137],[105.419,-6.155],[105.452,-6.168],[105.45,-6.137]]]]}},{"type":"Feature","properties":{"nama":"Poso","prov":"72"},"geometry":{"type":"MultiPolygon","coordinates":[[[[120.585,-1.111],[120.311,-1.192],[120.176,-1.269],[120.283,-1.372],[120.238,-1.443],[120.174,-1.451],[120.089,-1.554],[120.13,-1.56],[120.124,-1.646],[120.18,-1.772],[120.091,-1.817],[120.141,-1.899],[120.091,-1.926],[120.094,-1.966],[120.116,-2],[120.166,-1.962],[120.198,-1.995],[120.232,-1.983],[120.313,-2.052],[120.344,-1.977],[120.392,-1.997],[120.399,-1.954],[120.508,-2.113],[120.548,-2.019],[120.687,-2.204],[120.757,-2.242],[120.78,-2.214],[120.838,-2.219],[120.817,-2.064],[120.931,-1.916],[120.906,-1.883],[120.949,-1.87],[120.954,-1.695],[120.888,-1.411],[120.805,-1.351],[120.675,-1.414],[120.64,-1.311],[120.571,-1.256],[120.585,-1.111]]],[[[120.622,-1.294],[120.622,-1.293],[120.621,-1.293],[120.622,-1.294]]]]}},{"type":"Feature","properties":{"nama":"Maluku Tenggara","prov":"81"},"geometry":{"type":"MultiPolygon","coordinates":[[[[133.157,-5.276],[133.12,-5.281],[133.074,-5.388],[133.006,-5.649],[132.977,-5.64],[132.941,-5.688],[132.937,-5.778],[132.882,-5.842],[132.845,-6.007],[132.952,-5.875],[132.962,-5.744],[133.12,-5.566],[133.192,-5.327],[133.157,-5.276]]],[[[132.71,-5.594],[132.672,-5.63],[132.61,-5.595],[132.68,-5.731],[132.69,-5.836],[132.663,-5.906],[132.695,-5.912],[132.694,-5.952],[132.73,-5.897],[132.727,-5.953],[132.78,-5.942],[132.814,-5.839],[132.789,-5.776],[132.772,-5.814],[132.779,-5.728],[132.761,-5.718],[132.764,-5.747],[132.738,-5.693],[132.742,-5.644],[132.691,-5.657],[132.71,-5.594]]],[[[132.45102479338843,-6.0205123966942145],[132.428,-6.009],[132.44,-6.038],[132.45102479338843,-6.0205123966942145]]],[[[132.469,-5.992],[132.45102479338843,-6.0205123966942145],[132.452,-6.021],[132.469,-5.992]]],[[[132.796,-5.724],[132.783,-5.728],[132.803,-5.769],[132.796,-5.724]]],[[[132.783,-5.733],[132.776,-5.759],[132.785,-5.777],[132.783,-5.733]]]]}},{"type":"Feature","properties":{"nama":"Manokwari Selatan","prov":"91"},"geometry":{"type":"MultiPolygon","coordinates":[[[[134.199,-1.214],[134.092,-1.212],[134.045,-1.241],[134.081,-1.282],[134.083,-1.336],[134.043,-1.361],[134.08,-1.416],[134.025,-1.412],[134.079,-1.419],[134.076,-1.444],[134.009,-1.431],[134.012,-1.463],[133.937,-1.508],[133.939,-1.537],[133.85,-1.506],[133.843,-1.56],[133.789,-1.514],[133.694,-1.525],[133.716,-1.608],[133.652,-1.621],[133.756,-1.622],[133.88,-1.701],[133.919,-1.802],[133.883,-1.845],[134.04,-1.832],[134.102,-1.766],[134.069,-1.654],[134.202,-1.55],[134.214,-1.407],[134.278,-1.349],[134.199,-1.214]]]]}}]}