{"type":"FeatureCollection","features":[{"type":"Feature","geometry":{"type":"Polygon","coordinates":[[[114.982,0.176],[114.971,0.177],[114.968,0.17],[114.964,0.179],[114.94,0.186],[114.936,0.16],[114.95,0.096],[114.941,0.053],[114.964,-0.008],[114.959,-0.072],[114.966,-0.11],[114.978,-0.129],[115.003,-0.135],[115.034,-0.13],[115.043,-0.11],[115.02,-0.112],[115.005,-0.083],[115.023,-0.015],[115.008,0.002],[114.994,-0.018],[114.978,-0.02],[114.972,-0.002],[114.974,0.076],[114.997,0.142],[114.982,0.176]]]},"properties":{"jenis":"logging","nama":"PT ACK RIMBA LESTARI (DH.PTAGRO CITY KALTIM)","luas":16470,"sk":"1/1/IUPHHK-PB/PMDN/2015","tahun":2015}},{"type":"Feature","geometry":{"type":"Polygon","coordinates":[[[116.43,3.551],[116.431,3.578],[116.511,3.578],[116.518,3.712],[116.48,3.704],[116.448,3.732],[116.42,3.684],[116.367,3.645],[116.312,3.639],[116.285,3.648],[116.278,3.637],[116.288,3.581],[116.328,3.516],[116.38,3.526],[116.43,3.544],[116.43,3.551]]]},"properties":{"jenis":"logging","nama":"PT WANA ADIPRIMA MANDIRI","luas":33090,"sk":"SK.196/Menhut-II/2006","tahun":2006}},{"type":"Feature","geometry":{"type":"Polygon","coordinates":[[[115.347,1.992],[115.319,2.003],[115.258,1.977],[115.245,1.964],[115.243,1.936],[115.225,1.943],[115.203,1.935],[115.195,1.954],[115.182,1.952],[115.172,1.96],[115.089,1.915],[115.095,1.848],[115.118,1.901],[115.131,1.911],[115.162,1.92],[115.191,1.921],[115.206,1.914],[115.229,1.864],[115.231,1.832],[115.213,1.79],[115.214,1.765],[115.28,1.703],[115.301,1.641],[115.371,1.598],[115.388,1.635],[115.364,1.685],[115.385,1.735],[115.353,1.871],[115.359,1.905],[115.375,1.932],[115.407,1.951],[115.426,1.943],[115.441,1.917],[115.467,1.942],[115.47,1.957],[115.459,1.992],[115.438,1.982],[115.403,1.996],[115.347,1.992]]]},"properties":{"jenis":"logging","nama":"PT SUMALINDO LESTARI JAYA (EKS PT GIRI)","luas":69765,"sk":"SK.438/Menhut-II/2009","tahun":2009}},{"type":"Feature","geometry":{"type":"MultiPolygon","coordinates":[[[[112.434,-0.221],[112.434,-0.197],[112.352,-0.228],[112.322,-0.206],[112.276,-0.257],[112.203,-0.284],[112.255,-0.304],[112.282,-0.297],[112.296,-0.321],[112.381,-0.274],[112.432,-0.275],[112.461,-0.264],[112.477,-0.244],[112.517,-0.226],[112.511,-0.218],[112.434,-0.221]]],[[[112.532,-0.514],[112.447,-0.481],[112.412,-0.477],[112.42,-0.431],[112.378,-0.441],[112.378,-0.484],[112.356,-0.485],[112.356,-0.496],[112.403,-0.52],[112.429,-0.517],[112.462,-0.528],[112.53,-0.531],[112.544,-0.545],[112.546,-0.562],[112.562,-0.571],[112.585,-0.565],[112.587,-0.515],[112.573,-0.513],[112.57,-0.523],[112.532,-0.514]]]]},"properties":{"jenis":"logging","nama":"CV PANGKAR BEGILI","luas":30195,"sk":"SK.395/Menhut-II/2007","tahun":2007}},{"type":"Feature","geometry":{"type":"Polygon","coordinates":[[[113.037,1.009],[113.035,1.025],[113.002,0.996],[113.014,0.995],[113.017,0.972],[113.058,0.967],[113.058,0.958],[113.033,0.959],[113.003,0.935],[113.019,0.914],[113.036,0.935],[113.069,0.946],[113.074,0.935],[113.06,0.92],[113.066,0.914],[113.085,0.923],[113.089,0.939],[113.094,0.932],[113.108,0.937],[113.109,0.93],[113.129,0.946],[113.179,0.941],[113.186,0.928],[113.159,0.921],[113.154,0.896],[113.152,0.913],[113.121,0.922],[113.103,0.886],[113.154,0.855],[113.201,0.862],[113.218,0.875],[113.24,0.869],[113.25,0.881],[113.246,0.943],[113.209,0.965],[113.174,1.004],[113.153,1.014],[113.142,0.988],[113.132,0.982],[113.058,0.996],[113.037,1.009]]]},"properties":{"jenis":"logging","nama":"PT TORAS BANUA SUKSES","luas":24920,"sk":"SK.107/Menhut-II/2006","tahun":2006}},{"type":"Feature","geometry":{"type":"MultiPolygon","coordinates":[[[[112.612,0.195],[112.579,0.212],[112.515,0.184],[112.478,0.195],[112.496,0.15],[112.537,0.146],[112.549,0.117],[112.58,0.116],[112.625,0.089],[112.656,0.102],[112.72,0.038],[112.731,0.041],[112.73,0.055],[112.761,0.048],[112.752,0.033],[112.777,0.012],[112.841,0.002],[112.907,-0.021],[112.879,0.032],[112.881,0.071],[112.845,0.08],[112.831,0.044],[112.787,0.049],[112.788,0.045],[112.778,0.052],[112.757,0.103],[112.718,0.12],[112.734,0.181],[112.665,0.189],[112.65,0.178],[112.656,0.141],[112.627,0.14],[112.622,0.149],[112.586,0.144],[112.609,0.161],[112.61,0.176],[112.603,0.181],[112.578,0.172],[112.574,0.193],[112.612,0.195]]],[[[112.496,0.279],[112.459,0.278],[112.46,0.253],[112.442,0.26],[112.44,0.247],[112.458,0.215],[112.48,0.212],[112.495,0.227],[112.527,0.236],[112.53,0.272],[112.497,0.27],[112.496,0.279]]]]},"properties":{"jenis":"logging","nama":"PT HARAPAN KITA UTAMA","luas":40500,"sk":"SK.803/Kpts-VI/1999","tahun":1999}},{"type":"Feature","geometry":{"type":"Polygon","coordinates":[[[104.149,-1.705],[104.269,-1.67],[104.12,-1.574],[104.079,-1.524],[104.069,-1.494],[103.971,-1.494],[103.952,-1.561],[104.149,-1.705]]]},"properties":{"jenis":"logging","nama":"PT PUTRA DUTA INDAH WOOD","luas":34730,"sk":"SK.269/Menhut-II/2009","tahun":2009}},{"type":"Feature","geometry":{"type":"Polygon","coordinates":[[[102.963,0.073],[102.928,0.083],[102.911,0.064],[102.858,0.039],[102.861,0.025],[102.844,0.002],[102.777,-0.02],[102.781,-0.054],[102.794,-0.071],[102.804,-0.081],[102.937,-0.08],[102.953,-0.093],[102.96,-0.084],[102.955,-0.076],[102.965,-0.085],[102.976,-0.072],[102.98,-0.086],[102.993,-0.084],[102.998,-0.076],[103.004,-0.09],[103.016,-0.08],[103.018,-0.095],[103.03,-0.092],[103.029,-0.077],[103.036,-0.093],[103.056,-0.088],[103.061,-0.078],[103.071,-0.081],[103.07,-0.092],[103.096,-0.09],[103.132,-0.003],[103.116,0.006],[103.118,0.017],[103.021,0.015],[102.963,0.073]]]},"properties":{"jenis":"logging","nama":"PT BHARA INDUK (d/h BRAJATAMA)","luas":47687,"sk":"SK.802/Kpts-VI/1999","tahun":1999}},{"type":"Feature","geometry":{"type":"Polygon","coordinates":[[[104.149,-1.705],[103.957,-1.565],[103.951,-1.569],[103.946,-1.648],[103.956,-1.648],[103.956,-1.675],[103.976,-1.73],[104.043,-1.713],[104.051,-1.734],[104.149,-1.705]]]},"properties":{"jenis":"logging","nama":"PT PESONA BELANTARA PERSADA","luas":21315,"sk":"SK.674/Menhut-II/2010","tahun":2010}},{"type":"Feature","geometry":{"type":"MultiPolygon","coordinates":[[[[117.799,2.323],[117.735,2.399],[117.67,2.433],[117.687,2.386],[117.679,2.352],[117.695,2.323],[117.799,2.323]]],[[[117.752,1.71],[117.723,1.717],[117.748,1.709],[117.775,1.681],[117.835,1.648],[117.839,1.611],[117.846,1.605],[117.894,1.641],[117.909,1.644],[117.918,1.657],[117.876,1.645],[117.853,1.673],[117.864,1.682],[117.858,1.696],[117.851,1.682],[117.838,1.697],[117.819,1.683],[117.789,1.682],[117.773,1.701],[117.752,1.71]]]]},"properties":{"jenis":"logging","nama":"PT WIDYA ARTHA PERDANA","luas":14800,"sk":"SK.439/Menhut-II/2006","tahun":2006}},{"type":"Feature","geometry":{"type":"Polygon","coordinates":[[[116.968,4.337],[116.911,4.364],[116.843,4.326],[116.829,4.326],[116.808,4.344],[116.792,4.337],[116.783,4.344],[116.773,4.317],[116.744,4.297],[116.733,4.279],[116.739,4.263],[116.754,4.253],[117.088,4.254],[117.1,4.265],[117.189,4.237],[117.203,4.249],[117.197,4.256],[117.216,4.264],[117.249,4.235],[117.268,4.239],[117.269,4.252],[117.255,4.27],[117.262,4.274],[117.212,4.351],[117.203,4.336],[117.173,4.332],[117.14,4.343],[117.108,4.331],[117.042,4.343],[117.018,4.317],[117.006,4.321],[117,4.34],[116.968,4.337]]]},"properties":{"jenis":"logging","nama":"PT ADIMITRA LESTARI","luas":52100,"sk":"SK.202/Menhut-II/2008","tahun":2008}},{"type":"Feature","geometry":{"type":"MultiPolygon","coordinates":[[[[115.569,-0.023],[115.568,-0.013],[115.533,-0.008],[115.524,0.016],[115.514,0.021],[115.502,0.058],[115.492,0.136],[115.457,0.122],[115.417,0.053],[115.416,-0.008],[115.466,-0.008],[115.466,-0.024],[115.569,-0.023]]],[[[115.596,0.065],[115.655,0.097],[115.593,0.123],[115.596,0.065]]]]},"properties":{"jenis":"logging","nama":"PT KEDAP SAYAAQ","luas":18000,"sk":"SK.292/Menhut-II/2008","tahun":2008}},{"type":"Feature","geometry":{"type":"Polygon","coordinates":[[[116.457,2.281],[116.424,2.295],[116.386,2.272],[116.37,2.252],[116.338,2.183],[116.349,2.166],[116.31,2.123],[116.294,2.124],[116.276,2.002],[116.3,1.97],[116.326,1.967],[116.373,1.99],[116.426,1.999],[116.486,2.078],[116.474,2.092],[116.487,2.152],[116.476,2.276],[116.471,2.285],[116.457,2.281]]]},"properties":{"jenis":"logging","nama":"PT AQUILA SILVA","luas":55300,"sk":"SK.548/Menhut-II/2009","tahun":2009}},{"type":"Feature","geometry":{"type":"Polygon","coordinates":[[[117.045,3.076],[117.036,3.089],[117.026,3.062],[117.007,3.042],[117.017,3.018],[116.989,2.994],[116.976,2.992],[116.976,2.962],[116.99,2.942],[117.046,2.937],[117.132,2.862],[117.169,2.863],[117.198,2.895],[117.275,2.894],[117.235,2.999],[117.207,3.03],[117.094,3.024],[117.045,3.076]]]},"properties":{"jenis":"logging","nama":"PT INHUTANI I UNIT PIMPING","luas":45480,"sk":"SK.200/Menhut-II/2006","tahun":2006}},{"type":"Feature","geometry":{"type":"Polygon","coordinates":[[[116.007,2.612],[115.94,2.555],[115.936,2.515],[115.965,2.492],[116.01,2.502],[116.023,2.475],[116.104,2.452],[116.192,2.478],[116.223,2.504],[116.324,2.531],[116.359,2.641],[116.321,2.673],[116.007,2.612]]]},"properties":{"jenis":"logging","nama":"PT CIVIKA WANA LESTARI","luas":53000,"sk":"SK.843/Kpts-VI/1999","tahun":1999}},{"type":"Feature","geometry":{"type":"Polygon","coordinates":[[[117.394,2.665],[117.385,2.674],[117.36,2.637],[117.383,2.57],[117.063,2.613],[117.01,2.583],[117.011,2.575],[117.028,2.566],[117.02,2.555],[117.013,2.515],[117.032,2.51],[117.051,2.463],[117.063,2.452],[117.047,2.416],[117.064,2.392],[117.058,2.374],[117.093,2.348],[117.086,2.302],[117.119,2.261],[117.174,2.251],[117.21,2.266],[117.216,2.291],[117.254,2.302],[117.26,2.312],[117.255,2.339],[117.225,2.379],[117.215,2.382],[117.169,2.358],[117.14,2.389],[117.137,2.41],[117.152,2.437],[117.178,2.461],[117.191,2.459],[117.193,2.435],[117.224,2.407],[117.228,2.41],[117.25,2.375],[117.273,2.38],[117.277,2.351],[117.29,2.341],[117.309,2.349],[117.338,2.39],[117.327,2.428],[117.348,2.487],[117.343,2.534],[117.367,2.551],[117.429,2.557],[117.47,2.541],[117.482,2.568],[117.483,2.605],[117.45,2.635],[117.413,2.643],[117.394,2.665]]]},"properties":{"jenis":"logging","nama":"PT INHUTANI I UNIT SAMBARATA","luas":106020,"sk":"SK.195/Menhut-II/2006","tahun":2006}},{"type":"Feature","geometry":{"type":"MultiPolygon","coordinates":[[[[116.513,2.052],[116.492,2.072],[116.448,1.993],[116.516,1.991],[116.619,1.915],[116.633,1.921],[116.643,1.916],[116.644,1.926],[116.686,1.942],[116.701,1.925],[116.727,1.915],[116.748,1.919],[116.749,1.925],[116.77,1.918],[116.777,1.925],[116.82,1.895],[116.824,1.88],[116.832,1.881],[116.852,1.854],[116.859,1.855],[116.858,1.841],[116.871,1.845],[116.871,1.835],[116.877,1.841],[116.893,1.829],[116.895,1.838],[116.906,1.84],[116.951,1.826],[116.957,1.854],[116.95,1.858],[116.945,1.894],[116.951,1.932],[116.901,1.961],[116.914,1.945],[116.884,1.925],[116.888,1.898],[116.88,1.875],[116.87,1.874],[116.823,1.933],[116.736,1.973],[116.711,1.968],[116.568,2.043],[116.533,2.041],[116.513,2.052]]],[[[116.851,1.857],[116.851,1.858],[116.85,1.859],[116.851,1.857]]],[[[116.813,1.899],[116.813,1.899],[116.811,1.899],[116.813,1.899]]],[[[116.811,1.899],[116.809,1.9],[116.808,1.899],[116.811,1.899]]],[[[116.777,1.923],[116.777,1.924],[116.776,1.924],[116.777,1.923]]],[[[116.831,1.88],[116.832,1.881],[116.831,1.881],[116.831,1.88]]],[[[116.714,1.922],[116.713,1.923],[116.713,1.923],[116.714,1.922]]],[[[116.858,1.851],[116.858,1.851],[116.858,1.851],[116.858,1.851]]],[[[116.804,1.904],[116.804,1.905],[116.803,1.905],[116.804,1.904]]],[[[116.722,1.919],[116.722,1.919],[116.721,1.919],[116.722,1.919]]],[[[116.825,1.886],[116.825,1.885],[116.826,1.885],[116.825,1.886]]],[[[116.613,1.92],[116.613,1.92],[116.612,1.92],[116.613,1.92]]],[[[116.602,1.93],[116.602,1.93],[116.602,1.93],[116.602,1.93]]]]},"properties":{"jenis":"logging","nama":"PT ADITYA KIRANA MANDIRI","luas":42700,"sk":"SK.862/Kpts-VI/1999","tahun":1999}},{"type":"Feature","geometry":{"type":"Polygon","coordinates":[[[117.482,1.625],[117.472,1.632],[117.463,1.605],[117.446,1.596],[117.439,1.597],[117.429,1.628],[117.397,1.603],[117.368,1.565],[117.34,1.487],[117.335,1.465],[117.353,1.444],[117.361,1.419],[117.356,1.386],[117.338,1.356],[117.392,1.312],[117.425,1.333],[117.47,1.334],[117.498,1.425],[117.518,1.428],[117.549,1.411],[117.556,1.415],[117.561,1.408],[117.576,1.406],[117.578,1.442],[117.55,1.456],[117.554,1.478],[117.588,1.51],[117.598,1.509],[117.601,1.488],[117.611,1.501],[117.609,1.55],[117.482,1.625]]]},"properties":{"jenis":"logging","nama":"PT KEDUNG MADU TROPICAL WOOD","luas":50400,"sk":"SK.269/Menhut-II/2007","tahun":2007}},{"type":"Feature","geometry":{"type":"Polygon","coordinates":[[[115.863,1.142],[115.861,1.155],[115.827,1.158],[115.787,1.131],[115.721,1.127],[115.677,1.101],[115.664,1.083],[115.723,1.056],[115.742,1.068],[115.742,0.921],[115.803,0.905],[115.872,0.82],[115.887,0.779],[115.915,0.786],[115.921,0.797],[115.905,0.816],[115.893,0.849],[115.894,0.871],[115.923,0.897],[115.939,0.898],[115.986,0.928],[115.998,0.947],[115.961,0.975],[115.961,1.003],[115.942,1.01],[115.939,1.094],[115.927,1.099],[115.904,1.079],[115.89,1.081],[115.873,1.102],[115.863,1.142]]]},"properties":{"jenis":"logging","nama":"PT MUTIARA KALJA PERMAI (SK.553)","luas":75120,"sk":"SK.553/Menhut-II/2013","tahun":2013}},{"type":"Feature","geometry":{"type":"Polygon","coordinates":[[[117.418,1.066],[117.341,1.102],[117.328,1.07],[117.262,0.994],[117.239,0.994],[117.206,0.913],[117.256,0.899],[117.282,0.876],[117.321,0.856],[117.33,0.906],[117.371,0.899],[117.423,0.901],[117.392,0.958],[117.451,0.986],[117.468,1.017],[117.503,1.04],[117.503,1.053],[117.481,1.068],[117.418,1.066]]]},"properties":{"jenis":"logging","nama":"PT PANAMBANGAN","luas":43240,"sk":"SK.411/Menhut-II/2004","tahun":2004}},{"type":"Feature","geometry":{"type":"MultiPolygon","coordinates":[[[[115.726,0.922],[115.706,0.918],[115.685,0.901],[115.662,0.863],[115.629,0.862],[115.624,0.84],[115.597,0.824],[115.553,0.754],[115.608,0.769],[115.618,0.779],[115.619,0.821],[115.649,0.837],[115.677,0.83],[115.7,0.814],[115.72,0.769],[115.733,0.769],[115.745,0.79],[115.755,0.783],[115.762,0.788],[115.758,0.821],[115.736,0.858],[115.744,0.888],[115.758,0.889],[115.776,0.856],[115.818,0.828],[115.821,0.811],[115.817,0.791],[115.796,0.758],[115.731,0.722],[115.73,0.675],[115.739,0.678],[115.757,0.666],[115.768,0.678],[115.777,0.665],[115.784,0.667],[115.779,0.675],[115.784,0.677],[115.793,0.663],[115.823,0.712],[115.843,0.708],[115.846,0.692],[115.858,0.691],[115.884,0.604],[115.889,0.619],[115.908,0.634],[115.916,0.634],[115.936,0.604],[115.931,0.579],[115.914,0.571],[115.937,0.548],[115.946,0.567],[115.977,0.583],[115.967,0.603],[115.982,0.611],[115.983,0.62],[115.968,0.624],[116.075,0.718],[116.098,0.709],[116.111,0.721],[116.117,0.753],[116.201,0.83],[116.175,0.869],[116.192,0.878],[116.152,0.916],[116.133,0.886],[116.091,0.871],[116.074,0.856],[116.022,0.774],[115.959,0.771],[115.938,0.739],[115.912,0.786],[115.887,0.779],[115.872,0.82],[115.803,0.905],[115.726,0.922]]],[[[115.597,0.585],[115.67,0.651],[115.638,0.653],[115.608,0.673],[115.615,0.708],[115.602,0.742],[115.561,0.742],[115.541,0.729],[115.53,0.707],[115.527,0.68],[115.51,0.641],[115.511,0.586],[115.569,0.562],[115.597,0.585]]]]},"properties":{"jenis":"logging","nama":"PT BELAYAN RIVER TIMBER","luas":97500,"sk":"SK.853/Menhut-II/1999","tahun":1999}},{"type":"Feature","geometry":{"type":"Polygon","coordinates":[[[117.081,3.987],[117.068,3.985],[117.085,3.859],[117.106,3.866],[117.116,3.852],[117.103,3.839],[117.115,3.829],[117.105,3.824],[117.11,3.816],[117.099,3.81],[117.103,3.802],[117.114,3.81],[117.131,3.805],[117.143,3.824],[117.15,3.82],[117.159,3.831],[117.163,3.823],[117.167,3.833],[117.176,3.832],[117.173,3.814],[117.18,3.819],[117.185,3.807],[117.198,3.812],[117.188,3.813],[117.188,3.82],[117.204,3.825],[117.206,3.835],[117.217,3.816],[117.229,3.82],[117.232,3.814],[117.243,3.826],[117.249,3.814],[117.252,3.834],[117.263,3.835],[117.275,3.82],[117.274,3.832],[117.284,3.836],[117.295,3.825],[117.306,3.832],[117.33,3.798],[117.338,3.804],[117.331,3.818],[117.335,3.828],[117.349,3.829],[117.388,3.81],[117.391,3.828],[117.409,3.796],[117.43,3.788],[117.443,3.793],[117.448,3.781],[117.468,3.79],[117.463,3.774],[117.478,3.759],[117.495,3.775],[117.501,3.766],[117.511,3.771],[117.49,3.842],[117.538,3.864],[117.399,3.898],[117.364,3.938],[117.351,3.93],[117.328,3.935],[117.329,3.849],[117.141,3.848],[117.139,3.932],[117.13,3.941],[117.125,3.97],[117.121,3.973],[117.109,3.932],[117.097,3.923],[117.094,3.952],[117.107,3.968],[117.087,3.978],[117.071,3.972],[117.081,3.987]]]},"properties":{"jenis":"logging","nama":"PT KARYA JAYA PARAKAWAN","luas":19440,"sk":"SK.722/Menhut-II/2010","tahun":2010}},{"type":"Feature","geometry":{"type":"Polygon","coordinates":[[[116.238,3.836],[116.156,3.834],[116.143,3.825],[115.996,3.799],[116.008,3.668],[116.02,3.617],[116.086,3.571],[116.154,3.596],[116.169,3.594],[116.177,3.581],[116.281,3.641],[116.285,3.648],[116.269,3.658],[116.257,3.681],[116.26,3.809],[116.238,3.836]]]},"properties":{"jenis":"logging","nama":"PT INHUTANI II UNIT SEI SEMAMU","luas":71375,"sk":"SK.578/Menhut-II/2009","tahun":2009}},{"type":"Feature","geometry":{"type":"Polygon","coordinates":[[[115.619,0.43],[115.632,0.454],[115.607,0.462],[115.601,0.505],[115.582,0.531],[115.55,0.507],[115.509,0.405],[115.506,0.37],[115.524,0.362],[115.537,0.367],[115.54,0.382],[115.546,0.377],[115.553,0.384],[115.55,0.392],[115.568,0.387],[115.557,0.406],[115.573,0.406],[115.566,0.412],[115.573,0.414],[115.571,0.421],[115.589,0.417],[115.586,0.429],[115.608,0.431],[115.613,0.442],[115.619,0.43]]]},"properties":{"jenis":"logging","nama":"CV PARI JAYA MAKMUR","luas":12730,"sk":"SK.98/Menhut-II/2006","tahun":2006}},{"type":"Feature","geometry":{"type":"Polygon","coordinates":[[[114.987,1.647],[114.987,1.607],[114.939,1.574],[114.927,1.538],[114.963,1.494],[114.965,1.474],[114.948,1.471],[114.906,1.507],[114.83,1.495],[114.767,1.527],[114.721,1.445],[114.642,1.371],[114.678,1.348],[114.716,1.342],[114.776,1.316],[114.812,1.327],[114.925,1.289],[114.949,1.267],[114.992,1.261],[114.994,1.075],[115.062,1.073],[115.071,1.134],[115.063,1.155],[115.1,1.244],[115.082,1.267],[115.046,1.268],[115.045,1.296],[115.06,1.31],[115.049,1.331],[115.068,1.385],[115.09,1.392],[115.106,1.416],[115.108,1.645],[114.987,1.647]]]},"properties":{"jenis":"logging","nama":"PT RIMBA KARYA RAYATAMA (SK 384-MALINAU)","luas":143970,"sk":"SK.384/Menhut-II/2009","tahun":2009}},{"type":"Feature","geometry":{"type":"Polygon","coordinates":[[[114.992,1.26],[114.975,1.232],[114.966,1.234],[114.965,1.224],[114.938,1.246],[114.914,1.25],[114.942,1.216],[114.935,1.181],[114.844,1.171],[114.84,1.142],[114.871,1.075],[114.869,1.066],[114.847,1.058],[114.82,1.069],[114.762,1.075],[114.717,1.068],[114.705,1.036],[114.697,1.032],[114.653,1.055],[114.603,0.975],[114.52,0.989],[114.503,1.016],[114.483,0.982],[114.517,0.947],[114.575,0.942],[114.577,0.924],[114.592,0.917],[114.62,0.916],[114.621,0.905],[114.642,0.905],[114.645,0.895],[114.667,0.898],[114.666,0.881],[114.7,0.891],[114.709,0.88],[114.725,0.886],[114.726,0.9],[114.743,0.903],[114.747,0.917],[114.771,0.926],[114.809,0.918],[114.849,0.929],[114.905,0.928],[114.92,0.897],[114.982,0.902],[114.975,0.929],[114.949,0.929],[114.942,0.919],[114.922,0.934],[114.929,0.958],[114.914,0.968],[114.932,1.018],[114.93,1.032],[114.941,1.037],[114.947,1.056],[114.994,1.075],[114.992,1.26]]]},"properties":{"jenis":"logging","nama":"PT KEMAKMURAN BERKAH TIMBER","luas":82810,"sk":"SK.217/Menhut-II/2008","tahun":2008}},{"type":"Feature","geometry":{"type":"Polygon","coordinates":[[[114.865,0.866],[114.807,0.878],[114.714,0.769],[114.699,0.772],[114.681,0.749],[114.686,0.719],[114.787,0.723],[114.865,0.77],[114.849,0.837],[114.863,0.846],[114.865,0.866]]]},"properties":{"jenis":"logging","nama":"PT KARYA WIJAYA SUKSES","luas":22320,"sk":"SK.192/Menhut-II/2006","tahun":2006}},{"type":"Feature","geometry":{"type":"MultiPolygon","coordinates":[[[[115.303,0.744],[115.252,0.74],[115.247,0.726],[115.212,0.726],[115.17,0.738],[115.164,0.716],[115.137,0.72],[115.147,0.664],[115.164,0.624],[115.14,0.618],[115.128,0.575],[115.198,0.534],[115.205,0.55],[115.219,0.55],[115.248,0.516],[115.349,0.568],[115.365,0.563],[115.365,0.574],[115.398,0.614],[115.381,0.67],[115.348,0.657],[115.239,0.574],[115.235,0.617],[115.27,0.701],[115.303,0.744]]],[[[114.198,0.708],[114.139,0.696],[114.15,0.67],[114.186,0.629],[114.175,0.591],[114.183,0.56],[114.208,0.561],[114.211,0.588],[114.248,0.613],[114.298,0.625],[114.38,0.601],[114.411,0.575],[114.439,0.582],[114.431,0.623],[114.393,0.612],[114.237,0.675],[114.181,0.673],[114.183,0.685],[114.202,0.7],[114.198,0.708]]],[[[114.67,0.712],[114.686,0.719],[114.681,0.749],[114.699,0.772],[114.646,0.783],[114.648,0.707],[114.67,0.712]]],[[[115.425,0.487],[115.421,0.481],[115.448,0.432],[115.462,0.432],[115.483,0.45],[115.425,0.487]]]]},"properties":{"jenis":"logging","nama":"PT SUMALINDO LESTARI JAYA V","luas":61465,"sk":"SK.321/Menhut-II/2009","tahun":2009}},{"type":"Feature","geometry":{"type":"Polygon","coordinates":[[[116.503,1.34],[116.522,1.343],[116.531,1.358],[116.541,1.353],[116.535,1.342],[116.549,1.343],[116.558,1.333],[116.569,1.334],[116.572,1.343],[116.594,1.339],[116.591,1.359],[116.615,1.37],[116.618,1.363],[116.628,1.362],[116.666,1.373],[116.668,1.363],[116.698,1.352],[116.7,1.327],[116.722,1.359],[116.744,1.366],[116.785,1.337],[116.803,1.34],[116.687,1.415],[116.679,1.468],[116.712,1.518],[116.505,1.543],[116.491,1.48],[116.455,1.491],[116.412,1.48],[116.388,1.458],[116.358,1.476],[116.344,1.475],[116.339,1.43],[116.351,1.412],[116.391,1.405],[116.422,1.387],[116.463,1.336],[116.481,1.332],[116.503,1.34]]]},"properties":{"jenis":"logging","nama":"PT NARKATA RIMBA","luas":65925,"sk":"SK.433/Menhut-II/2012","tahun":2012}},{"type":"Feature","geometry":{"type":"Polygon","coordinates":[[[116.94,1.523],[116.911,1.599],[116.8,1.633],[116.806,1.609],[116.8,1.584],[116.759,1.526],[116.744,1.517],[116.715,1.522],[116.681,1.477],[116.687,1.415],[116.803,1.34],[116.843,1.363],[116.901,1.334],[117.033,1.415],[116.971,1.51],[116.954,1.49],[116.94,1.523]]]},"properties":{"jenis":"logging","nama":"PT GUNUNG GAJAH ABADI","luas":74980,"sk":"SK.469/Menhut-II/2012","tahun":2012}},{"type":"Feature","geometry":{"type":"Polygon","coordinates":[[[118.715,1.096],[118.605,1.105],[118.596,1.114],[118.593,1.171],[118.567,1.228],[118.511,1.26],[118.465,1.246],[118.448,1.166],[118.451,1.138],[118.42,1.115],[118.42,1.101],[118.44,1.081],[118.44,1.058],[118.466,1.028],[118.515,1.024],[118.537,1.007],[118.534,0.995],[118.541,0.993],[118.521,0.983],[118.532,0.974],[118.512,0.974],[118.507,0.969],[118.514,0.963],[118.507,0.963],[118.563,0.956],[118.554,0.944],[118.565,0.914],[118.626,0.906],[118.619,0.895],[118.628,0.908],[118.746,0.904],[118.787,0.984],[118.777,0.987],[118.753,1.054],[118.766,1.095],[118.756,1.106],[118.715,1.096]]]},"properties":{"jenis":"logging","nama":"PT HANURATA","luas":86440,"sk":"SK.685/Menhut-II/2013","tahun":2013}},{"type":"Feature","geometry":{"type":"Polygon","coordinates":[[[115.485,1.129],[115.359,1.031],[115.318,0.972],[115.312,0.932],[115.322,0.887],[115.327,0.894],[115.338,0.87],[115.338,0.915],[115.388,0.904],[115.481,0.853],[115.488,0.836],[115.466,0.809],[115.524,0.809],[115.551,0.845],[115.564,0.848],[115.594,0.819],[115.624,0.84],[115.629,0.862],[115.662,0.863],[115.675,0.89],[115.698,0.914],[115.742,0.921],[115.742,1.068],[115.723,1.056],[115.664,1.083],[115.644,1.046],[115.61,1.022],[115.591,1.022],[115.549,1.052],[115.463,1.047],[115.485,1.129]]]},"properties":{"jenis":"logging","nama":"PT BARITO NUSANTARA INDAH","luas":64685,"sk":"SK.42/Menhut-II/2009","tahun":2009}},{"type":"Feature","geometry":{"type":"MultiPolygon","coordinates":[[[[115.983,0.857],[115.989,0.889],[116.015,0.941],[116.019,0.972],[116,1.044],[115.96,1.064],[116,1.118],[115.988,1.146],[115.99,1.173],[116.016,1.18],[116.056,1.174],[116.039,1.29],[115.983,1.283],[115.859,1.176],[115.866,1.123],[115.881,1.089],[115.904,1.079],[115.927,1.099],[115.939,1.094],[115.942,1.01],[115.961,1.003],[115.961,0.975],[115.998,0.947],[115.986,0.928],[115.939,0.898],[115.923,0.897],[115.892,0.865],[115.905,0.816],[115.92,0.804],[115.912,0.786],[115.938,0.739],[115.959,0.771],[115.997,0.769],[115.98,0.814],[115.983,0.857]]],[[[116.091,0.871],[116.133,0.886],[116.149,0.906],[116.106,0.985],[116.092,0.983],[116.079,0.966],[116.073,0.92],[116.074,0.856],[116.091,0.871]]],[[[116.286,1.182],[116.238,1.155],[116.279,1.083],[116.286,1.182]]],[[[116.21,0.838],[116.215,0.844],[116.215,0.901],[116.203,0.884],[116.175,0.869],[116.201,0.831],[116.21,0.838]]]]},"properties":{"jenis":"logging","nama":"PT MUTIARA KALJA PERMAI (SK.506)","luas":65875,"sk":"SK.506/Menhut-II/2009","tahun":2009}},{"type":"Feature","geometry":{"type":"MultiPolygon","coordinates":[[[[115.301,0.174],[115.306,0.187],[115.266,0.225],[115.248,0.228],[115.196,0.199],[115.156,0.125],[115.078,0.135],[115.033,0.116],[115.019,0.118],[114.996,0.138],[114.974,0.076],[114.972,-0.002],[114.978,-0.02],[114.994,-0.018],[115.008,0.002],[115.023,-0.015],[115.005,-0.083],[115.02,-0.112],[115.034,-0.111],[115.046,-0.088],[115.053,-0.087],[115.069,-0.046],[115.109,0.013],[115.12,0.013],[115.183,0.053],[115.27,0.067],[115.309,0.066],[115.352,0.078],[115.38,0.073],[115.394,0.065],[115.394,0.052],[115.404,0.044],[115.396,0.023],[115.397,-0.016],[115.416,-0.006],[115.417,0.053],[115.435,0.09],[115.457,0.122],[115.494,0.137],[115.478,0.188],[115.457,0.209],[115.422,0.22],[115.388,0.198],[115.347,0.183],[115.326,0.164],[115.301,0.174]]],[[[115.101,0.193],[115.132,0.228],[115.039,0.231],[115.005,0.22],[114.974,0.194],[114.984,0.166],[115.015,0.187],[115.085,0.179],[115.101,0.193]]]]},"properties":{"jenis":"logging","nama":"PT RATAH TIMBER","luas":93425,"sk":"SK.359/Menhut-II/2009","tahun":2009}},{"type":"Feature","geometry":{"type":"Polygon","coordinates":[[[116.22,-0.771],[116.154,-0.762],[116.095,-0.789],[116.049,-0.934],[116.029,-1.056],[116.035,-1.098],[116.058,-1.158],[116.095,-1.199],[116.317,-1.125],[116.337,-1.107],[116.343,-1.123],[116.374,-1.147],[116.449,-1.192],[116.451,-1.165],[116.476,-1.153],[116.511,-1.176],[116.549,-1.177],[116.565,-1.194],[116.584,-1.199],[116.625,-1.199],[116.635,-1.185],[116.647,-1.185],[116.646,-1.175],[116.621,-1.175],[116.615,-1.185],[116.583,-1.185],[116.555,-1.167],[116.516,-1.168],[116.514,-1.16],[116.498,-1.156],[116.487,-1.14],[116.497,-1.14],[116.495,-1.132],[116.507,-1.125],[116.507,-1.112],[116.526,-1.1],[116.561,-1.099],[116.603,-1.055],[116.582,-1.039],[116.585,-1.035],[116.553,-0.999],[116.475,-0.945],[116.437,-0.953],[116.437,-0.962],[116.422,-0.971],[116.393,-0.969],[116.376,-1.023],[116.334,-1.047],[116.323,-1.012],[116.341,-0.997],[116.324,-0.977],[116.315,-1.004],[116.258,-1.084],[116.214,-1.088],[116.172,-1.121],[116.161,-1.142],[116.135,-1.149],[116.123,-1.121],[116.156,-0.928],[116.18,-0.935],[116.193,-0.968],[116.18,-1.021],[116.189,-1.042],[116.214,-1.027],[116.219,-0.999],[116.258,-0.953],[116.297,-0.925],[116.281,-0.896],[116.26,-0.892],[116.261,-0.882],[116.251,-0.874],[116.261,-0.842],[116.254,-0.832],[116.279,-0.777],[116.238,-0.773],[116.246,-0.798],[116.219,-0.788],[116.22,-0.771]]]},"properties":{"jenis":"logging","nama":"PT BALIKPAPAN WANA LESTARI (DH. BALIKPAPAN F. I.)","luas":140845,"sk":"SK.179/Menhut-II/2014","tahun":2014}},{"type":"Feature","geometry":{"type":"Polygon","coordinates":[[[116.331,-1.12],[116.146,-1.179],[116.156,-1.197],[116.205,-1.231],[116.222,-1.231],[116.233,-1.21],[116.246,-1.213],[116.256,-1.224],[116.258,-1.248],[116.307,-1.223],[116.332,-1.229],[116.333,-1.213],[116.354,-1.2],[116.316,-1.155],[116.304,-1.152],[116.314,-1.134],[116.332,-1.13],[116.331,-1.12]]]},"properties":{"jenis":"logging","nama":"PT GREATY SUKSES ABADI","luas":39190,"sk":"SK.634/Menhut-II/2013","tahun":2013}},{"type":"Feature","geometry":{"type":"MultiPolygon","coordinates":[[[[111.385,-0.851],[111.379,-0.841],[111.355,-0.841],[111.357,-0.851],[111.348,-0.852],[111.342,-0.872],[111.315,-0.875],[111.273,-0.932],[111.366,-0.935],[111.374,-0.92],[111.372,-0.881],[111.385,-0.851]]],[[[111.432,-0.702],[111.43,-0.696],[111.423,-0.703],[111.419,-0.697],[111.406,-0.7],[111.416,-0.71],[111.415,-0.725],[111.362,-0.753],[111.341,-0.795],[111.358,-0.798],[111.364,-0.767],[111.378,-0.781],[111.388,-0.764],[111.4,-0.792],[111.413,-0.78],[111.429,-0.761],[111.422,-0.756],[111.43,-0.747],[111.426,-0.72],[111.44,-0.701],[111.432,-0.702]]],[[[111.328,-0.677],[111.324,-0.646],[111.316,-0.661],[111.325,-0.702],[111.333,-0.727],[111.351,-0.729],[111.376,-0.698],[111.359,-0.693],[111.348,-0.701],[111.344,-0.68],[111.328,-0.677]]]]},"properties":{"jenis":"logging","nama":"PT SINERGI BUMI LESTARI","luas":12770,"sk":"SK.559/Menhut-II/2006","tahun":2006}},{"type":"Feature","geometry":{"type":"MultiPolygon","coordinates":[[[[109.477,-0.842],[109.481,-0.828],[109.451,-0.81],[109.436,-0.823],[109.434,-0.841],[109.421,-0.849],[109.412,-0.846],[109.408,-0.826],[109.377,-0.831],[109.36,-0.849],[109.339,-0.842],[109.324,-0.881],[109.314,-0.878],[109.311,-0.884],[109.325,-0.893],[109.336,-0.882],[109.335,-0.872],[109.356,-0.867],[109.383,-0.88],[109.398,-0.866],[109.412,-0.872],[109.417,-0.863],[109.446,-0.849],[109.468,-0.857],[109.477,-0.842]]],[[[109.672,-0.921],[109.608,-0.922],[109.617,-0.951],[109.644,-0.964],[109.654,-0.978],[109.674,-0.98],[109.699,-0.964],[109.68,-0.952],[109.672,-0.921]]]]},"properties":{"jenis":"logging","nama":"PT BINA OVIVIPARI SEMESTA","luas":10100,"sk":"SK.68/Menhut-II/2006","tahun":2006}},{"type":"Feature","geometry":{"type":"Polygon","coordinates":[[[110.307,-1.518],[110.309,-1.507],[110.251,-1.468],[110.181,-1.519],[110.158,-1.522],[110.122,-1.577],[110.08,-1.694],[110.03,-1.788],[110.026,-1.813],[110.04,-1.812],[110.062,-1.795],[110.139,-1.672],[110.213,-1.707],[110.228,-1.694],[110.259,-1.642],[110.285,-1.645],[110.327,-1.619],[110.346,-1.589],[110.319,-1.578],[110.302,-1.561],[110.307,-1.518]]]},"properties":{"jenis":"logging","nama":"PT MOHAIRSON PAWAN KHATULISTIWA","luas":48440,"sk":"SK.216/Menhut-II/2008","tahun":2008}},{"type":"Feature","geometry":{"type":"Polygon","coordinates":[[[110.757,-0.63],[110.703,-0.629],[110.736,-0.735],[110.782,-0.796],[110.554,-0.798],[110.559,-0.819],[110.589,-0.817],[110.593,-0.824],[110.554,-0.837],[110.548,-0.868],[110.57,-0.873],[110.532,-0.901],[110.526,-0.919],[110.544,-0.915],[110.546,-0.925],[110.65,-0.926],[110.679,-0.933],[110.694,-0.902],[110.695,-0.888],[110.678,-0.878],[110.688,-0.866],[110.705,-0.861],[110.755,-0.871],[110.826,-0.87],[110.83,-0.865],[110.822,-0.846],[110.885,-0.776],[110.896,-0.747],[110.918,-0.741],[110.93,-0.757],[110.928,-0.779],[110.947,-0.76],[110.935,-0.633],[110.799,-0.632],[110.765,-0.642],[110.757,-0.63]]]},"properties":{"jenis":"logging","nama":"PT DUAJA CORP. II","luas":74860,"sk":"SK.90/Kpts-II/2001","tahun":2001}},{"type":"Feature","geometry":{"type":"Polygon","coordinates":[[[110.959,-1.911],[110.974,-1.843],[110.997,-1.788],[110.825,-1.786],[110.825,-1.849],[110.845,-1.866],[110.855,-1.91],[110.863,-1.918],[110.897,-1.912],[110.919,-1.92],[110.93,-1.969],[110.962,-2.045],[110.991,-2.039],[111.024,-2.046],[111.023,-2.085],[111.051,-2.166],[111.06,-2.169],[111.071,-2.127],[111.054,-2.052],[111.068,-1.963],[110.991,-1.951],[110.959,-1.926],[110.959,-1.911]]]},"properties":{"jenis":"logging","nama":"PT AGRA PRIMERA PLANTATION (DH.WANAKAYU BATUPTH)","luas":42500,"sk":"SK.103/Menhut-II/2014","tahun":2014}},{"type":"Feature","geometry":{"type":"MultiPolygon","coordinates":[[[[115.289,-1.556],[115.279,-1.545],[115.177,-1.546],[115.182,-1.617],[115.21,-1.618],[115.208,-1.658],[115.219,-1.659],[115.219,-1.693],[115.229,-1.696],[115.232,-1.741],[115.203,-1.759],[115.196,-1.794],[115.298,-1.782],[115.29,-1.737],[115.298,-1.688],[115.378,-1.546],[115.297,-1.545],[115.298,-1.553],[115.289,-1.556]]],[[[115.594,-1.45],[115.581,-1.431],[115.542,-1.426],[115.522,-1.431],[115.491,-1.461],[115.584,-1.466],[115.594,-1.45]]]]},"properties":{"jenis":"logging","nama":"PT HASNUR JAYA UTAMA","luas":38445,"sk":"SK.28/Kpts-II/2001","tahun":2001}},{"type":"Feature","geometry":{"type":"Polygon","coordinates":[[[113.613,-0.687],[113.352,-0.666],[113.351,-0.679],[113.367,-0.687],[113.353,-0.699],[113.346,-0.727],[113.351,-0.763],[113.328,-0.782],[113.34,-0.784],[113.345,-0.818],[113.334,-0.846],[113.363,-0.858],[113.382,-0.881],[113.447,-0.871],[113.463,-0.858],[113.477,-0.796],[113.49,-0.793],[113.496,-0.799],[113.497,-0.858],[113.525,-0.875],[113.551,-0.875],[113.557,-0.851],[113.538,-0.856],[113.532,-0.85],[113.554,-0.772],[113.543,-0.72],[113.581,-0.718],[113.599,-0.692],[113.608,-0.695],[113.613,-0.687]]]},"properties":{"jenis":"logging","nama":"PT SIKATAN WANA RAYA","luas":49400,"sk":"SK.107/Kpts-II/2000","tahun":2000}},{"type":"Feature","geometry":{"type":"Polygon","coordinates":[[[113.356,-0.647],[113.328,-0.633],[113.328,-0.603],[113.364,-0.61],[113.42,-0.372],[113.409,-0.369],[113.372,-0.396],[113.36,-0.426],[113.343,-0.443],[113.315,-0.551],[113.277,-0.615],[113.267,-0.706],[113.251,-0.73],[113.233,-0.727],[113.22,-0.71],[113.215,-0.586],[113.179,-0.531],[113.13,-0.535],[113.011,-0.565],[113.039,-0.616],[113.053,-0.619],[113.057,-0.632],[113.142,-0.62],[113.167,-0.815],[113.243,-0.833],[113.267,-0.8],[113.279,-0.764],[113.302,-0.783],[113.315,-0.766],[113.334,-0.777],[113.351,-0.763],[113.346,-0.727],[113.352,-0.699],[113.367,-0.686],[113.349,-0.678],[113.356,-0.647]]]},"properties":{"jenis":"logging","nama":"PT CARUS INDONESIA","luas":72170,"sk":"SK.94/Kpts-II/2000","tahun":2000}},{"type":"Feature","geometry":{"type":"Polygon","coordinates":[[[113.32,-0.873],[113.297,-0.871],[113.286,-0.883],[113.245,-0.885],[113.235,-0.901],[113.215,-0.901],[113.211,-0.908],[113.198,-0.901],[113.168,-0.918],[113.182,-0.938],[113.174,-0.954],[113.126,-0.953],[113.106,-0.943],[113.09,-0.954],[113.092,-0.984],[113.057,-1.014],[113.075,-1.05],[113.044,-1.07],[113.058,-1.096],[113.061,-1.141],[113.087,-1.15],[113.096,-1.145],[113.115,-1.09],[113.127,-1.106],[113.118,-1.153],[113.153,-1.146],[113.164,-1.154],[113.182,-1.134],[113.187,-1.105],[113.2,-1.087],[113.28,-1.049],[113.277,-1.073],[113.239,-1.091],[113.189,-1.157],[113.331,-1.114],[113.354,-0.901],[113.32,-0.873]]]},"properties":{"jenis":"logging","nama":"PT DWIMA JAYA UTAMA","luas":127300,"sk":"SK.267/Menhut-II/2004","tahun":2004}},{"type":"Feature","geometry":{"type":"Polygon","coordinates":[[[113.576,-1.564],[113.721,-1.162],[113.699,-1.163],[113.686,-1.138],[113.687,-1.13],[113.709,-1.125],[113.713,-1.11],[113.68,-1.075],[113.681,-1.052],[113.698,-1.025],[113.692,-1.009],[113.638,-1.037],[113.646,-1.091],[113.654,-1.099],[113.649,-1.112],[113.657,-1.112],[113.664,-1.098],[113.678,-1.119],[113.661,-1.158],[113.641,-1.16],[113.642,-1.127],[113.635,-1.124],[113.612,-1.153],[113.619,-1.178],[113.601,-1.182],[113.595,-1.193],[113.599,-1.211],[113.619,-1.212],[113.607,-1.243],[113.615,-1.253],[113.624,-1.243],[113.627,-1.361],[113.569,-1.362],[113.569,-1.387],[113.589,-1.402],[113.591,-1.417],[113.56,-1.423],[113.524,-1.396],[113.519,-1.379],[113.529,-1.329],[113.51,-1.301],[113.481,-1.322],[113.495,-1.333],[113.507,-1.331],[113.509,-1.351],[113.501,-1.361],[113.477,-1.348],[113.456,-1.348],[113.439,-1.336],[113.434,-1.322],[113.41,-1.344],[113.423,-1.388],[113.476,-1.421],[113.489,-1.409],[113.5,-1.411],[113.523,-1.48],[113.535,-1.482],[113.549,-1.539],[113.576,-1.564]]]},"properties":{"jenis":"logging","nama":"PT HASIL KALIMANTAN JAYA","luas":49500,"sk":"SK.116/Kpts-II/2000","tahun":2000}},{"type":"Feature","geometry":{"type":"Polygon","coordinates":[[[113.038,-1.197],[112.744,-1.166],[112.727,-1.209],[112.737,-1.227],[112.734,-1.254],[112.795,-1.289],[112.833,-1.297],[112.917,-1.403],[112.941,-1.372],[112.972,-1.381],[112.992,-1.349],[113.022,-1.378],[113.036,-1.379],[113.057,-1.346],[113.059,-1.329],[113.05,-1.319],[113.013,-1.316],[113.049,-1.307],[113.052,-1.295],[113.044,-1.284],[113.025,-1.28],[113.003,-1.305],[112.961,-1.284],[112.917,-1.283],[112.895,-1.244],[112.91,-1.238],[112.914,-1.217],[112.963,-1.22],[112.986,-1.249],[113,-1.255],[113.029,-1.252],[113.052,-1.267],[113.056,-1.257],[113.038,-1.197]]]},"properties":{"jenis":"logging","nama":"PT HUTAN MULYA","luas":51000,"sk":"SK.265/Menhut-II/2004","tahun":2004}},{"type":"Feature","geometry":{"type":"Polygon","coordinates":[[[113.898,-0.041],[113.898,-0.034],[113.989,-0.033],[113.976,-0.004],[113.953,0.019],[113.95,0.038],[113.99,0.11],[114,0.151],[113.851,0.152],[113.811,0.033],[113.583,0.03],[113.607,-0.013],[113.601,-0.072],[113.618,-0.078],[113.619,-0.099],[113.637,-0.108],[113.65,-0.097],[113.656,-0.105],[113.668,-0.1],[113.674,-0.112],[113.677,-0.104],[113.693,-0.102],[113.708,-0.106],[113.71,-0.116],[113.728,-0.11],[113.729,-0.119],[113.734,-0.114],[113.744,-0.123],[113.75,-0.141],[113.757,-0.141],[113.753,-0.152],[113.765,-0.146],[113.777,-0.157],[113.789,-0.152],[113.802,-0.167],[113.808,-0.155],[113.812,-0.163],[113.835,-0.162],[113.831,-0.172],[113.838,-0.171],[113.838,-0.179],[113.875,-0.172],[113.889,-0.182],[113.902,-0.171],[113.898,-0.041]]]},"properties":{"jenis":"logging","nama":"PT KAYU ARA JAYA RAYA","luas":85210,"sk":"SK.850/Kpts-VI/1999","tahun":1999}},{"type":"Feature","geometry":{"type":"Polygon","coordinates":[[[111.968,-1.553],[111.98,-1.529],[111.973,-1.515],[111.979,-1.498],[111.969,-1.482],[111.965,-1.465],[111.971,-1.452],[111.957,-1.403],[111.945,-1.391],[111.947,-1.373],[111.88,-1.418],[111.903,-1.467],[111.914,-1.577],[111.837,-1.618],[111.883,-1.751],[111.91,-1.782],[111.995,-1.782],[111.984,-1.753],[111.963,-1.734],[111.963,-1.724],[111.973,-1.723],[111.977,-1.703],[111.956,-1.683],[111.966,-1.668],[111.952,-1.626],[111.968,-1.593],[111.963,-1.581],[111.972,-1.571],[111.968,-1.553]]]},"properties":{"jenis":"logging","nama":"PT CENTRAL KALIMANTAN ABADI","luas":40650,"sk":"SK.10/Kpts-II/2000","tahun":2000}},{"type":"Feature","geometry":{"type":"Polygon","coordinates":[[[114.606,0.088],[114.595,0.126],[114.589,0.176],[114.598,0.179],[114.59,0.214],[114.578,0.202],[114.555,0.212],[114.54,0.187],[114.535,0.16],[114.497,0.157],[114.492,0.199],[114.451,0.251],[114.419,0.246],[114.406,0.223],[114.328,0.229],[114.304,0.198],[114.303,0.181],[114.331,0.166],[114.327,0.143],[114.34,0.12],[114.337,0.075],[114.367,-0.008],[114.392,-0.025],[114.39,-0.07],[114.378,-0.085],[114.375,-0.051],[114.365,-0.044],[114.346,-0.052],[114.318,-0.09],[114.309,-0.152],[114.298,-0.147],[114.286,-0.109],[114.231,-0.098],[114.283,-0.165],[114.295,-0.171],[114.337,-0.166],[114.368,-0.203],[114.412,-0.096],[114.427,-0.074],[114.436,-0.074],[114.421,0.05],[114.406,0.055],[114.391,0.097],[114.392,0.141],[114.377,0.178],[114.384,0.194],[114.404,0.193],[114.431,0.209],[114.443,0.196],[114.449,0.15],[114.462,0.138],[114.54,0.137],[114.561,0.144],[114.566,0.102],[114.553,0.089],[114.576,0.047],[114.596,0.05],[114.61,0.071],[114.606,0.088]]]},"properties":{"jenis":"logging","nama":"PT MENORAH LOGGINGINDO","luas":57830,"sk":"SK.516/Menhut-II/2005","tahun":2005}},{"type":"Feature","geometry":{"type":"Polygon","coordinates":[[[113.613,-0.687],[113.627,-0.686],[113.651,-0.649],[113.717,-0.594],[113.701,-0.597],[113.697,-0.588],[113.711,-0.548],[113.721,-0.54],[113.688,-0.465],[113.692,-0.425],[113.654,-0.405],[113.639,-0.38],[113.618,-0.43],[113.601,-0.436],[113.572,-0.384],[113.574,-0.35],[113.537,-0.335],[113.518,-0.377],[113.474,-0.389],[113.452,-0.37],[113.45,-0.347],[113.427,-0.332],[113.352,-0.666],[113.613,-0.687]]]},"properties":{"jenis":"logging","nama":"PT HUTAN DOMAS RAYA","luas":99870,"sk":"SK.78/Kpts-II/2000","tahun":2000}},{"type":"Feature","geometry":{"type":"MultiPolygon","coordinates":[[[[114.562,-0.252],[114.55,-0.252],[114.543,-0.266],[114.517,-0.272],[114.483,-0.264],[114.496,-0.281],[114.476,-0.325],[114.423,-0.332],[114.446,-0.358],[114.487,-0.369],[114.516,-0.364],[114.537,-0.337],[114.564,-0.328],[114.578,-0.34],[114.582,-0.356],[114.571,-0.393],[114.551,-0.412],[114.719,-0.398],[114.716,-0.367],[114.682,-0.336],[114.656,-0.325],[114.655,-0.31],[114.634,-0.282],[114.622,-0.295],[114.607,-0.293],[114.591,-0.282],[114.589,-0.269],[114.562,-0.252]]],[[[115.341,-0.605],[115.321,-0.547],[115.302,-0.609],[115.297,-0.736],[115.341,-0.811],[115.355,-0.855],[115.381,-0.791],[115.341,-0.605]]]]},"properties":{"jenis":"logging","nama":"PT BARITO PUTERA","luas":42380,"sk":"SK.27/Kpts-II/2001","tahun":2001}},{"type":"Feature","geometry":{"type":"Polygon","coordinates":[[[114.398,-0.274],[114.37,-0.253],[114.363,-0.231],[114.368,-0.203],[114.354,-0.182],[114.337,-0.166],[114.295,-0.171],[114.283,-0.165],[114.231,-0.098],[114.227,-0.11],[114.218,-0.113],[114.206,-0.104],[114.188,-0.121],[114.173,-0.112],[114.171,-0.098],[114.153,-0.106],[114.139,-0.1],[114.114,-0.108],[114.1,-0.127],[114.085,-0.131],[114.086,-0.143],[114.114,-0.156],[114.123,-0.175],[114.125,-0.206],[114.115,-0.226],[114.122,-0.265],[114.154,-0.29],[114.198,-0.299],[114.235,-0.326],[114.229,-0.343],[114.174,-0.35],[114.187,-0.374],[114.214,-0.391],[114.23,-0.39],[114.283,-0.36],[114.244,-0.353],[114.254,-0.313],[114.236,-0.276],[114.235,-0.25],[114.25,-0.218],[114.258,-0.217],[114.267,-0.222],[114.3,-0.307],[114.342,-0.346],[114.353,-0.371],[114.348,-0.386],[114.323,-0.395],[114.311,-0.391],[114.297,-0.367],[114.295,-0.434],[114.441,-0.432],[114.45,-0.462],[114.463,-0.47],[114.525,-0.421],[114.517,-0.42],[114.507,-0.4],[114.516,-0.364],[114.487,-0.369],[114.446,-0.358],[114.42,-0.328],[114.398,-0.274]]]},"properties":{"jenis":"logging","nama":"PT KARYA DELTA PERMAI","luas":79400,"sk":"SK.429/Menhut-II/2004","tahun":2004}},{"type":"Feature","geometry":{"type":"Polygon","coordinates":[[[114.706,-0.149],[114.691,-0.122],[114.581,-0.095],[114.513,-0.27],[114.544,-0.266],[114.557,-0.249],[114.588,-0.268],[114.591,-0.282],[114.607,-0.293],[114.621,-0.294],[114.641,-0.275],[114.698,-0.273],[114.718,-0.281],[114.733,-0.303],[114.743,-0.343],[114.739,-0.364],[114.721,-0.368],[114.739,-0.376],[114.719,-0.401],[114.866,-0.307],[114.845,-0.277],[114.833,-0.239],[114.794,-0.259],[114.789,-0.281],[114.754,-0.223],[114.745,-0.163],[114.723,-0.161],[114.721,-0.152],[114.706,-0.149]]]},"properties":{"jenis":"logging","nama":"PT PEMANTANG ABADITAMA","luas":49370,"sk":"SK.942/Kpts-VI/1999","tahun":1999}},{"type":"Feature","geometry":{"type":"Polygon","coordinates":[[[114.531,0.094],[114.461,0.085],[114.421,0.05],[114.436,-0.074],[114.44,-0.099],[114.45,-0.108],[114.421,-0.238],[114.412,-0.262],[114.398,-0.274],[114.418,-0.324],[114.459,-0.325],[114.478,-0.26],[114.517,-0.259],[114.606,-0.025],[114.578,-0.023],[114.546,-0.005],[114.546,0.037],[114.576,0.048],[114.559,0.086],[114.531,0.094]]]},"properties":{"jenis":"logging","nama":"PT TAMAN RAJA PERSADA","luas":58500,"sk":"SK.262/Menhut-II/2008","tahun":2008}},{"type":"Feature","geometry":{"type":"Polygon","coordinates":[[[114.047,0.386],[114.072,0.419],[113.875,0.399],[113.791,0.114],[113.837,0.111],[113.851,0.152],[114,0.151],[113.995,0.175],[114.015,0.224],[114.029,0.238],[114.07,0.251],[114.087,0.269],[114.065,0.272],[114.041,0.257],[114.015,0.253],[113.988,0.307],[113.987,0.334],[114.008,0.362],[114.008,0.379],[114.047,0.386]]]},"properties":{"jenis":"logging","nama":"PT MITRA PERDANA PALANGKA","luas":56000,"sk":"SK.397/Menhut-II/2005","tahun":2005}},{"type":"Feature","geometry":{"type":"Polygon","coordinates":[[[113.164,-1.154],[113.153,-1.146],[113.117,-1.154],[113.103,-1.206],[113.121,-1.265],[113.119,-1.322],[113.136,-1.369],[113.149,-1.37],[113.184,-1.366],[113.216,-1.347],[113.243,-1.343],[113.249,-1.315],[113.23,-1.238],[113.237,-1.209],[113.164,-1.154]]]},"properties":{"jenis":"logging","nama":"PT RINANDA INTI LESTARI","luas":30160,"sk":"SK.103/Kpts-II/2001","tahun":2001}},{"type":"Feature","geometry":{"type":"Polygon","coordinates":[[[114.787,-1.485],[114.598,-1.484],[114.595,-1.566],[114.586,-1.567],[114.587,-1.588],[114.642,-1.667],[114.765,-1.667],[114.795,-1.598],[114.739,-1.622],[114.736,-1.593],[114.792,-1.556],[114.804,-1.559],[114.831,-1.505],[114.817,-1.486],[114.787,-1.485]]]},"properties":{"jenis":"logging","nama":"PT TINGANG KARYA MANDIRI","luas":44925,"sk":"SK.73/Kpts-II/2000","tahun":2000}},{"type":"Feature","geometry":{"type":"Polygon","coordinates":[[[111.905,-1.586],[111.914,-1.577],[111.906,-1.484],[111.88,-1.418],[111.649,-1.565],[111.697,-1.651],[111.837,-1.618],[111.905,-1.586]]]},"properties":{"jenis":"logging","nama":"PT ERYTHRINA NUGRAHA MEGAH","luas":42762,"sk":"SK.72/Kpts-II/2001","tahun":2001}},{"type":"Feature","geometry":{"type":"Polygon","coordinates":[[[115.252,-0.292],[115.254,-0.274],[114.975,-0.381],[114.943,-0.423],[114.95,-0.436],[114.927,-0.451],[114.928,-0.458],[114.937,-0.457],[114.935,-0.478],[114.942,-0.486],[114.936,-0.491],[114.94,-0.507],[114.932,-0.513],[114.938,-0.522],[114.932,-0.535],[114.938,-0.537],[114.911,-0.555],[114.893,-0.59],[115.041,-0.597],[115.058,-0.581],[115.078,-0.576],[115.094,-0.504],[115.127,-0.496],[115.133,-0.5],[115.132,-0.526],[115.142,-0.551],[115.164,-0.534],[115.211,-0.518],[115.262,-0.533],[115.281,-0.556],[115.302,-0.616],[115.321,-0.547],[115.318,-0.527],[115.299,-0.497],[115.244,-0.447],[115.26,-0.43],[115.261,-0.403],[115.256,-0.383],[115.239,-0.38],[115.228,-0.305],[115.232,-0.295],[115.248,-0.298],[115.252,-0.292]]]},"properties":{"jenis":"logging","nama":"PT WANA INTI KAHURIPAN INTIGA","luas":92475,"sk":"SK.393/Menhut-II/2005","tahun":2005}},{"type":"Feature","geometry":{"type":"Polygon","coordinates":[[[113.591,-0.767],[113.585,-0.775],[113.587,-0.796],[113.572,-0.81],[113.567,-0.843],[113.572,-0.851],[113.595,-0.853],[113.607,-0.875],[113.626,-0.875],[113.651,-0.863],[113.699,-0.875],[113.753,-0.877],[113.78,-0.901],[113.819,-0.916],[113.832,-0.909],[113.792,-0.854],[113.843,-0.839],[113.805,-0.804],[113.832,-0.779],[113.849,-0.779],[113.825,-0.748],[113.708,-0.703],[113.657,-0.695],[113.636,-0.722],[113.621,-0.721],[113.615,-0.709],[113.605,-0.709],[113.606,-0.74],[113.591,-0.767]]]},"properties":{"jenis":"logging","nama":"PT BUMIMAS PERMATA ABADI","luas":47700,"sk":"SK.656/Menhut-II/2009","tahun":2009}},{"type":"Feature","geometry":{"type":"Polygon","coordinates":[[[113.849,-0.779],[113.843,-0.798],[113.851,-0.806],[113.867,-0.805],[113.885,-0.815],[113.933,-0.805],[113.928,-0.828],[113.939,-0.836],[113.945,-0.814],[113.962,-0.819],[113.977,-0.833],[113.966,-0.845],[113.993,-0.832],[113.982,-0.794],[113.948,-0.748],[113.896,-0.747],[113.848,-0.708],[113.841,-0.689],[113.85,-0.67],[113.893,-0.646],[113.873,-0.601],[113.875,-0.581],[113.848,-0.537],[113.807,-0.538],[113.805,-0.502],[113.786,-0.503],[113.777,-0.59],[113.708,-0.703],[113.825,-0.748],[113.849,-0.779]]]},"properties":{"jenis":"logging","nama":"PT PRABA NUGRAHA TECHNOLOGY","luas":42600,"sk":"SK.939/Kpts-VI/1999","tahun":1999}},{"type":"Feature","geometry":{"type":"Polygon","coordinates":[[[113.039,-0.615],[112.985,-0.618],[112.977,-0.636],[112.965,-0.631],[112.964,-0.62],[112.925,-0.623],[112.943,-0.651],[112.968,-0.663],[112.974,-0.679],[112.998,-0.693],[112.984,-0.717],[112.992,-0.792],[112.977,-0.827],[112.923,-0.899],[112.901,-0.909],[112.911,-0.926],[112.928,-0.937],[112.942,-0.978],[112.984,-0.989],[113.015,-1.023],[113.034,-1.011],[113.085,-0.931],[113.074,-0.893],[113.064,-0.892],[113.054,-0.872],[113.074,-0.863],[113.069,-0.86],[113.092,-0.827],[113.07,-0.82],[113.055,-0.796],[113.064,-0.777],[113.054,-0.756],[113.054,-0.686],[113.065,-0.674],[113.083,-0.713],[113.09,-0.709],[113.086,-0.677],[113.061,-0.647],[113.051,-0.65],[113.056,-0.629],[113.053,-0.619],[113.039,-0.615]]]},"properties":{"jenis":"logging","nama":"PT GAUNG SATYA GRAHA AGRINDO","luas":49950,"sk":"SK.102/Kpts-II/2001","tahun":2001}},{"type":"Feature","geometry":{"type":"Polygon","coordinates":[[[112.925,-0.623],[112.9,-0.574],[112.891,-0.581],[112.879,-0.577],[112.851,-0.613],[112.817,-0.634],[112.813,-0.652],[112.797,-0.658],[112.792,-0.71],[112.763,-0.74],[112.781,-0.843],[112.794,-0.851],[112.793,-0.861],[112.861,-0.879],[112.871,-0.871],[112.898,-0.82],[112.927,-0.816],[112.92,-0.771],[112.928,-0.762],[112.959,-0.762],[112.962,-0.777],[112.973,-0.787],[112.981,-0.78],[112.984,-0.79],[112.991,-0.787],[112.971,-0.75],[112.961,-0.683],[112.925,-0.623]]]},"properties":{"jenis":"logging","nama":"PT SARANA PIRANTI UTAMA","luas":49700,"sk":"SK.104/Kpts-II/2001","tahun":2001}},{"type":"Feature","geometry":{"type":"Polygon","coordinates":[[[112.36,-1.097],[112.349,-1.055],[112.318,-1.026],[112.307,-0.984],[112.272,-0.955],[112.265,-0.939],[112.268,-0.913],[112.26,-0.903],[112.242,-0.934],[112.27,-1.025],[112.263,-1.065],[112.223,-1.098],[112.203,-1.105],[112.183,-1.102],[112.168,-1.089],[112.162,-1.057],[112.168,-1.014],[112.179,-0.994],[112.173,-0.988],[112.12,-1.019],[112.106,-1.062],[112.121,-1.102],[112.102,-1.105],[112.092,-1.118],[112.083,-1.192],[112.118,-1.185],[112.128,-1.174],[112.151,-1.173],[112.161,-1.163],[112.175,-1.165],[112.18,-1.175],[112.221,-1.164],[112.257,-1.163],[112.271,-1.151],[112.307,-1.163],[112.318,-1.159],[112.331,-1.173],[112.354,-1.163],[112.364,-1.171],[112.361,-1.186],[112.372,-1.183],[112.384,-1.165],[112.394,-1.171],[112.394,-1.181],[112.433,-1.154],[112.427,-1.11],[112.416,-1.096],[112.422,-1.064],[112.408,-1.049],[112.386,-1.106],[112.372,-1.123],[112.363,-1.12],[112.36,-1.097]]]},"properties":{"jenis":"logging","nama":"PT MERANTI MUSTIKA","luas":49320,"sk":"4/1/IUPHHK-PB/PMDN/2015","tahun":2015}},{"type":"Feature","geometry":{"type":"MultiPolygon","coordinates":[[[[115.47,-1.343],[115.478,-1.149],[115.359,-1.224],[115.289,-1.236],[115.285,-1.246],[115.31,-1.272],[115.312,-1.286],[115.348,-1.287],[115.348,-1.395],[115.317,-1.396],[115.317,-1.409],[115.283,-1.435],[115.28,-1.452],[115.346,-1.452],[115.342,-1.436],[115.47,-1.343]]],[[[115.47,-1.343],[115.475,-1.345],[115.475,-1.345],[115.47,-1.343]]]]},"properties":{"jenis":"logging","nama":"PT SINDO LUMBER","luas":36215,"sk":"SK.297/Menhut-II/2010","tahun":2010}},{"type":"Feature","geometry":{"type":"Polygon","coordinates":[[[115.543,-1.145],[115.505,-1.141],[115.478,-1.149],[115.47,-1.343],[115.5,-1.355],[115.505,-1.332],[115.538,-1.302],[115.531,-1.291],[115.545,-1.292],[115.596,-1.264],[115.576,-1.305],[115.531,-1.353],[115.529,-1.364],[115.555,-1.376],[115.603,-1.363],[115.702,-1.306],[115.779,-1.201],[115.765,-1.177],[115.739,-1.195],[115.7,-1.169],[115.679,-1.142],[115.657,-1.157],[115.643,-1.179],[115.608,-1.177],[115.514,-1.241],[115.504,-1.219],[115.541,-1.17],[115.543,-1.145]]]},"properties":{"jenis":"logging","nama":"PT INDEXIM UTAMA CORP.","luas":52480,"sk":"SK.806/Kpts-VI/1999","tahun":1999}},{"type":"Feature","geometry":{"type":"Polygon","coordinates":[[[115.459,-1.371],[115.342,-1.436],[115.346,-1.452],[115.298,-1.452],[115.307,-1.473],[115.293,-1.495],[115.29,-1.521],[115.271,-1.524],[115.264,-1.513],[115.273,-1.475],[115.264,-1.45],[115.242,-1.45],[115.237,-1.484],[115.212,-1.515],[115.204,-1.512],[115.204,-1.472],[115.205,-1.459],[115.218,-1.45],[115.187,-1.451],[115.171,-1.484],[115.182,-1.546],[115.279,-1.545],[115.283,-1.552],[115.298,-1.552],[115.297,-1.545],[115.381,-1.546],[115.389,-1.458],[115.42,-1.459],[115.417,-1.423],[115.425,-1.408],[115.467,-1.398],[115.459,-1.371]]]},"properties":{"jenis":"logging","nama":"PT TRISETIA CITAGRAHA","luas":28200,"sk":"SK.395/Menhut-II/2006","tahun":2006}},{"type":"Feature","geometry":{"type":"Polygon","coordinates":[[[116.079,3.573],[116.043,3.606],[116.02,3.617],[116.026,3.494],[116.086,3.471],[116.121,3.468],[116.133,3.404],[116.151,3.367],[116.152,3.327],[116.141,3.279],[116.129,3.265],[116.11,3.252],[116.052,3.249],[116.046,3.194],[116.152,3.216],[116.167,3.234],[116.234,3.195],[116.208,3.289],[116.241,3.352],[116.234,3.384],[116.202,3.375],[116.188,3.375],[116.184,3.383],[116.238,3.425],[116.191,3.457],[116.17,3.462],[116.131,3.495],[116.117,3.494],[116.1,3.478],[116.04,3.499],[116.031,3.509],[116.111,3.532],[116.175,3.534],[116.192,3.553],[116.191,3.567],[116.169,3.594],[116.154,3.596],[116.079,3.573]]]},"properties":{"jenis":"logging","nama":"PT BATU KARANG SAKTI","luas":47540,"sk":"SK.66/Menhut-II/2006","tahun":2006}},{"type":"Feature","geometry":{"type":"Polygon","coordinates":[[[116.461,2.535],[116.434,2.546],[116.479,2.593],[116.492,2.63],[116.577,2.734],[116.546,2.766],[116.452,2.704],[116.37,2.679],[116.324,2.531],[116.364,2.534],[116.372,2.525],[116.348,2.498],[116.316,2.486],[116.272,2.337],[116.346,2.425],[116.434,2.454],[116.473,2.523],[116.474,2.53],[116.461,2.535]]]},"properties":{"jenis":"logging","nama":"PT INHUTANI IUNIT PANGEAN","luas":50230,"sk":"SK.45/Menhut-II/2006","tahun":2006}},{"type":"Feature","geometry":{"type":"Polygon","coordinates":[[[115.909,2.845],[115.882,2.852],[115.869,2.88],[115.845,2.881],[115.853,2.852],[115.838,2.841],[115.846,2.836],[115.847,2.816],[115.819,2.795],[115.817,2.782],[115.807,2.783],[115.797,2.75],[115.778,2.752],[115.769,2.725],[115.786,2.724],[115.801,2.712],[115.825,2.676],[115.83,2.655],[115.819,2.583],[115.826,2.553],[115.888,2.506],[115.938,2.518],[115.94,2.555],[116.009,2.614],[115.967,2.612],[115.918,2.634],[115.872,2.692],[115.858,2.732],[115.835,2.748],[115.838,2.769],[115.865,2.812],[115.888,2.818],[115.909,2.845]]]},"properties":{"jenis":"logging","nama":"PT SARANA TRISARA BHAKTI","luas":35090,"sk":"SK.523/Menhut-II/2009","tahun":2009}},{"type":"Feature","geometry":{"type":"Polygon","coordinates":[[[116.885,2.586],[116.864,2.593],[116.832,2.581],[116.747,2.582],[116.731,2.544],[116.699,2.5],[116.678,2.497],[116.666,2.466],[116.693,2.443],[116.727,2.433],[116.793,2.506],[116.84,2.538],[116.854,2.56],[116.949,2.548],[116.966,2.531],[116.966,2.518],[116.936,2.499],[116.926,2.484],[116.923,2.461],[116.896,2.429],[116.881,2.38],[116.893,2.37],[116.914,2.387],[116.94,2.343],[117.003,2.296],[117.008,2.306],[116.985,2.339],[116.982,2.372],[117.011,2.371],[117.039,2.356],[117.059,2.372],[117.064,2.39],[117.047,2.413],[117.063,2.452],[117.051,2.463],[117.032,2.51],[117.013,2.515],[117.028,2.567],[117.011,2.575],[117.008,2.586],[116.975,2.57],[116.885,2.586]]]},"properties":{"jenis":"logging","nama":"PT INHUTANI I UNIT SEGAH HULU","luas":54230,"sk":"SK.44/Menhut-II/2006","tahun":2006}},{"type":"Feature","geometry":{"type":"Polygon","coordinates":[[[116.683,2.321],[116.72,2.336],[116.875,2.358],[116.886,2.365],[116.877,2.374],[116.825,2.365],[116.79,2.349],[116.736,2.354],[116.66,2.322],[116.607,2.257],[116.582,2.204],[116.579,2.119],[116.592,2.094],[116.657,2.066],[116.753,2.093],[116.859,2.094],[116.867,2.124],[116.921,2.217],[116.897,2.216],[116.881,2.251],[116.882,2.273],[116.849,2.275],[116.83,2.266],[116.843,2.256],[116.791,2.187],[116.742,2.184],[116.733,2.202],[116.716,2.203],[116.703,2.197],[116.693,2.18],[116.698,2.199],[116.692,2.201],[116.732,2.204],[116.722,2.225],[116.725,2.268],[116.683,2.321]]]},"properties":{"jenis":"logging","nama":"PT SUMALINDO LESTARI JAYA IV","luas":63550,"sk":"SK.582/Menhut-II/2009","tahun":2009}},{"type":"Feature","geometry":{"type":"Polygon","coordinates":[[[113.941,-0.224],[113.941,-0.187],[113.953,-0.176],[113.936,-0.16],[113.917,-0.16],[113.917,-0.184],[113.905,-0.184],[113.905,-0.195],[113.862,-0.195],[113.883,-0.211],[113.879,-0.229],[113.872,-0.221],[113.842,-0.218],[113.813,-0.192],[113.749,-0.182],[113.751,-0.206],[113.779,-0.21],[113.708,-0.257],[113.73,-0.316],[113.744,-0.329],[113.7,-0.431],[113.696,-0.456],[113.728,-0.535],[113.762,-0.534],[113.763,-0.55],[113.741,-0.587],[113.696,-0.627],[113.701,-0.654],[113.689,-0.656],[113.687,-0.639],[113.675,-0.646],[113.673,-0.672],[113.646,-0.694],[113.708,-0.703],[113.777,-0.59],[113.786,-0.503],[113.773,-0.276],[113.933,-0.273],[113.941,-0.224]]]},"properties":{"jenis":"logging","nama":"PT KAHAYAN TERANG ABADI","luas":50000,"sk":"3/1/IUPHHK-PB/PMDN/2015","tahun":2015}},{"type":"Feature","geometry":{"type":"Polygon","coordinates":[[[116.201,-3.305],[116.192,-3.298],[116.184,-3.307],[116.164,-3.308],[116.192,-3.314],[116.183,-3.355],[116.165,-3.381],[116.153,-3.379],[116.119,-3.424],[116.124,-3.465],[116.083,-3.467],[116.077,-3.459],[116.075,-3.467],[116.057,-3.475],[116.053,-3.49],[116.064,-3.49],[116.057,-3.499],[116.069,-3.524],[116.059,-3.589],[116.02,-3.619],[116.015,-3.636],[116.038,-3.663],[116.045,-3.682],[116.137,-3.686],[116.112,-3.669],[116.11,-3.621],[116.143,-3.617],[116.161,-3.619],[116.168,-3.631],[116.219,-3.634],[116.238,-3.643],[116.253,-3.673],[116.265,-3.678],[116.251,-3.703],[116.27,-3.72],[116.272,-3.692],[116.28,-3.693],[116.281,-3.682],[116.269,-3.652],[116.239,-3.624],[116.185,-3.605],[116.184,-3.576],[116.167,-3.573],[116.16,-3.538],[116.163,-3.459],[116.18,-3.458],[116.182,-3.43],[116.213,-3.429],[116.202,-3.416],[116.232,-3.346],[116.215,-3.387],[116.185,-3.382],[116.188,-3.335],[116.201,-3.305]]]},"properties":{"jenis":"logging","nama":"PT INHUTANI II (UNIT PULAU LAUT)","luas":40950,"sk":"SK.193/Menhut-II/2006","tahun":2006}},{"type":"Feature","geometry":{"type":"Polygon","coordinates":[[[116.306,3.55],[116.283,3.594],[116.278,3.637],[116.178,3.581],[116.188,3.574],[116.192,3.554],[116.176,3.534],[116.111,3.532],[116.031,3.509],[116.04,3.499],[116.1,3.478],[116.117,3.494],[116.131,3.495],[116.17,3.462],[116.229,3.434],[116.237,3.418],[116.187,3.391],[116.185,3.377],[116.202,3.375],[116.234,3.383],[116.241,3.396],[116.256,3.396],[116.284,3.415],[116.306,3.454],[116.334,3.473],[116.275,3.469],[116.25,3.493],[116.241,3.515],[116.23,3.518],[116.239,3.543],[116.249,3.545],[116.292,3.511],[116.313,3.512],[116.324,3.526],[116.306,3.55]]]},"properties":{"jenis":"logging","nama":"PT PERMATA BORNEO ABADI","luas":34000,"sk":"SK.300/Menhut-II/2008","tahun":2008}},{"type":"Feature","geometry":{"type":"Polygon","coordinates":[[[116.452,3.339],[116.454,3.345],[116.447,3.337],[116.406,3.344],[116.37,3.335],[116.347,3.313],[116.34,3.283],[116.321,3.262],[116.28,3.241],[116.28,3.23],[116.308,3.199],[116.308,3.184],[116.3,3.176],[116.284,3.177],[116.274,3.164],[116.27,3.073],[116.283,3.045],[116.247,2.998],[116.249,2.935],[116.305,2.953],[116.39,3.012],[116.386,3.026],[116.33,3.011],[116.326,3.055],[116.337,3.125],[116.383,3.169],[116.452,3.339]]]},"properties":{"jenis":"logging","nama":"PT RIMBA MAKMUR SENTOSA","luas":43530,"sk":"SK.178/Menhut-II/2007","tahun":2007}},{"type":"Feature","geometry":{"type":"Polygon","coordinates":[[[116.449,2.561],[116.435,2.546],[116.475,2.53],[116.486,2.528],[116.492,2.536],[116.513,2.523],[116.528,2.528],[116.542,2.545],[116.547,2.528],[116.553,2.529],[116.59,2.602],[116.589,2.627],[116.605,2.638],[116.598,2.624],[116.606,2.595],[116.597,2.585],[116.608,2.565],[116.584,2.554],[116.592,2.526],[116.667,2.477],[116.675,2.489],[116.661,2.496],[116.655,2.51],[116.661,2.531],[116.701,2.604],[116.687,2.617],[116.676,2.612],[116.648,2.623],[116.632,2.643],[116.654,2.639],[116.653,2.65],[116.577,2.734],[116.544,2.685],[116.506,2.648],[116.48,2.594],[116.449,2.561]]]},"properties":{"jenis":"logging","nama":"PT HUTANI KALIMANTAN ABADI PERMAI","luas":35400,"sk":"SK.323/Menhut-II/2009","tahun":2009}},{"type":"Feature","geometry":{"type":"MultiPolygon","coordinates":[[[[117.265,1.622],[117.258,1.626],[117.256,1.645],[117.282,1.696],[117.268,1.701],[117.229,1.743],[117.218,1.725],[117.223,1.712],[117.213,1.682],[117.21,1.637],[117.216,1.607],[117.211,1.596],[117.236,1.53],[117.244,1.479],[117.278,1.473],[117.299,1.532],[117.32,1.544],[117.337,1.568],[117.368,1.587],[117.38,1.637],[117.406,1.638],[117.391,1.683],[117.395,1.703],[117.384,1.719],[117.353,1.727],[117.335,1.721],[117.287,1.64],[117.265,1.622]]],[[[117.029,1.518],[117.035,1.558],[116.911,1.599],[116.951,1.492],[116.961,1.491],[116.969,1.511],[116.978,1.499],[117.03,1.504],[117.029,1.518]]],[[[117.326,1.744],[117.352,1.791],[117.353,1.843],[117.366,1.857],[117.352,1.862],[117.334,1.839],[117.308,1.729],[117.326,1.744]]]]},"properties":{"jenis":"logging","nama":"PT UTAMA DAMAI INDAH TIMBER","luas":49250,"sk":"SK.52/Menhut-II/2005","tahun":2005}},{"type":"Feature","geometry":{"type":"Polygon","coordinates":[[[117.555,1.957],[117.566,1.973],[117.56,2.004],[117.525,2.017],[117.52,2.026],[117.497,2.025],[117.486,2.015],[117.48,1.995],[117.491,1.964],[117.48,1.941],[117.468,1.946],[117.479,1.951],[117.456,1.956],[117.437,1.982],[117.431,1.982],[117.427,1.964],[117.416,1.954],[117.364,1.942],[117.365,1.928],[117.345,1.89],[117.278,1.836],[117.261,1.803],[117.268,1.779],[117.251,1.785],[117.229,1.743],[117.268,1.701],[117.282,1.696],[117.308,1.729],[117.34,1.854],[117.377,1.866],[117.465,1.775],[117.452,1.78],[117.488,1.699],[117.494,1.654],[117.548,1.69],[117.58,1.711],[117.568,1.72],[117.565,1.747],[117.582,1.769],[117.605,1.782],[117.552,1.808],[117.551,1.824],[117.54,1.833],[117.544,1.926],[117.555,1.938],[117.555,1.957]]]},"properties":{"jenis":"logging","nama":"PT INHUTANI I UNIT MERAANG","luas":70700,"sk":"SK.561/Menhut-II/06","tahun":2006}},{"type":"Feature","geometry":{"type":"Polygon","coordinates":[[[117.734,1.83],[117.71,1.825],[117.622,1.718],[117.58,1.711],[117.548,1.69],[117.688,1.614],[117.69,1.629],[117.671,1.666],[117.667,1.71],[117.706,1.725],[117.733,1.706],[117.737,1.695],[117.791,1.665],[117.805,1.597],[117.834,1.562],[117.833,1.549],[117.845,1.536],[117.834,1.594],[117.838,1.645],[117.775,1.681],[117.748,1.709],[117.723,1.717],[117.765,1.718],[117.766,1.742],[117.778,1.732],[117.777,1.75],[117.758,1.754],[117.757,1.762],[117.77,1.762],[117.779,1.781],[117.792,1.776],[117.789,1.79],[117.798,1.79],[117.799,1.8],[117.788,1.801],[117.794,1.817],[117.783,1.818],[117.78,1.826],[117.779,1.817],[117.76,1.823],[117.742,1.812],[117.731,1.823],[117.744,1.822],[117.749,1.83],[117.734,1.83]]]},"properties":{"jenis":"logging","nama":"PT MARDHIKA INSAN MULIA TABALAR","luas":25630,"sk":"SK.48/MENLHK/SETJEN/ HPL.1/2/2017","tahun":2017}},{"type":"Feature","geometry":{"type":"Polygon","coordinates":[[[115.258,1.65],[115.224,1.683],[115.148,1.731],[115.142,1.746],[115.109,1.722],[115.106,1.417],[115.09,1.392],[115.07,1.387],[115.049,1.331],[115.061,1.316],[115.045,1.296],[115.045,1.268],[115.078,1.269],[115.095,1.256],[115.096,1.207],[115.118,1.19],[115.083,1.152],[115.091,1.108],[115.08,1.094],[115.076,1.063],[115.088,1.042],[115.08,0.994],[115.103,0.975],[115.081,0.923],[115.071,0.915],[115.064,0.922],[115.059,0.904],[115.045,0.916],[115.03,0.899],[115.006,0.894],[115.042,0.883],[115.039,0.855],[115.055,0.828],[115.066,0.767],[115.082,0.752],[115.099,0.754],[115.108,0.735],[115.134,0.716],[115.145,0.736],[115.104,0.791],[115.086,0.841],[115.101,0.87],[115.15,0.867],[115.16,0.895],[115.159,0.925],[115.172,0.949],[115.184,0.953],[115.199,0.936],[115.231,0.93],[115.223,1.123],[115.268,1.155],[115.341,1.175],[115.381,1.216],[115.426,1.219],[115.42,1.241],[115.425,1.254],[115.456,1.278],[115.443,1.291],[115.452,1.347],[115.475,1.374],[115.482,1.4],[115.467,1.411],[115.469,1.426],[115.492,1.419],[115.498,1.395],[115.506,1.392],[115.527,1.422],[115.508,1.469],[115.501,1.469],[115.498,1.446],[115.481,1.453],[115.456,1.447],[115.459,1.479],[115.403,1.433],[115.395,1.463],[115.375,1.472],[115.387,1.485],[115.38,1.494],[115.386,1.508],[115.419,1.536],[115.421,1.547],[115.38,1.54],[115.391,1.583],[115.306,1.635],[115.286,1.677],[115.275,1.647],[115.258,1.65]]]},"properties":{"jenis":"logging","nama":"PT SUMALINDO LESTARI JAYA II","luas":267600,"sk":"SK.400/Menhut-II/2004","tahun":2004}},{"type":"Feature","geometry":{"type":"Polygon","coordinates":[[[114.087,-0.451],[114.021,-0.481],[114.019,-0.512],[114.039,-0.545],[114.051,-0.529],[114.074,-0.528],[114.075,-0.538],[114.105,-0.562],[114.112,-0.598],[114.09,-0.622],[114.067,-0.625],[114.066,-0.686],[114.096,-0.706],[114.109,-0.706],[114.161,-0.671],[114.174,-0.65],[114.19,-0.641],[114.2,-0.604],[114.228,-0.59],[114.224,-0.582],[114.232,-0.588],[114.245,-0.561],[114.239,-0.55],[114.213,-0.545],[114.174,-0.558],[114.152,-0.529],[114.13,-0.528],[114.118,-0.511],[114.113,-0.48],[114.087,-0.451]]]},"properties":{"jenis":"logging","nama":"PT RANGGAU ABDINUSA","luas":29920,"sk":"SK.170/Menhut-II/2009","tahun":2009}},{"type":"Feature","geometry":{"type":"Polygon","coordinates":[[[113.451,-0.958],[113.35,-0.957],[113.327,-1.118],[113.355,-1.238],[113.405,-1.226],[113.496,-1.119],[113.523,-1.118],[113.522,-1.089],[113.509,-1.096],[113.506,-1.091],[113.497,-1.055],[113.5,-1.039],[113.488,-1.026],[113.503,-1.011],[113.512,-1.028],[113.519,-1.022],[113.519,-0.963],[113.451,-0.958]],[[113.469,-1.118],[113.465,-1.092],[113.483,-1.085],[113.491,-1.115],[113.478,-1.123],[113.469,-1.118]]]},"properties":{"jenis":"logging","nama":"PT EAST POINT INDONESIA","luas":50665,"sk":"SK.307/Menhut-II/2010","tahun":2010}},{"type":"Feature","geometry":{"type":"Polygon","coordinates":[[[114.027,-0.273],[113.773,-0.276],[113.786,-0.503],[113.805,-0.502],[113.807,-0.538],[113.848,-0.537],[113.875,-0.581],[113.873,-0.601],[113.907,-0.679],[113.925,-0.68],[113.961,-0.716],[113.973,-0.706],[113.999,-0.652],[114.066,-0.639],[114.067,-0.625],[114.047,-0.604],[114.046,-0.556],[114.019,-0.512],[114.029,-0.425],[114.029,-0.372],[114.019,-0.32],[114.027,-0.273]],[[113.913,-0.396],[113.925,-0.392],[113.96,-0.35],[113.949,-0.315],[113.965,-0.303],[114,-0.318],[114.013,-0.336],[114.015,-0.369],[113.98,-0.415],[113.991,-0.451],[113.966,-0.455],[113.963,-0.434],[113.936,-0.416],[113.9,-0.448],[113.891,-0.428],[113.913,-0.396]],[[113.872,-0.45],[113.893,-0.464],[113.893,-0.479],[113.863,-0.472],[113.856,-0.462],[113.836,-0.48],[113.821,-0.479],[113.809,-0.463],[113.838,-0.401],[113.851,-0.401],[113.854,-0.433],[113.872,-0.45]]]},"properties":{"jenis":"logging","nama":"PT GUNUNG MERANTI","luas":95265,"sk":"SK.941/Kpts-VI/1999","tahun":1999}},{"type":"Feature","geometry":{"type":"Polygon","coordinates":[[[112.311,-1.218],[112.319,-1.206],[112.197,-1.184],[112.197,-1.19],[112.12,-1.201],[112.035,-1.229],[112.048,-1.243],[112.037,-1.257],[112.024,-1.252],[112.023,-1.233],[111.928,-1.295],[111.931,-1.306],[111.948,-1.307],[111.957,-1.319],[111.957,-1.361],[111.983,-1.366],[111.973,-1.386],[111.977,-1.428],[111.991,-1.44],[112.012,-1.44],[111.997,-1.454],[112.005,-1.483],[111.995,-1.503],[111.979,-1.509],[111.986,-1.518],[111.969,-1.552],[111.973,-1.573],[111.964,-1.581],[111.975,-1.588],[111.974,-1.615],[111.983,-1.637],[111.977,-1.643],[112.015,-1.78],[112.042,-1.782],[112.052,-1.792],[112.066,-1.816],[112.074,-1.868],[112.082,-1.871],[112.086,-1.884],[112.105,-1.887],[112.103,-1.907],[112.121,-1.924],[112.122,-1.934],[112.154,-1.95],[112.164,-1.952],[112.179,-1.908],[112.309,-1.908],[112.297,-1.869],[112.288,-1.872],[112.257,-1.791],[112.27,-1.791],[112.207,-1.562],[112.202,-1.442],[112.205,-1.406],[112.233,-1.341],[112.311,-1.218]]]},"properties":{"jenis":"logging","nama":"PT SARMIENTO PARAKANCA TIMBER","luas":216580,"sk":"SK.266/Menhut-II/2004","tahun":2004}},{"type":"Feature","geometry":{"type":"Polygon","coordinates":[[[101.064,2.243],[101.045,2.246],[101.046,2.239],[100.936,2.266],[100.909,2.258],[100.914,2.243],[100.906,2.239],[100.89,2.257],[100.839,2.208],[100.95,2.019],[101.019,1.878],[101.035,1.861],[101.125,1.929],[101.062,1.999],[101.208,2.11],[101.077,2.213],[101.064,2.243]]]},"properties":{"jenis":"logging","nama":"PT DIAMOND RAYA TIMBER","luas":90956,"sk":"SK.5910/Menhut-VI/BUHA/2014","tahun":2014}},{"type":"Feature","geometry":{"type":"Polygon","coordinates":[[[111.967,-0.617],[111.864,-0.548],[111.843,-0.551],[111.864,-0.594],[111.861,-0.625],[111.852,-0.632],[111.869,-0.643],[111.866,-0.655],[111.858,-0.662],[111.846,-0.659],[111.838,-0.672],[111.825,-0.668],[111.802,-0.719],[111.832,-0.754],[111.858,-0.767],[111.862,-0.783],[111.854,-0.812],[111.824,-0.854],[111.797,-0.814],[111.769,-0.851],[111.782,-0.875],[111.749,-0.854],[111.748,-0.866],[111.729,-0.866],[111.709,-0.886],[111.711,-0.898],[111.74,-0.908],[111.763,-0.899],[111.806,-0.894],[111.819,-0.9],[111.84,-0.893],[111.841,-0.881],[111.862,-0.859],[111.901,-0.84],[111.908,-0.774],[111.919,-0.766],[111.93,-0.767],[111.946,-0.787],[111.976,-0.8],[112.028,-0.779],[112,-0.704],[112.012,-0.682],[112.007,-0.655],[111.967,-0.617]],[[111.931,-0.655],[111.957,-0.653],[111.96,-0.687],[111.904,-0.705],[111.904,-0.681],[111.92,-0.656],[111.931,-0.655]],[[111.855,-0.701],[111.856,-0.725],[111.838,-0.727],[111.837,-0.706],[111.855,-0.701]],[[111.901,-0.618],[111.904,-0.626],[111.893,-0.636],[111.879,-0.634],[111.881,-0.621],[111.901,-0.618]]]},"properties":{"jenis":"logging","nama":"PT KALIMANTAN SATYA KENCANA","luas":48000,"sk":"SK.101/Kpts-II/2001","tahun":2001}},{"type":"Feature","geometry":{"type":"Polygon","coordinates":[[[111.646,-1.566],[111.54,-1.437],[111.473,-1.427],[111.421,-1.365],[111.389,-1.391],[111.381,-1.445],[111.371,-1.447],[111.356,-1.434],[111.345,-1.439],[111.337,-1.49],[111.326,-1.505],[111.314,-1.492],[111.308,-1.449],[111.299,-1.446],[111.289,-1.501],[111.3,-1.538],[111.299,-1.641],[111.321,-1.639],[111.339,-1.646],[111.345,-1.659],[111.351,-1.655],[111.343,-1.672],[111.348,-1.681],[111.362,-1.679],[111.377,-1.692],[111.375,-1.733],[111.452,-1.733],[111.47,-1.7],[111.525,-1.651],[111.646,-1.566]]]},"properties":{"jenis":"logging","nama":"PT KARDA TRADES","luas":98400,"sk":"SK.76/Kpts-II/2000","tahun":2000}},{"type":"Feature","geometry":{"type":"Polygon","coordinates":[[[115.651,0.098],[115.744,0.144],[115.732,0.17],[115.734,0.195],[115.717,0.214],[115.694,0.27],[115.649,0.31],[115.612,0.182],[115.651,0.098]]]},"properties":{"jenis":"logging","nama":"KOP. PONDOK PESANTREN DARUSSALAM","luas":21690,"sk":"SK.112/Kpts-II/2000","tahun":2000}},{"type":"Feature","geometry":{"type":"Polygon","coordinates":[[[109.422,-0.526],[109.376,-0.534],[109.365,-0.552],[109.375,-0.556],[109.374,-0.563],[109.414,-0.57],[109.461,-0.631],[109.481,-0.638],[109.501,-0.657],[109.517,-0.65],[109.552,-0.666],[109.607,-0.667],[109.651,-0.649],[109.65,-0.639],[109.686,-0.627],[109.68,-0.614],[109.631,-0.626],[109.622,-0.612],[109.64,-0.595],[109.635,-0.588],[109.605,-0.601],[109.606,-0.63],[109.589,-0.646],[109.579,-0.634],[109.559,-0.634],[109.536,-0.62],[109.538,-0.594],[109.518,-0.593],[109.518,-0.577],[109.462,-0.571],[109.473,-0.536],[109.443,-0.536],[109.422,-0.526]]]},"properties":{"jenis":"logging","nama":"PT KANDELIA ALAM","luas":18130,"sk":"SK.249/Menhut-II/2008","tahun":2008}},{"type":"Feature","geometry":{"type":"MultiPolygon","coordinates":[[[[111.91,-1.782],[111.883,-1.751],[111.837,-1.618],[111.697,-1.651],[111.719,-1.693],[111.84,-1.836],[111.855,-1.864],[111.881,-1.876],[111.901,-1.869],[111.909,-1.832],[111.925,-1.861],[111.98,-1.898],[112.011,-1.877],[112.051,-1.902],[111.995,-1.782],[111.91,-1.782]]],[[[112.026,-1.921],[112.016,-1.902],[111.992,-1.933],[112.036,-1.972],[112.055,-1.971],[112.053,-1.948],[112.06,-1.943],[112.062,-1.96],[112.074,-1.966],[112.072,-1.978],[112.13,-1.98],[112.076,-1.946],[112.055,-1.911],[112.026,-1.921]]]]},"properties":{"jenis":"logging","nama":"PT INTRADO JAYA INTIGA","luas":51040,"sk":"SK.398/Menhut-II/2005","tahun":2005}},{"type":"Feature","geometry":{"type":"Polygon","coordinates":[[[118.398,1.116],[118.423,1.151],[118.424,1.163],[118.384,1.141],[118.377,1.116],[118.312,1.155],[118.198,1.161],[118.17,1.118],[118.174,1.107],[118.133,1.046],[118.276,0.986],[118.391,0.948],[118.443,1.006],[118.362,1.069],[118.398,1.116]]]},"properties":{"jenis":"logging","nama":"PT BORNEO KARYA INDAH MANDIRI","luas":50860,"sk":"SK.474/Menhut-II/2006","tahun":2006}},{"type":"Feature","geometry":{"type":"Polygon","coordinates":[[[115.195,0.389],[115.149,0.409],[115.11,0.454],[115.12,0.411],[115.115,0.395],[115.092,0.374],[115.094,0.359],[115.186,0.364],[115.195,0.342],[115.119,0.324],[115.082,0.273],[115.039,0.231],[115.122,0.228],[115.144,0.257],[115.145,0.276],[115.165,0.263],[115.186,0.263],[115.209,0.246],[115.223,0.259],[115.237,0.254],[115.24,0.266],[115.251,0.258],[115.254,0.269],[115.262,0.263],[115.274,0.269],[115.276,0.308],[115.346,0.337],[115.305,0.392],[115.283,0.408],[115.255,0.411],[115.217,0.391],[115.195,0.389]]]},"properties":{"jenis":"logging","nama":"PT SEROJA UNIVERSUM NARWASTU","luas":36500,"sk":"SK.97/Menhut-II/2008","tahun":2008}},{"type":"Feature","geometry":{"type":"MultiPolygon","coordinates":[[[[114.807,-0.032],[114.806,-0.022],[114.829,-0.005],[114.814,0.071],[114.807,0.075],[114.797,0.037],[114.811,0.024],[114.811,0.014],[114.794,0.008],[114.78,-0.029],[114.738,-0.032],[114.692,-0.02],[114.689,-0.009],[114.654,-0.028],[114.648,-0.042],[114.598,-0.05],[114.581,-0.095],[114.691,-0.122],[114.695,-0.13],[114.732,-0.122],[114.736,-0.115],[114.723,-0.1],[114.726,-0.095],[114.769,-0.102],[114.774,-0.067],[114.807,-0.032]]],[[[114.684,0.05],[114.704,0.056],[114.696,0.063],[114.711,0.12],[114.685,0.13],[114.633,0.174],[114.594,0.143],[114.61,0.071],[114.596,0.05],[114.546,0.037],[114.546,-0.005],[114.58,-0.023],[114.591,-0.001],[114.637,0.002],[114.642,0.014],[114.655,0.014],[114.676,0.04],[114.684,0.04],[114.684,0.05]]],[[[114.844,-0.085],[114.828,-0.124],[114.839,-0.139],[114.836,-0.161],[114.843,-0.186],[114.854,-0.185],[114.857,-0.194],[114.868,-0.188],[114.875,-0.197],[114.871,-0.209],[114.888,-0.206],[114.885,-0.22],[114.927,-0.238],[114.938,-0.19],[114.929,-0.182],[114.934,-0.161],[114.913,-0.161],[114.887,-0.148],[114.861,-0.096],[114.844,-0.085]]],[[[114.794,0.089],[114.792,0.118],[114.779,0.131],[114.805,0.2],[114.805,0.224],[114.76,0.199],[114.754,0.178],[114.729,0.145],[114.724,0.131],[114.768,0.128],[114.769,0.119],[114.727,0.059],[114.794,0.089]]]]},"properties":{"jenis":"logging","nama":"PT SAMUDERA REJEKI PERKASA","luas":89190,"sk":"SK.819/Menhut-II/2014","tahun":2014}},{"type":"Feature","geometry":{"type":"Polygon","coordinates":[[[115.485,1.129],[115.477,1.208],[115.424,1.222],[115.381,1.216],[115.341,1.175],[115.268,1.155],[115.223,1.123],[115.231,0.93],[115.242,0.921],[115.244,0.88],[115.318,0.841],[115.325,0.885],[115.312,0.932],[115.318,0.972],[115.359,1.031],[115.485,1.129]]]},"properties":{"jenis":"logging","nama":"PT DEWATA WANATAMA LESTARI (DH.PT DHARMA PUTERA)","luas":59805,"sk":"SK.390/Menhut-II/2012","tahun":2012}},{"type":"Feature","geometry":{"type":"Polygon","coordinates":[[[115.506,0.513],[115.508,0.561],[115.453,0.62],[115.431,0.634],[115.427,0.621],[115.437,0.6],[115.411,0.558],[115.43,0.525],[115.41,0.502],[115.479,0.455],[115.506,0.513]]]},"properties":{"jenis":"logging","nama":"KSU. MAYANG PUTRI PRIMA","luas":13110,"sk":"SK.103/Menhut-II/2006","tahun":2006}},{"type":"Feature","geometry":{"type":"Polygon","coordinates":[[[116.104,-1.317],[116.104,-1.307],[116.08,-1.295],[116.067,-1.278],[116.056,-1.243],[116.04,-1.243],[116.014,-1.303],[116.028,-1.369],[116.019,-1.388],[116.03,-1.439],[116.014,-1.474],[116.016,-1.489],[116.062,-1.528],[116.069,-1.562],[116.196,-1.38],[116.199,-1.364],[116.191,-1.348],[116.152,-1.324],[116.151,-1.317],[116.104,-1.317]]]},"properties":{"jenis":"logging","nama":"PT GREATY SUKSES ABADI UNIT SUNGAI TELAKAI","luas":39190,"sk":"SK.24/Menhut-II/2013","tahun":2013}},{"type":"Feature","geometry":{"type":"MultiPolygon","coordinates":[[[[114.055,0.499],[114.023,0.476],[114.011,0.428],[114.072,0.419],[114.047,0.386],[114.008,0.379],[114.008,0.362],[113.987,0.334],[113.987,0.31],[114.015,0.253],[114.041,0.257],[114.065,0.272],[114.087,0.269],[114.07,0.251],[114.029,0.238],[114.007,0.211],[113.995,0.174],[114,0.151],[113.995,0.125],[113.953,0.051],[113.953,0.019],[113.985,-0.023],[114.042,-0.024],[114.085,0.058],[114.153,0.08],[114.164,0.075],[114.17,0.03],[114.235,-0.044],[114.259,-0.054],[114.274,-0.042],[114.277,-0.022],[114.264,0.088],[114.224,0.156],[114.209,0.159],[114.182,0.144],[114.148,0.183],[114.243,0.23],[114.247,0.24],[114.248,0.247],[114.207,0.289],[114.189,0.326],[114.182,0.44],[114.145,0.44],[114.064,0.507],[114.055,0.499]]],[[[114.584,0.46],[114.562,0.45],[114.532,0.459],[114.507,0.382],[114.509,0.352],[114.549,0.34],[114.617,0.353],[114.615,0.401],[114.584,0.46]]],[[[114.746,0.424],[114.77,0.46],[114.77,0.49],[114.754,0.489],[114.717,0.45],[114.725,0.404],[114.733,0.401],[114.746,0.424]]]]},"properties":{"jenis":"logging","nama":"PT NUSANTARA ALAM RAYA SEJAHTERA","luas":133040,"sk":"SK.693/Menhut-II/2014","tahun":2014}},{"type":"Feature","geometry":{"type":"MultiPolygon","coordinates":[[[[113.127,0.026],[113.114,0.03],[113.094,0.008],[113.018,0.005],[112.981,0.021],[112.941,-0.019],[112.905,-0.023],[112.831,0.004],[112.78,0.012],[112.785,0.004],[112.769,0.005],[112.763,-0.009],[112.773,-0.005],[112.775,-0.018],[112.782,-0.011],[112.779,-0.028],[112.796,-0.025],[112.788,-0.019],[112.796,-0.011],[112.823,-0.032],[112.811,-0.067],[112.832,-0.068],[112.844,-0.089],[112.872,-0.113],[112.867,-0.15],[112.851,-0.182],[112.839,-0.187],[112.838,-0.225],[112.869,-0.221],[112.879,-0.235],[112.872,-0.245],[112.838,-0.248],[112.828,-0.273],[112.843,-0.278],[112.857,-0.264],[112.918,-0.243],[112.903,-0.209],[112.906,-0.191],[112.934,-0.148],[112.932,-0.134],[112.97,-0.105],[112.97,-0.096],[112.956,-0.091],[112.911,-0.092],[112.894,-0.075],[112.891,-0.058],[112.9,-0.049],[112.96,-0.045],[113.028,-0.02],[113.036,-0.029],[113.024,-0.095],[113.037,-0.112],[113.073,-0.081],[113.077,-0.067],[113.12,-0.021],[113.169,-0.02],[113.202,-0.004],[113.221,-0.028],[113.253,-0.035],[113.269,0.013],[113.241,0.026],[113.245,0.005],[113.238,0],[113.213,0.021],[113.153,0.03],[113.127,0.026]]],[[[112.599,0.103],[112.58,0.116],[112.549,0.117],[112.538,0.135],[112.526,0.135],[112.525,0.122],[112.48,0.097],[112.462,0.063],[112.494,0.055],[112.511,0.063],[112.562,0.057],[112.578,0.029],[112.551,0.024],[112.593,-0.007],[112.663,-0.02],[112.716,-0.012],[112.707,0.048],[112.664,0.096],[112.654,0.102],[112.625,0.089],[112.599,0.103]]],[[[112.79,-0.19],[112.767,-0.157],[112.753,-0.171],[112.762,-0.194],[112.739,-0.201],[112.74,-0.216],[112.774,-0.202],[112.788,-0.214],[112.78,-0.224],[112.807,-0.224],[112.79,-0.19]]]]},"properties":{"jenis":"logging","nama":"PT UTAN SIBAU PERSADA","luas":73690,"sk":"SK.168/Menhut-II/2012","tahun":2012}},{"type":"Feature","geometry":{"type":"MultiPolygon","coordinates":[[[[117.262,1.209],[117.229,1.214],[117.182,1.117],[117.06,1.087],[117.05,1.078],[117.06,1.081],[117.066,1.057],[117.043,1.076],[117.03,1.076],[117.029,1.043],[117.004,1.028],[117.021,0.96],[117.065,0.938],[117.094,0.943],[117.195,0.898],[117.159,0.831],[117.107,0.857],[117.065,0.857],[117.034,0.844],[117.009,0.844],[116.969,0.873],[116.934,0.922],[116.884,0.875],[116.863,0.834],[116.858,0.81],[116.868,0.721],[116.879,0.717],[116.893,0.736],[116.9,0.727],[116.92,0.731],[116.917,0.765],[116.945,0.767],[116.936,0.778],[116.945,0.787],[116.937,0.816],[116.949,0.831],[116.966,0.829],[116.963,0.759],[117,0.767],[116.996,0.758],[117.013,0.746],[117.046,0.744],[117.072,0.732],[117.058,0.714],[117.06,0.66],[117.054,0.662],[117.051,0.645],[117.058,0.631],[117.056,0.604],[117.069,0.596],[117.064,0.584],[117.07,0.569],[117.266,1.055],[117.318,1.124],[117.328,1.16],[117.335,1.16],[117.337,1.169],[117.262,1.209]],[[117.179,1.092],[117.214,1.137],[117.227,1.132],[117.214,1.1],[117.218,1.06],[117.192,1.027],[117.187,0.992],[117.168,0.964],[117.144,0.953],[117.139,0.964],[117.146,1.012],[117.179,1.092]]],[[[116.767,0.852],[116.696,0.715],[116.785,0.555],[116.813,0.679],[116.803,0.781],[116.813,0.83],[116.789,0.842],[116.775,0.839],[116.767,0.852]]],[[[116.821,0.858],[116.836,0.91],[116.793,0.911],[116.766,0.856],[116.775,0.846],[116.788,0.853],[116.795,0.842],[116.821,0.858]]]]},"properties":{"jenis":"logging","nama":"PT KIANI LESTARI","luas":134950,"sk":"SK.434/Menhut-II/2012","tahun":2012}},{"type":"Feature","geometry":{"type":"Polygon","coordinates":[[[116.232,3.143],[116.222,3.202],[116.167,3.234],[116.152,3.216],[116.088,3.203],[116.083,3.181],[116.059,3.151],[116.061,3.106],[115.978,3.093],[115.926,3.141],[115.907,3.125],[115.892,3.133],[115.869,3.127],[115.873,3.1],[115.914,3.054],[115.92,3.022],[115.884,2.893],[115.933,2.897],[115.94,2.921],[115.929,2.946],[115.941,2.957],[115.968,2.945],[115.98,2.947],[116.081,3.013],[116.14,3.036],[116.167,3.037],[116.219,3.013],[116.222,2.999],[116.208,2.992],[116.169,3.005],[116.142,2.982],[116.094,2.958],[116.091,2.893],[116.137,2.89],[116.142,2.882],[116.115,2.83],[116.062,2.804],[116.089,2.789],[116.125,2.805],[116.136,2.823],[116.132,2.837],[116.14,2.832],[116.165,2.845],[116.181,2.838],[116.191,2.847],[116.19,2.858],[116.206,2.86],[116.161,2.932],[116.149,2.924],[116.129,2.932],[116.144,2.953],[116.181,2.978],[116.192,2.94],[116.283,3.045],[116.27,3.073],[116.259,3.071],[116.232,3.143]],[[116.107,3.094],[116.118,3.115],[116.118,3.103],[116.107,3.094]],[[116.142,3.059],[116.148,3.057],[116.147,3.049],[116.142,3.059]]]},"properties":{"jenis":"logging","nama":"PT INHUTANI II UNIT SEI TUBU","luas":91510,"sk":"1/1/IUPHHK-HA/PMDN/2015","tahun":2015}},{"type":"Feature","geometry":{"type":"Polygon","coordinates":[[[118.637,1.283],[118.621,1.275],[118.604,1.248],[118.584,1.248],[118.568,1.224],[118.593,1.171],[118.596,1.114],[118.605,1.105],[118.723,1.096],[118.756,1.106],[118.766,1.095],[118.753,1.054],[118.777,0.987],[118.821,1.001],[118.805,1.016],[118.789,1.058],[118.795,1.073],[118.786,1.1],[118.707,1.135],[118.709,1.153],[118.728,1.178],[118.726,1.202],[118.637,1.283]]]},"properties":{"jenis":"logging","nama":"PT DAISY TIMBER","luas":30170,"sk":"SK.928/Menhut-II/2013","tahun":2013}},{"type":"Feature","geometry":{"type":"MultiPolygon","coordinates":[[[[98.218,3.414],[98.195,3.437],[98.173,3.48],[98.152,3.593],[98.12,3.677],[98.115,3.714],[98.14,3.8],[98.226,3.896],[98.202,3.905],[98.165,3.889],[98.163,3.858],[98.126,3.819],[98.079,3.717],[98.09,3.661],[98.126,3.598],[98.115,3.568],[98.126,3.556],[98.127,3.536],[98.144,3.517],[98.132,3.482],[98.134,3.448],[98.148,3.444],[98.152,3.421],[98.166,3.416],[98.176,3.401],[98.214,3.4],[98.231,3.373],[98.26,3.351],[98.257,3.337],[98.267,3.331],[98.266,3.314],[98.273,3.305],[98.299,3.313],[98.317,3.3],[98.331,3.319],[98.342,3.322],[98.359,3.309],[98.368,3.283],[98.418,3.299],[98.432,3.321],[98.465,3.324],[98.475,3.313],[98.498,3.358],[98.505,3.391],[98.506,3.407],[98.426,3.357],[98.39,3.349],[98.326,3.349],[98.292,3.357],[98.254,3.377],[98.218,3.414]]],[[[98.222,3.942],[98.213,3.957],[98.11,3.99],[98.057,4.027],[98.051,4.019],[98.084,3.995],[98.094,3.966],[98.121,3.957],[98.134,3.94],[98.149,3.939],[98.158,3.913],[98.173,3.92],[98.18,3.94],[98.229,3.923],[98.222,3.942]]],[[[98.357,2.933],[98.364,2.941],[98.361,2.952],[98.324,2.948],[98.276,2.911],[98.299,2.902],[98.306,2.891],[98.278,2.881],[98.297,2.876],[98.323,2.853],[98.335,2.853],[98.348,2.869],[98.325,2.875],[98.316,2.899],[98.332,2.927],[98.357,2.933]]],[[[98.441,2.99],[98.41,3],[98.395,2.988],[98.394,2.975],[98.406,2.965],[98.424,2.989],[98.435,2.937],[98.473,2.918],[98.458,2.969],[98.441,2.99]]]]},"properties":{"jenis":"logging","nama":"PT MULYAKARYA JAYACO","luas":47000,"sk":"SK.640/Kpts-II/1999","tahun":1999}},{"type":"Feature","geometry":{"type":"Polygon","coordinates":[[[99.554,1.37],[99.519,1.375],[99.52,1.303],[99.553,1.253],[99.599,1.212],[99.668,1.241],[99.619,1.301],[99.559,1.356],[99.554,1.37]]]},"properties":{"jenis":"logging","nama":"PT BARUMUN RAYA PADANG LANGKAT","luas":14800,"sk":"SK.585/Menhut-II/2011","tahun":2011}},{"type":"Feature","geometry":{"type":"MultiPolygon","coordinates":[[[[100.263,-2.868],[100.225,-2.809],[100.193,-2.808],[100.213,-2.94],[100.233,-2.994],[100.252,-2.994],[100.235,-2.977],[100.254,-2.946],[100.272,-2.961],[100.259,-2.979],[100.296,-2.978],[100.319,-3.036],[100.33,-3.049],[100.354,-3.057],[100.326,-3.056],[100.309,-3.04],[100.288,-2.988],[100.279,-2.99],[100.279,-3.002],[100.236,-3.006],[100.254,-3.034],[100.325,-3.096],[100.349,-3.131],[100.352,-3.153],[100.356,-3.121],[100.361,-3.121],[100.355,-3.158],[100.369,-3.159],[100.4,-3.123],[100.425,-3.113],[100.438,-3.067],[100.437,-3.017],[100.427,-3.001],[100.389,-2.981],[100.385,-2.963],[100.369,-2.96],[100.323,-2.913],[100.331,-2.907],[100.305,-2.885],[100.263,-2.868]],[[100.23,-2.937],[100.22,-2.914],[100.226,-2.905],[100.237,-2.931],[100.23,-2.937]]],[[[100.052,-2.586],[100.026,-2.558],[100.033,-2.556],[100.013,-2.527],[99.982,-2.525],[99.978,-2.587],[99.965,-2.581],[99.993,-2.607],[100,-2.598],[99.995,-2.624],[100.024,-2.672],[100.023,-2.708],[100.037,-2.707],[100.038,-2.722],[100.024,-2.715],[100.032,-2.738],[100.075,-2.778],[100.125,-2.799],[100.132,-2.782],[100.177,-2.767],[100.177,-2.721],[100.168,-2.722],[100.16,-2.691],[100.167,-2.685],[100.052,-2.586]],[[100.029,-2.676],[100.017,-2.645],[100.028,-2.624],[100.048,-2.638],[100.058,-2.672],[100.056,-2.678],[100.029,-2.676]]],[[[100.042,-2.751],[100.033,-2.745],[100.031,-2.773],[100.053,-2.801],[100.104,-2.822],[100.122,-2.817],[100.116,-2.805],[100.051,-2.769],[100.058,-2.76],[100.042,-2.751]]]]},"properties":{"jenis":"logging","nama":"PT MINAS PAGAI LUMBER","luas":78000,"sk":"SK.502/Menhut-II/2013","tahun":2013}},{"type":"Feature","geometry":{"type":"MultiPolygon","coordinates":[[[[99.002,1.854],[98.944,1.853],[98.941,1.818],[98.953,1.795],[98.952,1.766],[98.969,1.704],[99.018,1.711],[99.023,1.693],[99.042,1.672],[99.035,1.643],[99.002,1.622],[99.001,1.603],[99.024,1.581],[99.141,1.586],[99.156,1.614],[99.145,1.637],[99.103,1.656],[99.063,1.753],[99.026,1.797],[99.002,1.854]]],[[[98.986,1.326],[98.935,1.328],[98.892,1.302],[98.888,1.292],[98.902,1.216],[98.932,1.164],[98.968,1.12],[99.014,1.11],[99.015,1.303],[98.986,1.326]]],[[[98.481,-0.522],[98.473,-0.509],[98.466,-0.325],[98.445,-0.302],[98.407,-0.333],[98.395,-0.356],[98.385,-0.389],[98.382,-0.458],[98.359,-0.489],[98.361,-0.537],[98.41,-0.568],[98.419,-0.545],[98.435,-0.534],[98.473,-0.527],[98.493,-0.545],[98.481,-0.522]]],[[[98.679,1.785],[98.63,1.842],[98.621,1.836],[98.671,1.774],[98.68,1.772],[98.671,1.779],[98.678,1.782],[98.699,1.774],[98.679,1.785]]]]},"properties":{"jenis":"logging","nama":"PT TELUK NAULI","luas":83143,"sk":"SK.414/Menhut-II/2004","tahun":2004}},{"type":"Feature","geometry":{"type":"Polygon","coordinates":[[[99.241,1.19],[99.264,1.104],[99.336,1.024],[99.342,1.027],[99.352,1.017],[99.369,1.021],[99.364,1.032],[99.336,1.036],[99.329,1.079],[99.309,1.11],[99.284,1.177],[99.263,1.273],[99.25,1.298],[99.253,1.309],[99.242,1.327],[99.233,1.319],[99.232,1.296],[99.247,1.283],[99.245,1.264],[99.223,1.257],[99.252,1.23],[99.266,1.185],[99.234,1.21],[99.217,1.239],[99.206,1.235],[99.213,1.217],[99.241,1.19]]]},"properties":{"jenis":"logging","nama":"PT PANEI LIKA SEJAHTERA","luas":12460,"sk":"SK.197/Menhut-II/2006","tahun":2006}},{"type":"Feature","geometry":{"type":"Polygon","coordinates":[[[101.696,-2.818],[101.627,-2.796],[101.59,-2.825],[101.518,-2.722],[101.516,-2.735],[101.49,-2.761],[101.499,-2.795],[101.511,-2.809],[101.495,-2.828],[101.528,-2.849],[101.549,-2.873],[101.597,-2.891],[101.633,-2.887],[101.645,-2.899],[101.683,-2.902],[101.695,-2.885],[101.693,-2.876],[101.707,-2.868],[101.709,-2.84],[101.696,-2.818]]]},"properties":{"jenis":"logging","nama":"PT BENTARA AGRA TIMBER","luas":23000,"sk":"74 Tahun 2002","tahun":2002}},{"type":"Feature","geometry":{"type":"Polygon","coordinates":[[[101.791,-2.894],[101.773,-2.91],[101.729,-2.907],[101.708,-2.916],[101.728,-2.948],[101.721,-2.959],[101.746,-2.992],[101.739,-3.002],[101.757,-3.01],[101.735,-3.04],[101.738,-3.052],[101.757,-3.064],[101.755,-3.08],[101.728,-3.081],[101.705,-3.058],[101.7,-3.066],[101.747,-3.105],[101.765,-3.088],[101.783,-3.088],[101.793,-3.079],[101.812,-3.082],[101.846,-3.105],[101.926,-3.112],[101.949,-3.124],[101.964,-3.123],[101.969,-3.114],[101.998,-3.116],[102.003,-3.107],[102.033,-3.112],[102.026,-3.086],[102,-3.093],[101.974,-3.08],[101.95,-3.062],[101.951,-3.042],[101.935,-3.037],[101.933,-3.046],[101.942,-3.053],[101.938,-3.067],[101.953,-3.079],[101.954,-3.096],[101.941,-3.093],[101.909,-3.044],[101.909,-3.003],[101.872,-2.987],[101.872,-2.962],[101.863,-2.956],[101.872,-2.948],[101.865,-2.937],[101.872,-2.924],[101.791,-2.894]]]},"properties":{"jenis":"logging","nama":"PT ANUGERAH PRATAMA INSPIRASI","luas":41988,"sk":"3/1/IUPHHK-PB/ PMDN/2017","tahun":2017}},{"type":"Feature","geometry":{"type":"Polygon","coordinates":[[[113.879,-0.88],[113.827,-0.902],[113.832,-0.909],[113.819,-0.916],[113.767,-0.894],[113.766,-0.91],[113.72,-0.954],[113.77,-1.003],[113.864,-1.013],[113.872,-1],[113.87,-0.988],[113.857,-0.989],[113.842,-0.979],[113.842,-0.971],[113.861,-0.975],[113.865,-0.983],[113.865,-0.967],[113.883,-0.984],[113.893,-0.975],[113.93,-0.981],[113.958,-0.916],[113.94,-0.905],[113.942,-0.896],[113.925,-0.896],[113.886,-0.927],[113.881,-0.912],[113.89,-0.897],[113.879,-0.893],[113.879,-0.88]]]},"properties":{"jenis":"logging","nama":"PT AGROMAS KENCANA ABADI","luas":22522,"sk":"SK.18/1/IUPHHK-HA/PMDN/2016","tahun":2016}},{"type":"Feature","geometry":{"type":"Polygon","coordinates":[[[116.922,4.253],[116.828,4.253],[116.838,4.243],[116.839,4.203],[116.845,4.204],[116.853,4.188],[116.869,4.191],[116.881,4.164],[116.892,4.168],[116.914,4.157],[116.945,4.174],[116.959,4.172],[116.966,4.185],[116.962,4.206],[116.974,4.208],[116.971,4.215],[116.979,4.224],[116.951,4.228],[116.949,4.241],[116.94,4.232],[116.927,4.244],[116.936,4.246],[116.923,4.245],[116.922,4.253]]]},"properties":{"jenis":"logging","nama":"PT INTRACAWOOD MANUFACTURING","luas":11585,"sk":"5/1/IUPHHK-HA/PMDN/2017","tahun":2017}},{"type":"Feature","geometry":{"type":"Polygon","coordinates":[[[114.513,-0.912],[114.467,-0.884],[114.429,-0.898],[114.408,-0.916],[114.324,-1.106],[114.332,-1.104],[114.341,-1.123],[114.332,-1.136],[114.301,-1.139],[114.264,-1.18],[114.272,-1.19],[114.32,-1.186],[114.345,-1.14],[114.369,-1.127],[114.385,-1.148],[114.38,-1.164],[114.358,-1.179],[114.398,-1.281],[114.432,-1.439],[114.456,-1.44],[114.472,-1.513],[114.541,-1.534],[114.514,-1.569],[114.595,-1.566],[114.598,-1.484],[114.631,-1.27],[114.558,-1.182],[114.545,-1.107],[114.534,-1.109],[114.538,-1.073],[114.532,-1.074],[114.523,-1.101],[114.469,-1.106],[114.461,-1.117],[114.47,-1.135],[114.457,-1.146],[114.412,-1.144],[114.407,-1.113],[114.388,-1.1],[114.36,-1.108],[114.344,-1.124],[114.342,-1.085],[114.359,-1.082],[114.371,-1.058],[114.388,-1.087],[114.405,-1.092],[114.409,-1.088],[114.399,-1.077],[114.407,-1.078],[114.409,-1.065],[114.456,-1.085],[114.46,-1.075],[114.474,-1.076],[114.485,-1.065],[114.482,-1.055],[114.404,-1.024],[114.411,-1.005],[114.427,-1.007],[114.428,-0.932],[114.435,-0.923],[114.491,-0.934],[114.49,-0.99],[114.473,-1.013],[114.511,-1.029],[114.525,-1.017],[114.533,-1.022],[114.531,-0.958],[114.513,-0.912]]]},"properties":{"jenis":"logging","nama":"PT DASA INTIGA","luas":128030,"sk":"SK.475/Menhut-II/2010","tahun":2010}},{"type":"Feature","geometry":{"type":"Polygon","coordinates":[[[114.645,-0.982],[114.626,-0.959],[114.641,-0.906],[114.677,-0.881],[114.683,-0.861],[114.648,-0.803],[114.602,-0.801],[114.559,-0.827],[114.501,-0.901],[114.525,-0.932],[114.534,-1.025],[114.564,-1.032],[114.592,-1.076],[114.634,-1.036],[114.702,-1.017],[114.678,-0.998],[114.674,-0.985],[114.65,-0.99],[114.645,-0.982]]]},"properties":{"jenis":"logging","nama":"PT BINA MULTI ALAM LESTARI","luas":37642,"sk":"SK.595/Menhut-II/2012","tahun":2012}},{"type":"Feature","geometry":{"type":"Polygon","coordinates":[[[114.705,-0.973],[114.698,-0.967],[114.647,-0.974],[114.65,-0.99],[114.674,-0.985],[114.678,-0.998],[114.702,-1.017],[114.634,-1.036],[114.593,-1.076],[114.564,-1.032],[114.538,-1.029],[114.534,-1.109],[114.593,-1.099],[114.598,-1.114],[114.618,-1.087],[114.708,-1.057],[114.723,-1.059],[114.735,-1.071],[114.742,-1.054],[114.731,-1.042],[114.728,-1.026],[114.735,-1.015],[114.73,-0.999],[114.74,-0.974],[114.731,-0.979],[114.724,-0.969],[114.705,-0.973]]]},"properties":{"jenis":"logging","nama":"PT JOLOY MOSAK","luas":15575,"sk":"SK.227/Menhut-II/2011","tahun":2011}},{"type":"Feature","geometry":{"type":"Polygon","coordinates":[[[114.499,-0.756],[114.483,-0.749],[114.467,-0.757],[114.465,-0.8],[114.392,-0.799],[114.312,-0.88],[114.238,-0.812],[114.125,-0.852],[114.098,-0.87],[114.095,-0.926],[114.398,-0.934],[114.429,-0.898],[114.467,-0.884],[114.482,-0.889],[114.518,-0.857],[114.508,-0.854],[114.516,-0.842],[114.506,-0.811],[114.524,-0.768],[114.514,-0.752],[114.499,-0.756]]]},"properties":{"jenis":"logging","nama":"PT PANDUJAYA GEMILANG AGUNG","luas":49500,"sk":"SK.111/Kpts-II/2000","tahun":2000}},{"type":"Feature","geometry":{"type":"Polygon","coordinates":[[[114.597,-1.111],[114.593,-1.099],[114.545,-1.107],[114.558,-1.182],[114.631,-1.27],[114.598,-1.484],[114.817,-1.486],[114.827,-1.5],[114.848,-1.446],[114.809,-1.362],[114.793,-1.344],[114.751,-1.345],[114.732,-1.334],[114.728,-1.289],[114.741,-1.243],[114.735,-1.22],[114.704,-1.174],[114.675,-1.171],[114.641,-1.179],[114.62,-1.165],[114.591,-1.131],[114.597,-1.111]]]},"properties":{"jenis":"logging","nama":"PT SINERGI HUTAN SEJATI","luas":68980,"sk":"SK.409/Menhut-II/2004","tahun":2004}},{"type":"Feature","geometry":{"type":"Polygon","coordinates":[[[114.992,0.554],[114.989,0.565],[114.974,0.542],[114.889,0.515],[114.854,0.544],[114.848,0.542],[114.865,0.474],[114.849,0.452],[114.794,0.484],[114.77,0.477],[114.77,0.46],[114.73,0.397],[114.719,0.401],[114.711,0.425],[114.68,0.416],[114.671,0.37],[114.655,0.361],[114.64,0.365],[114.615,0.348],[114.581,0.346],[114.591,0.27],[114.551,0.236],[114.503,0.231],[114.496,0.249],[114.467,0.233],[114.492,0.199],[114.493,0.162],[114.535,0.16],[114.54,0.187],[114.555,0.212],[114.578,0.202],[114.59,0.214],[114.598,0.179],[114.59,0.176],[114.594,0.143],[114.633,0.174],[114.699,0.125],[114.735,0.202],[114.748,0.207],[114.75,0.201],[114.781,0.221],[114.817,0.23],[114.791,0.267],[114.793,0.299],[114.805,0.309],[114.838,0.288],[114.826,0.321],[114.834,0.338],[114.817,0.357],[114.854,0.384],[114.913,0.4],[114.905,0.405],[114.905,0.415],[114.917,0.41],[114.923,0.42],[114.938,0.412],[114.948,0.417],[114.949,0.436],[114.964,0.425],[114.965,0.433],[114.993,0.438],[114.979,0.464],[114.994,0.487],[115.01,0.496],[114.997,0.507],[115.011,0.524],[114.988,0.544],[114.992,0.554]]]},"properties":{"jenis":"logging","nama":"PT AGATHIS ALAM INDONESIA (DH. AKHATES PLYWOOD)","luas":94380,"sk":"SK.23/MENLHK/SETJEN/HPL.1/1/2017","tahun":2017}},{"type":"Feature","geometry":{"type":"MultiPolygon","coordinates":[[[[116.699,4.2],[116.66,4.201],[116.669,4.177],[116.664,4.16],[116.634,4.157],[116.602,4.14],[116.547,4.167],[116.539,4.18],[116.527,4.146],[116.556,4.041],[116.545,3.99],[116.548,3.965],[116.566,3.94],[116.62,3.93],[116.622,3.984],[116.634,4],[116.877,4.064],[116.905,4.086],[116.926,4.157],[116.917,4.151],[116.901,4.155],[116.881,4.164],[116.877,4.176],[116.825,4.175],[116.814,4.155],[116.774,4.171],[116.75,4.164],[116.746,4.176],[116.74,4.171],[116.712,4.2],[116.699,4.2]]],[[[116.479,4.16],[116.47,4.173],[116.457,4.143],[116.49,4.136],[116.498,4.11],[116.463,4.057],[116.451,4.023],[116.419,3.991],[116.407,3.989],[116.399,3.926],[116.42,3.927],[116.439,3.946],[116.465,3.95],[116.509,3.909],[116.587,3.877],[116.605,3.851],[116.594,3.833],[116.536,3.828],[116.504,3.811],[116.477,3.784],[116.448,3.732],[116.471,3.707],[116.502,3.706],[116.518,3.712],[116.556,3.755],[116.573,3.76],[116.597,3.751],[116.613,3.711],[116.697,3.767],[116.646,3.847],[116.613,3.884],[116.588,3.903],[116.534,3.917],[116.518,3.941],[116.512,3.99],[116.522,4.048],[116.512,4.121],[116.479,4.16]]]]},"properties":{"jenis":"logging","nama":"PT INHUTANI I UNIT KUNYIT-SIMENDURUT","luas":120760,"sk":"SK.560/Menhut-II/2006","tahun":2006}},{"type":"Feature","geometry":{"type":"Polygon","coordinates":[[[116.816,4.155],[116.829,4.188],[116.808,4.212],[116.797,4.212],[116.796,4.239],[116.767,4.242],[116.739,4.263],[116.733,4.279],[116.752,4.314],[116.712,4.31],[116.695,4.205],[116.735,4.178],[116.732,4.147],[116.81,4.139],[116.816,4.155]]]},"properties":{"jenis":"logging","nama":"KSU. MERANTI TUMBUH INDAH","luas":15080,"sk":"SK.204/Menhut-II/2006","tahun":2006}},{"type":"Feature","geometry":{"type":"Polygon","coordinates":[[[114.222,0.985],[114.208,0.994],[114.224,0.952],[114.106,0.866],[114.156,0.837],[114.238,0.825],[114.234,0.831],[114.26,0.848],[114.269,0.882],[114.281,0.887],[114.297,0.874],[114.297,0.862],[114.314,0.834],[114.307,0.82],[114.274,0.803],[114.274,0.788],[114.431,0.801],[114.431,0.859],[114.412,0.861],[114.389,0.884],[114.389,0.963],[114.372,0.958],[114.338,0.929],[114.305,0.94],[114.296,0.975],[114.252,0.969],[114.231,0.987],[114.222,0.985]]]},"properties":{"jenis":"logging","nama":"PT WANGSA KARYA LESTARI","luas":41530,"sk":"SK.348/Menhut-II/2008","tahun":2008}},{"type":"Feature","geometry":{"type":"Polygon","coordinates":[[[115.687,-0.832],[115.369,-0.725],[115.381,-0.791],[115.355,-0.855],[115.357,-0.891],[115.402,-0.907],[115.448,-0.9],[115.472,-0.905],[115.499,-0.926],[115.554,-0.942],[115.606,-0.979],[115.658,-1.034],[115.696,-1.05],[115.726,-1.009],[115.724,-0.994],[115.713,-0.996],[115.715,-0.988],[115.734,-0.976],[115.745,-0.986],[115.761,-0.976],[115.771,-1],[115.784,-1.002],[115.805,-0.986],[115.841,-0.995],[115.806,-1.02],[115.808,-1.031],[115.803,-1.024],[115.784,-1.051],[115.763,-1.058],[115.767,-1.076],[115.76,-1.09],[115.768,-1.095],[115.798,-1.072],[115.83,-1.072],[115.862,-1.108],[115.87,-1.155],[115.886,-1.18],[115.881,-1.2],[115.917,-1.23],[115.933,-1.222],[115.896,-1.129],[115.88,-1.058],[115.878,-1.014],[115.895,-0.975],[115.851,-0.985],[115.732,-0.959],[115.697,-0.978],[115.674,-0.978],[115.675,-0.941],[115.633,-0.946],[115.615,-0.958],[115.607,-0.956],[115.589,-0.926],[115.573,-0.929],[115.551,-0.919],[115.559,-0.896],[115.571,-0.896],[115.608,-0.861],[115.626,-0.858],[115.618,-0.842],[115.627,-0.846],[115.633,-0.837],[115.649,-0.841],[115.673,-0.833],[115.711,-0.852],[115.718,-0.842],[115.687,-0.832]]]},"properties":{"jenis":"logging","nama":"PT TIMBER DANA","luas":72330,"sk":"SK.186/Menhut-II/2014","tahun":2014}},{"type":"Feature","geometry":{"type":"Polygon","coordinates":[[[112.367,-0.123],[112.377,-0.13],[112.46,-0.125],[112.515,-0.149],[112.521,-0.131],[112.505,-0.13],[112.494,-0.112],[112.524,-0.118],[112.535,-0.079],[112.537,-0.043],[112.515,-0.016],[112.532,0.026],[112.483,0.055],[112.464,-0.005],[112.451,-0.018],[112.403,-0.005],[112.386,-0.016],[112.332,-0.078],[112.367,-0.123]],[[112.465,-0.042],[112.503,-0.035],[112.533,-0.049],[112.466,-0.094],[112.441,-0.093],[112.405,-0.104],[112.391,-0.093],[112.38,-0.062],[112.384,-0.048],[112.465,-0.042]]]},"properties":{"jenis":"logging","nama":"PT BORNEO KURNIA MANDIRI","luas":12000,"sk":"1002 TAHUN 2001","tahun":2001}},{"type":"Feature","geometry":{"type":"MultiPolygon","coordinates":[[[[115.456,0.617],[115.491,0.573],[115.516,0.567],[115.51,0.643],[115.47,0.646],[115.453,0.665],[115.423,0.669],[115.403,0.696],[115.4,0.716],[115.442,0.745],[115.451,0.771],[115.234,0.886],[115.217,0.848],[115.234,0.836],[115.25,0.806],[115.256,0.773],[115.227,0.738],[115.303,0.744],[115.279,0.712],[115.344,0.669],[115.349,0.655],[115.37,0.671],[115.385,0.669],[115.386,0.661],[115.456,0.617]]],[[[116.048,-0.053],[116.048,-0.043],[116.01,-0.016],[115.995,-0.015],[115.919,-0.108],[115.857,-0.079],[115.834,-0.108],[115.853,-0.136],[115.873,-0.115],[116.018,-0.179],[116.011,-0.235],[116.046,-0.215],[116.12,-0.122],[116.138,-0.112],[116.098,-0.067],[116.078,-0.068],[116.048,-0.053]]]]},"properties":{"jenis":"logging","nama":"PT DAYA MAJU LESTARI (DH.PTMARIMUN TIMBER IDS)","luas":73625,"sk":"SK.96/Menhut-II/2012","tahun":2012}},{"type":"Feature","geometry":{"type":"Polygon","coordinates":[[[112.258,0.223],[112.233,0.221],[112.223,0.208],[112.213,0.215],[112.213,0.2],[112.166,0.181],[112.176,0.158],[112.164,0.145],[112.082,0.141],[112.035,0.089],[112.058,0.088],[112.091,0.106],[112.107,0.078],[112.136,0.075],[112.14,0.069],[112.132,0.059],[112.106,0.052],[112.072,0.065],[112.056,0.05],[112.062,0.034],[112.098,-0.001],[112.113,0.002],[112.104,0.015],[112.113,0.033],[112.132,0.038],[112.139,0.032],[112.149,0.04],[112.179,0.033],[112.184,0.058],[112.224,0.065],[112.223,0.081],[112.194,0.107],[112.2,0.14],[112.217,0.148],[112.244,0.15],[112.262,0.121],[112.31,0.109],[112.343,0.107],[112.342,0.127],[112.361,0.13],[112.379,0.119],[112.393,0.089],[112.459,0.064],[112.489,0.12],[112.409,0.164],[112.359,0.183],[112.347,0.181],[112.322,0.207],[112.293,0.205],[112.276,0.225],[112.258,0.223]]]},"properties":{"jenis":"logging","nama":"PT KARYA REKANAN BINABERSAMA","luas":43810,"sk":"SK.263/Menhut-II/2004","tahun":2004}},{"type":"Feature","geometry":{"type":"Polygon","coordinates":[[[112.73,-0.102],[112.711,-0.084],[112.622,-0.06],[112.522,-0.008],[112.496,-0.032],[112.501,-0.062],[112.478,-0.076],[112.47,-0.105],[112.477,-0.123],[112.51,-0.146],[112.511,-0.125],[112.497,-0.125],[112.484,-0.104],[112.516,-0.111],[112.534,-0.158],[112.548,-0.155],[112.534,-0.125],[112.55,-0.112],[112.572,-0.111],[112.583,-0.12],[112.585,-0.15],[112.615,-0.147],[112.615,-0.134],[112.632,-0.108],[112.659,-0.113],[112.649,-0.14],[112.64,-0.142],[112.629,-0.251],[112.727,-0.19],[112.733,-0.202],[112.762,-0.194],[112.753,-0.171],[112.767,-0.157],[112.73,-0.102]]]},"properties":{"jenis":"logging","nama":"PT CAHAYA KARYA DAYAINDO","luas":35340,"sk":"SK.26/Menhut-II/2012","tahun":2010}},{"type":"Feature","geometry":{"type":"MultiPolygon","coordinates":[[[[113.262,0.649],[113.267,0.661],[113.215,0.639],[113.168,0.645],[113.151,0.623],[113.154,0.608],[113.192,0.584],[113.227,0.534],[113.248,0.555],[113.256,0.586],[113.273,0.574],[113.306,0.539],[113.315,0.507],[113.307,0.48],[113.289,0.469],[113.25,0.481],[113.285,0.433],[113.284,0.422],[113.267,0.398],[113.224,0.369],[113.175,0.322],[113.172,0.312],[113.242,0.296],[113.353,0.332],[113.384,0.338],[113.409,0.332],[113.449,0.354],[113.474,0.351],[113.484,0.372],[113.476,0.386],[113.42,0.412],[113.375,0.412],[113.371,0.423],[113.401,0.449],[113.409,0.47],[113.395,0.481],[113.357,0.469],[113.343,0.48],[113.357,0.519],[113.37,0.635],[113.361,0.644],[113.343,0.644],[113.268,0.601],[113.25,0.619],[113.262,0.649]]],[[[113.331,-0.023],[113.274,0.023],[113.247,-0.07],[113.196,-0.072],[113.142,-0.108],[113.126,-0.106],[113.112,-0.089],[113.074,-0.095],[113.095,-0.145],[113.107,-0.146],[113.116,-0.136],[113.141,-0.15],[113.106,-0.194],[113.104,-0.274],[113.132,-0.279],[113.148,-0.273],[113.131,-0.299],[113.098,-0.316],[113.099,-0.323],[113.227,-0.266],[113.229,-0.226],[113.272,-0.143],[113.295,-0.116],[113.366,-0.079],[113.348,-0.058],[113.355,-0.029],[113.339,-0.019],[113.331,-0.023]]],[[[113.053,0.768],[113.049,0.778],[113.061,0.793],[113.054,0.798],[113.019,0.786],[113.013,0.773],[113.005,0.749],[113.021,0.702],[113.069,0.72],[113.115,0.726],[113.144,0.704],[113.156,0.712],[113.146,0.746],[113.084,0.779],[113.053,0.768]]]]},"properties":{"jenis":"logging","nama":"PT KAWEDAR WOOD INDUSTRY","luas":69050,"sk":"SK.414/Menhut-II/2009","tahun":2009}},{"type":"Feature","geometry":{"type":"Polygon","coordinates":[[[110.918,-0.745],[110.898,-0.75],[110.869,-0.802],[110.841,-0.825],[110.843,-0.833],[110.824,-0.85],[110.835,-0.864],[110.827,-0.872],[110.755,-0.871],[110.705,-0.861],[110.685,-0.869],[110.678,-0.878],[110.695,-0.888],[110.694,-0.902],[110.678,-0.936],[110.789,-0.976],[110.855,-0.976],[110.872,-0.96],[110.894,-0.978],[110.916,-0.979],[110.932,-0.9],[110.926,-0.89],[110.941,-0.855],[110.946,-0.787],[110.944,-0.763],[110.926,-0.781],[110.922,-0.765],[110.928,-0.762],[110.918,-0.745]]]},"properties":{"jenis":"logging","nama":"PT KARUNIA HUTAN LESTARI","luas":40550,"sk":"SK.315/Menhut-II/2009","tahun":2009}},{"type":"Feature","geometry":{"type":"MultiPolygon","coordinates":[[[[110.846,-1.147],[110.827,-1.139],[110.797,-1.209],[110.775,-1.199],[110.756,-1.201],[110.729,-1.21],[110.719,-1.226],[110.745,-1.242],[110.766,-1.277],[110.782,-1.315],[110.805,-1.346],[110.816,-1.395],[110.835,-1.398],[110.857,-1.373],[110.829,-1.358],[110.835,-1.303],[110.879,-1.304],[110.907,-1.334],[110.94,-1.306],[110.946,-1.309],[110.949,-1.348],[110.96,-1.343],[110.969,-1.356],[111.022,-1.331],[111.019,-1.318],[111.033,-1.27],[111.028,-1.216],[110.972,-1.219],[110.948,-1.229],[110.934,-1.265],[110.91,-1.276],[110.882,-1.256],[110.882,-1.217],[110.863,-1.208],[110.857,-1.18],[110.863,-1.169],[110.856,-1.15],[110.846,-1.147]]],[[[111.015,-1.054],[111.011,-1.035],[111.003,-1.033],[110.911,-1.046],[110.876,-1.059],[110.866,-1.083],[110.886,-1.071],[110.923,-1.071],[110.902,-1.116],[110.915,-1.106],[110.935,-1.067],[110.971,-1.074],[111.015,-1.054]]]]},"properties":{"jenis":"logging","nama":"PT WANA MUKTI LESTARI","luas":46235,"sk":"SK.401/Menhut-II/2012","tahun":2012}},{"type":"Feature","geometry":{"type":"MultiPolygon","coordinates":[[[[111.144,-0.719],[111.01,-0.719],[111.01,-0.779],[110.999,-0.791],[110.986,-0.832],[110.989,-0.894],[110.977,-0.924],[110.978,-0.968],[111.01,-0.96],[111.021,-0.941],[111.04,-0.944],[111.055,-0.928],[111.081,-0.922],[111.081,-0.911],[111.07,-0.905],[111.062,-0.885],[111.022,-0.863],[111.005,-0.817],[111.029,-0.79],[111.08,-0.772],[111.144,-0.719]],[[111.093,-0.736],[111.097,-0.731],[111.097,-0.735],[111.093,-0.736]]],[[[110.904,-1.333],[110.879,-1.304],[110.835,-1.303],[110.829,-1.358],[110.857,-1.373],[110.917,-1.372],[110.92,-1.348],[110.944,-1.343],[110.946,-1.309],[110.93,-1.31],[110.913,-1.332],[110.904,-1.333]]],[[[110.888,-1.141],[110.923,-1.071],[110.886,-1.071],[110.858,-1.088],[110.858,-1.104],[110.838,-1.131],[110.863,-1.169],[110.857,-1.18],[110.863,-1.208],[110.89,-1.222],[110.888,-1.141]]]]},"properties":{"jenis":"logging","nama":"PT SEWAKA LAHAN SENTOSA","luas":32180,"sk":"SK.236/Menhut-II/2007","tahun":2007}},{"type":"Feature","geometry":{"type":"MultiPolygon","coordinates":[[[[111.007,-0.969],[111.01,-0.96],[110.942,-0.977],[110.904,-0.978],[110.901,-1.036],[110.986,-0.998],[111.001,-1.006],[110.999,-1.033],[111.011,-1.035],[111.015,-1.054],[110.971,-1.074],[110.935,-1.067],[110.915,-1.106],[110.902,-1.116],[110.901,-1.137],[110.93,-1.102],[110.986,-1.073],[111.012,-1.072],[111.055,-1.112],[111.057,-1.127],[111.029,-1.199],[111.033,-1.27],[111.019,-1.318],[111.023,-1.34],[110.961,-1.369],[110.983,-1.456],[110.99,-1.461],[111.042,-1.44],[111.082,-1.458],[111.134,-1.447],[111.222,-1.384],[111.268,-1.38],[111.297,-1.339],[111.318,-1.284],[111.388,-1.205],[111.396,-1.182],[111.372,-1.175],[111.371,-1.166],[111.341,-1.165],[111.342,-1.147],[111.333,-1.144],[111.36,-1.14],[111.356,-1.109],[111.37,-1.113],[111.4,-1.095],[111.425,-1.068],[111.405,-1.015],[111.383,-0.997],[111.386,-1.049],[111.34,-1.061],[111.215,-1.06],[111.202,-1.069],[111.19,-1.06],[111.142,-1.06],[111.164,-1.086],[111.165,-1.109],[111.152,-1.119],[111.121,-1.115],[111.113,-1.13],[111.117,-1.151],[111.068,-1.167],[111.062,-1.144],[111.073,-1.108],[111.088,-1.103],[111.074,-1.079],[111.103,-1.06],[111.027,-1.06],[111.007,-0.969]],[[111.238,-1.181],[111.255,-1.182],[111.259,-1.19],[111.252,-1.267],[111.214,-1.276],[111.19,-1.27],[111.165,-1.281],[111.142,-1.234],[111.156,-1.209],[111.182,-1.183],[111.238,-1.181]],[[111.177,-1.28],[111.196,-1.315],[111.164,-1.314],[111.145,-1.392],[111.115,-1.388],[111.109,-1.355],[111.121,-1.332],[111.103,-1.319],[111.11,-1.29],[111.137,-1.283],[111.146,-1.292],[111.142,-1.298],[111.154,-1.304],[111.177,-1.28]]],[[[110.918,-1.378],[110.919,-1.372],[110.862,-1.37],[110.843,-1.381],[110.834,-1.41],[110.849,-1.428],[110.852,-1.441],[110.844,-1.451],[110.812,-1.456],[110.748,-1.439],[110.677,-1.472],[110.672,-1.489],[110.71,-1.499],[110.726,-1.51],[110.732,-1.525],[110.735,-1.638],[110.761,-1.622],[110.783,-1.576],[110.797,-1.577],[110.804,-1.596],[110.825,-1.601],[110.865,-1.57],[110.92,-1.543],[110.917,-1.528],[110.965,-1.497],[110.967,-1.488],[110.931,-1.471],[110.898,-1.512],[110.852,-1.506],[110.852,-1.496],[110.904,-1.429],[110.915,-1.423],[110.932,-1.427],[110.934,-1.414],[110.911,-1.384],[110.918,-1.378]]]]},"properties":{"jenis":"logging","nama":"PT SUKA JAYA MAKMUR","luas":171300,"sk":"SK.106/Kpts-II/2000","tahun":2000}},{"type":"Feature","geometry":{"type":"MultiPolygon","coordinates":[[[[115.634,-1.597],[115.624,-1.594],[115.611,-1.605],[115.629,-1.61],[115.644,-1.627],[115.654,-1.67],[115.614,-1.694],[115.624,-1.7],[115.637,-1.694],[115.632,-1.725],[115.647,-1.748],[115.664,-1.725],[115.678,-1.723],[115.675,-1.738],[115.688,-1.739],[115.701,-1.727],[115.665,-1.706],[115.673,-1.664],[115.667,-1.629],[115.653,-1.624],[115.653,-1.613],[115.64,-1.61],[115.634,-1.597]]],[[[115.631,-1.474],[115.644,-1.447],[115.644,-1.429],[115.658,-1.41],[115.616,-1.45],[115.617,-1.46],[115.595,-1.462],[115.591,-1.477],[115.604,-1.489],[115.611,-1.529],[115.606,-1.537],[115.596,-1.533],[115.592,-1.552],[115.599,-1.573],[115.625,-1.58],[115.626,-1.531],[115.638,-1.518],[115.631,-1.474]]],[[[115.677,-1.911],[115.657,-1.913],[115.665,-1.926],[115.657,-1.957],[115.661,-1.978],[115.696,-1.976],[115.707,-1.959],[115.708,-1.946],[115.677,-1.911]]],[[[115.656,-2.044],[115.649,-2.079],[115.625,-2.075],[115.628,-2.087],[115.643,-2.096],[115.661,-2.09],[115.681,-2.065],[115.681,-2.045],[115.656,-2.044]]]]},"properties":{"jenis":"logging","nama":"PT ELBANA ABADI JAYA","luas":15480,"sk":"SK.139/Menhut-II/2007","tahun":2007}},{"type":"Feature","geometry":{"type":"Polygon","coordinates":[[[111.327,-0.811],[111.37,-0.744],[111.361,-0.737],[111.331,-0.735],[111.336,-0.79],[111.306,-0.815],[111.268,-0.793],[111.253,-0.798],[111.249,-0.835],[111.272,-0.866],[111.272,-0.882],[111.258,-0.926],[111.221,-0.966],[111.197,-0.967],[111.154,-0.951],[111.127,-0.95],[111.106,-0.961],[111.088,-0.994],[111.069,-1.006],[111.059,-1.004],[111.047,-0.985],[111.047,-0.941],[111.021,-0.941],[111.006,-0.972],[111.027,-1.06],[111.103,-1.06],[111.128,-1.052],[111.142,-1.06],[111.19,-1.06],[111.189,-1.034],[111.203,-1.015],[111.221,-1.022],[111.215,-1.06],[111.34,-1.061],[111.386,-1.049],[111.383,-0.994],[111.303,-0.989],[111.284,-1.002],[111.241,-1],[111.263,-0.965],[111.282,-0.951],[111.326,-0.948],[111.371,-0.935],[111.273,-0.932],[111.297,-0.893],[111.296,-0.829],[111.314,-0.828],[111.327,-0.811]]]},"properties":{"jenis":"logging","nama":"PT WANASOKAN HASILINDO","luas":49000,"sk":"SK.162/Menhut-II/2005","tahun":2005}},{"type":"Feature","geometry":{"type":"Polygon","coordinates":[[[111.719,-1.693],[111.649,-1.565],[111.525,-1.651],[111.459,-1.716],[111.466,-1.729],[111.474,-1.796],[111.501,-1.797],[111.525,-1.823],[111.552,-1.834],[111.563,-1.828],[111.569,-1.806],[111.583,-1.815],[111.615,-1.812],[111.629,-1.771],[111.628,-1.713],[111.652,-1.695],[111.662,-1.704],[111.672,-1.694],[111.681,-1.697],[111.679,-1.804],[111.672,-1.818],[111.666,-1.806],[111.656,-1.817],[111.644,-1.873],[111.651,-1.911],[111.668,-1.94],[111.705,-1.942],[111.699,-1.996],[111.71,-1.998],[111.712,-1.99],[111.723,-1.992],[111.742,-1.975],[111.747,-1.961],[111.74,-1.955],[111.747,-1.954],[111.754,-1.919],[111.78,-1.879],[111.778,-1.865],[111.753,-1.898],[111.742,-1.902],[111.718,-1.887],[111.703,-1.862],[111.696,-1.832],[111.716,-1.802],[111.724,-1.759],[111.733,-1.751],[111.744,-1.757],[111.755,-1.797],[111.787,-1.819],[111.794,-1.844],[111.801,-1.835],[111.796,-1.811],[111.806,-1.801],[111.719,-1.693]]]},"properties":{"jenis":"logging","nama":"PT TRISETIA INTIGA","luas":67070,"sk":"SK.113/Menhut-II/2006","tahun":2006}},{"type":"Feature","geometry":{"type":"MultiPolygon","coordinates":[[[[112.272,-0.645],[112.227,-0.643],[112.201,-0.656],[112.189,-0.693],[112.194,-0.71],[112.216,-0.733],[112.204,-0.755],[112.185,-0.758],[112.115,-0.724],[112.087,-0.719],[112.115,-0.78],[112.111,-0.795],[112.093,-0.772],[112.069,-0.765],[112.035,-0.803],[111.994,-0.816],[111.99,-0.844],[111.979,-0.856],[111.97,-0.853],[111.968,-0.81],[111.957,-0.798],[111.941,-0.84],[111.935,-0.839],[111.942,-0.89],[111.93,-0.902],[111.924,-0.898],[111.923,-0.876],[111.907,-0.924],[111.907,-0.957],[111.923,-0.984],[111.965,-0.983],[112.034,-0.899],[112.134,-0.883],[112.099,-0.973],[112.098,-1.015],[112.12,-1.019],[112.173,-0.988],[112.179,-0.994],[112.168,-1.014],[112.162,-1.057],[112.168,-1.089],[112.183,-1.102],[112.203,-1.105],[112.223,-1.098],[112.263,-1.065],[112.27,-1.025],[112.242,-0.934],[112.26,-0.903],[112.268,-0.913],[112.265,-0.939],[112.272,-0.955],[112.307,-0.984],[112.318,-1.026],[112.349,-1.055],[112.366,-1.125],[112.386,-1.106],[112.404,-1.046],[112.387,-1.016],[112.391,-0.99],[112.383,-0.954],[112.404,-0.925],[112.411,-0.877],[112.438,-0.884],[112.446,-0.872],[112.409,-0.81],[112.386,-0.746],[112.388,-0.776],[112.372,-0.784],[112.348,-0.774],[112.34,-0.782],[112.335,-0.77],[112.344,-0.759],[112.342,-0.723],[112.324,-0.734],[112.29,-0.732],[112.282,-0.666],[112.272,-0.645]]],[[[111.08,-1.644],[111.08,-1.6],[111.299,-1.534],[111.289,-1.501],[111.297,-1.457],[111.232,-1.472],[111.174,-1.518],[111.125,-1.545],[111.001,-1.576],[110.994,-1.579],[110.998,-1.599],[110.913,-1.661],[110.899,-1.679],[110.919,-1.707],[110.932,-1.71],[110.967,-1.655],[111.001,-1.656],[111.002,-1.676],[110.976,-1.703],[111.006,-1.72],[111.016,-1.765],[110.97,-1.897],[110.969,-1.929],[110.976,-1.935],[110.994,-1.921],[111.022,-1.873],[111.025,-1.892],[111.003,-1.952],[111.077,-1.964],[111.08,-1.644]]]]},"properties":{"jenis":"logging","nama":"PT SARI BUMI KUSUMA (UNIT I DAN II)","luas":208300,"sk":"SK.201/Kpts-II/1998","tahun":1998}},{"type":"Feature","geometry":{"type":"Polygon","coordinates":[[[111.907,-0.924],[111.923,-0.876],[111.873,-0.893],[111.809,-0.929],[111.801,-0.915],[111.783,-0.914],[111.737,-0.931],[111.691,-0.963],[111.66,-0.995],[111.615,-1.074],[111.646,-1.222],[111.64,-1.242],[111.662,-1.233],[111.679,-1.249],[111.726,-1.248],[111.72,-1.258],[111.738,-1.274],[111.729,-1.295],[111.739,-1.31],[111.754,-1.304],[111.76,-1.31],[111.764,-1.304],[111.777,-1.312],[111.778,-1.302],[111.797,-1.299],[111.793,-1.282],[111.804,-1.272],[111.805,-1.254],[111.795,-1.25],[111.807,-1.235],[111.789,-1.224],[111.783,-1.214],[111.788,-1.208],[111.767,-1.204],[111.776,-1.196],[111.815,-1.23],[111.818,-1.239],[111.804,-1.26],[111.814,-1.269],[111.829,-1.262],[111.826,-1.29],[111.833,-1.295],[111.836,-1.285],[111.843,-1.287],[111.846,-1.304],[111.863,-1.305],[111.896,-1.28],[111.886,-1.257],[111.917,-1.224],[111.91,-1.209],[111.931,-1.205],[111.925,-1.156],[111.973,-1.145],[111.966,-1.173],[111.959,-1.176],[111.966,-1.19],[111.962,-1.201],[111.949,-1.186],[111.938,-1.21],[111.929,-1.209],[111.936,-1.218],[111.925,-1.221],[111.931,-1.226],[111.921,-1.239],[111.922,-1.252],[111.913,-1.252],[111.922,-1.267],[111.916,-1.296],[111.928,-1.295],[112.028,-1.23],[112.049,-1.224],[112.068,-1.195],[112.085,-1.193],[112.083,-1.153],[112.09,-1.152],[112.092,-1.118],[112.102,-1.109],[112.107,-1.057],[112.12,-1.019],[112.098,-1.015],[112.099,-0.973],[112.134,-0.883],[112.034,-0.899],[111.965,-0.983],[111.923,-0.984],[111.907,-0.957],[111.907,-0.924]],[[112.025,-1.026],[112.021,-1.021],[112.036,-1.01],[112.037,-1],[112.057,-1.023],[112.025,-1.056],[112.018,-1.036],[112.025,-1.026]],[[111.795,-1.101],[111.799,-1.136],[111.789,-1.141],[111.79,-1.155],[111.773,-1.157],[111.781,-1.105],[111.787,-1.111],[111.795,-1.101]],[[111.752,-0.944],[111.759,-0.951],[111.749,-0.963],[111.755,-0.968],[111.75,-0.98],[111.727,-0.989],[111.725,-0.974],[111.735,-0.958],[111.726,-0.949],[111.752,-0.944]],[[111.736,-1.068],[111.733,-1.074],[111.711,-1.068],[111.712,-1.055],[111.697,-1.047],[111.708,-1.027],[111.726,-1.056],[111.739,-1.061],[111.744,-1.055],[111.736,-1.068]],[[112.006,-1.059],[112.012,-1.061],[112.008,-1.081],[111.995,-1.092],[111.995,-1.079],[111.979,-1.076],[111.978,-1.067],[111.99,-1.065],[111.992,-1.052],[112.005,-1.053],[112.006,-1.059]],[[112.085,-0.901],[112.069,-0.927],[112.075,-0.929],[112.069,-0.96],[112.06,-0.914],[112.085,-0.901]]]},"properties":{"jenis":"logging","nama":"PT ERNA DJULIAWATI","luas":184206,"sk":"SK.15/Kpts-IV/1999","tahun":1999}},{"type":"Feature","geometry":{"type":"Polygon","coordinates":[[[111.763,-1.353],[111.687,-1.351],[111.687,-1.317],[111.633,-1.27],[111.641,-1.203],[111.615,-1.074],[111.573,-1.21],[111.421,-1.365],[111.473,-1.427],[111.54,-1.437],[111.646,-1.566],[111.869,-1.425],[111.869,-1.323],[111.769,-1.323],[111.769,-1.353],[111.763,-1.353]]]},"properties":{"jenis":"logging","nama":"PT HUTANINDO LESTARI RAYA TIMBER","luas":98000,"sk":"SK.15/Kpts-II/2001","tahun":2001}},{"type":"Feature","geometry":{"type":"MultiPolygon","coordinates":[[[[116.976,2.962],[116.975,3.022],[116.937,3.036],[116.921,3.074],[116.761,2.999],[116.706,2.984],[116.713,2.965],[116.706,2.95],[116.68,2.974],[116.663,2.969],[116.667,2.941],[116.657,2.922],[116.643,2.926],[116.648,2.939],[116.641,2.957],[116.596,2.931],[116.576,2.91],[116.564,2.876],[116.591,2.836],[116.565,2.826],[116.547,2.836],[116.511,2.804],[116.596,2.713],[116.603,2.743],[116.628,2.767],[116.632,2.802],[116.658,2.834],[116.681,2.841],[116.694,2.856],[116.712,2.852],[116.721,2.862],[116.735,2.861],[116.735,2.844],[116.702,2.818],[116.708,2.809],[116.686,2.775],[116.707,2.752],[116.722,2.758],[116.726,2.795],[116.741,2.796],[116.756,2.816],[116.782,2.821],[116.787,2.805],[116.779,2.787],[116.792,2.767],[116.788,2.723],[116.794,2.739],[116.827,2.763],[116.891,2.872],[116.907,2.872],[116.914,2.887],[116.953,2.887],[116.993,2.829],[117.095,2.827],[117.097,2.795],[117.12,2.796],[117.12,2.785],[117.178,2.785],[117.19,2.801],[117.25,2.811],[117.251,2.777],[117.264,2.777],[117.288,2.815],[117.287,2.867],[117.27,2.894],[117.198,2.895],[117.169,2.863],[117.132,2.862],[117.095,2.894],[117.078,2.858],[117.08,2.844],[117.046,2.831],[117.041,2.869],[117.007,2.874],[117.013,2.884],[117.078,2.909],[117.046,2.937],[116.99,2.942],[116.976,2.962]]],[[[116.949,2.78],[116.938,2.782],[116.919,2.763],[116.919,2.737],[116.894,2.731],[116.879,2.713],[116.868,2.715],[116.841,2.678],[116.828,2.678],[116.809,2.663],[116.756,2.603],[116.747,2.582],[116.832,2.581],[116.864,2.593],[116.921,2.575],[116.975,2.57],[117.009,2.581],[117.063,2.613],[117.383,2.57],[117.325,2.732],[117.307,2.722],[117.308,2.701],[117.296,2.71],[117.289,2.73],[117.281,2.722],[117.255,2.72],[117.231,2.702],[117.219,2.705],[117.208,2.736],[117.194,2.727],[117.172,2.736],[117.169,2.705],[117.129,2.695],[117.103,2.675],[117.09,2.678],[117.088,2.69],[117.104,2.721],[117.072,2.739],[117.062,2.757],[117.063,2.744],[116.961,2.731],[116.961,2.78],[116.949,2.78]],[[117.036,2.733],[117.063,2.729],[117.065,2.705],[117.055,2.682],[117.018,2.681],[117.009,2.691],[117.013,2.711],[117.036,2.733]]]]},"properties":{"jenis":"logging","nama":"PT ITCI KAYAN HUTANI","luas":218375,"sk":"SK.160/Menhut-II/2005","tahun":2005}},{"type":"Feature","geometry":{"type":"Polygon","coordinates":[[[116.742,3.504],[116.736,3.511],[116.747,3.543],[116.737,3.543],[116.725,3.536],[116.719,3.513],[116.726,3.495],[116.72,3.475],[116.705,3.469],[116.689,3.51],[116.673,3.528],[116.664,3.522],[116.665,3.51],[116.687,3.464],[116.676,3.462],[116.665,3.484],[116.656,3.471],[116.663,3.464],[116.659,3.454],[116.645,3.455],[116.651,3.172],[116.626,3.147],[116.626,3.115],[116.616,3.128],[116.6,3.082],[116.618,3.008],[116.685,3.082],[116.736,3.113],[116.782,3.112],[116.82,3.069],[116.839,3.061],[116.939,3.114],[116.967,3.101],[117.008,3.042],[117.026,3.062],[117.036,3.089],[117.094,3.024],[117.209,3.03],[117.156,3.093],[117.156,3.109],[117.099,3.145],[117.081,3.205],[117.057,3.204],[117.059,3.285],[117.043,3.269],[117.011,3.263],[117.022,3.306],[117.017,3.31],[116.959,3.291],[116.945,3.277],[116.935,3.298],[116.917,3.311],[116.923,3.336],[116.945,3.353],[116.947,3.364],[116.928,3.401],[116.928,3.444],[116.88,3.492],[116.884,3.506],[116.875,3.515],[116.856,3.515],[116.766,3.484],[116.757,3.499],[116.742,3.504]]]},"properties":{"jenis":"logging","nama":"PT INTRACAWOOD MANUFACTURING","luas":199571,"sk":"SK.103/Menhut-II/2010","tahun":2010}},{"type":"Feature","geometry":{"type":"Polygon","coordinates":[[[116.685,1.168],[116.669,1.205],[116.672,1.248],[116.64,1.308],[116.611,1.311],[116.554,1.34],[116.348,1.308],[116.361,1.253],[116.383,1.262],[116.384,1.277],[116.395,1.282],[116.402,1.26],[116.415,1.258],[116.441,1.217],[116.483,1.247],[116.479,1.225],[116.515,1.24],[116.524,1.236],[116.574,1.169],[116.557,1.16],[116.559,1.146],[116.667,1.132],[116.656,1.156],[116.685,1.168]]]},"properties":{"jenis":"logging","nama":"PT INTERTROPIC ADITAMA","luas":46230,"sk":"SK.161/Menhut-II/2005","tahun":2005}},{"type":"Feature","geometry":{"type":"Polygon","coordinates":[[[116.402,1.261],[116.395,1.282],[116.384,1.277],[116.383,1.262],[116.361,1.253],[116.387,1.137],[116.41,1.132],[116.417,1.109],[116.454,1.093],[116.455,1.079],[116.437,1.051],[116.453,1.047],[116.488,1.012],[116.509,1.027],[116.525,0.96],[116.541,0.972],[116.599,0.961],[116.618,0.965],[116.632,0.985],[116.667,0.937],[116.667,1.088],[116.683,1.096],[116.667,1.132],[116.559,1.146],[116.557,1.16],[116.574,1.169],[116.524,1.236],[116.515,1.24],[116.479,1.225],[116.483,1.247],[116.441,1.217],[116.415,1.258],[116.402,1.261]]]},"properties":{"jenis":"logging","nama":"PT OCEANIS TIMBER PRODUCT","luas":67030,"sk":"SK.456/Menhut-II/2005","tahun":2005}},{"type":"Feature","geometry":{"type":"Polygon","coordinates":[[[116.251,0.861],[116.243,0.867],[116.117,0.753],[116.111,0.721],[116.098,0.709],[116.075,0.718],[115.999,0.65],[116.091,0.635],[116.139,0.611],[116.128,0.603],[116.126,0.579],[116.102,0.572],[116.155,0.56],[116.18,0.404],[116.219,0.457],[116.21,0.462],[116.209,0.491],[116.202,0.495],[116.211,0.517],[116.203,0.523],[116.229,0.574],[116.242,0.564],[116.257,0.568],[116.267,0.587],[116.285,0.59],[116.33,0.563],[116.36,0.568],[116.361,0.578],[116.461,0.681],[116.447,0.721],[116.433,0.727],[116.428,0.714],[116.409,0.724],[116.391,0.688],[116.363,0.682],[116.358,0.69],[116.301,0.692],[116.25,0.677],[116.242,0.733],[116.247,0.764],[116.258,0.779],[116.241,0.805],[116.252,0.813],[116.244,0.844],[116.254,0.847],[116.267,0.836],[116.263,0.859],[116.251,0.861]]]},"properties":{"jenis":"logging","nama":"PT MELAPI TIMBER","luas":78300,"sk":"SK.105/Menhut-II/2005","tahun":2005}},{"type":"Feature","geometry":{"type":"Polygon","coordinates":[[[115.775,0.23],[115.753,0.238],[115.736,0.209],[115.732,0.17],[115.744,0.144],[115.602,0.068],[115.606,0.047],[115.62,0.035],[115.658,0.049],[115.705,0.048],[115.7,0.038],[115.787,-0.04],[115.941,0.064],[115.934,0.088],[115.913,0.114],[115.83,0.156],[115.792,0.23],[115.775,0.23]]]},"properties":{"jenis":"logging","nama":"PT TRIWIRAASTA BARATA","luas":53430,"sk":"SK.323/Menhut-II/2012","tahun":2010}},{"type":"Feature","geometry":{"type":"MultiPolygon","coordinates":[[[[112.91,-0.478],[112.913,-0.46],[112.862,-0.446],[112.804,-0.451],[112.703,-0.479],[112.633,-0.464],[112.558,-0.513],[112.528,-0.514],[112.529,-0.53],[112.518,-0.547],[112.546,-0.551],[112.55,-0.578],[112.588,-0.577],[112.588,-0.516],[112.624,-0.514],[112.642,-0.492],[112.693,-0.514],[112.718,-0.502],[112.774,-0.501],[112.802,-0.483],[112.822,-0.493],[112.919,-0.496],[112.91,-0.478]]],[[[112.835,0.153],[112.734,0.181],[112.715,0.126],[112.757,0.103],[112.778,0.052],[112.788,0.045],[112.788,0.057],[112.813,0.097],[112.884,0.07],[112.914,0.144],[112.886,0.157],[112.835,0.153]]],[[[113.091,-0.327],[113.09,-0.322],[113.047,-0.362],[113.016,-0.374],[113.056,-0.389],[113.138,-0.379],[113.216,-0.436],[113.229,-0.425],[113.229,-0.409],[113.206,-0.379],[113.128,-0.354],[113.114,-0.356],[113.099,-0.346],[113.091,-0.327]]]]},"properties":{"jenis":"logging","nama":"PT BATASAN","luas":49150,"sk":"SK.416/Menhut-II/04","tahun":2004}},{"type":"Feature","geometry":{"type":"Polygon","coordinates":[[[113.023,-0.072],[113.017,-0.063],[112.986,-0.145],[112.952,-0.197],[112.97,-0.221],[112.996,-0.221],[113.026,-0.179],[113.06,-0.175],[113.067,-0.222],[113.033,-0.255],[113.075,-0.285],[113.074,-0.31],[113.064,-0.324],[112.989,-0.351],[112.859,-0.38],[112.853,-0.39],[112.84,-0.384],[112.754,-0.406],[112.681,-0.438],[112.671,-0.435],[112.667,-0.408],[112.674,-0.376],[112.663,-0.362],[112.639,-0.364],[112.62,-0.386],[112.636,-0.398],[112.642,-0.423],[112.633,-0.428],[112.63,-0.443],[112.617,-0.449],[112.604,-0.444],[112.599,-0.423],[112.583,-0.413],[112.58,-0.395],[112.522,-0.418],[112.514,-0.439],[112.518,-0.458],[112.565,-0.472],[112.582,-0.497],[112.633,-0.464],[112.697,-0.479],[112.804,-0.451],[112.862,-0.446],[112.913,-0.46],[112.929,-0.416],[112.943,-0.393],[112.958,-0.389],[113.02,-0.399],[113.041,-0.432],[113.065,-0.445],[113.117,-0.449],[113.158,-0.44],[113.193,-0.445],[113.216,-0.436],[113.138,-0.379],[113.056,-0.389],[113.016,-0.374],[113.047,-0.362],[113.092,-0.319],[113.131,-0.299],[113.148,-0.273],[113.132,-0.279],[113.104,-0.274],[113.106,-0.194],[113.141,-0.15],[113.116,-0.136],[113.107,-0.146],[113.095,-0.145],[113.067,-0.086],[113.035,-0.111],[113.024,-0.095],[113.023,-0.072]]]},"properties":{"jenis":"logging","nama":"PT SARI BUMI KUSUMA","luas":75200,"sk":"SK.58/Menhut-II/2007","tahun":2007}},{"type":"Feature","geometry":{"type":"Polygon","coordinates":[[[112.649,-0.972],[112.66,-0.974],[112.664,-0.987],[112.707,-0.987],[112.712,-0.98],[112.693,-0.97],[112.692,-0.956],[112.71,-0.946],[112.734,-0.966],[112.797,-0.976],[112.799,-0.964],[112.862,-0.964],[112.862,-0.981],[112.905,-0.981],[112.905,-1.018],[112.851,-1.017],[112.866,-1.036],[112.915,-1.069],[112.989,-1.064],[113.003,-1.042],[112.972,-1.019],[112.975,-1.008],[112.967,-1],[112.949,-0.994],[112.944,-1.004],[112.913,-0.987],[112.918,-0.97],[112.912,-0.952],[112.92,-0.94],[112.909,-0.941],[112.893,-0.914],[112.92,-0.902],[112.928,-0.885],[112.925,-0.864],[112.935,-0.859],[112.949,-0.83],[112.977,-0.826],[112.972,-0.817],[112.991,-0.79],[112.984,-0.79],[112.985,-0.781],[112.974,-0.787],[112.962,-0.777],[112.961,-0.763],[112.928,-0.762],[112.92,-0.771],[112.927,-0.816],[112.898,-0.82],[112.861,-0.879],[112.793,-0.861],[112.794,-0.851],[112.781,-0.843],[112.759,-0.847],[112.762,-0.891],[112.752,-0.901],[112.735,-0.897],[112.724,-0.876],[112.685,-0.902],[112.677,-0.917],[112.65,-0.913],[112.656,-0.939],[112.649,-0.972]]]},"properties":{"jenis":"logging","nama":"PT GRAHA SENTOSA PERMAI","luas":44970,"sk":"SK.381/Menhut-II/2005","tahun":2005}},{"type":"Feature","geometry":{"type":"Polygon","coordinates":[[[112.65,-0.913],[112.448,-0.938],[112.459,-0.967],[112.446,-0.982],[112.447,-1],[112.461,-1.021],[112.515,-1.044],[112.531,-1.068],[112.541,-1.068],[112.544,-1.098],[112.579,-1.064],[112.59,-1.064],[112.626,-1.096],[112.685,-1.109],[112.684,-1.074],[112.663,-1.052],[112.672,-1.02],[112.661,-1.007],[112.664,-0.982],[112.658,-0.973],[112.647,-0.973],[112.656,-0.939],[112.65,-0.913]]]},"properties":{"jenis":"logging","nama":"PT KAYU WAJA","luas":38450,"sk":"SK.81/Kpts-II/2000","tahun":2000}},{"type":"Feature","geometry":{"type":"Polygon","coordinates":[[[113.144,-0.634],[113.142,-0.62],[113.057,-0.632],[113.05,-0.643],[113.086,-0.676],[113.09,-0.709],[113.081,-0.716],[113.076,-0.767],[113.083,-0.78],[113.076,-0.79],[113.083,-0.823],[113.092,-0.827],[113.069,-0.86],[113.074,-0.863],[113.055,-0.87],[113.055,-0.881],[113.074,-0.893],[113.083,-0.923],[113.1,-0.938],[113.098,-0.95],[113.106,-0.943],[113.127,-0.953],[113.152,-0.923],[113.197,-0.901],[113.211,-0.908],[113.215,-0.901],[113.235,-0.901],[113.245,-0.885],[113.286,-0.883],[113.299,-0.863],[113.31,-0.864],[113.305,-0.848],[113.167,-0.815],[113.144,-0.634]]]},"properties":{"jenis":"logging","nama":"PT FITAMAYA ASMAPARA","luas":43880,"sk":"SK.430/Menhut-II/2006","tahun":2006}},{"type":"Feature","geometry":{"type":"Polygon","coordinates":[[[115.223,-0.517],[115.174,-0.529],[115.128,-0.565],[115.058,-0.581],[115.041,-0.597],[115.006,-0.592],[114.941,-0.598],[114.895,-0.589],[114.868,-0.599],[114.834,-0.594],[114.833,-0.61],[114.819,-0.609],[114.826,-0.624],[114.821,-0.636],[114.914,-0.639],[114.979,-0.66],[115.024,-0.687],[115.046,-0.672],[115.057,-0.679],[115.055,-0.69],[115.112,-0.674],[115.127,-0.647],[115.132,-0.587],[115.153,-0.569],[115.166,-0.572],[115.164,-0.588],[115.183,-0.655],[115.241,-0.714],[115.252,-0.736],[115.24,-0.754],[115.212,-0.771],[115.082,-0.809],[115.08,-0.815],[115.114,-0.819],[115.113,-0.833],[115.147,-0.827],[115.154,-0.839],[115.204,-0.842],[115.208,-0.851],[115.225,-0.85],[115.225,-0.864],[115.236,-0.859],[115.247,-0.867],[115.27,-0.818],[115.285,-0.818],[115.295,-0.831],[115.298,-0.871],[115.287,-0.879],[115.289,-0.891],[115.293,-0.896],[115.311,-0.887],[115.359,-0.9],[115.355,-0.913],[115.341,-0.916],[115.296,-0.917],[115.212,-0.901],[115.107,-0.915],[115.109,-0.921],[115.362,-0.944],[115.375,-0.969],[115.367,-1],[115.066,-1.037],[115.086,-1.112],[115.047,-1.148],[115.033,-1.218],[115.006,-1.231],[114.964,-1.223],[114.902,-1.196],[114.871,-1.221],[114.87,-1.24],[114.851,-1.269],[114.849,-1.287],[114.816,-1.308],[114.819,-1.318],[114.887,-1.326],[114.878,-1.308],[114.888,-1.306],[114.905,-1.317],[114.904,-1.306],[114.925,-1.302],[114.922,-1.296],[114.939,-1.287],[114.955,-1.286],[114.97,-1.297],[114.991,-1.293],[115.008,-1.279],[115.04,-1.278],[115.109,-1.241],[115.17,-1.152],[115.239,-1.205],[115.319,-1.203],[115.364,-1.219],[115.478,-1.149],[115.505,-1.141],[115.538,-1.143],[115.581,-1.163],[115.594,-1.136],[115.6,-1.137],[115.594,-1.146],[115.606,-1.141],[115.603,-1.146],[115.615,-1.159],[115.615,-1.14],[115.63,-1.133],[115.636,-1.137],[115.641,-1.127],[115.667,-1.144],[115.738,-1.14],[115.718,-1.113],[115.731,-1.104],[115.606,-0.979],[115.567,-0.95],[115.499,-0.926],[115.472,-0.905],[115.448,-0.9],[115.402,-0.907],[115.357,-0.891],[115.345,-0.822],[115.299,-0.746],[115.305,-0.648],[115.292,-0.581],[115.269,-0.539],[115.223,-0.517]]]},"properties":{"jenis":"logging","nama":"PT AUSTRAL BYNA","luas":255570,"sk":"SK.312/Menhut-II/2012","tahun":2012}},{"type":"Feature","geometry":{"type":"Polygon","coordinates":[[[115.293,-0.223],[115.259,-0.268],[115.272,-0.4],[115.29,-0.444],[115.34,-0.519],[115.347,-0.553],[115.375,-0.578],[115.37,-0.625],[115.376,-0.654],[115.387,-0.625],[115.417,-0.622],[115.454,-0.585],[115.466,-0.521],[115.51,-0.478],[115.48,-0.465],[115.463,-0.474],[115.388,-0.414],[115.336,-0.359],[115.293,-0.28],[115.313,-0.222],[115.293,-0.223]]]},"properties":{"jenis":"logging","nama":"PT HARAPAN KALTIM LESTARI","luas":44430,"sk":"SK.187/Menhut-II/2006","tahun":2006}},{"type":"Feature","geometry":{"type":"Polygon","coordinates":[[[115.5,-0.478],[115.577,-0.419],[115.535,-0.387],[115.521,-0.387],[115.511,-0.369],[115.519,-0.36],[115.494,-0.334],[115.49,-0.319],[115.484,-0.32],[115.474,-0.269],[115.462,-0.254],[115.451,-0.247],[115.397,-0.269],[115.334,-0.277],[115.3,-0.271],[115.295,-0.292],[115.336,-0.359],[115.388,-0.414],[115.463,-0.474],[115.483,-0.465],[115.5,-0.478]]]},"properties":{"jenis":"logging","nama":"PT RIMBA KARYA RAYATAMA","luas":40630,"sk":"SK.186/Menhut-II/2006","tahun":2006}},{"type":"Feature","geometry":{"type":"Polygon","coordinates":[[[116.585,-0.453],[116.581,-0.472],[116.56,-0.488],[116.558,-0.508],[116.543,-0.504],[116.514,-0.563],[116.489,-0.577],[116.488,-0.585],[116.48,-0.587],[116.473,-0.575],[116.428,-0.583],[116.42,-0.639],[116.409,-0.66],[116.399,-0.65],[116.387,-0.658],[116.381,-0.686],[116.385,-0.696],[116.371,-0.706],[116.355,-0.697],[116.341,-0.7],[116.321,-0.736],[116.293,-0.76],[116.286,-0.8],[116.262,-0.81],[116.262,-0.837],[116.252,-0.857],[116.261,-0.882],[116.257,-0.886],[116.28,-0.895],[116.296,-0.926],[116.332,-0.949],[116.327,-0.975],[116.356,-1.016],[116.389,-0.964],[116.422,-0.971],[116.437,-0.962],[116.437,-0.953],[116.475,-0.945],[116.553,-0.999],[116.586,-1.041],[116.584,-1.021],[116.593,-1.008],[116.602,-1.011],[116.607,-1.004],[116.599,-0.978],[116.627,-0.951],[116.623,-0.936],[116.607,-0.947],[116.608,-0.92],[116.627,-0.907],[116.639,-0.855],[116.649,-0.849],[116.658,-0.856],[116.666,-0.851],[116.667,-0.858],[116.678,-0.852],[116.692,-0.856],[116.639,-0.889],[116.687,-0.872],[116.723,-0.826],[116.718,-0.814],[116.725,-0.816],[116.726,-0.806],[116.734,-0.805],[116.729,-0.795],[116.718,-0.798],[116.715,-0.792],[116.721,-0.785],[116.716,-0.764],[116.728,-0.757],[116.712,-0.732],[116.696,-0.73],[116.685,-0.742],[116.674,-0.739],[116.668,-0.698],[116.661,-0.698],[116.655,-0.719],[116.641,-0.712],[116.638,-0.695],[116.648,-0.654],[116.64,-0.644],[116.612,-0.659],[116.611,-0.67],[116.594,-0.686],[116.591,-0.679],[116.576,-0.685],[116.575,-0.626],[116.581,-0.624],[116.577,-0.615],[116.586,-0.604],[116.597,-0.602],[116.604,-0.604],[116.61,-0.644],[116.613,-0.63],[116.638,-0.636],[116.642,-0.625],[116.656,-0.628],[116.657,-0.621],[116.664,-0.64],[116.673,-0.641],[116.706,-0.62],[116.708,-0.597],[116.724,-0.589],[116.732,-0.575],[116.701,-0.566],[116.701,-0.54],[116.71,-0.538],[116.71,-0.522],[116.723,-0.497],[116.74,-0.488],[116.741,-0.468],[116.73,-0.467],[116.726,-0.477],[116.693,-0.47],[116.686,-0.474],[116.669,-0.462],[116.654,-0.47],[116.6,-0.469],[116.601,-0.462],[116.585,-0.453]],[[116.506,-0.766],[116.512,-0.763],[116.52,-0.728],[116.559,-0.742],[116.574,-0.793],[116.572,-0.81],[116.599,-0.824],[116.609,-0.847],[116.601,-0.871],[116.569,-0.866],[116.555,-0.902],[116.519,-0.885],[116.489,-0.835],[116.466,-0.826],[116.461,-0.815],[116.468,-0.799],[116.448,-0.79],[116.463,-0.771],[116.466,-0.777],[116.476,-0.774],[116.502,-0.786],[116.506,-0.766]]]},"properties":{"jenis":"logging","nama":"PT ITCI KARTIKA UTAMA","luas":173395,"sk":"SK.160/Menhut-II/2012","tahun":2012}},{"type":"Feature","geometry":{"type":"MultiPolygon","coordinates":[[[[118.531,1.01],[118.515,1.024],[118.466,1.028],[118.44,1.058],[118.44,1.081],[118.42,1.101],[118.42,1.115],[118.451,1.138],[118.448,1.166],[118.465,1.246],[118.424,1.186],[118.423,1.151],[118.362,1.069],[118.443,1.006],[118.391,0.948],[118.441,0.936],[118.438,0.927],[118.45,0.929],[118.449,0.92],[118.47,0.913],[118.515,0.869],[118.599,0.862],[118.626,0.906],[118.565,0.914],[118.554,0.944],[118.563,0.956],[118.507,0.963],[118.514,0.963],[118.507,0.969],[118.512,0.974],[118.532,0.974],[118.521,0.983],[118.541,0.993],[118.534,0.995],[118.539,1.001],[118.531,1.01]]],[[[118.165,1.096],[118.174,1.107],[118.17,1.118],[118.201,1.167],[118.238,1.168],[118.226,1.18],[118.182,1.177],[118.154,1.155],[118.151,1.134],[118.127,1.094],[118.08,1.093],[118.053,1.105],[118.026,1.103],[118.018,1.09],[118.02,1.076],[118.043,1.057],[118.077,1.059],[118.13,1.039],[118.165,1.096]]]]},"properties":{"jenis":"logging","nama":"PT NADILA INDODAYA","luas":44090,"sk":"SK.503/Menhut-II/2006","tahun":2006}},{"type":"Feature","geometry":{"type":"Polygon","coordinates":[[[116.92,1.757],[116.907,1.768],[116.905,1.761],[116.885,1.768],[116.869,1.762],[116.864,1.78],[116.842,1.789],[116.836,1.783],[116.822,1.792],[116.809,1.78],[116.809,1.791],[116.799,1.786],[116.794,1.801],[116.775,1.801],[116.765,1.788],[116.758,1.791],[116.759,1.781],[116.751,1.784],[116.728,1.773],[116.68,1.728],[116.669,1.676],[116.956,1.585],[116.956,1.604],[116.927,1.608],[116.919,1.645],[116.934,1.657],[116.934,1.703],[116.981,1.708],[116.996,1.748],[116.969,1.759],[116.966,1.753],[116.92,1.757]]]},"properties":{"jenis":"logging","nama":"PT KARYA LESTARI","luas":49123,"sk":"SK.846/Kpts-VI/1999","tahun":1999}},{"type":"Feature","geometry":{"type":"Polygon","coordinates":[[[117.047,1.874],[116.951,1.932],[116.945,1.894],[116.95,1.858],[116.958,1.854],[116.951,1.826],[116.906,1.839],[116.893,1.828],[116.877,1.841],[116.87,1.834],[116.865,1.845],[116.847,1.784],[116.864,1.78],[116.87,1.762],[116.885,1.769],[116.904,1.761],[116.907,1.768],[116.918,1.763],[116.919,1.753],[116.96,1.759],[116.967,1.754],[116.969,1.759],[116.996,1.749],[116.986,1.721],[116.995,1.717],[116.995,1.726],[117.006,1.725],[117.007,1.691],[117.036,1.674],[116.99,1.613],[117.01,1.58],[117.023,1.581],[117.04,1.556],[117.059,1.55],[117.092,1.659],[117.086,1.659],[117.086,1.67],[117.095,1.67],[117.146,1.765],[117.154,1.811],[117.047,1.874]]]},"properties":{"jenis":"logging","nama":"PT MARDHIKA INSAN MULIA (UNIT LABANAN)","luas":46080,"sk":"SK.938/Kpts-VI/1999","tahun":1999}},{"type":"Feature","geometry":{"type":"Polygon","coordinates":[[[116.687,1.941],[116.645,1.925],[116.643,1.916],[116.629,1.917],[116.632,1.888],[116.643,1.869],[116.644,1.833],[116.633,1.808],[116.582,1.754],[116.601,1.753],[116.611,1.735],[116.601,1.726],[116.58,1.732],[116.56,1.718],[116.669,1.676],[116.68,1.728],[116.728,1.773],[116.751,1.785],[116.759,1.781],[116.758,1.791],[116.765,1.789],[116.776,1.801],[116.794,1.801],[116.799,1.786],[116.809,1.791],[116.809,1.78],[116.822,1.792],[116.847,1.784],[116.865,1.845],[116.858,1.841],[116.859,1.854],[116.851,1.854],[116.832,1.88],[116.823,1.88],[116.82,1.895],[116.776,1.924],[116.77,1.917],[116.75,1.925],[116.728,1.914],[116.701,1.924],[116.687,1.941]]]},"properties":{"jenis":"logging","nama":"PT WANA BHAKTI PERSADA UTAMA","luas":44402,"sk":"SK.864/Kpts-II/1999","tahun":1999}},{"type":"Feature","geometry":{"type":"Polygon","coordinates":[[[116.627,1.916],[116.608,1.92],[116.601,1.932],[116.556,1.957],[116.547,1.974],[116.516,1.991],[116.449,1.993],[116.444,1.962],[116.383,1.827],[116.39,1.823],[116.436,1.84],[116.465,1.889],[116.479,1.894],[116.491,1.886],[116.513,1.844],[116.501,1.818],[116.509,1.807],[116.528,1.807],[116.532,1.799],[116.504,1.774],[116.506,1.761],[116.527,1.756],[116.566,1.788],[116.585,1.79],[116.597,1.777],[116.59,1.767],[116.541,1.747],[116.542,1.732],[116.566,1.722],[116.582,1.733],[116.604,1.726],[116.611,1.735],[116.609,1.746],[116.582,1.754],[116.633,1.808],[116.644,1.833],[116.643,1.869],[116.627,1.916]]]},"properties":{"jenis":"logging","nama":"PT AMINDO WANA PERSADA","luas":43680,"sk":"SK.940/Kpts-VI/1999","tahun":1999}},{"type":"Feature","geometry":{"type":"MultiPolygon","coordinates":[[[[116.459,3.049],[116.454,3.072],[116.46,3.075],[116.451,3.088],[116.428,3.053],[116.391,3.03],[116.39,3.012],[116.305,2.953],[116.249,2.935],[116.247,2.998],[116.192,2.94],[116.175,2.942],[116.16,2.933],[116.216,2.842],[116.222,2.837],[116.231,2.846],[116.254,2.845],[116.271,2.879],[116.277,2.916],[116.301,2.932],[116.322,2.926],[116.336,2.931],[116.346,2.946],[116.387,2.954],[116.397,2.965],[116.411,2.963],[116.428,2.979],[116.431,3],[116.441,3.009],[116.434,3.011],[116.435,3.021],[116.46,3.029],[116.459,3.049]]],[[[116.051,2.757],[116.073,2.745],[116.14,2.766],[116.163,2.756],[116.26,2.787],[116.243,2.81],[116.218,2.801],[116.193,2.843],[116.181,2.837],[116.165,2.845],[116.141,2.831],[116.132,2.836],[116.135,2.819],[116.122,2.801],[116.097,2.796],[116.051,2.757]]]]},"properties":{"jenis":"logging","nama":"PT GUNUNG SIDI SUKSES MAKMUR","luas":34255,"sk":"SK.123/Menhut-II/2010","tahun":2010}},{"type":"Feature","geometry":{"type":"Polygon","coordinates":[[[116.469,3.085],[116.455,3.073],[116.46,3.029],[116.436,3.021],[116.434,3.011],[116.442,3.009],[116.412,2.963],[116.346,2.945],[116.337,2.93],[116.322,2.926],[116.301,2.931],[116.274,2.912],[116.271,2.878],[116.248,2.844],[116.271,2.813],[116.31,2.816],[116.35,2.83],[116.387,2.813],[116.448,2.82],[116.484,2.841],[116.506,2.867],[116.504,2.913],[116.473,3.049],[116.481,3.05],[116.48,3.061],[116.472,3.063],[116.48,3.081],[116.469,3.085]]]},"properties":{"jenis":"logging","nama":"PT MERANTI SAKTI INDONESIA","luas":46200,"sk":"SK.87/Kpts-II/2001","tahun":2001}},{"type":"Feature","geometry":{"type":"MultiPolygon","coordinates":[[[[115.078,1.058],[115.078,1.073],[114.992,1.075],[114.956,1.064],[114.941,1.037],[114.931,1.032],[114.925,0.988],[114.916,0.978],[114.915,0.968],[114.929,0.958],[114.922,0.935],[114.942,0.919],[114.962,0.933],[114.98,0.924],[115.041,0.93],[115.06,0.917],[115.064,0.924],[115.071,0.917],[115.079,0.922],[115.102,0.977],[115.08,0.993],[115.087,1.042],[115.078,1.058]]],[[[114.859,0.924],[114.799,0.921],[114.806,0.902],[114.777,0.856],[114.74,0.849],[114.7,0.861],[114.563,0.794],[114.714,0.769],[114.807,0.878],[114.934,0.857],[114.988,0.783],[114.994,0.788],[115.006,0.826],[114.988,0.874],[114.921,0.886],[114.905,0.926],[114.859,0.924]]],[[[114.545,0.942],[114.517,0.947],[114.506,0.959],[114.439,0.917],[114.442,0.886],[114.434,0.87],[114.411,0.861],[114.473,0.862],[114.44,0.808],[114.487,0.824],[114.597,0.889],[114.557,0.896],[114.527,0.89],[114.55,0.912],[114.584,0.92],[114.577,0.924],[114.579,0.94],[114.545,0.942]]]]},"properties":{"jenis":"logging","nama":"PT RODAMAS Tbr KALIMANTAN","luas":69620,"sk":"SK.59/Menhut-II/2014","tahun":2014}},{"type":"Feature","geometry":{"type":"Polygon","coordinates":[[[114.489,0.35],[114.492,0.366],[114.471,0.393],[114.427,0.364],[114.392,0.387],[114.373,0.364],[114.342,0.36],[114.321,0.37],[114.292,0.336],[114.269,0.329],[114.262,0.34],[114.243,0.34],[114.229,0.356],[114.23,0.265],[114.248,0.247],[114.243,0.23],[114.148,0.183],[114.182,0.144],[114.209,0.159],[114.224,0.156],[114.244,0.114],[114.29,0.105],[114.301,0.083],[114.292,0.017],[114.308,0.005],[114.317,-0.025],[114.367,-0.008],[114.337,0.075],[114.34,0.12],[114.327,0.143],[114.331,0.166],[114.264,0.164],[114.259,0.181],[114.274,0.212],[114.264,0.221],[114.267,0.231],[114.252,0.233],[114.258,0.249],[114.276,0.256],[114.287,0.271],[114.353,0.276],[114.354,0.296],[114.368,0.283],[114.397,0.296],[114.412,0.29],[114.419,0.298],[114.429,0.291],[114.426,0.302],[114.451,0.286],[114.451,0.269],[114.46,0.263],[114.491,0.26],[114.489,0.35]]]},"properties":{"jenis":"logging","nama":"PT SARANG SAPTA PUTRA","luas":51100,"sk":"SK.398/Menhut-II/2006","tahun":2006}},{"type":"Feature","geometry":{"type":"Polygon","coordinates":[[[112.274,0.225],[112.276,0.253],[112.261,0.259],[112.248,0.237],[112.228,0.247],[112.249,0.269],[112.234,0.277],[112.233,0.297],[112.225,0.297],[112.224,0.307],[112.176,0.295],[112.178,0.259],[112.082,0.318],[112.082,0.28],[112.181,0.221],[112.182,0.211],[112.213,0.215],[112.222,0.208],[112.248,0.226],[112.274,0.225]]]},"properties":{"jenis":"logging","nama":"PT BAKTI DWIPA KARIZA","luas":11010,"sk":"SK.50/Menhut-II/2012","tahun":2012}},{"type":"Feature","geometry":{"type":"MultiPolygon","coordinates":[[[[95.628,4.98],[95.601,5.007],[95.576,4.99],[95.533,4.978],[95.536,4.969],[95.568,4.977],[95.572,4.965],[95.562,4.944],[95.544,4.951],[95.528,4.945],[95.525,4.952],[95.516,4.944],[95.513,4.93],[95.535,4.917],[95.541,4.902],[95.535,4.85],[95.556,4.837],[95.58,4.849],[95.597,4.889],[95.618,4.909],[95.626,4.912],[95.629,4.904],[95.625,4.882],[95.612,4.866],[95.621,4.849],[95.617,4.84],[95.586,4.832],[95.557,4.809],[95.586,4.793],[95.608,4.795],[95.618,4.776],[95.633,4.775],[95.633,4.765],[95.663,4.776],[95.677,4.754],[95.709,4.738],[95.731,4.748],[95.743,4.744],[95.75,4.769],[95.774,4.763],[95.762,4.751],[95.815,4.76],[95.817,4.77],[95.758,4.814],[95.711,4.763],[95.708,4.846],[95.664,4.818],[95.645,4.82],[95.65,4.97],[95.628,4.98]]],[[[95.86,4.743],[95.851,4.749],[95.779,4.724],[95.74,4.719],[95.718,4.692],[95.728,4.679],[95.717,4.666],[95.743,4.647],[95.77,4.644],[95.786,4.625],[95.776,4.615],[95.795,4.609],[95.804,4.582],[95.823,4.575],[95.834,4.585],[95.833,4.607],[95.826,4.606],[95.819,4.631],[95.805,4.634],[95.822,4.665],[95.839,4.645],[95.835,4.661],[95.857,4.645],[95.855,4.636],[95.898,4.615],[95.926,4.628],[95.926,4.636],[95.897,4.648],[95.879,4.673],[95.86,4.743]]],[[[95.415,5.044],[95.401,5.026],[95.452,4.951],[95.481,4.939],[95.511,4.971],[95.496,4.97],[95.476,4.992],[95.493,5.086],[95.548,5.1],[95.523,5.136],[95.472,5.14],[95.433,5.115],[95.425,5.084],[95.444,5.053],[95.415,5.044]]]]},"properties":{"jenis":"logging","nama":"PT ACEH INTI TIMBER","luas":80804,"sk":"SK.859/Kpts-VI/1999","tahun":1999}},{"type":"Feature","geometry":{"type":"Polygon","coordinates":[[[101.219,-1.499],[101.231,-1.496],[101.237,-1.445],[101.251,-1.44],[101.254,-1.425],[101.274,-1.413],[101.275,-1.406],[101.239,-1.37],[101.232,-1.338],[101.177,-1.296],[101.151,-1.291],[101.078,-1.326],[101.098,-1.362],[101.096,-1.384],[101.11,-1.411],[101.101,-1.424],[101.111,-1.438],[101.148,-1.444],[101.204,-1.471],[101.2,-1.495],[101.219,-1.499]]]},"properties":{"jenis":"logging","nama":"PT ANDALAS MERAPI TIMBER","luas":28400,"sk":"SK.82/Kpts-II/2000","tahun":2000}},{"type":"Feature","geometry":{"type":"MultiPolygon","coordinates":[[[[98.209,2.29],[98.188,2.299],[98.172,2.262],[98.187,2.258],[98.19,2.246],[98.237,2.212],[98.23,2.203],[98.235,2.189],[98.298,2.155],[98.275,2.139],[98.286,2.125],[98.361,2.091],[98.364,2.107],[98.345,2.109],[98.346,2.132],[98.375,2.13],[98.402,2.139],[98.393,2.149],[98.328,2.164],[98.314,2.187],[98.315,2.23],[98.305,2.246],[98.28,2.267],[98.27,2.261],[98.209,2.29]]],[[[98.526,1.645],[98.494,1.652],[98.497,1.678],[98.484,1.698],[98.465,1.699],[98.451,1.683],[98.45,1.661],[98.459,1.644],[98.478,1.644],[98.508,1.627],[98.545,1.635],[98.558,1.62],[98.573,1.619],[98.569,1.65],[98.547,1.651],[98.54,1.642],[98.548,1.637],[98.531,1.637],[98.526,1.645]]],[[[99.044,1.404],[99.037,1.416],[99.02,1.405],[98.997,1.404],[98.996,1.349],[99.054,1.355],[99.052,1.38],[99.035,1.383],[99.044,1.404]]],[[[99.168,1.371],[99.158,1.396],[99.144,1.403],[99.099,1.378],[99.1,1.36],[99.171,1.363],[99.168,1.371]]]]},"properties":{"jenis":"logging","nama":"PT MULTI SIBOLGA TIMBER","luas":28670,"sk":"SK.17/Menhut-II/2006","tahun":2006}},{"type":"Feature","geometry":{"type":"Polygon","coordinates":[[[96.062,4.681],[96.061,4.7],[96.04,4.678],[96.036,4.69],[96.045,4.748],[96.056,4.77],[96.057,4.814],[95.997,4.898],[95.944,4.9],[95.954,4.854],[95.948,4.839],[95.924,4.877],[95.905,4.858],[95.88,4.88],[95.873,4.873],[95.875,4.833],[95.908,4.805],[95.893,4.794],[95.866,4.823],[95.843,4.864],[95.788,4.903],[95.817,4.826],[95.867,4.755],[95.896,4.688],[95.964,4.689],[95.963,4.663],[96.063,4.661],[96.062,4.681]]]},"properties":{"jenis":"logging","nama":"PT LAMURI TIMBER","luas":44400,"sk":"SK.863/Kpts-VI/1999","tahun":1999}},{"type":"Feature","geometry":{"type":"MultiPolygon","coordinates":[[[[98.176,2.672],[98.148,2.677],[98.115,2.666],[98.104,2.648],[98.111,2.608],[98.088,2.604],[98.08,2.564],[98.082,2.522],[98.092,2.5],[98.166,2.388],[98.184,2.334],[98.255,2.346],[98.26,2.403],[98.254,2.416],[98.229,2.432],[98.202,2.486],[98.167,2.489],[98.126,2.515],[98.139,2.544],[98.187,2.57],[98.165,2.587],[98.162,2.609],[98.139,2.608],[98.122,2.623],[98.192,2.663],[98.176,2.672]],[[98.122,2.584],[98.128,2.599],[98.139,2.602],[98.149,2.578],[98.122,2.584]],[[98.123,2.486],[98.111,2.503],[98.122,2.508],[98.131,2.49],[98.123,2.486]]],[[[98.387,-0.001],[98.349,0.002],[98.338,-0.005],[98.34,-0.032],[98.364,-0.059],[98.381,-0.101],[98.371,-0.11],[98.425,-0.17],[98.436,-0.187],[98.438,-0.209],[98.509,-0.295],[98.511,-0.316],[98.525,-0.326],[98.552,-0.391],[98.558,-0.39],[98.544,-0.366],[98.539,-0.332],[98.566,-0.329],[98.571,-0.283],[98.547,-0.251],[98.51,-0.231],[98.492,-0.21],[98.492,-0.188],[98.475,-0.148],[98.484,-0.139],[98.482,-0.125],[98.468,-0.112],[98.467,-0.095],[98.416,-0.037],[98.414,-0.004],[98.397,-0.015],[98.387,-0.001]]],[[[98.62,0.17],[98.608,0.177],[98.57,0.169],[98.541,0.147],[98.539,0.103],[98.557,0.095],[98.607,0.097],[98.658,0.077],[98.69,0.079],[98.692,0.092],[98.727,0.092],[98.731,0.076],[98.75,0.08],[98.735,0.155],[98.715,0.154],[98.707,0.173],[98.682,0.166],[98.62,0.17]]],[[[98.351,2.67],[98.346,2.672],[98.333,2.651],[98.349,2.621],[98.363,2.613],[98.383,2.556],[98.399,2.558],[98.407,2.552],[98.406,2.525],[98.431,2.475],[98.471,2.438],[98.451,2.425],[98.462,2.39],[98.482,2.382],[98.517,2.46],[98.512,2.467],[98.482,2.461],[98.482,2.47],[98.475,2.47],[98.475,2.496],[98.512,2.497],[98.511,2.52],[98.457,2.52],[98.458,2.558],[98.423,2.558],[98.425,2.608],[98.399,2.602],[98.394,2.612],[98.394,2.617],[98.422,2.618],[98.415,2.649],[98.351,2.67]]],[[[98.428,-0.252],[98.417,-0.243],[98.442,-0.283],[98.445,-0.302],[98.466,-0.325],[98.473,-0.509],[98.483,-0.51],[98.504,-0.491],[98.51,-0.418],[98.497,-0.393],[98.513,-0.387],[98.509,-0.372],[98.52,-0.362],[98.5,-0.339],[98.488,-0.303],[98.447,-0.251],[98.428,-0.252]]],[[[98.546,2.683],[98.524,2.744],[98.483,2.766],[98.467,2.685],[98.492,2.671],[98.5,2.636],[98.538,2.629],[98.551,2.634],[98.546,2.683]]],[[[99.372,0.575],[99.386,0.584],[99.367,0.626],[99.381,0.671],[99.355,0.654],[99.348,0.635],[99.361,0.626],[99.337,0.611],[99.349,0.583],[99.372,0.575]]]]},"properties":{"jenis":"logging","nama":"PT GUNUNG RAYA TIMBER","luas":116920,"sk":"SK.32/Menhut-II/2007","tahun":2007}},{"type":"Feature","geometry":{"type":"Polygon","coordinates":[[[100.949,-0.316],[100.914,-0.326],[100.911,-0.353],[100.947,-0.376],[100.96,-0.372],[100.956,-0.363],[100.966,-0.353],[100.977,-0.351],[100.973,-0.376],[100.996,-0.397],[100.982,-0.398],[101.007,-0.414],[101.004,-0.439],[101.017,-0.477],[101.052,-0.507],[101.081,-0.549],[101.103,-0.537],[101.114,-0.539],[101.121,-0.578],[101.147,-0.612],[101.196,-0.627],[101.172,-0.607],[101.159,-0.608],[101.145,-0.578],[101.151,-0.559],[101.16,-0.559],[101.187,-0.61],[101.193,-0.605],[101.222,-0.627],[101.23,-0.625],[101.244,-0.649],[101.268,-0.657],[101.301,-0.663],[101.312,-0.648],[101.319,-0.669],[101.347,-0.693],[101.339,-0.701],[101.366,-0.73],[101.391,-0.733],[101.399,-0.746],[101.406,-0.742],[101.403,-0.717],[101.363,-0.694],[101.353,-0.662],[101.335,-0.658],[101.322,-0.641],[101.286,-0.624],[101.263,-0.624],[101.253,-0.631],[101.238,-0.604],[101.21,-0.593],[101.18,-0.55],[101.117,-0.507],[101.07,-0.507],[101.068,-0.488],[101.04,-0.441],[101.041,-0.422],[101.024,-0.4],[101.043,-0.385],[101.043,-0.376],[100.996,-0.323],[100.949,-0.316]]]},"properties":{"jenis":"logging","nama":"PT MULTIKARYA LISUN PRIMA","luas":28885,"sk":"SK.347/Menhut-II/2011","tahun":2011}},{"type":"Feature","geometry":{"type":"Polygon","coordinates":[[[98.657,-1.082],[98.68,-1.097],[98.74,-1.096],[98.781,-1.115],[98.817,-1.162],[98.852,-1.228],[98.859,-1.214],[98.864,-1.225],[98.901,-1.165],[98.885,-1.159],[98.881,-1.147],[98.908,-1.105],[98.915,-1.073],[98.899,-1.069],[98.873,-1.009],[98.82,-0.944],[98.793,-0.958],[98.789,-0.981],[98.766,-0.99],[98.764,-0.977],[98.721,-0.944],[98.687,-0.958],[98.664,-0.98],[98.657,-1.082]]]},"properties":{"jenis":"logging","nama":"PT SALAKI SUMMA SEJAHTERA","luas":48420,"sk":"SK.413/Menhut-II/2004","tahun":2004}},{"type":"Feature","geometry":{"type":"Polygon","coordinates":[[[126.099,-3.112],[126.09,-3.112],[126.065,-3.143],[126.018,-3.173],[126.012,-3.194],[126.019,-3.241],[126.008,-3.245],[126.005,-3.263],[126.013,-3.29],[126.008,-3.295],[126.007,-3.285],[125.998,-3.286],[125.995,-3.299],[126.015,-3.303],[126.008,-3.32],[126.018,-3.335],[126.007,-3.358],[126.04,-3.398],[126.042,-3.431],[126.069,-3.415],[126.109,-3.369],[126.118,-3.384],[126.131,-3.36],[126.134,-3.386],[126.15,-3.389],[126.177,-3.379],[126.189,-3.358],[126.141,-3.348],[126.089,-3.32],[126.092,-3.311],[126.121,-3.309],[126.116,-3.297],[126.057,-3.296],[126.059,-3.242],[126.212,-3.227],[126.234,-3.216],[126.246,-3.199],[126.228,-3.179],[126.19,-3.185],[126.14,-3.165],[126.099,-3.112]]]},"properties":{"jenis":"logging","nama":"PT NUSAPADMA CORP","luas":39920,"sk":"SK.94/Menhut-II/2005","tahun":2005}},{"type":"Feature","geometry":{"type":"MultiPolygon","coordinates":[[[[126.596,-3.117],[126.583,-3.105],[126.548,-3.119],[126.524,-3.139],[126.464,-3.151],[126.448,-3.138],[126.407,-3.156],[126.386,-3.149],[126.376,-3.136],[126.349,-3.141],[126.297,-3.174],[126.358,-3.16],[126.356,-3.174],[126.342,-3.183],[126.288,-3.187],[126.278,-3.202],[126.309,-3.19],[126.335,-3.193],[126.347,-3.203],[126.341,-3.219],[126.35,-3.237],[126.357,-3.236],[126.364,-3.213],[126.378,-3.216],[126.372,-3.231],[126.38,-3.236],[126.382,-3.256],[126.367,-3.284],[126.419,-3.341],[126.445,-3.356],[126.438,-3.323],[126.446,-3.307],[126.417,-3.29],[126.428,-3.269],[126.419,-3.206],[126.426,-3.186],[126.442,-3.183],[126.449,-3.166],[126.462,-3.171],[126.45,-3.241],[126.461,-3.264],[126.499,-3.29],[126.516,-3.283],[126.496,-3.261],[126.486,-3.2],[126.5,-3.179],[126.521,-3.179],[126.534,-3.161],[126.536,-3.142],[126.563,-3.129],[126.584,-3.135],[126.579,-3.16],[126.552,-3.182],[126.568,-3.23],[126.568,-3.272],[126.578,-3.288],[126.619,-3.318],[126.627,-3.335],[126.609,-3.361],[126.59,-3.368],[126.588,-3.391],[126.673,-3.305],[126.671,-3.297],[126.652,-3.298],[126.649,-3.285],[126.663,-3.269],[126.658,-3.24],[126.663,-3.229],[126.671,-3.227],[126.69,-3.249],[126.689,-3.279],[126.701,-3.309],[126.657,-3.355],[126.663,-3.358],[126.657,-3.392],[126.651,-3.407],[126.635,-3.416],[126.645,-3.414],[126.654,-3.43],[126.697,-3.395],[126.722,-3.364],[126.718,-3.341],[126.745,-3.334],[126.795,-3.271],[126.847,-3.223],[126.838,-3.215],[126.803,-3.225],[126.795,-3.209],[126.779,-3.21],[126.752,-3.192],[126.748,-3.185],[126.757,-3.155],[126.721,-3.15],[126.705,-3.126],[126.69,-3.133],[126.671,-3.125],[126.655,-3.135],[126.616,-3.112],[126.601,-3.11],[126.596,-3.117]]],[[[126.134,-3.384],[126.131,-3.36],[126.118,-3.384],[126.109,-3.369],[126.09,-3.392],[126.104,-3.428],[126.168,-3.46],[126.164,-3.469],[126.174,-3.471],[126.179,-3.483],[126.204,-3.48],[126.222,-3.461],[126.245,-3.462],[126.25,-3.478],[126.244,-3.48],[126.242,-3.51],[126.236,-3.517],[126.24,-3.541],[126.234,-3.563],[126.261,-3.594],[126.252,-3.598],[126.242,-3.59],[126.242,-3.596],[126.289,-3.632],[126.317,-3.611],[126.328,-3.578],[126.336,-3.582],[126.334,-3.566],[126.35,-3.539],[126.358,-3.565],[126.371,-3.573],[126.371,-3.6],[126.398,-3.616],[126.398,-3.643],[126.425,-3.635],[126.443,-3.651],[126.456,-3.645],[126.47,-3.625],[126.456,-3.565],[126.424,-3.552],[126.42,-3.537],[126.423,-3.525],[126.437,-3.517],[126.475,-3.512],[126.477,-3.493],[126.447,-3.438],[126.433,-3.432],[126.412,-3.449],[126.376,-3.434],[126.366,-3.442],[126.36,-3.463],[126.33,-3.47],[126.275,-3.519],[126.267,-3.511],[126.276,-3.47],[126.273,-3.456],[126.255,-3.47],[126.265,-3.442],[126.28,-3.441],[126.29,-3.408],[126.275,-3.399],[126.27,-3.384],[126.256,-3.404],[126.264,-3.418],[126.248,-3.456],[126.239,-3.436],[126.25,-3.385],[126.243,-3.386],[126.243,-3.375],[126.231,-3.392],[126.219,-3.365],[126.199,-3.368],[126.185,-3.36],[126.177,-3.379],[126.16,-3.388],[126.134,-3.384]]]]},"properties":{"jenis":"logging","nama":"PT GEMA HUTANI LESTARI","luas":148450,"sk":"SK.951/Kpts-II/1999","tahun":1999}},{"type":"Feature","geometry":{"type":"MultiPolygon","coordinates":[[[[126.68,-3.601],[126.675,-3.596],[126.659,-3.605],[126.648,-3.634],[126.622,-3.644],[126.662,-3.679],[126.659,-3.689],[126.65,-3.686],[126.649,-3.707],[126.63,-3.718],[126.607,-3.716],[126.594,-3.689],[126.56,-3.686],[126.549,-3.697],[126.543,-3.675],[126.518,-3.706],[126.51,-3.759],[126.551,-3.771],[126.557,-3.762],[126.585,-3.754],[126.628,-3.775],[126.636,-3.804],[126.687,-3.845],[126.695,-3.824],[126.691,-3.808],[126.706,-3.809],[126.692,-3.793],[126.706,-3.791],[126.704,-3.772],[126.689,-3.768],[126.677,-3.729],[126.674,-3.737],[126.636,-3.732],[126.642,-3.723],[126.656,-3.723],[126.676,-3.711],[126.677,-3.719],[126.678,-3.687],[126.685,-3.689],[126.687,-3.68],[126.675,-3.673],[126.674,-3.611],[126.686,-3.615],[126.68,-3.601]],[[126.557,-3.737],[126.555,-3.749],[126.565,-3.754],[126.551,-3.759],[126.549,-3.738],[126.557,-3.737]],[[126.568,-3.734],[126.562,-3.729],[126.567,-3.723],[126.573,-3.728],[126.568,-3.734]]],[[[126.649,-3.432],[126.64,-3.415],[126.627,-3.419],[126.644,-3.475],[126.641,-3.501],[126.624,-3.511],[126.585,-3.506],[126.554,-3.535],[126.574,-3.546],[126.581,-3.538],[126.583,-3.546],[126.596,-3.546],[126.638,-3.537],[126.657,-3.525],[126.68,-3.488],[126.667,-3.446],[126.649,-3.432]]],[[[126.646,-3.376],[126.654,-3.356],[126.624,-3.361],[126.611,-3.386],[126.622,-3.39],[126.646,-3.376]]],[[[126.68,-3.111],[126.658,-3.112],[126.664,-3.121],[126.659,-3.134],[126.671,-3.125],[126.681,-3.127],[126.68,-3.111]]]]},"properties":{"jenis":"logging","nama":"KOPERASI WAILO WANA LESTARI","luas":29955,"sk":"522.11-53","tahun":2001}},{"type":"Feature","geometry":{"type":"Polygon","coordinates":[[[133.895,-3.111],[133.772,-3.225],[133.763,-3.194],[133.733,-3.214],[133.723,-3.231],[133.722,-3.307],[133.734,-3.394],[133.731,-3.432],[133.713,-3.462],[133.759,-3.588],[133.763,-3.618],[133.756,-3.627],[133.771,-3.679],[133.814,-3.728],[133.818,-3.709],[133.794,-3.661],[133.791,-3.634],[133.786,-3.641],[133.786,-3.605],[133.776,-3.589],[133.786,-3.598],[133.793,-3.595],[133.788,-3.587],[133.801,-3.587],[133.841,-3.549],[133.844,-3.528],[133.828,-3.504],[133.776,-3.499],[133.757,-3.482],[133.782,-3.449],[133.823,-3.445],[133.84,-3.43],[133.842,-3.411],[133.83,-3.395],[133.795,-3.39],[133.801,-3.336],[133.822,-3.342],[133.827,-3.333],[133.812,-3.313],[133.814,-3.301],[133.817,-3.295],[133.918,-3.39],[133.961,-3.371],[133.921,-3.334],[133.907,-3.291],[133.912,-3.268],[133.95,-3.257],[133.963,-3.225],[133.911,-3.173],[133.91,-3.144],[133.924,-3.121],[133.914,-3.113],[133.903,-3.121],[133.895,-3.111]]]},"properties":{"jenis":"logging","nama":"PT IRMASULINDO UNIT II","luas":70348,"sk":"SK.04/Kpts-II/2001","tahun":2001}},{"type":"Feature","geometry":{"type":"Polygon","coordinates":[[[139.446,-2.558],[139.454,-2.603],[139.475,-2.621],[139.485,-2.618],[139.534,-2.684],[139.501,-2.715],[139.505,-2.732],[139.472,-2.723],[139.478,-2.773],[139.68,-2.906],[139.688,-2.887],[139.67,-2.869],[139.669,-2.856],[139.699,-2.826],[139.792,-2.858],[139.801,-2.835],[139.831,-2.83],[139.846,-2.838],[139.875,-2.83],[139.91,-2.842],[139.972,-2.835],[139.974,-2.818],[139.991,-2.819],[140.004,-2.809],[140.06,-2.811],[140.065,-2.784],[140.054,-2.762],[140.051,-2.713],[139.826,-2.667],[139.825,-2.681],[139.751,-2.658],[139.75,-2.668],[139.769,-2.673],[139.763,-2.734],[139.732,-2.746],[139.725,-2.779],[139.664,-2.802],[139.595,-2.793],[139.585,-2.755],[139.604,-2.733],[139.586,-2.715],[139.596,-2.68],[139.642,-2.67],[139.663,-2.655],[139.666,-2.636],[139.659,-2.621],[139.657,-2.627],[139.446,-2.558]]]},"properties":{"jenis":"logging","nama":"PT PAPUA HUTAN LESTARI MAKMUR","luas":103510,"sk":"SK.334/Menhut-II/2009","tahun":2009}},{"type":"Feature","geometry":{"type":"Polygon","coordinates":[[[139.53,-2.999],[139.292,-2.832],[139.266,-2.9],[139.24,-2.937],[139.186,-2.985],[139.188,-3.004],[139.16,-3.016],[139.143,-3.004],[139.119,-3.007],[139.124,-3.045],[139.201,-3.196],[139.294,-3.247],[139.394,-3.276],[139.452,-3.276],[139.452,-3.255],[139.501,-3.255],[139.501,-3.227],[139.444,-3.227],[139.364,-3.159],[139.332,-3.098],[139.332,-3.059],[139.337,-3.044],[139.365,-3.021],[139.404,-3.009],[139.44,-3.015],[139.499,-3.006],[139.563,-3.023],[139.53,-2.999]]]},"properties":{"jenis":"logging","nama":"PT SUMBER MITRA JAYA (SK.396)","luas":102250,"sk":"SK.396/Menhut-II/2005","tahun":2005}},{"type":"Feature","geometry":{"type":"Polygon","coordinates":[[[134.432,-3.025],[134.382,-3.026],[134.327,-3.089],[134.317,-3.149],[134.307,-3.159],[134.285,-3.158],[134.288,-3.2],[134.254,-3.275],[134.37,-3.403],[134.593,-3.393],[134.593,-3.381],[134.623,-3.38],[134.654,-3.34],[134.654,-3.324],[134.627,-3.268],[134.598,-3.25],[134.553,-3.24],[134.562,-3.198],[134.551,-3.19],[134.551,-3.173],[134.518,-3.118],[134.489,-3.095],[134.473,-3.064],[134.419,-3.106],[134.405,-3.1],[134.432,-3.025]]]},"properties":{"jenis":"logging","nama":"PT KURNIATAMA SEJAHTERA","luas":115800,"sk":"SK.648/Menhut-II/2009","tahun":2009}},{"type":"Feature","geometry":{"type":"Polygon","coordinates":[[[134.659,-3.342],[134.623,-3.38],[134.593,-3.381],[134.593,-3.393],[134.37,-3.403],[134.637,-3.706],[134.792,-3.746],[134.812,-3.736],[134.853,-3.736],[134.867,-3.723],[134.868,-3.699],[134.825,-3.716],[134.793,-3.71],[134.739,-3.682],[134.737,-3.647],[134.795,-3.662],[134.886,-3.658],[134.889,-3.666],[134.908,-3.666],[134.913,-3.653],[134.936,-3.641],[134.97,-3.649],[135.011,-3.573],[135.036,-3.593],[135.051,-3.591],[135.048,-3.55],[135.013,-3.545],[134.997,-3.553],[134.99,-3.543],[134.99,-3.508],[134.972,-3.505],[134.878,-3.419],[134.861,-3.416],[134.83,-3.427],[134.838,-3.454],[134.854,-3.457],[134.847,-3.463],[134.793,-3.477],[134.736,-3.472],[134.735,-3.448],[134.721,-3.418],[134.706,-3.399],[134.691,-3.392],[134.69,-3.371],[134.659,-3.342]]]},"properties":{"jenis":"logging","nama":"PT KALTIM HUTAMA","luas":161670,"sk":"SK.652/Menhut-II/2009","tahun":2009}},{"type":"Feature","geometry":{"type":"Polygon","coordinates":[[[136.187,-4.293],[135.371,-4.289],[135.37,-4.302],[135.364,-4.3],[135.354,-4.316],[135.356,-4.33],[135.371,-4.325],[135.375,-4.343],[135.359,-4.35],[135.363,-4.368],[135.353,-4.371],[135.364,-4.374],[135.36,-4.379],[135.374,-4.401],[135.36,-4.404],[135.349,-4.437],[135.408,-4.431],[135.502,-4.444],[135.573,-4.46],[135.598,-4.473],[135.663,-4.48],[135.719,-4.497],[135.792,-4.484],[135.908,-4.486],[135.945,-4.504],[135.961,-4.529],[135.98,-4.534],[136.053,-4.587],[136.076,-4.584],[136.076,-4.592],[136.094,-4.6],[136.115,-4.622],[136.16,-4.584],[136.158,-4.557],[136.173,-4.551],[136.175,-4.539],[136.174,-4.524],[136.162,-4.52],[136.184,-4.514],[136.16,-4.503],[136.163,-4.459],[136.153,-4.465],[136.151,-4.456],[136.181,-4.421],[136.181,-4.408],[136.186,-4.414],[136.194,-4.407],[136.185,-4.405],[136.19,-4.395],[136.194,-4.399],[136.205,-4.379],[136.22,-4.376],[136.213,-4.349],[136.248,-4.337],[136.204,-4.33],[136.187,-4.293]]]},"properties":{"jenis":"logging","nama":"PT DIADYANI TIMBER","luas":190000,"sk":"SK.292/Menhut-II/2009","tahun":2009}},{"type":"Feature","geometry":{"type":"Polygon","coordinates":[[[140.981,-5.855],[140.94,-5.868],[140.932,-5.885],[140.918,-5.892],[140.921,-5.901],[140.916,-5.904],[140.927,-5.917],[140.914,-5.914],[140.912,-5.955],[140.899,-5.971],[140.893,-5.965],[140.897,-5.979],[140.874,-5.984],[140.878,-5.992],[140.89,-5.988],[140.896,-6.016],[140.905,-6.021],[140.888,-6.019],[140.892,-6.037],[140.899,-6.029],[140.896,-6.046],[140.883,-6.044],[140.888,-6.051],[140.883,-6.055],[140.875,-6.048],[140.884,-6.065],[140.88,-6.078],[140.872,-6.076],[140.875,-6.087],[140.864,-6.09],[140.868,-6.098],[140.845,-6.108],[140.836,-6.095],[140.822,-6.099],[140.804,-6.122],[140.794,-6.121],[140.791,-6.111],[140.783,-6.113],[140.788,-6.129],[140.799,-6.131],[140.79,-6.136],[140.799,-6.141],[140.792,-6.149],[140.809,-6.154],[140.78,-6.177],[140.79,-6.184],[140.791,-6.198],[140.777,-6.2],[140.778,-6.211],[140.764,-6.204],[140.761,-6.218],[140.75,-6.222],[140.752,-6.23],[140.738,-6.235],[140.735,-6.246],[140.743,-6.252],[140.732,-6.262],[140.737,-6.271],[140.721,-6.268],[140.739,-6.295],[140.702,-6.321],[140.716,-6.327],[140.705,-6.338],[140.71,-6.344],[140.694,-6.352],[140.685,-6.349],[140.689,-6.378],[140.677,-6.382],[140.681,-6.391],[140.668,-6.386],[140.665,-6.402],[140.657,-6.407],[140.662,-6.415],[140.651,-6.415],[140.671,-6.412],[140.676,-6.419],[140.656,-6.423],[140.65,-6.429],[140.656,-6.434],[140.643,-6.441],[140.626,-6.435],[140.626,-6.426],[140.618,-6.429],[140.621,-6.442],[140.606,-6.44],[140.597,-6.476],[140.575,-6.481],[140.571,-6.475],[140.578,-6.494],[140.558,-6.482],[140.551,-6.496],[140.546,-6.488],[140.536,-6.491],[140.535,-6.521],[140.527,-6.528],[140.626,-6.58],[140.587,-6.65],[140.535,-6.625],[140.542,-6.675],[140.847,-6.687],[140.846,-6.68],[140.87,-6.677],[140.859,-6.662],[140.872,-6.652],[140.854,-6.643],[140.876,-6.623],[140.84,-6.61],[140.867,-6.605],[140.883,-6.592],[140.89,-6.604],[140.903,-6.592],[140.909,-6.57],[140.889,-6.576],[140.889,-6.561],[140.912,-6.555],[140.935,-6.562],[140.92,-6.55],[140.929,-6.538],[140.919,-6.505],[140.928,-6.491],[140.959,-6.486],[140.946,-6.479],[140.946,-6.469],[140.924,-6.467],[140.923,-6.456],[140.938,-6.445],[140.919,-6.438],[140.915,-6.426],[140.926,-6.416],[140.95,-6.435],[140.956,-6.42],[140.941,-6.411],[140.981,-6.39],[140.971,-6.383],[140.946,-6.39],[140.94,-6.382],[140.945,-6.37],[140.977,-6.365],[140.959,-6.355],[140.967,-6.343],[140.958,-6.328],[140.96,-6.322],[140.972,-6.325],[140.981,-5.855]]]},"properties":{"jenis":"logging","nama":"PT TUNAS TIMBER LESTARI (DH. PT TUNAS SAWAERMA)","luas":214935,"sk":"SK.711/Menhut-II/2010","tahun":2010}},{"type":"Feature","geometry":{"type":"Polygon","coordinates":[[[136.46,-2.629],[136.462,-2.598],[136.473,-2.588],[136.525,-2.571],[136.549,-2.587],[136.578,-2.566],[136.556,-2.525],[136.559,-2.519],[136.573,-2.515],[136.6,-2.539],[136.615,-2.539],[136.622,-2.521],[136.608,-2.491],[136.617,-2.47],[136.639,-2.466],[136.669,-2.477],[136.733,-2.424],[136.727,-2.365],[136.679,-2.356],[136.651,-2.327],[136.646,-2.305],[136.631,-2.323],[136.594,-2.304],[136.584,-2.311],[136.579,-2.293],[136.566,-2.281],[136.545,-2.297],[136.532,-2.276],[136.535,-2.264],[136.492,-2.227],[136.481,-2.233],[136.45,-2.23],[136.493,-2.288],[136.526,-2.379],[136.544,-2.385],[136.546,-2.403],[136.556,-2.404],[136.562,-2.441],[136.57,-2.446],[136.558,-2.454],[136.563,-2.473],[136.528,-2.485],[136.484,-2.485],[136.478,-2.457],[136.485,-2.44],[136.472,-2.433],[136.452,-2.395],[136.434,-2.38],[136.423,-2.378],[136.412,-2.389],[136.395,-2.378],[136.401,-2.364],[136.42,-2.368],[136.398,-2.314],[136.406,-2.268],[136.391,-2.256],[136.356,-2.296],[136.376,-2.358],[136.347,-2.373],[136.334,-2.389],[136.302,-2.483],[136.316,-2.498],[136.308,-2.509],[136.316,-2.523],[136.302,-2.532],[136.305,-2.549],[136.295,-2.551],[136.302,-2.552],[136.298,-2.559],[136.306,-2.568],[136.317,-2.565],[136.323,-2.582],[136.342,-2.58],[136.346,-2.592],[136.37,-2.602],[136.373,-2.595],[136.379,-2.603],[136.386,-2.598],[136.401,-2.63],[136.46,-2.629]]]},"properties":{"jenis":"logging","nama":"PT IRMASULINDO UNIT I","luas":104192,"sk":"SK.04/Kpts-II/2001","tahun":2001}},{"type":"Feature","geometry":{"type":"Polygon","coordinates":[[[133.987,-2.363],[133.997,-2.342],[134.028,-2.345],[134.031,-2.331],[134.039,-2.332],[134.045,-2.349],[134.08,-2.336],[134.055,-2.263],[134.075,-2.189],[134.077,-2.138],[134.044,-2.047],[134.039,-2],[134.047,-1.947],[134.026,-1.944],[133.985,-1.962],[133.951,-1.927],[133.958,-1.905],[134,-1.886],[134.017,-1.854],[133.939,-1.875],[133.926,-1.861],[133.956,-1.812],[133.958,-1.787],[133.918,-1.799],[133.918,-1.808],[133.888,-1.82],[133.871,-1.843],[133.841,-1.829],[133.843,-1.879],[133.828,-1.897],[133.836,-1.904],[133.826,-1.909],[133.812,-1.935],[133.806,-1.932],[133.801,-1.947],[133.788,-1.951],[133.784,-1.945],[133.776,-1.957],[133.735,-1.977],[133.713,-2.019],[133.734,-2.021],[133.756,-2.076],[133.775,-2.064],[133.846,-2.046],[133.886,-2.05],[133.922,-2.035],[133.962,-2.05],[134.004,-2.151],[133.968,-2.166],[133.968,-2.182],[133.988,-2.187],[133.963,-2.2],[133.96,-2.209],[133.968,-2.233],[133.98,-2.239],[133.986,-2.225],[134,-2.249],[133.986,-2.277],[133.992,-2.3],[133.965,-2.309],[133.949,-2.326],[133.96,-2.351],[133.972,-2.351],[133.987,-2.363]]]},"properties":{"jenis":"logging","nama":"PT MANOKWARI MANDIRI LESTARI","luas":90980,"sk":"SK.366/Menhut-II/2011","tahun":2011}},{"type":"Feature","geometry":{"type":"Polygon","coordinates":[[[138.239,-1.696],[138.213,-1.76],[138.169,-1.724],[138.166,-1.731],[138.175,-1.744],[138.155,-1.773],[138.156,-1.783],[138.167,-1.788],[138.156,-1.788],[138.159,-1.808],[138.149,-1.805],[138.144,-1.824],[138.153,-1.82],[138.16,-1.835],[138.156,-1.849],[138.146,-1.85],[138.157,-1.859],[138.149,-1.858],[138.146,-1.873],[138.162,-1.875],[138.149,-1.89],[138.162,-1.888],[138.163,-1.895],[138.152,-1.895],[138.154,-1.904],[138.163,-1.899],[138.172,-1.908],[138.167,-1.914],[138.155,-1.909],[138.151,-1.92],[138.157,-1.91],[138.166,-1.916],[138.17,-1.928],[138.162,-1.929],[138.164,-1.935],[138.189,-1.913],[138.187,-1.944],[138.193,-1.937],[138.217,-1.946],[138.219,-1.937],[138.229,-1.942],[138.226,-1.948],[138.237,-1.962],[138.232,-1.974],[138.243,-1.976],[138.233,-1.979],[138.239,-1.99],[138.251,-1.984],[138.246,-1.996],[138.253,-1.999],[138.258,-1.989],[138.256,-1.998],[138.263,-2],[138.257,-2.018],[138.263,-2.026],[138.254,-2.025],[138.249,-2.036],[138.261,-2.035],[138.254,-2.044],[138.262,-2.042],[138.266,-2.052],[138.289,-2.045],[138.283,-2.055],[138.288,-2.065],[138.293,-2.056],[138.311,-2.07],[138.294,-2.083],[138.306,-2.082],[138.305,-2.093],[138.319,-2.089],[138.315,-2.098],[138.326,-2.099],[138.317,-2.104],[138.328,-2.111],[138.313,-2.12],[138.326,-2.117],[138.323,-2.129],[138.334,-2.126],[138.345,-2.134],[138.333,-2.132],[138.338,-2.141],[138.352,-2.141],[138.345,-2.154],[138.36,-2.164],[138.351,-2.159],[138.353,-2.167],[138.344,-2.165],[138.349,-2.178],[138.357,-2.169],[138.358,-2.179],[138.365,-2.175],[138.374,-2.188],[138.383,-2.177],[138.395,-2.192],[138.401,-2.179],[138.405,-2.192],[138.415,-2.189],[138.409,-2.202],[138.419,-2.209],[138.42,-2.198],[138.43,-2.198],[138.425,-2.207],[138.44,-2.211],[138.48,-2.181],[138.495,-2.239],[138.519,-2.248],[138.518,-2.261],[138.545,-2.265],[138.548,-2.313],[138.542,-2.319],[138.633,-2.358],[138.687,-2.398],[138.749,-2.431],[138.782,-2.35],[138.804,-2.336],[138.81,-2.302],[138.835,-2.296],[138.835,-2.281],[138.849,-2.285],[138.842,-2.278],[138.848,-2.268],[138.864,-2.266],[138.856,-2.261],[138.863,-2.248],[138.854,-2.237],[138.862,-2.239],[138.862,-2.228],[138.873,-2.227],[138.86,-2.226],[138.858,-2.219],[138.872,-2.219],[138.873,-2.207],[138.865,-2.202],[138.87,-2.193],[138.85,-2.205],[138.833,-2.23],[138.818,-2.233],[138.806,-2.216],[138.807,-2.195],[138.853,-2.17],[138.875,-2.171],[138.896,-2.187],[138.89,-2.169],[138.905,-2.174],[138.909,-2.161],[138.919,-2.169],[138.928,-2.155],[138.921,-2.151],[138.93,-2.146],[138.92,-2.14],[138.927,-2.133],[138.92,-2.124],[138.931,-2.126],[138.925,-2.116],[138.938,-2.103],[138.914,-2.102],[138.919,-2.094],[138.909,-2.074],[138.919,-2.077],[138.93,-2.066],[138.935,-2.073],[138.944,-2.053],[138.935,-2.048],[138.939,-2.034],[138.929,-2.04],[138.932,-2.024],[138.922,-2.023],[138.93,-2.012],[138.921,-2.005],[138.932,-2.003],[138.914,-1.998],[138.916,-1.98],[138.93,-1.99],[138.926,-1.978],[138.901,-1.974],[138.906,-1.96],[138.896,-1.955],[138.869,-1.969],[138.865,-1.999],[138.85,-2.025],[138.851,-2.097],[138.821,-2.112],[138.786,-2.062],[138.8,-2.027],[138.819,-2.015],[138.812,-1.996],[138.822,-1.993],[138.821,-1.985],[138.741,-1.933],[138.728,-1.913],[138.712,-1.938],[138.68,-1.955],[138.642,-1.905],[138.635,-1.875],[138.575,-1.84],[138.502,-1.815],[138.503,-1.786],[138.415,-1.77],[138.415,-1.731],[138.344,-1.71],[138.354,-1.731],[138.379,-1.743],[138.374,-1.749],[138.382,-1.775],[138.38,-1.785],[138.34,-1.796],[138.294,-1.779],[138.317,-1.709],[138.283,-1.713],[138.239,-1.696]],[[138.427,-2.012],[138.46,-2.011],[138.461,-2.029],[138.494,-2.022],[138.512,-2.055],[138.58,-2.066],[138.607,-2.043],[138.673,-2.04],[138.696,-2.058],[138.692,-2.076],[138.663,-2.081],[138.617,-2.068],[138.591,-2.109],[138.629,-2.149],[138.679,-2.172],[138.707,-2.208],[138.726,-2.191],[138.752,-2.129],[138.768,-2.135],[138.775,-2.207],[138.753,-2.244],[138.733,-2.265],[138.635,-2.257],[138.604,-2.195],[138.547,-2.182],[138.535,-2.163],[138.495,-2.139],[138.445,-2.087],[138.41,-2.037],[138.427,-2.012]]]},"properties":{"jenis":"logging","nama":"PT BINA BALANTAK UTAMA","luas":298710,"sk":"SK.365/Menhut-II/2011","tahun":2011}},{"type":"Feature","geometry":{"type":"Polygon","coordinates":[[[140.85,-7.087],[140.727,-6.683],[140.655,-6.68],[140.538,-6.761],[140.552,-6.934],[140.568,-6.954],[140.693,-7.068],[140.801,-7.092],[140.85,-7.087]]]},"properties":{"jenis":"logging","nama":"PT INOCIN ABADI","luas":99665,"sk":"SK.606/Menhut-II/2011","tahun":2011}},{"type":"Feature","geometry":{"type":"Polygon","coordinates":[[[133.421,-1.789],[133.421,-1.901],[133.472,-1.909],[133.53,-1.94],[133.564,-1.962],[133.597,-2.007],[133.661,-2.041],[133.69,-2.045],[133.714,-2.02],[133.715,-2.005],[133.735,-1.984],[133.735,-1.976],[133.776,-1.956],[133.783,-1.944],[133.788,-1.95],[133.801,-1.947],[133.806,-1.932],[133.812,-1.935],[133.825,-1.908],[133.836,-1.904],[133.828,-1.896],[133.843,-1.878],[133.841,-1.829],[133.812,-1.748],[133.743,-1.7],[133.729,-1.702],[133.704,-1.723],[133.685,-1.725],[133.614,-1.696],[133.583,-1.704],[133.569,-1.723],[133.556,-1.723],[133.533,-1.743],[133.52,-1.731],[133.507,-1.746],[133.501,-1.737],[133.508,-1.726],[133.492,-1.719],[133.482,-1.725],[133.476,-1.742],[133.458,-1.742],[133.455,-1.752],[133.465,-1.775],[133.456,-1.777],[133.444,-1.764],[133.433,-1.79],[133.421,-1.789]]]},"properties":{"jenis":"logging","nama":"PT YOTEFA SARANA TIMBER","luas":123565,"sk":"SK.570/Menhut-II/2011","tahun":2011}},{"type":"Feature","geometry":{"type":"Polygon","coordinates":[[[134.125,-2.805],[134.139,-2.8],[134.161,-2.807],[134.186,-2.85],[134.198,-2.825],[134.215,-2.817],[134.257,-2.838],[134.272,-2.875],[134.298,-2.906],[134.287,-2.92],[134.245,-2.927],[134.237,-2.935],[134.273,-2.987],[134.29,-2.944],[134.311,-2.947],[134.325,-2.97],[134.331,-3.007],[134.31,-3.066],[134.321,-3.081],[134.36,-3.043],[134.366,-2.992],[134.439,-2.951],[134.405,-2.882],[134.391,-2.829],[134.397,-2.804],[134.393,-2.779],[134.41,-2.755],[134.402,-2.735],[134.409,-2.719],[134.4,-2.724],[134.397,-2.717],[134.372,-2.717],[134.354,-2.67],[134.366,-2.666],[134.375,-2.644],[134.347,-2.647],[134.304,-2.59],[134.292,-2.594],[134.177,-2.415],[134.17,-2.47],[134.178,-2.505],[134.194,-2.509],[134.201,-2.526],[134.202,-2.585],[134.165,-2.627],[134.12,-2.642],[134.1,-2.645],[134.096,-2.639],[134.102,-2.631],[134.098,-2.582],[134.114,-2.549],[134.105,-2.54],[134.107,-2.515],[134.097,-2.481],[134.109,-2.445],[134.104,-2.391],[134.115,-2.36],[134.073,-2.339],[134.07,-2.366],[134.048,-2.391],[134.072,-2.487],[134.054,-2.634],[134.102,-2.72],[134.099,-2.741],[134.106,-2.763],[134.098,-2.794],[134.109,-2.792],[134.114,-2.803],[134.125,-2.805]],[[134.124,-2.804],[134.126,-2.804],[134.125,-2.805],[134.124,-2.804]],[[134.398,-2.722],[134.398,-2.722],[134.398,-2.722],[134.398,-2.722]]]},"properties":{"jenis":"logging","nama":"PT WIJAYA SENTOSA (DH. PT WAPOGA MUTIARA TBR I)","luas":130755,"sk":"SK.33/Menhut-II/2013","tahun":2013}},{"type":"Feature","geometry":{"type":"Polygon","coordinates":[[[140.431,-3.171],[140.425,-3.171],[140.425,-3.196],[140.391,-3.195],[140.393,-3.177],[140.359,-3.175],[140.326,-3.19],[140.326,-3.202],[140.337,-3.209],[140.333,-3.24],[140.319,-3.26],[140.322,-3.274],[140.314,-3.29],[140.317,-3.301],[140.308,-3.306],[140.315,-3.317],[140.31,-3.322],[140.323,-3.318],[140.333,-3.337],[140.343,-3.33],[140.342,-3.342],[140.351,-3.337],[140.344,-3.359],[140.357,-3.36],[140.362,-3.352],[140.367,-3.362],[140.372,-3.356],[140.379,-3.359],[140.384,-3.365],[140.378,-3.374],[140.385,-3.389],[140.401,-3.388],[140.403,-3.408],[140.422,-3.403],[140.441,-3.412],[140.445,-3.431],[140.458,-3.435],[140.46,-3.459],[140.477,-3.455],[140.474,-3.466],[140.488,-3.48],[140.482,-3.492],[140.491,-3.504],[140.5,-3.499],[140.529,-3.507],[140.538,-3.501],[140.564,-3.546],[140.557,-3.56],[140.568,-3.571],[140.56,-3.573],[140.566,-3.588],[140.552,-3.593],[140.553,-3.602],[140.577,-3.598],[140.584,-3.612],[140.599,-3.6],[140.599,-3.618],[140.616,-3.605],[140.631,-3.604],[140.828,-3.64],[140.857,-3.657],[140.9,-3.701],[140.919,-3.697],[140.956,-3.63],[140.987,-3.509],[140.967,-3.426],[140.973,-3.348],[140.949,-3.317],[140.909,-3.287],[140.898,-3.257],[140.862,-3.37],[140.841,-3.384],[140.838,-3.395],[140.845,-3.4],[140.828,-3.4],[140.821,-3.411],[140.825,-3.421],[140.802,-3.422],[140.784,-3.46],[140.804,-3.496],[140.796,-3.52],[140.646,-3.526],[140.646,-3.51],[140.636,-3.514],[140.617,-3.56],[140.578,-3.554],[140.584,-3.546],[140.614,-3.551],[140.623,-3.523],[140.609,-3.464],[140.576,-3.437],[140.583,-3.426],[140.624,-3.454],[140.631,-3.504],[140.646,-3.499],[140.646,-3.436],[140.691,-3.433],[140.693,-3.415],[140.663,-3.424],[140.652,-3.413],[140.638,-3.419],[140.624,-3.412],[140.613,-3.42],[140.598,-3.413],[140.599,-3.346],[140.636,-3.342],[140.629,-3.283],[140.6,-3.284],[140.577,-3.294],[140.521,-3.283],[140.481,-3.304],[140.437,-3.291],[140.425,-3.276],[140.423,-3.222],[140.431,-3.201],[140.458,-3.178],[140.431,-3.171]],[[140.618,-3.564],[140.622,-3.556],[140.651,-3.552],[140.671,-3.564],[140.674,-3.577],[140.657,-3.602],[140.635,-3.599],[140.618,-3.564]],[[140.398,-3.352],[140.424,-3.371],[140.41,-3.39],[140.39,-3.371],[140.398,-3.352]],[[140.597,-3.49],[140.606,-3.5],[140.59,-3.515],[140.58,-3.505],[140.597,-3.49]],[[140.551,-3.411],[140.558,-3.407],[140.557,-3.416],[140.545,-3.419],[140.551,-3.411]]]},"properties":{"jenis":"logging","nama":"PT SEMARAK DHARMA TIMBER","luas":164180,"sk":"SK.287/Menhut-II/2014","tahun":2014}},{"type":"Feature","geometry":{"type":"Polygon","coordinates":[[[132.147,-0.45],[132.095,-0.48],[132.079,-0.499],[132.081,-0.525],[132.103,-0.535],[132.095,-0.552],[132.05,-0.597],[132.001,-0.615],[131.994,-0.63],[131.96,-0.651],[132.001,-0.659],[132.04,-0.628],[132.07,-0.62],[132.149,-0.637],[132.157,-0.628],[132.15,-0.596],[132.12,-0.583],[132.132,-0.575],[132.115,-0.567],[132.144,-0.528],[132.175,-0.515],[132.184,-0.503],[132.203,-0.524],[132.241,-0.524],[132.251,-0.534],[132.265,-0.53],[132.336,-0.544],[132.352,-0.54],[132.362,-0.549],[132.398,-0.544],[132.408,-0.555],[132.424,-0.547],[132.424,-0.534],[132.436,-0.522],[132.461,-0.534],[132.53,-0.502],[132.546,-0.512],[132.562,-0.506],[132.569,-0.512],[132.608,-0.5],[132.635,-0.507],[132.634,-0.527],[132.722,-0.533],[132.747,-0.469],[132.73,-0.454],[132.705,-0.455],[132.673,-0.48],[132.657,-0.482],[132.616,-0.451],[132.55,-0.465],[132.535,-0.454],[132.526,-0.433],[132.534,-0.403],[132.568,-0.386],[132.596,-0.413],[132.648,-0.385],[132.655,-0.392],[132.641,-0.438],[132.649,-0.438],[132.68,-0.397],[132.703,-0.406],[132.727,-0.398],[132.744,-0.405],[132.748,-0.425],[132.769,-0.418],[132.779,-0.425],[132.79,-0.477],[132.824,-0.484],[132.828,-0.467],[132.841,-0.46],[132.892,-0.478],[132.901,-0.509],[132.919,-0.509],[132.94,-0.491],[132.936,-0.485],[132.955,-0.48],[132.952,-0.467],[132.96,-0.458],[132.952,-0.453],[132.936,-0.463],[132.901,-0.464],[132.886,-0.447],[132.867,-0.449],[132.794,-0.415],[132.784,-0.402],[132.766,-0.402],[132.763,-0.388],[132.733,-0.389],[132.715,-0.362],[132.682,-0.372],[132.649,-0.363],[132.63,-0.366],[132.616,-0.356],[132.577,-0.364],[132.534,-0.355],[132.512,-0.36],[132.42,-0.344],[132.412,-0.349],[132.414,-0.366],[132.396,-0.362],[132.412,-0.371],[132.408,-0.377],[132.364,-0.366],[132.353,-0.376],[132.356,-0.397],[132.337,-0.41],[132.276,-0.417],[132.202,-0.453],[132.168,-0.457],[132.147,-0.45]]]},"properties":{"jenis":"logging","nama":"PT MULTI WAHANA WIJAYA","luas":107740,"sk":"159/Menhut-II/2011","tahun":2011}},{"type":"Feature","geometry":{"type":"Polygon","coordinates":[[[132.927,-1.491],[132.912,-1.498],[132.918,-1.538],[132.891,-1.534],[132.88,-1.541],[132.911,-1.571],[132.909,-1.603],[132.906,-1.589],[132.878,-1.583],[132.847,-1.543],[132.824,-1.565],[132.779,-1.572],[132.75,-1.533],[132.744,-1.511],[132.736,-1.501],[132.731,-1.505],[132.72,-1.53],[132.671,-1.584],[132.665,-1.611],[132.674,-1.628],[132.664,-1.633],[132.669,-1.642],[132.659,-1.644],[132.666,-1.651],[132.651,-1.651],[132.65,-1.66],[132.66,-1.663],[132.655,-1.68],[132.636,-1.685],[132.649,-1.701],[132.636,-1.699],[132.642,-1.729],[132.633,-1.73],[132.632,-1.745],[132.623,-1.748],[132.649,-1.747],[132.643,-1.761],[132.633,-1.764],[132.635,-1.77],[132.647,-1.766],[132.649,-1.79],[132.664,-1.785],[132.672,-1.792],[132.698,-1.79],[132.709,-1.78],[132.735,-1.789],[132.77,-1.787],[132.78,-1.767],[132.793,-1.762],[133.038,-1.764],[133.039,-1.755],[133.049,-1.753],[133.036,-1.734],[133.046,-1.726],[133.036,-1.721],[133.053,-1.714],[133.087,-1.677],[133.087,-1.648],[133.143,-1.644],[133.137,-1.627],[133.143,-1.628],[133.148,-1.616],[133.12,-1.609],[133.148,-1.612],[133.161,-1.605],[133.151,-1.576],[133.173,-1.547],[133.159,-1.538],[133.165,-1.52],[132.933,-1.497],[132.927,-1.491]],[[132.956,-1.618],[132.967,-1.62],[132.969,-1.629],[132.96,-1.636],[132.94,-1.633],[132.941,-1.621],[132.956,-1.618]],[[133.037,-1.745],[133.043,-1.747],[133.04,-1.748],[133.037,-1.745]]]},"properties":{"jenis":"logging","nama":"PT WANA GALANG UTAMA","luas":132850,"sk":"6/1/IUPHHK-HA/PMDN/2015","tahun":2015}},{"type":"Feature","geometry":{"type":"Polygon","coordinates":[[[132.522,-2.679],[132.513,-2.68],[132.518,-2.691],[132.501,-2.679],[132.467,-2.693],[132.497,-2.712],[132.469,-2.715],[132.474,-2.711],[132.466,-2.71],[132.452,-2.724],[132.464,-2.729],[132.456,-2.734],[132.429,-2.735],[132.438,-2.733],[132.422,-2.725],[132.405,-2.736],[132.399,-2.753],[132.401,-2.79],[132.377,-2.81],[132.344,-2.801],[132.313,-2.777],[132.28,-2.773],[132.261,-2.755],[132.246,-2.775],[132.192,-2.77],[132.178,-2.748],[132.175,-2.725],[132.16,-2.709],[132.142,-2.723],[132.14,-2.714],[132.133,-2.717],[132.136,-2.709],[132.129,-2.709],[132.121,-2.725],[132.103,-2.709],[132.093,-2.71],[132.101,-2.714],[132.087,-2.719],[132.11,-2.732],[132.106,-2.745],[132.099,-2.737],[132.096,-2.747],[132.081,-2.741],[132.086,-2.726],[132.074,-2.725],[132.066,-2.73],[132.067,-2.749],[132.056,-2.748],[132.058,-2.731],[132.05,-2.73],[132.031,-2.742],[132.024,-2.737],[132.009,-2.752],[131.984,-2.756],[131.983,-2.75],[131.95,-2.769],[132.004,-2.78],[132.036,-2.769],[132.071,-2.788],[132.055,-2.789],[132.058,-2.796],[132.051,-2.793],[132.042,-2.81],[132.019,-2.81],[132.016,-2.82],[132.007,-2.816],[132.003,-2.825],[131.978,-2.831],[132.039,-2.836],[132.028,-2.85],[132.074,-2.849],[132.198,-2.811],[132.256,-2.806],[132.302,-2.809],[132.648,-2.878],[132.69,-2.901],[132.714,-2.936],[132.777,-3.039],[132.83,-3.165],[132.909,-3.068],[132.959,-3.021],[133.042,-2.914],[133.006,-2.902],[132.999,-2.91],[133.005,-2.942],[132.978,-2.959],[132.957,-2.947],[132.975,-2.917],[132.932,-2.903],[132.933,-2.845],[132.968,-2.834],[132.988,-2.864],[133.025,-2.868],[133.035,-2.835],[133.058,-2.824],[133.002,-2.811],[133.002,-2.817],[132.982,-2.817],[132.981,-2.806],[132.948,-2.771],[132.933,-2.716],[132.906,-2.751],[132.841,-2.809],[132.819,-2.809],[132.804,-2.802],[132.814,-2.802],[132.812,-2.796],[132.8,-2.8],[132.809,-2.793],[132.805,-2.785],[132.795,-2.793],[132.79,-2.782],[132.77,-2.78],[132.728,-2.804],[132.705,-2.791],[132.703,-2.779],[132.691,-2.785],[132.687,-2.776],[132.668,-2.769],[132.655,-2.743],[132.637,-2.733],[132.642,-2.728],[132.618,-2.722],[132.617,-2.711],[132.597,-2.707],[132.588,-2.693],[132.542,-2.692],[132.522,-2.679]]]},"properties":{"jenis":"logging","nama":"PT ARFAK INDRA","luas":177900,"sk":"SK.333/Menhut-II/2009","tahun":2009}},{"type":"Feature","geometry":{"type":"Polygon","coordinates":[[[140.542,-6.675],[140.531,-6.674],[140.538,-6.761],[140.655,-6.68],[140.542,-6.675]]]},"properties":{"jenis":"logging","nama":"PT PRABU ALASKA UNIT II","luas":6435,"sk":"15/1/IUPHHK-HA/PMDN/2016","tahun":2016}},{"type":"Feature","geometry":{"type":"Polygon","coordinates":[[[139.221,-2.705],[139.187,-2.702],[139.176,-2.716],[139.166,-2.706],[139.158,-2.719],[139.136,-2.719],[139.135,-2.728],[139.154,-2.739],[139.147,-2.75],[139.106,-2.757],[139.089,-2.75],[139.066,-2.764],[139.034,-2.749],[139.028,-2.768],[139.028,-2.792],[139.042,-2.826],[139.094,-2.903],[139.129,-2.927],[139.139,-2.958],[139.153,-2.965],[139.17,-2.994],[139.24,-2.937],[139.266,-2.9],[139.295,-2.827],[139.266,-2.798],[139.221,-2.705]]]},"properties":{"jenis":"logging","nama":"PT SUMBER MITRA JAYA (SK.556)","luas":52160,"sk":"SK.556/Menhut-II/2006","tahun":2006}},{"type":"Feature","geometry":{"type":"Polygon","coordinates":[[[134.99,-4.027],[134.98,-4.026],[134.984,-4.037],[134.967,-4.029],[134.964,-4.038],[134.953,-4.03],[134.952,-4.039],[134.923,-4.039],[134.93,-4.053],[134.943,-4.051],[134.941,-4.082],[134.929,-4.08],[134.927,-4.089],[134.907,-4.09],[134.903,-4.098],[134.893,-4.094],[134.89,-4.107],[134.859,-4.119],[134.864,-4.147],[134.851,-4.153],[134.854,-4.178],[134.845,-4.192],[134.855,-4.204],[134.837,-4.215],[134.832,-4.228],[134.857,-4.237],[134.868,-4.201],[134.887,-4.195],[134.889,-4.183],[134.921,-4.164],[134.963,-4.163],[134.959,-4.192],[134.978,-4.201],[134.993,-4.191],[135.01,-4.193],[135.029,-4.203],[135.024,-4.226],[135.033,-4.232],[135.032,-4.246],[135.025,-4.263],[134.917,-4.253],[134.947,-4.272],[134.983,-4.267],[135,-4.272],[134.976,-4.3],[135.059,-4.367],[135.126,-4.377],[135.225,-4.299],[135.243,-4.266],[135.24,-4.23],[135.148,-4.177],[135.118,-4.17],[135.097,-4.154],[135.064,-4.15],[135.071,-4.142],[135.066,-4.097],[135.094,-4.084],[135.101,-4.06],[135.089,-4.049],[135.015,-4.045],[135.01,-4.026],[134.99,-4.027]]]},"properties":{"jenis":"logging","nama":"PT MUTIARA ALAS KHATULISTIWA","luas":81855,"sk":"SK.676/Menhut-II/2014","tahun":2014}},{"type":"Feature","geometry":{"type":"Polygon","coordinates":[[[133.058,-3.011],[133.025,-2.979],[132.999,-2.967],[132.959,-3.021],[132.909,-3.068],[132.887,-3.101],[132.797,-3.197],[132.795,-3.222],[132.811,-3.266],[132.799,-3.281],[132.823,-3.301],[132.844,-3.298],[132.842,-3.307],[132.829,-3.308],[132.826,-3.334],[132.821,-3.325],[132.816,-3.345],[132.81,-3.343],[132.8,-3.36],[132.818,-3.406],[132.816,-3.443],[132.852,-3.477],[132.869,-3.474],[132.872,-3.468],[132.857,-3.47],[132.872,-3.462],[132.896,-3.462],[132.885,-3.471],[132.888,-3.503],[132.901,-3.53],[132.923,-3.534],[132.908,-3.538],[132.908,-3.547],[132.94,-3.551],[132.92,-3.575],[132.903,-3.574],[132.895,-3.598],[132.898,-3.622],[132.962,-3.65],[133.005,-3.654],[133.096,-3.685],[133.124,-3.701],[133.235,-3.829],[133.304,-3.838],[133.313,-3.572],[133.286,-3.578],[133.268,-3.606],[133.238,-3.571],[133.215,-3.588],[133.206,-3.586],[133.151,-3.553],[133.145,-3.539],[133.151,-3.471],[133.181,-3.344],[133.13,-3.229],[133.15,-3.193],[133.254,-3.141],[133.332,-3.088],[133.34,-3.017],[133.332,-2.992],[133.315,-2.995],[133.299,-2.984],[133.279,-2.992],[133.254,-2.981],[133.253,-2.974],[133.09,-2.98],[133.073,-3.007],[133.058,-3.011]]]},"properties":{"jenis":"logging","nama":"PT PRABU ALASKA UNIT I","luas":322780,"sk":"15/1/IUPHHK-HA/PMDN/2016","tahun":2016}},{"type":"Feature","geometry":{"type":"Polygon","coordinates":[[[133.793,-1.56],[133.734,-1.513],[133.727,-1.52],[133.766,-1.586],[133.789,-1.641],[133.739,-1.686],[133.735,-1.7],[133.759,-1.708],[133.812,-1.748],[133.841,-1.828],[133.871,-1.843],[133.888,-1.82],[133.918,-1.808],[133.918,-1.799],[133.958,-1.787],[133.974,-1.774],[134.022,-1.773],[134.016,-1.714],[134.006,-1.701],[133.949,-1.673],[133.905,-1.605],[133.896,-1.573],[133.844,-1.55],[133.793,-1.56]]]},"properties":{"jenis":"logging","nama":"PT MEGAPURA MEMBRAMO BANGUN","luas":55100,"sk":"SK.397/Menhut-II/2006","tahun":2006}},{"type":"Feature","geometry":{"type":"Polygon","coordinates":[[[133.671,-1.561],[133.657,-1.52],[133.642,-1.548],[133.616,-1.561],[133.586,-1.551],[133.561,-1.531],[133.521,-1.522],[133.499,-1.567],[133.485,-1.575],[133.468,-1.559],[133.443,-1.574],[133.432,-1.573],[133.421,-1.555],[133.418,-1.567],[133.402,-1.556],[133.373,-1.552],[133.381,-1.529],[133.311,-1.531],[133.299,-1.543],[133.249,-1.552],[133.267,-1.62],[133.28,-1.615],[133.298,-1.564],[133.307,-1.569],[133.309,-1.583],[133.322,-1.58],[133.322,-1.592],[133.3,-1.593],[133.289,-1.609],[133.281,-1.606],[133.28,-1.616],[133.268,-1.621],[133.261,-1.618],[133.264,-1.606],[133.249,-1.615],[133.247,-1.593],[133.247,-1.6],[133.238,-1.598],[133.241,-1.606],[133.232,-1.607],[133.238,-1.56],[133.221,-1.548],[133.218,-1.53],[133.166,-1.523],[133.159,-1.538],[133.173,-1.548],[133.152,-1.576],[133.162,-1.603],[133.144,-1.619],[133.144,-1.629],[133.138,-1.628],[133.143,-1.643],[133.088,-1.648],[133.083,-1.685],[133.053,-1.715],[133.037,-1.721],[133.046,-1.725],[133.047,-1.732],[133.036,-1.734],[133.05,-1.752],[133.039,-1.763],[133.048,-1.768],[133.047,-1.783],[133.086,-1.795],[133.203,-1.857],[133.283,-1.879],[133.347,-1.918],[133.42,-1.901],[133.421,-1.787],[133.433,-1.79],[133.444,-1.764],[133.456,-1.777],[133.465,-1.775],[133.455,-1.752],[133.458,-1.742],[133.476,-1.741],[133.482,-1.725],[133.493,-1.719],[133.508,-1.725],[133.501,-1.737],[133.507,-1.746],[133.52,-1.731],[133.533,-1.743],[133.556,-1.723],[133.569,-1.723],[133.583,-1.704],[133.614,-1.696],[133.669,-1.721],[133.704,-1.723],[133.785,-1.649],[133.789,-1.641],[133.766,-1.586],[133.749,-1.575],[133.732,-1.575],[133.704,-1.552],[133.698,-1.563],[133.709,-1.592],[133.668,-1.593],[133.671,-1.561]]]},"properties":{"jenis":"logging","nama":"PT PAPUA SATYA KENCANA","luas":195420,"sk":"SK.647/Menhut-II/2009","tahun":2009}},{"type":"Feature","geometry":{"type":"Polygon","coordinates":[[[132.6,-1.289],[132.594,-1.286],[132.603,-1.297],[132.596,-1.308],[132.586,-1.297],[132.574,-1.305],[132.559,-1.304],[132.554,-1.318],[132.542,-1.323],[132.549,-1.339],[132.62,-1.341],[132.678,-1.359],[132.683,-1.373],[132.589,-1.428],[132.55,-1.436],[132.566,-1.504],[132.474,-1.511],[132.469,-1.482],[132.461,-1.479],[132.454,-1.508],[132.446,-1.501],[132.436,-1.518],[132.429,-1.516],[132.44,-1.536],[132.353,-1.537],[132.316,-1.588],[132.282,-1.587],[132.252,-1.619],[132.237,-1.619],[132.229,-1.639],[132.258,-1.656],[132.316,-1.667],[132.4,-1.702],[132.4,-1.684],[132.414,-1.672],[132.406,-1.662],[132.415,-1.656],[132.411,-1.647],[132.426,-1.638],[132.422,-1.624],[132.434,-1.613],[132.433,-1.601],[132.441,-1.6],[132.436,-1.596],[132.445,-1.596],[132.437,-1.586],[132.448,-1.575],[132.471,-1.579],[132.493,-1.564],[132.5,-1.549],[132.607,-1.537],[132.648,-1.555],[132.637,-1.565],[132.646,-1.575],[132.64,-1.58],[132.663,-1.589],[132.663,-1.6],[132.736,-1.501],[132.758,-1.542],[132.809,-1.442],[132.801,-1.434],[132.769,-1.428],[132.788,-1.394],[132.781,-1.384],[132.6,-1.289]]]},"properties":{"jenis":"logging","nama":"PT MITRA PEMBANGUNAN GLOBAL","luas":83950,"sk":"SK.714/Menhut-II/2009","tahun":2009}},{"type":"Feature","geometry":{"type":"MultiPolygon","coordinates":[[[[134.125,-2.806],[134.114,-2.803],[134.109,-2.792],[134.098,-2.794],[134.106,-2.763],[134.099,-2.741],[134.102,-2.72],[134.089,-2.702],[134.067,-2.707],[134.066,-2.692],[134.048,-2.682],[134.05,-2.664],[134.034,-2.649],[134.042,-2.64],[134.037,-2.628],[133.942,-2.578],[133.881,-2.575],[133.859,-2.591],[133.865,-2.602],[133.89,-2.597],[133.891,-2.645],[133.908,-2.694],[133.903,-2.714],[133.911,-2.756],[133.909,-2.8],[134.006,-2.984],[134.018,-2.992],[134.025,-3.018],[134.048,-3.022],[134.063,-2.995],[134.034,-2.942],[134.036,-2.922],[134.123,-2.97],[134.125,-2.986],[134.111,-3.006],[134.049,-3.066],[134.103,-3.165],[134.122,-3.136],[134.101,-3.093],[134.1,-3.046],[134.135,-2.996],[134.158,-2.992],[134.17,-3.002],[134.173,-3.038],[134.195,-3.101],[134.19,-3.128],[134.174,-3.155],[134.184,-3.2],[134.224,-3.184],[134.203,-3.152],[134.207,-3.139],[134.238,-3.111],[134.23,-2.892],[134.219,-2.892],[134.191,-2.87],[134.161,-2.807],[134.139,-2.8],[134.125,-2.806]]],[[[134.125,-2.805],[134.126,-2.804],[134.125,-2.803],[134.125,-2.805]]]]},"properties":{"jenis":"logging","nama":"PT WUKIRASARI","luas":116320,"sk":"SK.477/Menhut-II/2008","tahun":2008}},{"type":"Feature","geometry":{"type":"MultiPolygon","coordinates":[[[[133.677,-2.701],[133.66,-2.674],[133.661,-2.663],[133.625,-2.677],[133.546,-2.687],[133.499,-2.703],[133.452,-2.686],[133.439,-2.69],[133.436,-2.675],[133.42,-2.674],[133.42,-2.686],[133.412,-2.695],[133.398,-2.69],[133.39,-2.67],[133.368,-2.682],[133.32,-2.993],[133.332,-2.992],[133.346,-3.037],[133.357,-3.036],[133.422,-3.114],[133.633,-3.126],[133.7,-3.037],[133.775,-2.992],[133.796,-2.944],[133.785,-2.899],[133.827,-2.874],[133.825,-2.865],[133.805,-2.836],[133.799,-2.796],[133.79,-2.804],[133.773,-2.736],[133.761,-2.729],[133.753,-2.741],[133.746,-2.848],[133.669,-2.853],[133.669,-2.843],[133.697,-2.805],[133.708,-2.748],[133.74,-2.711],[133.685,-2.692],[133.683,-2.713],[133.664,-2.733],[133.677,-2.701]]],[[[133.986,-2.945],[133.928,-2.835],[133.895,-2.835],[133.852,-2.878],[133.88,-2.908],[133.917,-3.052],[133.932,-3.017],[133.971,-3],[133.964,-2.968],[134.005,-2.983],[133.986,-2.945]]],[[[134.054,-3.076],[134.021,-3.103],[133.999,-3.082],[133.979,-3.091],[134.019,-3.136],[134.022,-3.202],[134.121,-3.2],[134.054,-3.076]]]]},"properties":{"jenis":"logging","nama":"PT TELUK BINTUNI MINA AGRO KARYA","luas":237750,"sk":"SK.509/Menhut-II/2012","tahun":2012}},{"type":"Feature","geometry":{"type":"Polygon","coordinates":[[[133.34,-3.017],[133.332,-3.088],[133.254,-3.141],[133.15,-3.193],[133.13,-3.229],[133.181,-3.344],[133.151,-3.471],[133.145,-3.539],[133.151,-3.553],[133.206,-3.586],[133.215,-3.588],[133.238,-3.571],[133.268,-3.606],[133.286,-3.578],[133.313,-3.572],[133.304,-3.838],[133.318,-3.846],[133.323,-3.871],[133.412,-3.836],[133.413,-3.827],[133.388,-3.802],[133.363,-3.744],[133.383,-3.598],[133.377,-3.596],[133.372,-3.633],[133.361,-3.631],[133.364,-3.612],[133.376,-3.604],[133.352,-3.58],[133.446,-3.539],[133.438,-3.529],[133.466,-3.516],[133.474,-3.553],[133.441,-3.575],[133.442,-3.6],[133.532,-3.549],[133.544,-3.527],[133.546,-3.516],[133.529,-3.499],[133.485,-3.478],[133.461,-3.447],[133.432,-3.439],[133.41,-3.415],[133.397,-3.39],[133.417,-3.357],[133.404,-3.352],[133.446,-3.32],[133.478,-3.311],[133.479,-3.299],[133.486,-3.297],[133.516,-3.33],[133.59,-3.377],[133.612,-3.337],[133.619,-3.147],[133.62,-3.125],[133.592,-3.124],[133.583,-3.143],[133.561,-3.15],[133.549,-3.137],[133.555,-3.121],[133.519,-3.119],[133.505,-3.132],[133.493,-3.118],[133.422,-3.114],[133.357,-3.036],[133.346,-3.037],[133.34,-3.017]]]},"properties":{"jenis":"logging","nama":"PT HANURATA (SK.859/2014)","luas":234470,"sk":"SK.859/Menhut-II/2014","tahun":2014}},{"type":"Feature","geometry":{"type":"MultiPolygon","coordinates":[[[[139.886,-6.502],[139.722,-6.613],[139.642,-6.723],[139.575,-6.786],[139.653,-6.866],[139.655,-6.848],[139.701,-6.823],[139.73,-6.865],[139.715,-6.916],[139.77,-6.887],[139.821,-6.878],[139.884,-6.804],[139.882,-6.796],[139.89,-6.797],[139.906,-6.78],[139.995,-6.831],[140.023,-6.813],[139.936,-6.673],[139.937,-6.663],[139.918,-6.662],[139.924,-6.636],[139.911,-6.63],[139.904,-6.608],[139.923,-6.571],[139.907,-6.56],[139.912,-6.556],[139.907,-6.544],[139.895,-6.543],[139.886,-6.502]]],[[[140.131,-6.881],[140.112,-6.867],[139.975,-6.944],[139.861,-6.975],[139.845,-7.049],[139.915,-7.094],[140.092,-7.013],[140.108,-6.981],[140.131,-6.965],[140.165,-6.959],[140.176,-6.942],[140.179,-6.923],[140.131,-6.881]]]]},"properties":{"jenis":"logging","nama":"PT MUKTI ARTHA YOGA","luas":151690,"sk":"SK.57/Menhut-II/2007","tahun":2007}},{"type":"Feature","geometry":{"type":"Polygon","coordinates":[[[139.699,-5.413],[139.699,-5.406],[139.685,-5.415],[139.68,-5.407],[139.669,-5.422],[139.658,-5.42],[139.66,-5.431],[139.652,-5.438],[139.646,-5.429],[139.643,-5.441],[139.64,-5.433],[139.627,-5.439],[139.631,-5.452],[139.62,-5.461],[139.628,-5.467],[139.615,-5.463],[139.614,-5.476],[139.583,-5.457],[139.546,-5.482],[139.507,-5.485],[139.496,-5.494],[139.498,-5.535],[139.476,-5.573],[139.478,-5.583],[139.5,-5.602],[139.5,-5.616],[139.47,-5.643],[139.47,-5.65],[139.504,-5.665],[139.505,-5.686],[139.452,-5.721],[139.445,-5.708],[139.43,-5.706],[139.418,-5.731],[139.411,-5.733],[139.402,-5.719],[139.406,-5.704],[139.397,-5.695],[139.379,-5.706],[139.376,-5.724],[139.366,-5.728],[139.347,-5.717],[139.334,-5.697],[139.316,-5.702],[139.323,-5.72],[139.316,-5.741],[139.362,-5.775],[139.385,-5.771],[139.391,-5.789],[139.413,-5.803],[139.438,-5.838],[139.436,-5.857],[139.452,-5.867],[139.436,-5.909],[139.463,-6.025],[139.461,-6.079],[139.469,-6.13],[139.933,-6.125],[139.934,-6.104],[139.95,-6.074],[139.969,-6.057],[139.959,-6.043],[139.973,-6.027],[139.955,-6.02],[139.957,-5.999],[139.935,-5.988],[139.936,-5.977],[139.953,-5.976],[139.948,-5.953],[139.935,-5.939],[139.915,-5.939],[139.913,-5.93],[139.926,-5.92],[139.911,-5.895],[139.87,-5.884],[139.888,-5.86],[139.873,-5.851],[139.872,-5.813],[139.856,-5.82],[139.824,-5.796],[139.809,-5.796],[139.805,-5.783],[139.813,-5.763],[139.77,-5.758],[139.773,-5.751],[139.757,-5.743],[139.761,-5.733],[139.754,-5.732],[139.755,-5.72],[139.75,-5.723],[139.759,-5.707],[139.733,-5.702],[139.736,-5.676],[139.71,-5.673],[139.721,-5.631],[139.741,-5.607],[139.75,-5.607],[139.756,-5.617],[139.717,-5.427],[139.707,-5.422],[139.711,-5.409],[139.699,-5.413]]]},"properties":{"jenis":"logging","nama":"PT DAMAI SETIATAMA TIMBER","luas":315475,"sk":"SK.565/Menhut-II/2013","tahun":2013}},{"type":"Feature","geometry":{"type":"Polygon","coordinates":[[[135.812,-3.417],[135.859,-3.424],[135.871,-3.416],[135.877,-3.398],[135.862,-3.337],[135.865,-3.325],[135.872,-3.329],[135.87,-3.313],[135.83,-3.297],[135.79,-3.253],[135.708,-3.229],[135.702,-3.236],[135.706,-3.264],[135.691,-3.268],[135.684,-3.283],[135.66,-3.303],[135.664,-3.307],[135.646,-3.315],[135.658,-3.317],[135.674,-3.353],[135.645,-3.375],[135.637,-3.394],[135.62,-3.401],[135.616,-3.43],[135.594,-3.44],[135.599,-3.456],[135.585,-3.455],[135.579,-3.434],[135.565,-3.433],[135.552,-3.447],[135.514,-3.437],[135.52,-3.446],[135.511,-3.456],[135.505,-3.488],[135.511,-3.537],[135.496,-3.557],[135.482,-3.548],[135.476,-3.504],[135.459,-3.492],[135.394,-3.506],[135.383,-3.524],[135.383,-3.546],[135.372,-3.556],[135.355,-3.515],[135.334,-3.501],[135.32,-3.501],[135.294,-3.522],[135.255,-3.514],[135.238,-3.501],[135.231,-3.515],[135.226,-3.5],[135.234,-3.487],[135.207,-3.459],[135.196,-3.458],[135.185,-3.483],[135.157,-3.495],[135.149,-3.489],[135.147,-3.443],[135.121,-3.443],[135.104,-3.47],[135.126,-3.501],[135.145,-3.492],[135.16,-3.497],[135.176,-3.531],[135.19,-3.526],[135.222,-3.544],[135.231,-3.564],[135.241,-3.573],[135.246,-3.569],[135.268,-3.605],[135.298,-3.667],[135.347,-3.692],[135.391,-3.683],[135.393,-3.693],[135.379,-3.708],[135.387,-3.715],[135.389,-3.707],[135.423,-3.691],[135.447,-3.688],[135.785,-3.475],[135.787,-3.436],[135.812,-3.417]],[[135.568,-3.531],[135.559,-3.529],[135.564,-3.509],[135.58,-3.492],[135.585,-3.465],[135.605,-3.476],[135.605,-3.485],[135.63,-3.487],[135.629,-3.504],[135.607,-3.511],[135.591,-3.538],[135.574,-3.549],[135.582,-3.578],[135.572,-3.591],[135.56,-3.582],[135.564,-3.56],[135.552,-3.56],[135.552,-3.547],[135.565,-3.546],[135.568,-3.531]],[[135.272,-3.539],[135.281,-3.533],[135.279,-3.537],[135.272,-3.539]]]},"properties":{"jenis":"logging","nama":"PT JATI DHARMA INDAH PLYWOOD INDUSTRIES","luas":139470,"sk":"8/1/IUPHHK-HA/PMDN/2016","tahun":2016}},{"type":"Feature","geometry":{"type":"MultiPolygon","coordinates":[[[[133.055,-1.898],[133.047,-1.89],[133.018,-1.905],[133.014,-1.917],[132.992,-1.922],[132.993,-1.933],[132.985,-1.93],[132.997,-1.944],[133.011,-1.945],[132.991,-1.959],[132.982,-1.956],[132.979,-1.98],[132.997,-1.984],[133.001,-1.993],[133.011,-1.991],[133.003,-2.001],[133.015,-2.011],[133.004,-2.024],[133.024,-2.017],[133.025,-2.047],[133.033,-2.028],[133.046,-2.039],[133.037,-2.051],[133.083,-2.052],[133.091,-2.126],[133.052,-2.195],[133.139,-2.154],[133.179,-2.154],[133.238,-2.138],[133.315,-2.146],[133.344,-2.096],[133.352,-2.095],[133.35,-2.086],[133.358,-2.09],[133.352,-2.085],[133.358,-2.079],[133.34,-2.073],[133.334,-2.063],[133.342,-2.058],[133.332,-2.043],[133.326,-2.049],[133.31,-2.044],[133.317,-2.026],[133.306,-2.027],[133.309,-2.016],[133.292,-2.021],[133.297,-2.014],[133.283,-2.008],[133.286,-1.998],[133.276,-2.004],[133.258,-1.981],[133.249,-1.983],[133.254,-1.97],[133.215,-1.95],[133.195,-1.949],[133.194,-1.935],[133.111,-1.955],[133.108,-1.927],[133.081,-1.925],[133.075,-1.898],[133.056,-1.909],[133.062,-1.897],[133.055,-1.898]]],[[[133.42,-1.486],[133.299,-1.456],[133.11,-1.448],[133.153,-1.499],[133.161,-1.519],[133.218,-1.53],[133.221,-1.548],[133.234,-1.555],[133.299,-1.543],[133.311,-1.531],[133.381,-1.529],[133.373,-1.552],[133.402,-1.556],[133.418,-1.567],[133.421,-1.555],[133.432,-1.573],[133.443,-1.574],[133.468,-1.559],[133.485,-1.575],[133.499,-1.567],[133.521,-1.522],[133.561,-1.531],[133.586,-1.551],[133.616,-1.561],[133.642,-1.548],[133.657,-1.52],[133.674,-1.567],[133.668,-1.593],[133.709,-1.592],[133.698,-1.563],[133.704,-1.552],[133.732,-1.575],[133.749,-1.575],[133.764,-1.585],[133.727,-1.52],[133.67,-1.482],[133.561,-1.482],[133.543,-1.498],[133.524,-1.487],[133.497,-1.506],[133.477,-1.501],[133.459,-1.514],[133.454,-1.507],[133.441,-1.513],[133.431,-1.491],[133.42,-1.486]]],[[[133.418,-1.918],[133.418,-1.901],[133.356,-1.918],[133.335,-1.911],[133.317,-2.028],[133.347,-1.997],[133.345,-1.984],[133.36,-1.983],[133.364,-1.972],[133.418,-1.943],[133.418,-1.918]]]]},"properties":{"jenis":"logging","nama":"PT RIMBAKAYU ARTHAMAS","luas":130400,"sk":"16/1/IUPHHK-HA/PMDN/2016","tahun":2016}},{"type":"Feature","geometry":{"type":"MultiPolygon","coordinates":[[[[132.337,-1.048],[132.314,-1.043],[132.315,-1.113],[132.332,-1.13],[132.341,-1.223],[132.351,-1.236],[132.393,-1.243],[132.432,-1.26],[132.498,-1.189],[132.517,-1.177],[132.527,-1.184],[132.53,-1.22],[132.497,-1.269],[132.491,-1.308],[132.527,-1.368],[132.551,-1.437],[132.589,-1.428],[132.68,-1.38],[132.678,-1.359],[132.62,-1.341],[132.552,-1.341],[132.542,-1.326],[132.559,-1.302],[132.574,-1.304],[132.584,-1.296],[132.596,-1.307],[132.602,-1.302],[132.576,-1.237],[132.609,-1.206],[132.599,-1.203],[132.608,-1.2],[132.582,-1.145],[132.582,-1.134],[132.594,-1.131],[132.587,-1.117],[132.391,-1.043],[132.337,-1.048]]],[[[132.128,-1.58],[132.113,-1.583],[132.105,-1.596],[132.104,-1.641],[132.13,-1.674],[132.165,-1.697],[132.155,-1.7],[132.216,-1.775],[132.251,-1.781],[132.34,-1.78],[132.369,-1.765],[132.405,-1.73],[132.4,-1.724],[132.408,-1.714],[132.396,-1.702],[132.316,-1.667],[132.258,-1.656],[132.21,-1.637],[132.178,-1.621],[132.128,-1.58]]],[[[132.403,-1.387],[132.414,-1.374],[132.406,-1.357],[132.253,-1.389],[132.249,-1.405],[132.257,-1.415],[132.248,-1.409],[132.245,-1.454],[132.263,-1.479],[132.291,-1.491],[132.371,-1.499],[132.34,-1.52],[132.316,-1.554],[132.3,-1.562],[132.284,-1.589],[132.316,-1.588],[132.353,-1.537],[132.439,-1.536],[132.429,-1.516],[132.436,-1.518],[132.447,-1.501],[132.454,-1.508],[132.454,-1.486],[132.467,-1.476],[132.46,-1.459],[132.454,-1.471],[132.463,-1.459],[132.457,-1.445],[132.445,-1.477],[132.432,-1.482],[132.38,-1.441],[132.359,-1.397],[132.368,-1.388],[132.401,-1.412],[132.403,-1.387]]]]},"properties":{"jenis":"logging","nama":"PT BANGUN KAYU IRIAN","luas":139970,"sk":"SK.623/Menhut-II/2014","tahun":2004}},{"type":"Feature","geometry":{"type":"MultiPolygon","coordinates":[[[[140.546,-2.773],[140.525,-2.78],[140.527,-2.774],[140.512,-2.773],[140.485,-2.785],[140.48,-2.79],[140.496,-2.813],[140.477,-2.835],[140.409,-2.836],[140.424,-2.86],[140.393,-2.878],[140.375,-2.911],[140.437,-2.916],[140.444,-2.91],[140.441,-2.895],[140.45,-2.892],[140.468,-2.956],[140.561,-2.927],[140.569,-2.912],[140.596,-2.9],[140.617,-2.87],[140.634,-2.871],[140.628,-2.848],[140.584,-2.829],[140.55,-2.801],[140.546,-2.773]]],[[[140.885,-2.763],[140.868,-2.761],[140.83,-2.733],[140.815,-2.771],[140.852,-2.78],[140.842,-2.812],[140.86,-2.83],[140.911,-2.838],[140.934,-2.866],[140.945,-3.018],[140.94,-3.022],[140.958,-3.068],[140.994,-3.127],[140.994,-2.831],[140.894,-2.763],[140.885,-2.763]]]]},"properties":{"jenis":"logging","nama":"PT HANURATA UNIT JAYAPURA","luas":56325,"sk":"SK.601/MeNHUT-II/2012","tahun":2012}},{"type":"Feature","geometry":{"type":"Polygon","coordinates":[[[139.098,-2.107],[139.081,-2.098],[139.068,-2.111],[139.06,-2.101],[139.041,-2.104],[139.02,-2.128],[139.009,-2.127],[138.997,-2.137],[139.085,-2.145],[139.097,-2.182],[139.123,-2.191],[139.129,-2.202],[139.199,-2.213],[139.228,-2.235],[139.207,-2.257],[139.204,-2.266],[139.214,-2.278],[139.208,-2.284],[139.142,-2.266],[139.139,-2.289],[139.157,-2.307],[139.143,-2.315],[139.116,-2.312],[139.1,-2.364],[139.081,-2.374],[139.07,-2.392],[139.052,-2.394],[139.058,-2.41],[139.047,-2.411],[139.06,-2.456],[139.099,-2.497],[139.116,-2.507],[139.16,-2.493],[139.178,-2.5],[139.196,-2.526],[139.192,-2.474],[139.655,-2.626],[139.649,-2.602],[139.682,-2.615],[139.708,-2.638],[139.746,-2.657],[139.822,-2.68],[139.826,-2.63],[139.731,-2.622],[139.713,-2.596],[139.141,-2.426],[139.126,-2.436],[139.129,-2.423],[139.113,-2.372],[139.126,-2.375],[139.134,-2.369],[139.135,-2.338],[139.146,-2.344],[139.145,-2.336],[139.175,-2.327],[139.185,-2.328],[139.188,-2.337],[139.2,-2.329],[139.206,-2.338],[139.205,-2.327],[139.212,-2.33],[139.216,-2.322],[139.215,-2.329],[139.23,-2.333],[139.236,-2.328],[139.238,-2.336],[139.248,-2.327],[139.261,-2.336],[139.274,-2.327],[139.293,-2.327],[139.303,-2.313],[139.289,-2.303],[139.331,-2.283],[139.323,-2.28],[139.332,-2.27],[139.323,-2.263],[139.332,-2.262],[139.322,-2.257],[139.331,-2.253],[139.325,-2.246],[139.332,-2.249],[139.334,-2.243],[139.098,-2.107]]]},"properties":{"jenis":"logging","nama":"PT SALAKI MANDIRI SEJAHTERA","luas":79130,"sk":"SK.396/Menhut-II/2006","tahun":2006}},{"type":"Feature","geometry":{"type":"Polygon","coordinates":[[[139.45,-2.21],[139.438,-2.202],[139.441,-2.225],[139.339,-2.232],[139.342,-2.239],[139.336,-2.235],[139.334,-2.249],[139.325,-2.247],[139.331,-2.254],[139.323,-2.257],[139.333,-2.262],[139.324,-2.263],[139.333,-2.27],[139.323,-2.279],[139.332,-2.282],[139.29,-2.303],[139.304,-2.313],[139.293,-2.327],[139.275,-2.327],[139.261,-2.337],[139.247,-2.327],[139.238,-2.336],[139.235,-2.328],[139.23,-2.334],[139.214,-2.329],[139.215,-2.323],[139.213,-2.331],[139.206,-2.327],[139.206,-2.338],[139.195,-2.328],[139.188,-2.337],[139.175,-2.328],[139.146,-2.337],[139.146,-2.344],[139.136,-2.338],[139.136,-2.369],[139.126,-2.376],[139.113,-2.372],[139.13,-2.424],[139.126,-2.435],[139.141,-2.426],[139.83,-2.629],[139.839,-2.575],[139.835,-2.515],[139.824,-2.474],[139.795,-2.433],[139.681,-2.366],[139.662,-2.373],[139.656,-2.36],[139.631,-2.358],[139.63,-2.344],[139.566,-2.357],[139.466,-2.324],[139.466,-2.311],[139.453,-2.308],[139.44,-2.323],[139.414,-2.31],[139.422,-2.278],[139.445,-2.256],[139.456,-2.263],[139.472,-2.256],[139.495,-2.261],[139.514,-2.279],[139.539,-2.25],[139.481,-2.213],[139.45,-2.21]],[[139.2,-2.33],[139.198,-2.332],[139.198,-2.33],[139.2,-2.33]]]},"properties":{"jenis":"logging","nama":"PT WAPOGA MUTIARA TIMBER UNIT II","luas":169170,"sk":"SK.625/Menhut-II/2012","tahun":2012}},{"type":"Feature","geometry":{"type":"MultiPolygon","coordinates":[[[[115.896,0.585],[115.884,0.604],[115.767,0.591],[115.76,0.564],[115.765,0.518],[115.757,0.457],[115.777,0.405],[115.807,0.362],[115.872,0.41],[115.903,0.5],[115.937,0.548],[115.896,0.585]]],[[[115.756,0.243],[115.713,0.299],[115.659,0.468],[115.577,0.557],[115.566,0.548],[115.601,0.505],[115.607,0.462],[115.632,0.454],[115.619,0.43],[115.638,0.382],[115.649,0.31],[115.694,0.27],[115.717,0.214],[115.734,0.195],[115.744,0.225],[115.753,0.238],[115.76,0.236],[115.756,0.243]]]]},"properties":{"jenis":"logging","nama":"PT JAYA TIMBER TRADING INDUSTRI","luas":52200,"sk":"SK.96/Menhut-II/2011","tahun":2011}},{"type":"Feature","geometry":{"type":"Polygon","coordinates":[[[115.731,0.674],[115.731,0.723],[115.706,0.701],[115.707,0.644],[115.68,0.61],[115.682,0.59],[115.7,0.581],[115.726,0.579],[115.76,0.564],[115.767,0.591],[115.884,0.604],[115.858,0.691],[115.846,0.692],[115.843,0.708],[115.823,0.712],[115.793,0.663],[115.784,0.677],[115.779,0.675],[115.784,0.667],[115.777,0.665],[115.768,0.678],[115.757,0.666],[115.739,0.678],[115.731,0.674]]]},"properties":{"jenis":"logging","nama":"KUD BERINGIN MULYA","luas":23635,"sk":"845/Kpts-II/99","tahun":1999}},{"type":"Feature","geometry":{"type":"MultiPolygon","coordinates":[[[[102.692,-0.082],[102.697,-0.248],[102.798,-0.248],[102.798,-0.21],[102.829,-0.22],[102.852,-0.201],[102.87,-0.202],[102.871,-0.181],[102.883,-0.182],[102.89,-0.17],[102.898,-0.18],[102.909,-0.177],[102.906,-0.158],[102.928,-0.163],[102.938,-0.143],[102.949,-0.154],[102.962,-0.144],[102.974,-0.152],[102.979,-0.134],[102.994,-0.136],[103.006,-0.114],[103.034,-0.098],[103.037,-0.084],[103.027,-0.078],[103.031,-0.09],[103.018,-0.095],[103.016,-0.08],[103.004,-0.09],[102.998,-0.076],[102.993,-0.084],[102.98,-0.086],[102.976,-0.072],[102.965,-0.085],[102.955,-0.076],[102.96,-0.084],[102.953,-0.093],[102.937,-0.08],[102.692,-0.082]]],[[[102.692,-0.082],[102.691,-0.082],[102.692,-0.082],[102.692,-0.082]]]]},"properties":{"jenis":"logging","nama":"PT MUTIARA SABUK KHATULISTIWA","luas":44595,"sk":"SK.109/Kpts-II/2000","tahun":2000}},{"type":"Feature","geometry":{"type":"Polygon","coordinates":[[[111.191,-1.667],[111.193,-1.682],[111.237,-1.705],[111.253,-1.734],[111.253,-1.75],[111.209,-1.847],[111.213,-1.87],[111.233,-1.892],[111.255,-1.895],[111.272,-1.89],[111.271,-1.88],[111.3,-1.881],[111.327,-1.87],[111.328,-1.855],[111.304,-1.863],[111.286,-1.856],[111.294,-1.825],[111.297,-1.836],[111.298,-1.803],[111.318,-1.772],[111.324,-1.743],[111.333,-1.736],[111.378,-1.734],[111.373,-1.724],[111.379,-1.71],[111.372,-1.704],[111.373,-1.687],[111.345,-1.677],[111.351,-1.655],[111.345,-1.659],[111.339,-1.646],[111.321,-1.639],[111.299,-1.641],[111.299,-1.534],[111.215,-1.559],[111.206,-1.574],[111.19,-1.567],[111.083,-1.599],[111.098,-1.67],[111.126,-1.656],[111.142,-1.631],[111.162,-1.633],[111.158,-1.671],[111.166,-1.673],[111.166,-1.626],[111.174,-1.618],[111.191,-1.636],[111.191,-1.657],[111.183,-1.653],[111.181,-1.661],[111.191,-1.667]],[[111.289,-1.832],[111.286,-1.832],[111.287,-1.821],[111.289,-1.832]]]},"properties":{"jenis":"logging","nama":"PT AMPRAH MITRA JAYA","luas":52190,"sk":"SK.96/Menhut-II/2014","tahun":2014}},{"type":"Feature","geometry":{"type":"Polygon","coordinates":[[[115.44,-1.511],[115.434,-1.46],[115.389,-1.458],[115.38,-1.554],[115.293,-1.722],[115.298,-1.782],[115.317,-1.779],[115.31,-1.801],[115.313,-1.834],[115.323,-1.795],[115.337,-1.795],[115.337,-1.779],[115.351,-1.766],[115.344,-1.718],[115.357,-1.707],[115.356,-1.687],[115.376,-1.653],[115.396,-1.667],[115.404,-1.687],[115.418,-1.69],[115.392,-1.758],[115.409,-1.759],[115.408,-1.768],[115.428,-1.776],[115.436,-1.771],[115.438,-1.777],[115.451,-1.759],[115.462,-1.792],[115.498,-1.757],[115.501,-1.734],[115.532,-1.73],[115.559,-1.707],[115.589,-1.707],[115.544,-1.771],[115.563,-1.771],[115.564,-1.801],[115.594,-1.79],[115.595,-1.771],[115.607,-1.771],[115.607,-1.754],[115.635,-1.752],[115.618,-1.699],[115.606,-1.698],[115.647,-1.68],[115.653,-1.657],[115.644,-1.627],[115.629,-1.61],[115.611,-1.605],[115.631,-1.582],[115.593,-1.569],[115.579,-1.544],[115.571,-1.516],[115.572,-1.465],[115.491,-1.462],[115.477,-1.487],[115.44,-1.511]]]},"properties":{"jenis":"logging","nama":"PT AYA YAYANG INDONESIA","luas":87421,"sk":"SK.840/Kpts-VI/1999","tahun":1999}},{"type":"Feature","geometry":{"type":"MultiPolygon","coordinates":[[[[117.33,1.961],[117.336,1.983],[117.313,1.99],[117.324,2.005],[117.294,2.036],[117.27,2.007],[117.246,2.022],[117.22,2.072],[117.237,2.09],[117.2,2.147],[117.147,2.148],[117.112,2.131],[117.107,2.173],[117.081,2.206],[117.066,2.209],[117.051,2.225],[117.031,2.219],[117,2.223],[116.978,2.237],[116.952,2.225],[116.936,2.205],[116.922,2.217],[116.867,2.124],[116.859,2.094],[116.914,2.056],[116.916,2.026],[116.89,1.984],[116.901,1.961],[117.139,1.821],[117.154,1.832],[117.183,1.813],[117.203,1.816],[117.196,1.836],[117.209,1.885],[117.164,1.892],[117.174,1.958],[117.272,1.942],[117.261,1.877],[117.215,1.884],[117.212,1.838],[117.225,1.811],[117.232,1.84],[117.259,1.858],[117.281,1.898],[117.309,1.909],[117.344,1.945],[117.35,1.955],[117.342,1.965],[117.33,1.961]],[[117.323,2.003],[117.324,2.004],[117.323,2.003],[117.323,2.003]]],[[[117.315,1.994],[117.314,1.994],[117.314,1.994],[117.315,1.994]],[[117.321,1.987],[117.321,1.988],[117.322,1.987],[117.321,1.987]]]]},"properties":{"jenis":"logging","nama":"PT INHUTANI I (UNIT LABANAN)","luas":138210,"sk":"SK.484/Menhut-II/06","tahun":2006}},{"type":"Feature","geometry":{"type":"Polygon","coordinates":[[[117.982,-8.108],[117.965,-8.109],[117.946,-8.134],[117.931,-8.13],[117.861,-8.145],[117.853,-8.16],[117.826,-8.158],[117.82,-8.164],[117.844,-8.178],[117.844,-8.193],[117.816,-8.176],[117.79,-8.223],[117.817,-8.284],[117.836,-8.308],[117.858,-8.319],[117.883,-8.353],[117.894,-8.323],[117.888,-8.279],[117.909,-8.226],[117.991,-8.175],[118.008,-8.114],[117.982,-8.108]]]},"properties":{"jenis":"logging","nama":"PT AGRO WAHANA BUMI","luas":28644,"sk":"SK.102/Menhut-II/2013","tahun":2013}},{"type":"Feature","geometry":{"type":"MultiPolygon","coordinates":[[[[121.015,0.937],[120.995,0.937],[120.996,0.874],[120.94,0.874],[120.941,0.846],[120.934,0.854],[120.922,0.846],[120.876,0.847],[120.845,0.868],[120.838,0.846],[120.819,0.831],[120.793,0.833],[120.785,0.819],[120.8,0.808],[120.796,0.78],[120.858,0.82],[120.83,0.816],[120.855,0.841],[120.914,0.837],[120.913,0.828],[120.895,0.822],[120.926,0.814],[120.939,0.776],[120.998,0.835],[121.029,0.833],[121.03,0.845],[121.056,0.863],[121.059,0.883],[121.034,0.89],[121.034,0.937],[121.015,0.937]]],[[[120.39,0.798],[120.35,0.789],[120.342,0.774],[120.346,0.763],[120.331,0.751],[120.302,0.75],[120.293,0.709],[120.173,0.666],[120.205,0.649],[120.234,0.649],[120.269,0.63],[120.306,0.632],[120.32,0.647],[120.322,0.667],[120.304,0.701],[120.344,0.73],[120.357,0.771],[120.388,0.77],[120.391,0.784],[120.402,0.777],[120.403,0.789],[120.39,0.798]]],[[[120.753,0.825],[120.731,0.809],[120.733,0.78],[120.712,0.791],[120.706,0.777],[120.696,0.781],[120.696,0.771],[120.681,0.778],[120.681,0.761],[120.695,0.754],[120.716,0.719],[120.706,0.722],[120.686,0.697],[120.683,0.727],[120.665,0.728],[120.671,0.698],[120.655,0.696],[120.675,0.679],[120.66,0.623],[120.719,0.668],[120.75,0.733],[120.784,0.771],[120.754,0.756],[120.769,0.794],[120.753,0.825]]]]},"properties":{"jenis":"logging","nama":"PT SENTRAL PITULEMPA","luas":40540,"sk":"SK.558/Menhut-II/2006","tahun":2006}},{"type":"Feature","geometry":{"type":"MultiPolygon","coordinates":[[[[122.805,-0.806],[122.751,-0.812],[122.738,-0.828],[122.704,-0.832],[122.685,-0.845],[122.659,-0.831],[122.631,-0.836],[122.626,-0.831],[122.635,-0.829],[122.634,-0.823],[122.618,-0.817],[122.614,-0.844],[122.623,-0.867],[122.577,-0.904],[122.577,-0.913],[122.605,-0.921],[122.623,-0.906],[122.689,-0.893],[122.703,-0.877],[122.72,-0.876],[122.742,-0.848],[122.78,-0.851],[122.814,-0.836],[122.794,-0.861],[122.805,-0.858],[122.845,-0.829],[122.837,-0.821],[122.845,-0.813],[122.805,-0.806]]],[[[122.9,-0.672],[122.853,-0.667],[122.841,-0.682],[122.828,-0.674],[122.801,-0.683],[122.79,-0.673],[122.779,-0.688],[122.797,-0.704],[122.822,-0.697],[122.855,-0.709],[122.867,-0.706],[122.913,-0.732],[122.937,-0.723],[122.966,-0.738],[122.978,-0.72],[122.999,-0.716],[123.001,-0.669],[122.966,-0.676],[122.931,-0.699],[122.919,-0.696],[122.9,-0.672]]],[[[122.958,-0.764],[122.935,-0.775],[122.87,-0.777],[122.862,-0.785],[122.923,-0.789],[122.932,-0.805],[122.961,-0.808],[122.977,-0.766],[122.958,-0.764]]]]},"properties":{"jenis":"logging","nama":"PT SATYAGUNA SULAJAYA","luas":27740,"sk":"SK.333/Menhut-II/2004","tahun":2004}},{"type":"Feature","geometry":{"type":"MultiPolygon","coordinates":[[[[122.482,-1.059],[122.415,-1.092],[122.36,-1.132],[122.331,-1.141],[122.284,-1.142],[122.276,-1.132],[122.232,-1.128],[122.188,-1.131],[122.08,-1.106],[122.073,-1.116],[122.099,-1.127],[122.099,-1.147],[122.113,-1.146],[122.118,-1.157],[122.131,-1.157],[122.139,-1.169],[122.167,-1.18],[122.187,-1.202],[122.168,-1.205],[122.143,-1.188],[122.096,-1.184],[122.075,-1.167],[122.047,-1.162],[122.052,-1.183],[122.036,-1.178],[122.034,-1.186],[122.022,-1.185],[122.028,-1.209],[122.022,-1.211],[121.969,-1.18],[121.957,-1.231],[121.915,-1.26],[121.924,-1.279],[122.009,-1.278],[122.022,-1.262],[122.056,-1.255],[122.083,-1.283],[122.078,-1.311],[122.092,-1.314],[122.115,-1.287],[122.193,-1.263],[122.211,-1.267],[122.209,-1.294],[122.22,-1.297],[122.297,-1.265],[122.345,-1.219],[122.364,-1.169],[122.382,-1.147],[122.48,-1.077],[122.482,-1.059]]],[[[121.786,-1.322],[121.78,-1.312],[121.794,-1.3],[121.787,-1.293],[121.768,-1.284],[121.738,-1.295],[121.645,-1.348],[121.646,-1.394],[121.69,-1.398],[121.722,-1.384],[121.781,-1.39],[121.808,-1.427],[121.839,-1.444],[121.844,-1.462],[121.838,-1.489],[121.861,-1.505],[121.885,-1.473],[121.876,-1.454],[121.887,-1.451],[121.856,-1.402],[121.852,-1.361],[121.858,-1.336],[121.82,-1.352],[121.786,-1.322]],[[121.702,-1.377],[121.698,-1.361],[121.728,-1.323],[121.777,-1.35],[121.773,-1.364],[121.762,-1.371],[121.702,-1.377]]],[[[121.838,-1.533],[121.829,-1.529],[121.828,-1.512],[121.798,-1.545],[121.784,-1.544],[121.786,-1.561],[121.759,-1.572],[121.747,-1.569],[121.741,-1.552],[121.749,-1.544],[121.768,-1.551],[121.779,-1.542],[121.729,-1.533],[121.715,-1.554],[121.744,-1.589],[121.769,-1.591],[121.776,-1.602],[121.841,-1.578],[121.877,-1.538],[121.865,-1.531],[121.838,-1.533]]]]},"properties":{"jenis":"logging","nama":"PT BINA BALANTAK RAYA","luas":95270,"sk":"SK.334/Menhut-II/2004","tahun":2004}},{"type":"Feature","geometry":{"type":"Polygon","coordinates":[[[120.477,-1.634],[120.473,-1.62],[120.461,-1.618],[120.481,-1.598],[120.483,-1.576],[120.474,-1.562],[120.474,-1.542],[120.489,-1.54],[120.461,-1.491],[120.464,-1.474],[120.475,-1.47],[120.474,-1.445],[120.467,-1.421],[120.433,-1.421],[120.441,-1.547],[120.452,-1.574],[120.442,-1.59],[120.424,-1.595],[120.409,-1.619],[120.417,-1.62],[120.42,-1.632],[120.434,-1.629],[120.447,-1.643],[120.52,-1.643],[120.546,-1.627],[120.567,-1.647],[120.569,-1.629],[120.593,-1.614],[120.593,-1.625],[120.581,-1.641],[120.58,-1.684],[120.556,-1.706],[120.554,-1.736],[120.585,-1.733],[120.605,-1.721],[120.633,-1.619],[120.668,-1.598],[120.677,-1.612],[120.692,-1.604],[120.705,-1.573],[120.695,-1.551],[120.712,-1.54],[120.697,-1.526],[120.697,-1.513],[120.715,-1.49],[120.703,-1.464],[120.686,-1.459],[120.689,-1.45],[120.68,-1.447],[120.68,-1.456],[120.669,-1.456],[120.679,-1.471],[120.675,-1.481],[120.659,-1.488],[120.626,-1.531],[120.655,-1.57],[120.631,-1.579],[120.607,-1.599],[120.594,-1.569],[120.601,-1.553],[120.614,-1.556],[120.623,-1.544],[120.614,-1.536],[120.614,-1.51],[120.593,-1.518],[120.61,-1.488],[120.606,-1.477],[120.586,-1.469],[120.594,-1.436],[120.589,-1.423],[120.597,-1.419],[120.589,-1.389],[120.581,-1.375],[120.568,-1.374],[120.556,-1.328],[120.516,-1.256],[120.488,-1.23],[120.456,-1.219],[120.529,-1.301],[120.531,-1.339],[120.54,-1.357],[120.528,-1.366],[120.542,-1.372],[120.551,-1.394],[120.544,-1.436],[120.576,-1.483],[120.556,-1.524],[120.533,-1.549],[120.549,-1.554],[120.565,-1.54],[120.575,-1.573],[120.545,-1.586],[120.541,-1.602],[120.517,-1.607],[120.505,-1.625],[120.483,-1.617],[120.477,-1.634]]]},"properties":{"jenis":"logging","nama":"PT PASURUAN FURNINDO INDS","luas":47915,"sk":"SK.34/Kpts-II/2001","tahun":2001}},{"type":"Feature","geometry":{"type":"Polygon","coordinates":[[[123.461,0.738],[123.448,0.71],[123.435,0.698],[123.416,0.695],[123.428,0.692],[123.444,0.67],[123.465,0.662],[123.491,0.624],[123.509,0.625],[123.526,0.607],[123.543,0.605],[123.544,0.642],[123.559,0.658],[123.589,0.669],[123.623,0.662],[123.64,0.688],[123.651,0.679],[123.667,0.629],[123.664,0.622],[123.643,0.618],[123.644,0.602],[123.74,0.623],[123.693,0.757],[123.643,0.737],[123.51,0.651],[123.5,0.655],[123.488,0.679],[123.535,0.7],[123.548,0.725],[123.498,0.722],[123.467,0.753],[123.461,0.738]]]},"properties":{"jenis":"logging","nama":"PT HUMA SULUT LESTARI","luas":26800,"sk":"SK.39/Kpts-II/2001","tahun":2001}},{"type":"Feature","geometry":{"type":"MultiPolygon","coordinates":[[[[119.659,-1.761],[119.642,-1.76],[119.6,-1.732],[119.612,-1.788],[119.64,-1.789],[119.645,-1.815],[119.548,-1.83],[119.505,-1.852],[119.514,-1.927],[119.526,-1.944],[119.615,-1.942],[119.611,-1.916],[119.652,-1.908],[119.67,-1.865],[119.642,-1.842],[119.656,-1.816],[119.682,-1.806],[119.687,-1.773],[119.659,-1.761]]],[[[119.543,-1.554],[119.533,-1.565],[119.534,-1.577],[119.516,-1.578],[119.504,-1.604],[119.485,-1.616],[119.489,-1.651],[119.47,-1.666],[119.492,-1.671],[119.502,-1.682],[119.533,-1.682],[119.552,-1.656],[119.543,-1.608],[119.549,-1.571],[119.561,-1.556],[119.543,-1.554]]]]},"properties":{"jenis":"logging","nama":"PT ZEDSKO PERMAI","luas":30525,"sk":"SK.264/Menhut-II/2004","tahun":2004}},{"type":"Feature","geometry":{"type":"MultiPolygon","coordinates":[[[[120.818,-1.725],[120.771,-1.714],[120.76,-1.7],[120.742,-1.725],[120.732,-1.727],[120.823,-1.865],[120.9,-1.867],[120.911,-1.846],[120.982,-1.832],[120.958,-1.805],[120.921,-1.79],[120.905,-1.762],[120.913,-1.751],[120.818,-1.725]]],[[[120.757,-1.825],[120.742,-1.802],[120.696,-1.822],[120.706,-1.832],[120.704,-1.864],[120.717,-1.881],[120.721,-1.913],[120.761,-1.953],[120.783,-1.946],[120.771,-1.896],[120.786,-1.865],[120.776,-1.841],[120.757,-1.825]]]]},"properties":{"jenis":"logging","nama":"PT RIU MAMBA KARAYA SENTOSA","luas":34610,"sk":"SK.40/Menhut-II/2006","tahun":2006}},{"type":"Feature","geometry":{"type":"MultiPolygon","coordinates":[[[[120.065,0.42],[120.046,0.417],[120.037,0.398],[119.976,0.349],[119.969,0.328],[119.964,0.265],[119.971,0.219],[119.957,0.188],[119.956,0.152],[119.978,0.137],[120.009,0.148],[120.036,0.124],[120.034,0.114],[120.06,0.146],[120.073,0.22],[120.094,0.227],[120.079,0.259],[120.066,0.263],[120.068,0.292],[120.051,0.317],[120.057,0.379],[120.075,0.407],[120.065,0.42]]],[[[120.067,0.085],[120.053,0.071],[120.056,0.058],[120.043,0.052],[120.027,0.026],[119.99,0.026],[119.977,0.014],[119.936,0.037],[119.929,0.053],[119.92,0.053],[119.915,-0.017],[119.955,-0.023],[120.027,-0.016],[120.055,0.005],[120.079,0.055],[120.067,0.085]]]]},"properties":{"jenis":"logging","nama":"PT TAMAN HUTAN ASRI","luas":40380,"sk":"SK.360/Menhut-II/2013","tahun":2013}},{"type":"Feature","geometry":{"type":"MultiPolygon","coordinates":[[[[117.312,1.343],[117.326,1.337],[117.322,1.326],[117.296,1.317],[117.291,1.324],[117.308,1.342],[117.265,1.337],[117.258,1.382],[117.23,1.373],[117.219,1.36],[117.219,1.342],[117.21,1.348],[117.189,1.34],[117.19,1.332],[117.251,1.318],[117.253,1.305],[117.217,1.264],[117.22,1.222],[117.23,1.215],[117.245,1.225],[117.334,1.179],[117.365,1.179],[117.374,1.167],[117.375,1.143],[117.369,1.126],[117.345,1.102],[117.433,1.061],[117.476,1.067],[117.477,1.082],[117.497,1.092],[117.451,1.146],[117.44,1.191],[117.447,1.209],[117.477,1.244],[117.443,1.242],[117.443,1.247],[117.477,1.245],[117.48,1.274],[117.449,1.292],[117.427,1.277],[117.399,1.255],[117.39,1.228],[117.403,1.189],[117.399,1.183],[117.382,1.197],[117.372,1.192],[117.388,1.268],[117.421,1.306],[117.374,1.324],[117.36,1.277],[117.33,1.228],[117.306,1.212],[117.274,1.232],[117.27,1.256],[117.364,1.329],[117.371,1.326],[117.338,1.356],[117.36,1.402],[117.355,1.437],[117.323,1.409],[117.334,1.382],[117.312,1.343]]],[[[117.664,1.517],[117.689,1.596],[117.688,1.614],[117.548,1.69],[117.494,1.654],[117.491,1.634],[117.482,1.625],[117.638,1.532],[117.6,1.487],[117.615,1.494],[117.625,1.483],[117.607,1.453],[117.62,1.454],[117.627,1.475],[117.645,1.49],[117.646,1.474],[117.664,1.517]]],[[[117.738,1.591],[117.716,1.498],[117.722,1.489],[117.739,1.513],[117.773,1.527],[117.768,1.567],[117.759,1.583],[117.738,1.591]]],[[[117.291,1.425],[117.306,1.437],[117.302,1.455],[117.282,1.42],[117.291,1.425]]],[[[117.312,1.343],[117.312,1.343],[117.312,1.343],[117.312,1.343]]]]},"properties":{"jenis":"logging","nama":"PT SEGARA INDOCHEM","luas":85725,"sk":"SK.990/Kpts-IV/1999","tahun":2009}},{"type":"Feature","geometry":{"type":"MultiPolygon","coordinates":[[[[116.501,3.224],[116.478,3.212],[116.479,3.185],[116.468,3.18],[116.462,3.148],[116.473,3.134],[116.463,3.13],[116.468,3.123],[116.461,3.111],[116.47,3.085],[116.48,3.081],[116.472,3.063],[116.48,3.061],[116.481,3.05],[116.473,3.049],[116.504,2.913],[116.506,2.869],[116.579,2.946],[116.635,3.026],[116.618,3.008],[116.6,3.082],[116.613,3.117],[116.58,3.178],[116.586,3.185],[116.501,3.224]]],[[[116.47,3.089],[116.47,3.091],[116.469,3.09],[116.47,3.089]]],[[[116.467,3.132],[116.466,3.133],[116.465,3.132],[116.467,3.132]]],[[[116.467,3.172],[116.467,3.173],[116.467,3.174],[116.467,3.172]]],[[[116.483,3.213],[116.482,3.214],[116.482,3.213],[116.483,3.213]]],[[[116.466,3.171],[116.467,3.171],[116.467,3.172],[116.466,3.171]]],[[[116.467,3.121],[116.467,3.121],[116.467,3.121],[116.467,3.121]]]]},"properties":{"jenis":"logging","nama":"PT INHUTANI II UNIT MALINAU","luas":29040,"sk":"SK.664/Menhut-II/2011","tahun":2011}},{"type":"Feature","geometry":{"type":"Polygon","coordinates":[[[127.203,-3.374],[127.185,-3.369],[127.162,-3.387],[127.153,-3.406],[127.156,-3.414],[127.192,-3.422],[127.199,-3.431],[127.213,-3.493],[127.207,-3.496],[127.205,-3.553],[127.191,-3.552],[127.188,-3.566],[127.223,-3.573],[127.214,-3.614],[127.207,-3.616],[127.227,-3.627],[127.231,-3.608],[127.222,-3.595],[127.239,-3.58],[127.245,-3.525],[127.243,-3.481],[127.235,-3.483],[127.238,-3.382],[127.203,-3.374]]]},"properties":{"jenis":"logging","nama":"PT MALUKU SENTOSA","luas":12600,"sk":"SK.377/Menhut-VI/2004","tahun":2004}},{"type":"Feature","geometry":{"type":"Polygon","coordinates":[[[129.223,-3],[129.239,-3.009],[129.296,-3.009],[129.394,-3.073],[129.418,-3.077],[129.417,-3.066],[129.436,-3.046],[129.474,-3.028],[129.502,-3.031],[129.514,-2.977],[129.508,-2.939],[129.529,-2.915],[129.527,-2.89],[129.536,-2.859],[129.529,-2.85],[129.453,-2.83],[129.388,-2.833],[129.316,-2.905],[129.324,-2.922],[129.323,-2.967],[129.306,-2.961],[129.252,-2.971],[129.192,-2.97],[129.201,-2.993],[129.223,-3]]]},"properties":{"jenis":"logging","nama":"PT TALISAN EMAS","luas":54750,"sk":"SK.346/Menhut-II/2008","tahun":2008}},{"type":"Feature","geometry":{"type":"MultiPolygon","coordinates":[[[[131.49,-7.715],[131.517,-7.689],[131.505,-7.648],[131.537,-7.656],[131.557,-7.63],[131.507,-7.623],[131.443,-7.593],[131.416,-7.59],[131.411,-7.6],[131.401,-7.595],[131.326,-7.623],[131.294,-7.6],[131.248,-7.595],[131.236,-7.605],[131.226,-7.599],[131.234,-7.558],[131.227,-7.547],[131.203,-7.598],[131.205,-7.618],[131.224,-7.64],[131.21,-7.676],[131.248,-7.694],[131.278,-7.666],[131.291,-7.672],[131.29,-7.686],[131.253,-7.743],[131.17,-7.747],[131.147,-7.788],[131.168,-7.812],[131.207,-7.813],[131.252,-7.801],[131.263,-7.829],[131.299,-7.835],[131.312,-7.818],[131.341,-7.812],[131.339,-7.824],[131.347,-7.822],[131.356,-7.81],[131.371,-7.804],[131.379,-7.813],[131.409,-7.791],[131.436,-7.74],[131.468,-7.711],[131.469,-7.696],[131.452,-7.668],[131.475,-7.678],[131.49,-7.715]]],[[[131.416,-7.44],[131.579,-7.455],[131.611,-7.5],[131.603,-7.549],[131.586,-7.581],[131.598,-7.605],[131.61,-7.6],[131.628,-7.551],[131.628,-7.507],[131.62,-7.504],[131.619,-7.492],[131.635,-7.45],[131.619,-7.396],[131.627,-7.37],[131.619,-7.352],[131.587,-7.343],[131.489,-7.34],[131.41,-7.44],[131.416,-7.44]]]]},"properties":{"jenis":"logging","nama":"PT KARYA JAYA BERDIKARI","luas":93980,"sk":"SK.117//Menhut-II/2009","tahun":2009}},{"type":"Feature","geometry":{"type":"Polygon","coordinates":[[[127.846,-0.3],[127.872,-0.331],[127.862,-0.356],[127.89,-0.387],[127.909,-0.389],[127.924,-0.373],[127.951,-0.416],[128.015,-0.441],[128.002,-0.493],[127.987,-0.514],[128.027,-0.549],[128.031,-0.564],[128.091,-0.63],[128.06,-0.669],[128.124,-0.705],[128.143,-0.703],[128.205,-0.717],[128.21,-0.708],[128.194,-0.674],[128.055,-0.449],[128.013,-0.358],[127.98,-0.361],[127.964,-0.35],[127.973,-0.314],[127.961,-0.285],[127.956,-0.206],[127.93,-0.113],[127.858,-0.118],[127.847,-0.151],[127.874,-0.15],[127.888,-0.165],[127.882,-0.196],[127.903,-0.22],[127.84,-0.249],[127.849,-0.271],[127.846,-0.3]]]},"properties":{"jenis":"logging","nama":"PT SURYA KIRANA DUTAMAS","luas":66230,"sk":"SK.630/Menhut-II/2009","tahun":2009}},{"type":"Feature","geometry":{"type":"MultiPolygon","coordinates":[[[[127.444,-1.413],[127.441,-1.409],[127.415,-1.42],[127.42,-1.428],[127.431,-1.426],[127.433,-1.437],[127.444,-1.433],[127.439,-1.452],[127.428,-1.458],[127.433,-1.469],[127.416,-1.48],[127.419,-1.495],[127.432,-1.495],[127.433,-1.539],[127.442,-1.553],[127.444,-1.654],[127.521,-1.703],[127.604,-1.688],[127.604,-1.67],[127.587,-1.668],[127.613,-1.549],[127.601,-1.535],[127.598,-1.478],[127.579,-1.503],[127.586,-1.529],[127.574,-1.529],[127.567,-1.507],[127.562,-1.516],[127.569,-1.539],[127.555,-1.547],[127.545,-1.533],[127.539,-1.499],[127.554,-1.462],[127.563,-1.45],[127.572,-1.455],[127.575,-1.449],[127.508,-1.434],[127.508,-1.449],[127.501,-1.454],[127.493,-1.45],[127.493,-1.439],[127.485,-1.447],[127.437,-1.426],[127.435,-1.419],[127.444,-1.413]]],[[[127.851,-1.482],[127.822,-1.47],[127.806,-1.455],[127.8,-1.431],[127.787,-1.428],[127.791,-1.453],[127.733,-1.49],[127.743,-1.499],[127.735,-1.518],[127.873,-1.557],[127.877,-1.448],[127.824,-1.453],[127.85,-1.464],[127.862,-1.461],[127.863,-1.477],[127.851,-1.482]]],[[[128.145,-1.666],[128.156,-1.623],[128.148,-1.605],[128.118,-1.579],[128.094,-1.589],[128.086,-1.667],[128.145,-1.666]]]]},"properties":{"jenis":"logging","nama":"PT TELAGA BHAKTI PERSADA","luas":63405,"sk":"SK.372/Menhut-II/2009","tahun":2009}},{"type":"Feature","geometry":{"type":"Polygon","coordinates":[[[128.428,0.575],[128.298,0.485],[128.299,0.428],[128.321,0.421],[128.346,0.429],[128.355,0.449],[128.367,0.453],[128.403,0.424],[128.473,0.409],[128.487,0.413],[128.526,0.37],[128.614,0.417],[128.617,0.485],[128.608,0.504],[128.553,0.544],[128.528,0.548],[128.506,0.572],[128.428,0.575]]]},"properties":{"jenis":"logging","nama":"PT MOHTRA AGUNG PERSADA","luas":50940,"sk":"SK.400/Menhut-II/2006","tahun":2006}},{"type":"Feature","geometry":{"type":"Polygon","coordinates":[[[127.531,-0.565],[127.535,-0.569],[127.542,-0.559],[127.574,-0.571],[127.578,-0.58],[127.557,-0.582],[127.576,-0.589],[127.621,-0.539],[127.574,-0.541],[127.557,-0.463],[127.576,-0.434],[127.557,-0.435],[127.518,-0.463],[127.491,-0.466],[127.485,-0.457],[127.461,-0.456],[127.454,-0.508],[127.462,-0.513],[127.462,-0.535],[127.473,-0.541],[127.462,-0.565],[127.428,-0.554],[127.406,-0.57],[127.404,-0.546],[127.431,-0.488],[127.418,-0.463],[127.426,-0.439],[127.381,-0.446],[127.35,-0.438],[127.316,-0.465],[127.334,-0.519],[127.363,-0.534],[127.398,-0.583],[127.413,-0.578],[127.438,-0.595],[127.491,-0.594],[127.515,-0.569],[127.531,-0.565]],[[127.37,-0.453],[127.373,-0.463],[127.342,-0.476],[127.345,-0.461],[127.37,-0.453]],[[127.359,-0.525],[127.347,-0.519],[127.375,-0.503],[127.377,-0.515],[127.359,-0.525]]]},"properties":{"jenis":"logging","nama":"PT BELA BERKAT ANUGERAH","luas":33880,"sk":"SK.389/Menhut-II/2006","tahun":2006}},{"type":"Feature","geometry":{"type":"MultiPolygon","coordinates":[[[[127.873,1.993],[127.905,2.016],[127.921,2.046],[127.933,2.082],[127.915,2.096],[127.898,2.088],[127.851,2.006],[127.861,1.989],[127.873,1.993]]],[[[127.56,1.598],[127.553,1.599],[127.544,1.58],[127.528,1.586],[127.511,1.557],[127.529,1.551],[127.526,1.529],[127.541,1.495],[127.553,1.501],[127.559,1.53],[127.579,1.534],[127.583,1.547],[127.599,1.545],[127.61,1.556],[127.584,1.559],[127.56,1.598]]],[[[127.707,1.836],[127.754,1.875],[127.755,1.894],[127.739,1.908],[127.694,1.869],[127.676,1.84],[127.699,1.831],[127.707,1.836]]]]},"properties":{"jenis":"logging","nama":"PT NUSA NIWE INDAH","luas":73500,"sk":"SK.410/Menhut-II/2004","tahun":2004}},{"type":"Feature","geometry":{"type":"Polygon","coordinates":[[[127.736,1.405],[127.724,1.394],[127.703,1.343],[127.678,1.309],[127.732,1.207],[127.747,1.199],[127.744,1.19],[127.724,1.183],[127.749,1.158],[127.753,1.194],[127.784,1.217],[127.785,1.263],[127.771,1.322],[127.736,1.324],[127.768,1.489],[127.824,1.599],[127.883,1.604],[127.925,1.594],[127.922,1.622],[127.856,1.632],[127.79,1.597],[127.757,1.535],[127.751,1.456],[127.736,1.405]]]},"properties":{"jenis":"logging","nama":"PT TUNAS PUSAKA MANDIRI","luas":24430,"sk":"SK.351/Menhut-II/2006","tahun":2006}},{"type":"Feature","geometry":{"type":"MultiPolygon","coordinates":[[[[127.981,0.612],[127.967,0.623],[127.958,0.654],[127.915,0.631],[127.896,0.586],[127.886,0.58],[127.847,0.607],[127.845,0.576],[127.862,0.526],[127.892,0.549],[127.916,0.524],[127.907,0.513],[127.908,0.496],[127.974,0.535],[127.96,0.582],[127.964,0.591],[127.989,0.6],[128.046,0.585],[128.03,0.558],[128.049,0.544],[128.081,0.553],[128.091,0.567],[128.099,0.626],[128.088,0.638],[128.011,0.613],[127.981,0.612]]],[[[127.997,0.808],[128.002,0.785],[128.032,0.77],[128.042,0.757],[128.041,0.736],[128.027,0.712],[128.027,0.686],[128.034,0.687],[128.078,0.758],[128.09,0.763],[128.115,0.741],[128.123,0.742],[128.142,0.763],[128.165,0.765],[128.197,0.79],[127.997,0.808]]],[[[128.212,0.759],[128.201,0.753],[128.184,0.715],[128.16,0.705],[128.151,0.69],[128.115,0.711],[128.097,0.664],[128.107,0.652],[128.128,0.651],[128.139,0.636],[128.129,0.621],[128.13,0.591],[128.145,0.591],[128.197,0.723],[128.218,0.753],[128.212,0.759]]],[[[127.976,0.799],[127.909,0.8],[127.869,0.767],[127.836,0.75],[127.864,0.721],[127.912,0.708],[127.924,0.729],[127.912,0.764],[127.976,0.799]]]]},"properties":{"jenis":"logging","nama":"PT WANA KENCANA SEJATI II","luas":45825,"sk":"SK.295/Menhut-II/2007","tahun":2007}},{"type":"Feature","geometry":{"type":"Polygon","coordinates":[[[128.203,0.805],[128.22,0.823],[128.197,0.824],[128.197,0.854],[128.177,0.917],[128.155,0.944],[128.109,0.967],[128.107,0.982],[128.1,0.985],[128.099,1.007],[128.128,1.03],[128.14,0.997],[128.165,0.981],[128.193,0.984],[128.177,1.036],[128.158,1.028],[128.153,1.048],[128.101,1.037],[128.093,1.06],[128.065,1.052],[128.051,1.041],[127.991,0.809],[128.197,0.79],[128.203,0.805]]]},"properties":{"jenis":"logging","nama":"PT WANA KENCANA SEJATI","luas":47410,"sk":"SK.95/Menhut-II/2005","tahun":2005}},{"type":"Feature","geometry":{"type":"MultiPolygon","coordinates":[[[[128.001,-1.509],[127.974,-1.555],[128.012,-1.58],[128.006,-1.609],[127.964,-1.604],[127.939,-1.618],[127.925,-1.617],[127.919,-1.609],[127.857,-1.612],[127.858,-1.583],[127.848,-1.569],[127.803,-1.549],[127.799,-1.555],[127.813,-1.559],[127.813,-1.567],[127.799,-1.573],[127.818,-1.571],[127.815,-1.582],[127.793,-1.586],[127.794,-1.596],[127.808,-1.598],[127.807,-1.603],[127.787,-1.617],[127.6,-1.61],[127.587,-1.668],[127.604,-1.67],[127.603,-1.736],[127.617,-1.717],[127.646,-1.73],[127.662,-1.727],[127.674,-1.706],[127.72,-1.686],[127.736,-1.696],[127.754,-1.687],[127.816,-1.701],[127.839,-1.693],[127.855,-1.698],[127.892,-1.683],[127.981,-1.699],[128.024,-1.727],[128.044,-1.718],[128.033,-1.537],[128.019,-1.527],[128.012,-1.53],[128.015,-1.521],[128.001,-1.509]]],[[[127.643,-1.331],[127.62,-1.352],[127.581,-1.364],[127.537,-1.407],[127.513,-1.417],[127.517,-1.436],[127.508,-1.434],[127.578,-1.45],[127.593,-1.463],[127.599,-1.491],[127.618,-1.485],[127.631,-1.502],[127.636,-1.483],[127.624,-1.483],[127.624,-1.473],[127.636,-1.441],[127.648,-1.434],[127.691,-1.437],[127.715,-1.468],[127.724,-1.419],[127.732,-1.427],[127.727,-1.448],[127.752,-1.47],[127.786,-1.449],[127.786,-1.427],[127.775,-1.413],[127.728,-1.397],[127.732,-1.344],[127.707,-1.336],[127.698,-1.342],[127.702,-1.353],[127.692,-1.353],[127.674,-1.332],[127.666,-1.337],[127.669,-1.349],[127.643,-1.331]]]]},"properties":{"jenis":"logging","nama":"PT POLEKO YUBARSON TRADING","luas":86599,"sk":"SK.962/Kpts-II/1999","tahun":1999}},{"type":"Feature","geometry":{"type":"MultiPolygon","coordinates":[[[[128.684,1.564],[128.668,1.577],[128.622,1.544],[128.593,1.538],[128.547,1.548],[128.524,1.525],[128.463,1.499],[128.464,1.455],[128.474,1.461],[128.503,1.457],[128.503,1.478],[128.514,1.477],[128.515,1.497],[128.535,1.496],[128.569,1.466],[128.578,1.446],[128.604,1.453],[128.635,1.445],[128.64,1.425],[128.621,1.422],[128.459,1.289],[128.438,1.218],[128.456,1.226],[128.486,1.288],[128.52,1.301],[128.527,1.298],[128.512,1.221],[128.525,1.215],[128.575,1.237],[128.554,1.316],[128.595,1.346],[128.591,1.375],[128.621,1.389],[128.667,1.393],[128.68,1.378],[128.66,1.326],[128.614,1.302],[128.623,1.24],[128.638,1.237],[128.656,1.278],[128.689,1.289],[128.703,1.304],[128.715,1.34],[128.697,1.367],[128.707,1.409],[128.695,1.422],[128.652,1.42],[128.627,1.488],[128.649,1.502],[128.684,1.564]]],[[[128.623,1.185],[128.623,1.231],[128.605,1.193],[128.562,1.161],[128.538,1.155],[128.511,1.161],[128.486,1.142],[128.464,1.153],[128.396,1.11],[128.376,1.071],[128.376,1.052],[128.412,1.057],[128.487,1.104],[128.488,1.094],[128.447,1.037],[128.4,1.003],[128.353,0.985],[128.339,1.032],[128.303,1.028],[128.272,1.079],[128.263,1.071],[128.289,1],[128.291,0.962],[128.311,0.951],[128.306,0.926],[128.348,0.924],[128.364,0.951],[128.375,0.955],[128.392,0.948],[128.4,0.964],[128.442,0.972],[128.441,0.989],[128.461,0.998],[128.432,1.014],[128.48,1.063],[128.525,1.068],[128.526,1.112],[128.554,1.107],[128.589,1.153],[128.604,1.15],[128.623,1.185]]]]},"properties":{"jenis":"logging","nama":"PT TUNGGAL AGATHIS INDAH WOOD INDUSTRIES UNIT I","luas":73375,"sk":"SK.368/Menhut-II/2009","tahun":2009}},{"type":"Feature","geometry":{"type":"Polygon","coordinates":[[[134.623,-5.615],[134.598,-5.616],[134.584,-5.629],[134.601,-5.677],[134.59,-5.687],[134.576,-5.678],[134.572,-5.657],[134.554,-5.651],[134.528,-5.655],[134.502,-5.691],[134.477,-5.733],[134.516,-5.751],[134.516,-5.8],[134.463,-5.827],[134.424,-5.834],[134.394,-5.86],[134.385,-5.889],[134.418,-5.919],[134.444,-5.927],[134.474,-5.924],[134.501,-5.897],[134.609,-5.865],[134.621,-5.859],[134.624,-5.847],[134.656,-5.838],[134.678,-5.789],[134.677,-5.773],[134.643,-5.76],[134.647,-5.729],[134.658,-5.722],[134.655,-5.707],[134.671,-5.701],[134.673,-5.688],[134.657,-5.652],[134.623,-5.615]]]},"properties":{"jenis":"logging","nama":"PT WANA SEJAHTERA ABADI","luas":54560,"sk":"SK.426/Menhut-II/2012","tahun":2012}},{"type":"Feature","geometry":{"type":"Polygon","coordinates":[[[126.737,-3.498],[126.694,-3.471],[126.664,-3.523],[126.63,-3.557],[126.641,-3.585],[126.627,-3.592],[126.659,-3.605],[126.68,-3.597],[126.686,-3.619],[126.702,-3.624],[126.711,-3.636],[126.742,-3.643],[126.791,-3.644],[126.822,-3.633],[126.849,-3.65],[126.855,-3.666],[126.912,-3.652],[126.929,-3.666],[126.992,-3.623],[126.994,-3.616],[126.981,-3.61],[126.983,-3.602],[126.908,-3.614],[126.897,-3.63],[126.878,-3.586],[126.845,-3.615],[126.835,-3.613],[126.794,-3.569],[126.739,-3.559],[126.761,-3.542],[126.758,-3.522],[126.737,-3.498]]]},"properties":{"jenis":"logging","nama":"PT REMINAL UTAMA SAKTI","luas":32385,"sk":"SK.720/Menhut-II/2013","tahun":2013}},{"type":"Feature","geometry":{"type":"MultiPolygon","coordinates":[[[[129.122,-3.163],[129.107,-3.164],[129.087,-3.205],[129.088,-3.217],[129.131,-3.238],[129.116,-3.262],[129.124,-3.269],[129.117,-3.314],[129.176,-3.33],[129.186,-3.304],[129.229,-3.26],[129.236,-3.234],[129.248,-3.235],[129.236,-3.213],[129.243,-3.203],[129.198,-3.183],[129.173,-3.18],[129.157,-3.187],[129.122,-3.163]]],[[[128.959,-3.136],[128.967,-3.106],[128.922,-3.104],[128.924,-3.117],[128.908,-3.127],[128.844,-3.127],[128.817,-3.151],[128.845,-3.156],[128.863,-3.144],[128.91,-3.137],[128.957,-3.146],[128.959,-3.136]]],[[[129.034,-3.166],[129.033,-3.128],[129.001,-3.122],[128.979,-3.144],[129.017,-3.148],[129.029,-3.154],[129.033,-3.173],[129.034,-3.166]]]]},"properties":{"jenis":"logging","nama":"PT BINTANG LIMA MAKMUR","luas":24550,"sk":"SK.537/Menhut-II/2012","tahun":2012}},{"type":"Feature","geometry":{"type":"MultiPolygon","coordinates":[[[[126.649,-3.627],[126.659,-3.605],[126.627,-3.592],[126.641,-3.585],[126.631,-3.562],[126.59,-3.576],[126.594,-3.606],[126.575,-3.612],[126.566,-3.629],[126.562,-3.621],[126.539,-3.631],[126.483,-3.629],[126.468,-3.65],[126.481,-3.687],[126.478,-3.734],[126.51,-3.759],[126.513,-3.724],[126.531,-3.683],[126.575,-3.657],[126.582,-3.636],[126.616,-3.652],[126.648,-3.634],[126.649,-3.627]]],[[[126.618,-3.395],[126.603,-3.389],[126.58,-3.424],[126.599,-3.442],[126.627,-3.44],[126.64,-3.484],[126.636,-3.501],[126.589,-3.478],[126.56,-3.499],[126.55,-3.5],[126.544,-3.49],[126.536,-3.496],[126.511,-3.49],[126.486,-3.517],[126.494,-3.537],[126.559,-3.555],[126.561,-3.544],[126.543,-3.54],[126.569,-3.508],[126.624,-3.511],[126.641,-3.501],[126.646,-3.484],[126.636,-3.443],[126.612,-3.419],[126.614,-3.407],[126.63,-3.403],[126.627,-3.392],[126.618,-3.395]]],[[[126.695,-3.297],[126.689,-3.272],[126.65,-3.29],[126.654,-3.3],[126.671,-3.297],[126.673,-3.304],[126.622,-3.361],[126.657,-3.355],[126.701,-3.311],[126.695,-3.297]]],[[[126.518,-3.472],[126.535,-3.403],[126.5,-3.441],[126.464,-3.461],[126.474,-3.486],[126.503,-3.472],[126.516,-3.484],[126.518,-3.472]]],[[[126.664,-3.251],[126.669,-3.226],[126.658,-3.239],[126.664,-3.251]]],[[[126.65,-3.399],[126.649,-3.39],[126.634,-3.39],[126.65,-3.399]]]]},"properties":{"jenis":"logging","nama":"PT WANA POTENSI NUSA","luas":28950,"sk":"26/1/IUPHHK-HA/PMDN/2016","tahun":2016}},{"type":"Feature","geometry":{"type":"Polygon","coordinates":[[[129.029,-2.939],[129.02,-2.916],[128.981,-2.903],[128.968,-2.905],[128.925,-2.94],[128.893,-2.942],[128.871,-3.003],[128.842,-3.018],[128.819,-3.041],[128.822,-3.055],[128.848,-3.057],[128.853,-3.071],[128.844,-3.083],[128.774,-3.077],[128.742,-3.087],[128.707,-3.073],[128.7,-3.079],[128.705,-3.097],[128.738,-3.116],[128.732,-3.133],[128.713,-3.133],[128.696,-3.119],[128.679,-3.09],[128.678,-3.052],[128.642,-3.045],[128.622,-3.106],[128.636,-3.162],[128.674,-3.165],[128.715,-3.264],[128.736,-3.253],[128.746,-3.236],[128.745,-3.217],[128.757,-3.202],[128.844,-3.127],[128.908,-3.127],[128.924,-3.117],[128.922,-3.104],[128.967,-3.106],[129.024,-3.072],[129.017,-3.027],[129.041,-3.007],[129.02,-2.981],[129.029,-2.939]]]},"properties":{"jenis":"logging","nama":"PT ALBASI PRIANGAN LESTARI","luas":64690,"sk":"SK.230/Menhut-II/2011","tahun":2011}},{"type":"Feature","geometry":{"type":"Polygon","coordinates":[[[130.458,-3.102],[130.393,-3.055],[130.371,-3.061],[130.334,-3.107],[130.287,-3.108],[130.281,-3.128],[130.263,-3.151],[130.263,-3.171],[130.248,-3.206],[130.275,-3.215],[130.263,-3.253],[130.296,-3.278],[130.387,-3.201],[130.403,-3.206],[130.416,-3.245],[130.468,-3.261],[130.482,-3.314],[130.491,-3.319],[130.507,-3.303],[130.539,-3.289],[130.564,-3.349],[130.547,-3.378],[130.578,-3.39],[130.586,-3.418],[130.606,-3.437],[130.605,-3.461],[130.586,-3.464],[130.536,-3.433],[130.527,-3.403],[130.508,-3.391],[130.488,-3.388],[130.466,-3.408],[130.486,-3.476],[130.479,-3.528],[130.486,-3.54],[130.542,-3.552],[130.578,-3.528],[130.598,-3.492],[130.615,-3.49],[130.649,-3.432],[130.625,-3.381],[130.552,-3.296],[130.541,-3.246],[130.511,-3.215],[130.49,-3.153],[130.458,-3.153],[130.458,-3.102]]]},"properties":{"jenis":"logging","nama":"PT STRATA PASIFIC","luas":73365,"sk":"SK.774/Menhut-II/2013","tahun":2013}},{"type":"Feature","geometry":{"type":"Polygon","coordinates":[[[127.977,-1.546],[127.954,-1.529],[127.942,-1.484],[127.892,-1.444],[127.878,-1.446],[127.873,-1.557],[127.735,-1.518],[127.757,-1.543],[127.78,-1.539],[127.786,-1.553],[127.775,-1.58],[127.736,-1.591],[127.71,-1.588],[127.694,-1.564],[127.63,-1.569],[127.64,-1.491],[127.631,-1.502],[127.618,-1.485],[127.608,-1.484],[127.61,-1.509],[127.6,-1.52],[127.601,-1.535],[127.613,-1.549],[127.6,-1.61],[127.787,-1.617],[127.807,-1.603],[127.808,-1.598],[127.794,-1.596],[127.793,-1.586],[127.815,-1.582],[127.818,-1.571],[127.799,-1.573],[127.813,-1.567],[127.813,-1.559],[127.799,-1.555],[127.803,-1.549],[127.848,-1.569],[127.858,-1.583],[127.857,-1.612],[127.919,-1.609],[127.925,-1.617],[127.939,-1.618],[127.964,-1.604],[128.006,-1.609],[128.012,-1.58],[127.974,-1.555],[127.977,-1.546]]]},"properties":{"jenis":"logging","nama":"PT WIJAYA KENCANA INDONESIA","luas":38695,"sk":"21/1/IUPHHK-HA/PMDN/2016","tahun":2016}},{"type":"Feature","geometry":{"type":"MultiPolygon","coordinates":[[[[128.357,1.441],[128.343,1.432],[128.339,1.416],[128.325,1.441],[128.288,1.398],[128.271,1.392],[128.266,1.4],[128.247,1.397],[128.219,1.356],[128.212,1.331],[128.203,1.327],[128.199,1.344],[128.188,1.339],[128.189,1.323],[128.165,1.294],[128.176,1.266],[128.207,1.265],[128.223,1.24],[128.245,1.224],[128.274,1.216],[128.279,1.228],[128.264,1.24],[128.276,1.277],[128.273,1.302],[128.301,1.32],[128.299,1.279],[128.281,1.248],[128.314,1.256],[128.346,1.238],[128.353,1.252],[128.349,1.271],[128.36,1.285],[128.351,1.29],[128.354,1.302],[128.332,1.302],[128.326,1.316],[128.336,1.318],[128.334,1.332],[128.299,1.343],[128.326,1.382],[128.332,1.414],[128.375,1.416],[128.369,1.436],[128.357,1.441]]],[[[128.529,1.486],[128.503,1.478],[128.503,1.457],[128.474,1.461],[128.464,1.455],[128.459,1.485],[128.433,1.477],[128.418,1.434],[128.382,1.415],[128.386,1.392],[128.374,1.348],[128.383,1.356],[128.389,1.348],[128.414,1.366],[128.432,1.367],[128.467,1.393],[128.467,1.416],[128.456,1.429],[128.476,1.436],[128.524,1.433],[128.535,1.452],[128.518,1.462],[128.529,1.469],[128.529,1.486]]]]},"properties":{"jenis":"logging","nama":"PT MAHAKARYA AGRA PESONA","luas":36860,"sk":"SK.9/1/IUPHHK-HA/PMDN/2017","tahun":2017}},{"type":"Feature","geometry":{"type":"MultiPolygon","coordinates":[[[[127.768,-0.086],[127.76,-0.085],[127.721,-0.126],[127.711,-0.178],[127.747,-0.19],[127.768,-0.21],[127.802,-0.22],[127.809,-0.229],[127.813,-0.294],[127.846,-0.3],[127.849,-0.271],[127.84,-0.249],[127.903,-0.22],[127.882,-0.196],[127.888,-0.165],[127.874,-0.15],[127.847,-0.151],[127.847,-0.144],[127.839,-0.154],[127.796,-0.142],[127.8,-0.121],[127.772,-0.119],[127.776,-0.086],[127.768,-0.086]]],[[[127.845,0.128],[127.803,0.118],[127.801,0.05],[127.817,0.031],[127.81,0.018],[127.802,0.021],[127.792,-0.065],[127.815,-0.062],[127.805,-0.049],[127.829,-0.037],[127.828,-0.024],[127.834,-0.027],[127.84,-0.015],[127.833,0.022],[127.849,0.061],[127.834,0.071],[127.845,0.128]]]]},"properties":{"jenis":"logging","nama":"PT NUSA PALA NIRWANA","luas":28892,"sk":"SK.24/1/IUPHHK-HA/PMDN/2016","tahun":2016}},{"type":"Feature","geometry":{"type":"Polygon","coordinates":[[[127.133,-3.604],[127.12,-3.596],[127.107,-3.561],[127.097,-3.556],[127.092,-3.563],[127.102,-3.589],[127.083,-3.599],[127.073,-3.621],[127.04,-3.621],[127.04,-3.63],[127.073,-3.651],[127.06,-3.657],[127.018,-3.643],[127.019,-3.651],[127.038,-3.66],[127.01,-3.666],[126.991,-3.642],[126.992,-3.634],[127.017,-3.617],[127.005,-3.583],[126.981,-3.608],[126.994,-3.616],[126.992,-3.623],[126.944,-3.658],[126.923,-3.665],[126.912,-3.652],[126.855,-3.666],[126.855,-3.678],[126.828,-3.668],[126.801,-3.676],[126.757,-3.669],[126.763,-3.661],[126.758,-3.652],[126.79,-3.644],[126.717,-3.636],[126.711,-3.665],[126.704,-3.666],[126.691,-3.621],[126.674,-3.611],[126.675,-3.673],[126.687,-3.68],[126.676,-3.697],[126.677,-3.731],[126.689,-3.768],[126.704,-3.772],[126.706,-3.791],[126.697,-3.789],[126.695,-3.795],[126.709,-3.808],[126.695,-3.813],[126.698,-3.836],[126.724,-3.822],[126.724,-3.814],[126.758,-3.81],[126.817,-3.786],[126.837,-3.747],[126.889,-3.779],[126.904,-3.767],[126.951,-3.753],[127.056,-3.66],[127.106,-3.664],[127.135,-3.654],[127.175,-3.665],[127.172,-3.65],[127.165,-3.652],[127.161,-3.599],[127.133,-3.604]]]},"properties":{"jenis":"logging","nama":"PD PANCA KARYA","luas":59515,"sk":"SK.14/1/IUPHHK-HA/PMDN/2017","tahun":2017}},{"type":"Feature","geometry":{"type":"Polygon","coordinates":[[[139.009,-2.127],[138.978,-2.126],[138.931,-2.107],[138.926,-2.117],[138.932,-2.127],[138.921,-2.125],[138.929,-2.134],[138.922,-2.14],[138.931,-2.145],[138.923,-2.15],[138.927,-2.16],[138.918,-2.17],[138.91,-2.162],[138.906,-2.175],[138.891,-2.169],[138.896,-2.188],[138.885,-2.177],[138.875,-2.182],[138.886,-2.192],[138.867,-2.2],[138.874,-2.207],[138.872,-2.22],[138.859,-2.218],[138.874,-2.228],[138.863,-2.229],[138.863,-2.24],[138.854,-2.237],[138.864,-2.248],[138.857,-2.26],[138.864,-2.268],[138.848,-2.268],[138.842,-2.278],[138.85,-2.284],[138.834,-2.282],[138.834,-2.297],[138.811,-2.302],[138.805,-2.336],[138.783,-2.351],[138.781,-2.371],[138.75,-2.431],[138.802,-2.454],[138.889,-2.464],[138.946,-2.496],[138.959,-2.489],[139,-2.502],[139.027,-2.494],[138.995,-2.43],[139.004,-2.368],[139.028,-2.374],[139.037,-2.41],[139.057,-2.411],[139.054,-2.392],[139.07,-2.392],[139.103,-2.358],[139.116,-2.312],[139.143,-2.315],[139.156,-2.306],[139.136,-2.284],[139.142,-2.278],[139.138,-2.264],[139.112,-2.253],[139.086,-2.253],[139.034,-2.286],[139.008,-2.283],[138.979,-2.26],[138.942,-2.263],[138.927,-2.253],[138.927,-2.246],[138.97,-2.206],[138.985,-2.181],[139.001,-2.173],[139.014,-2.179],[139.016,-2.191],[139.005,-2.213],[139.007,-2.237],[139.074,-2.193],[139.109,-2.205],[139.153,-2.205],[139.129,-2.202],[139.123,-2.191],[139.097,-2.182],[139.085,-2.145],[138.997,-2.137],[139.009,-2.127]]]},"properties":{"jenis":"logging","nama":"PT MONDIALINDO SETYA PRATAMA","luas":94800,"sk":"SK.466/Menhut-II/2006","tahun":2006}},{"type":"Feature","geometry":{"type":"MultiPolygon","coordinates":[[[[134.632,-3.706],[134.546,-3.638],[134.554,-3.67],[134.532,-3.709],[134.482,-3.723],[134.452,-3.742],[134.457,-3.753],[134.497,-3.759],[134.524,-3.778],[134.517,-3.785],[134.492,-3.782],[134.486,-3.823],[134.476,-3.83],[134.466,-3.826],[134.461,-3.805],[134.423,-3.82],[134.389,-3.821],[134.285,-3.789],[134.277,-3.794],[134.301,-3.854],[134.323,-3.886],[134.333,-3.878],[134.343,-3.881],[134.353,-3.897],[134.393,-3.917],[134.407,-3.924],[134.413,-3.916],[134.419,-3.923],[134.437,-3.918],[134.446,-3.933],[134.467,-3.927],[134.491,-3.904],[134.548,-3.93],[134.552,-3.944],[134.532,-3.97],[134.523,-3.997],[134.528,-4.024],[134.545,-4.037],[134.57,-3.999],[134.593,-4.002],[134.609,-3.995],[134.612,-3.968],[134.627,-3.963],[134.626,-3.953],[134.642,-3.946],[134.602,-3.898],[134.674,-3.879],[134.676,-3.865],[134.654,-3.826],[134.663,-3.814],[134.723,-3.839],[134.735,-3.852],[134.739,-3.872],[134.788,-3.874],[134.798,-3.859],[134.771,-3.83],[134.774,-3.817],[134.784,-3.811],[134.843,-3.848],[134.891,-3.84],[134.932,-3.849],[135.028,-3.846],[135.027,-3.833],[135.017,-3.836],[135.016,-3.825],[135.008,-3.83],[135.005,-3.811],[134.996,-3.818],[134.986,-3.807],[134.976,-3.811],[134.972,-3.803],[134.947,-3.8],[134.942,-3.79],[134.927,-3.793],[134.927,-3.781],[134.669,-3.712],[134.668,-3.73],[134.694,-3.756],[134.654,-3.762],[134.621,-3.741],[134.637,-3.713],[134.632,-3.706]]],[[[134.393,-3.508],[134.248,-3.392],[134.16,-3.615],[134.291,-3.585],[134.312,-3.556],[134.335,-3.547],[134.359,-3.56],[134.408,-3.614],[134.425,-3.661],[134.524,-3.688],[134.527,-3.679],[134.507,-3.625],[134.518,-3.609],[134.393,-3.508]]],[[[135.032,-3.904],[134.947,-3.924],[134.916,-3.943],[134.909,-3.958],[134.918,-3.965],[134.969,-3.951],[134.97,-3.962],[134.947,-3.97],[134.945,-3.985],[134.982,-4.024],[134.994,-4.028],[134.997,-4.013],[135.024,-4.005],[135.031,-4.011],[135.037,-3.989],[135.046,-3.99],[135.041,-3.984],[135.055,-3.975],[135.053,-3.959],[135.064,-3.943],[135.067,-3.947],[135.074,-3.942],[135.067,-3.959],[135.077,-3.97],[135.092,-3.967],[135.099,-3.954],[135.087,-3.941],[135.095,-3.926],[135.086,-3.922],[135.092,-3.915],[135.032,-3.904]]]]},"properties":{"jenis":"logging","nama":"PT ASCO PRIMA NUSANTARA","luas":171270,"sk":"SK.82/Menhut-II/2009","tahun":2009}},{"type":"Feature","geometry":{"type":"MultiPolygon","coordinates":[[[[133.499,-2.417],[133.49,-2.415],[133.484,-2.428],[133.494,-2.442],[133.522,-2.45],[133.515,-2.452],[133.519,-2.463],[133.529,-2.453],[133.517,-2.467],[133.513,-2.45],[133.504,-2.45],[133.519,-2.482],[133.536,-2.49],[133.544,-2.482],[133.56,-2.483],[133.551,-2.485],[133.555,-2.49],[133.55,-2.484],[133.54,-2.489],[133.559,-2.504],[133.561,-2.493],[133.561,-2.504],[133.572,-2.491],[133.568,-2.482],[133.562,-2.486],[133.568,-2.482],[133.57,-2.487],[133.572,-2.478],[133.572,-2.492],[133.579,-2.486],[133.575,-2.492],[133.584,-2.502],[133.573,-2.492],[133.569,-2.502],[133.578,-2.507],[133.568,-2.499],[133.559,-2.506],[133.583,-2.522],[133.601,-2.514],[133.586,-2.503],[133.601,-2.514],[133.602,-2.504],[133.603,-2.511],[133.613,-2.504],[133.603,-2.492],[133.615,-2.502],[133.601,-2.459],[133.596,-2.461],[133.604,-2.47],[133.6,-2.478],[133.607,-2.479],[133.592,-2.481],[133.596,-2.497],[133.592,-2.481],[133.587,-2.493],[133.581,-2.482],[133.591,-2.481],[133.585,-2.474],[133.591,-2.48],[133.602,-2.475],[133.593,-2.459],[133.583,-2.456],[133.583,-2.465],[133.582,-2.453],[133.56,-2.444],[133.543,-2.47],[133.564,-2.46],[133.576,-2.472],[133.557,-2.472],[133.562,-2.479],[133.556,-2.478],[133.568,-2.468],[133.563,-2.461],[133.545,-2.475],[133.533,-2.462],[133.542,-2.469],[133.549,-2.447],[133.544,-2.443],[133.536,-2.45],[133.547,-2.442],[133.531,-2.432],[133.529,-2.441],[133.53,-2.431],[133.499,-2.417]]],[[[133.833,-2.409],[133.759,-2.421],[133.763,-2.44],[133.754,-2.421],[133.736,-2.425],[133.728,-2.441],[133.747,-2.472],[133.765,-2.481],[133.81,-2.465],[133.823,-2.443],[133.84,-2.451],[133.854,-2.472],[133.866,-2.469],[133.87,-2.455],[133.833,-2.409]],[[133.794,-2.421],[133.793,-2.42],[133.794,-2.421],[133.794,-2.421]]],[[[133.72,-2.556],[133.694,-2.538],[133.703,-2.58],[133.721,-2.596],[133.73,-2.595],[133.726,-2.6],[133.711,-2.588],[133.705,-2.6],[133.711,-2.602],[133.702,-2.604],[133.708,-2.59],[133.702,-2.582],[133.693,-2.61],[133.752,-2.62],[133.755,-2.657],[133.743,-2.663],[133.759,-2.672],[133.796,-2.647],[133.781,-2.606],[133.773,-2.608],[133.777,-2.617],[133.773,-2.608],[133.758,-2.612],[133.768,-2.626],[133.758,-2.615],[133.771,-2.603],[133.781,-2.605],[133.777,-2.587],[133.755,-2.57],[133.754,-2.577],[133.766,-2.581],[133.766,-2.592],[133.759,-2.588],[133.762,-2.599],[133.75,-2.587],[133.745,-2.594],[133.753,-2.599],[133.747,-2.6],[133.756,-2.604],[133.736,-2.603],[133.746,-2.6],[133.747,-2.587],[133.763,-2.587],[133.765,-2.58],[133.748,-2.58],[133.76,-2.567],[133.753,-2.557],[133.732,-2.557],[133.741,-2.58],[133.738,-2.572],[133.721,-2.573],[133.743,-2.587],[133.73,-2.58],[133.737,-2.597],[133.718,-2.572],[133.734,-2.576],[133.731,-2.557],[133.72,-2.556]]],[[[133.854,-2.473],[133.838,-2.451],[133.82,-2.447],[133.82,-2.464],[133.837,-2.477],[133.828,-2.472],[133.826,-2.482],[133.837,-2.491],[133.85,-2.485],[133.847,-2.491],[133.855,-2.497],[133.855,-2.483],[133.881,-2.509],[133.87,-2.509],[133.87,-2.52],[133.954,-2.506],[133.949,-2.491],[133.973,-2.481],[133.956,-2.467],[133.901,-2.482],[133.871,-2.456],[133.869,-2.477],[133.882,-2.478],[133.87,-2.479],[133.866,-2.47],[133.854,-2.473]]],[[[133.486,-2.528],[133.479,-2.509],[133.462,-2.527],[133.47,-2.567],[133.48,-2.564],[133.479,-2.578],[133.496,-2.576],[133.484,-2.576],[133.48,-2.589],[133.493,-2.586],[133.479,-2.589],[133.476,-2.598],[133.483,-2.58],[133.476,-2.575],[133.478,-2.565],[133.47,-2.568],[133.464,-2.619],[133.476,-2.637],[133.495,-2.643],[133.513,-2.629],[133.514,-2.62],[133.489,-2.603],[133.492,-2.621],[133.491,-2.616],[133.483,-2.619],[133.487,-2.604],[133.472,-2.612],[133.476,-2.618],[133.472,-2.612],[133.483,-2.6],[133.497,-2.605],[133.515,-2.589],[133.486,-2.528]]],[[[133.416,-2.542],[133.405,-2.546],[133.422,-2.564],[133.42,-2.584],[133.434,-2.596],[133.435,-2.615],[133.448,-2.616],[133.446,-2.627],[133.445,-2.618],[133.435,-2.616],[133.42,-2.642],[133.408,-2.639],[133.406,-2.649],[133.422,-2.656],[133.406,-2.649],[133.411,-2.683],[133.406,-2.657],[133.401,-2.665],[133.399,-2.686],[133.411,-2.694],[133.42,-2.686],[133.419,-2.673],[133.435,-2.675],[133.434,-2.644],[133.453,-2.64],[133.458,-2.622],[133.453,-2.557],[133.442,-2.555],[133.442,-2.567],[133.442,-2.554],[133.433,-2.558],[133.438,-2.549],[133.416,-2.542]]],[[[133.643,-2.534],[133.618,-2.537],[133.633,-2.545],[133.625,-2.541],[133.635,-2.556],[133.63,-2.56],[133.643,-2.563],[133.63,-2.561],[133.633,-2.575],[133.641,-2.576],[133.639,-2.589],[133.627,-2.558],[133.622,-2.574],[133.604,-2.563],[133.614,-2.537],[133.592,-2.555],[133.608,-2.588],[133.6,-2.59],[133.606,-2.587],[133.599,-2.578],[133.587,-2.587],[133.598,-2.578],[133.59,-2.557],[133.58,-2.579],[133.582,-2.564],[133.572,-2.565],[133.561,-2.58],[133.584,-2.6],[133.599,-2.602],[133.598,-2.612],[133.612,-2.588],[133.627,-2.583],[133.64,-2.595],[133.656,-2.588],[133.648,-2.575],[133.653,-2.543],[133.643,-2.534]]],[[[133.763,-2.512],[133.761,-2.549],[133.784,-2.583],[133.798,-2.633],[133.806,-2.579],[133.802,-2.562],[133.79,-2.566],[133.803,-2.561],[133.801,-2.542],[133.788,-2.52],[133.778,-2.551],[133.787,-2.518],[133.778,-2.529],[133.781,-2.515],[133.773,-2.513],[133.772,-2.523],[133.773,-2.514],[133.763,-2.512]]],[[[133.793,-2.486],[133.784,-2.49],[133.791,-2.509],[133.801,-2.508],[133.791,-2.509],[133.797,-2.517],[133.81,-2.521],[133.798,-2.518],[133.806,-2.535],[133.822,-2.533],[133.806,-2.536],[133.816,-2.545],[133.808,-2.544],[133.808,-2.556],[133.842,-2.526],[133.869,-2.52],[133.871,-2.507],[133.864,-2.507],[133.86,-2.493],[133.85,-2.496],[133.852,-2.504],[133.858,-2.501],[133.852,-2.506],[133.85,-2.5],[133.837,-2.505],[133.824,-2.498],[133.822,-2.506],[133.829,-2.509],[133.823,-2.52],[133.824,-2.51],[133.817,-2.507],[133.823,-2.498],[133.811,-2.501],[133.793,-2.486]]],[[[133.706,-2.5],[133.695,-2.499],[133.692,-2.508],[133.706,-2.548],[133.748,-2.558],[133.74,-2.514],[133.734,-2.523],[133.735,-2.506],[133.706,-2.5]]],[[[133.556,-2.605],[133.54,-2.61],[133.545,-2.618],[133.554,-2.615],[133.542,-2.618],[133.553,-2.628],[133.535,-2.61],[133.527,-2.63],[133.53,-2.637],[133.544,-2.629],[133.563,-2.645],[133.537,-2.629],[133.527,-2.638],[133.54,-2.654],[133.549,-2.644],[133.542,-2.658],[133.609,-2.634],[133.605,-2.624],[133.583,-2.634],[133.589,-2.64],[133.575,-2.633],[133.57,-2.644],[133.575,-2.632],[133.561,-2.636],[133.57,-2.628],[133.562,-2.625],[133.567,-2.623],[133.556,-2.605]]],[[[133.403,-2.552],[133.394,-2.554],[133.392,-2.568],[133.402,-2.604],[133.418,-2.613],[133.417,-2.622],[133.412,-2.614],[133.41,-2.622],[133.401,-2.619],[133.408,-2.637],[133.419,-2.641],[133.425,-2.633],[133.418,-2.624],[133.425,-2.633],[133.432,-2.627],[133.424,-2.622],[133.432,-2.622],[133.433,-2.601],[133.42,-2.6],[133.433,-2.601],[133.419,-2.588],[133.419,-2.564],[133.403,-2.552]],[[133.397,-2.553],[133.396,-2.553],[133.396,-2.553],[133.397,-2.553]],[[133.397,-2.553],[133.397,-2.553],[133.397,-2.553],[133.397,-2.553]]],[[[133.537,-2.547],[133.52,-2.567],[133.531,-2.574],[133.52,-2.569],[133.519,-2.58],[133.533,-2.604],[133.561,-2.606],[133.567,-2.59],[133.558,-2.578],[133.551,-2.587],[133.556,-2.578],[133.551,-2.573],[133.543,-2.578],[133.549,-2.572],[133.558,-2.577],[133.569,-2.554],[133.537,-2.547]]],[[[133.328,-2.423],[133.316,-2.443],[133.331,-2.46],[133.333,-2.451],[133.338,-2.454],[133.345,-2.461],[133.334,-2.457],[133.336,-2.467],[133.35,-2.468],[133.337,-2.472],[133.369,-2.496],[133.364,-2.46],[133.355,-2.463],[133.364,-2.46],[133.361,-2.448],[133.341,-2.429],[133.338,-2.435],[133.332,-2.433],[133.339,-2.428],[133.328,-2.423]]],[[[133.445,-2.502],[133.423,-2.504],[133.413,-2.522],[133.419,-2.525],[133.403,-2.534],[133.403,-2.545],[133.426,-2.542],[133.433,-2.53],[133.426,-2.542],[133.453,-2.555],[133.445,-2.502]]],[[[133.466,-2.645],[133.473,-2.639],[133.463,-2.632],[133.451,-2.645],[133.438,-2.644],[133.439,-2.687],[133.446,-2.669],[133.454,-2.681],[133.448,-2.679],[133.445,-2.686],[133.454,-2.686],[133.458,-2.657],[133.448,-2.66],[133.446,-2.653],[133.464,-2.659],[133.458,-2.654],[133.464,-2.657],[133.466,-2.645]]],[[[133.663,-2.493],[133.651,-2.49],[133.638,-2.508],[133.674,-2.533],[133.67,-2.499],[133.663,-2.493]]],[[[133.4,-2.605],[133.39,-2.58],[133.389,-2.654],[133.394,-2.664],[133.405,-2.638],[133.399,-2.62],[133.41,-2.613],[133.4,-2.605]]],[[[133.667,-2.555],[133.657,-2.547],[133.66,-2.557],[133.655,-2.551],[133.651,-2.576],[133.662,-2.584],[133.648,-2.592],[133.663,-2.625],[133.673,-2.572],[133.667,-2.555]]],[[[133.569,-2.593],[133.562,-2.601],[133.571,-2.62],[133.58,-2.621],[133.572,-2.621],[133.577,-2.631],[133.606,-2.622],[133.602,-2.614],[133.59,-2.616],[133.592,-2.605],[133.577,-2.604],[133.583,-2.602],[133.569,-2.593]]],[[[133.819,-2.464],[133.792,-2.482],[133.808,-2.495],[133.819,-2.487],[133.824,-2.496],[133.827,-2.488],[133.825,-2.497],[133.833,-2.497],[133.836,-2.491],[133.819,-2.464]]],[[[133.518,-2.597],[133.499,-2.605],[133.516,-2.621],[133.516,-2.636],[133.514,-2.63],[133.503,-2.637],[133.513,-2.645],[133.524,-2.642],[133.529,-2.61],[133.518,-2.597]]],[[[133.484,-2.642],[133.469,-2.648],[133.481,-2.654],[133.469,-2.648],[133.465,-2.653],[133.482,-2.667],[133.487,-2.66],[133.482,-2.669],[133.494,-2.67],[133.493,-2.646],[133.49,-2.653],[133.492,-2.645],[133.484,-2.642]]],[[[133.81,-2.625],[133.799,-2.636],[133.813,-2.653],[133.814,-2.646],[133.814,-2.654],[133.82,-2.644],[133.814,-2.654],[133.83,-2.641],[133.825,-2.644],[133.82,-2.63],[133.819,-2.64],[133.81,-2.625]]],[[[133.527,-2.645],[133.512,-2.648],[133.516,-2.669],[133.543,-2.663],[133.534,-2.651],[133.52,-2.655],[133.533,-2.651],[133.527,-2.645]]],[[[133.625,-2.54],[133.618,-2.539],[133.606,-2.563],[133.621,-2.567],[133.621,-2.558],[133.631,-2.554],[133.625,-2.54]]],[[[133.376,-2.581],[133.379,-2.553],[133.362,-2.557],[133.354,-2.587],[133.376,-2.581]]],[[[133.84,-2.621],[133.841,-2.611],[133.811,-2.623],[133.827,-2.624],[133.816,-2.626],[133.831,-2.631],[133.825,-2.632],[133.831,-2.641],[133.84,-2.621]]],[[[133.503,-2.638],[133.498,-2.644],[133.505,-2.647],[133.496,-2.646],[133.503,-2.659],[133.497,-2.67],[133.508,-2.671],[133.511,-2.646],[133.503,-2.638]]],[[[133.427,-2.489],[133.432,-2.485],[133.423,-2.481],[133.423,-2.5],[133.443,-2.496],[133.439,-2.487],[133.427,-2.489]]],[[[133.596,-2.535],[133.573,-2.562],[133.589,-2.554],[133.592,-2.542],[133.61,-2.537],[133.596,-2.535]]],[[[133.368,-2.585],[133.359,-2.587],[133.369,-2.597],[133.357,-2.608],[133.373,-2.609],[133.368,-2.585]]],[[[133.479,-2.508],[133.473,-2.503],[133.464,-2.511],[133.462,-2.527],[133.479,-2.508]]],[[[133.817,-2.551],[133.808,-2.557],[133.811,-2.588],[133.817,-2.551]]],[[[133.661,-2.638],[133.655,-2.664],[133.662,-2.659],[133.661,-2.638]]],[[[133.356,-2.587],[133.356,-2.604],[133.368,-2.597],[133.356,-2.587]]],[[[133.842,-2.491],[133.834,-2.498],[133.85,-2.498],[133.842,-2.491]],[[133.517,-2.67],[133.508,-2.667],[133.526,-2.67],[133.517,-2.67]]],[[[133.597,-2.542],[133.592,-2.552],[133.603,-2.543],[133.597,-2.542]]],[[[133.548,-2.654],[133.544,-2.66],[133.553,-2.659],[133.548,-2.654]]],[[[133.589,-2.598],[133.587,-2.605],[133.593,-2.601],[133.589,-2.598]]],[[[133.595,-2.602],[133.591,-2.604],[133.594,-2.609],[133.595,-2.602]]],[[[133.653,-2.665],[133.653,-2.655],[133.651,-2.66],[133.653,-2.665]]],[[[133.81,-2.608],[133.807,-2.607],[133.807,-2.614],[133.81,-2.608]]],[[[133.81,-2.605],[133.808,-2.599],[133.807,-2.606],[133.81,-2.605]]],[[[133.607,-2.607],[133.602,-2.608],[133.604,-2.614],[133.607,-2.607]]],[[[133.812,-2.587],[133.81,-2.588],[133.811,-2.595],[133.812,-2.587]]],[[[133.662,-2.638],[133.663,-2.627],[133.66,-2.638],[133.662,-2.638]]],[[[133.811,-2.597],[133.809,-2.594],[133.808,-2.599],[133.811,-2.597]]],[[[133.758,-2.423],[133.755,-2.421],[133.757,-2.425],[133.758,-2.423]]],[[[133.808,-2.618],[133.809,-2.615],[133.807,-2.615],[133.808,-2.618]]],[[[133.496,-2.67],[133.497,-2.668],[133.494,-2.668],[133.496,-2.67]]],[[[133.544,-2.66],[133.544,-2.662],[133.547,-2.661],[133.544,-2.66]]],[[[133.608,-2.605],[133.61,-2.601],[133.608,-2.603],[133.608,-2.605]]],[[[133.477,-2.663],[133.48,-2.669],[133.48,-2.665],[133.477,-2.663]]],[[[133.809,-2.618],[133.807,-2.618],[133.808,-2.62],[133.809,-2.618]]],[[[133.61,-2.597],[133.609,-2.598],[133.61,-2.6],[133.61,-2.597]]],[[[133.459,-2.658],[133.458,-2.659],[133.461,-2.659],[133.459,-2.658]]],[[[133.82,-2.494],[133.818,-2.493],[133.818,-2.494],[133.82,-2.494]]],[[[133.756,-2.426],[133.757,-2.425],[133.756,-2.423],[133.756,-2.426]]],[[[133.603,-2.613],[133.601,-2.613],[133.603,-2.613],[133.603,-2.613]]],[[[133.605,-2.615],[133.604,-2.616],[133.605,-2.617],[133.605,-2.615]]],[[[133.609,-2.6],[133.609,-2.598],[133.609,-2.599],[133.609,-2.6]]],[[[133.475,-2.662],[133.473,-2.662],[133.473,-2.662],[133.475,-2.662]]],[[[133.809,-2.621],[133.809,-2.62],[133.808,-2.621],[133.809,-2.621]]],[[[133.471,-2.661],[133.47,-2.661],[133.469,-2.661],[133.471,-2.661]]],[[[133.545,-2.658],[133.545,-2.657],[133.545,-2.658],[133.545,-2.658]]],[[[133.811,-2.623],[133.811,-2.622],[133.809,-2.622],[133.811,-2.623]]],[[[133.353,-2.589],[133.353,-2.589],[133.353,-2.589],[133.353,-2.589]]],[[[133.551,-2.484],[133.551,-2.484],[133.55,-2.484],[133.551,-2.484]]],[[[133.663,-2.638],[133.663,-2.638],[133.662,-2.638],[133.663,-2.638]]],[[[133.545,-2.659],[133.545,-2.658],[133.545,-2.658],[133.545,-2.659]]],[[[133.468,-2.66],[133.467,-2.66],[133.467,-2.66],[133.468,-2.66]]],[[[133.466,-2.659],[133.467,-2.66],[133.467,-2.66],[133.466,-2.659]]],[[[133.465,-2.66],[133.465,-2.659],[133.464,-2.66],[133.465,-2.66]]],[[[133.471,-2.662],[133.471,-2.661],[133.471,-2.662],[133.471,-2.662]]],[[[133.591,-2.613],[133.592,-2.613],[133.592,-2.613],[133.591,-2.613]]],[[[133.508,-2.671],[133.508,-2.671],[133.508,-2.671],[133.508,-2.671]]],[[[133.608,-2.606],[133.608,-2.606],[133.608,-2.605],[133.608,-2.606]]]]},"properties":{"jenis":"logging","nama":"PT BINTUNI UTAMA MURNI WOOD INDUSTRIES","luas":82120,"sk":"SK.213/Menhut-II/2007","tahun":2007}},{"type":"Feature","geometry":{"type":"MultiPolygon","coordinates":[[[[132.313,-0.927],[132.311,-0.904],[132.285,-0.887],[132.258,-0.926],[132.24,-0.938],[131.946,-1.016],[131.955,-1.027],[131.951,-1.035],[131.961,-1.037],[131.961,-1.05],[131.963,-1.039],[131.973,-1.047],[131.97,-1.056],[131.98,-1.045],[131.981,-1.06],[131.993,-1.049],[132.002,-1.065],[132.021,-1.048],[132.03,-1.056],[132.03,-1.072],[132.044,-1.07],[132.055,-1.058],[132.063,-1.079],[132.069,-1.075],[132.063,-1.086],[132.071,-1.09],[132.08,-1.079],[132.11,-1.094],[132.127,-1.078],[132.262,-1.077],[132.268,-1.066],[132.279,-1.064],[132.304,-1.074],[132.314,-1.094],[132.314,-1.028],[132.292,-0.995],[132.272,-0.997],[132.28,-0.952],[132.286,-0.949],[132.295,-0.966],[132.302,-0.946],[132.32,-0.997],[132.326,-0.994],[132.328,-0.961],[132.349,-0.973],[132.357,-0.968],[132.313,-0.927]],[[132.274,-0.938],[132.274,-0.929],[132.286,-0.931],[132.285,-0.938],[132.274,-0.938]],[[132.258,-1.043],[132.268,-1.043],[132.266,-1.054],[132.258,-1.043]]],[[[131.895,-0.722],[131.831,-0.736],[131.826,-0.74],[131.831,-0.753],[131.794,-0.765],[131.694,-0.765],[131.623,-0.781],[131.6,-0.813],[131.575,-0.815],[131.555,-0.83],[131.59,-0.857],[131.663,-0.859],[131.728,-0.851],[131.762,-0.831],[131.802,-0.784],[131.896,-0.767],[131.895,-0.722]]],[[[131.93,-0.72],[131.925,-0.719],[131.927,-0.763],[132.012,-0.753],[132.047,-0.771],[132.052,-0.781],[131.989,-0.812],[132.017,-0.807],[132.041,-0.815],[132.044,-0.824],[132.034,-0.822],[132.044,-0.825],[132.131,-0.81],[132.162,-0.832],[132.184,-0.805],[132.172,-0.78],[132.197,-0.785],[132.209,-0.778],[132.184,-0.739],[132.152,-0.728],[132.029,-0.731],[132.008,-0.721],[131.98,-0.728],[131.959,-0.719],[131.93,-0.72]],[[132.111,-0.782],[132.103,-0.77],[132.133,-0.776],[132.13,-0.783],[132.111,-0.782]]],[[[131.995,-0.686],[131.97,-0.696],[131.957,-0.689],[131.925,-0.692],[131.925,-0.713],[131.97,-0.708],[132.036,-0.716],[132.032,-0.703],[131.995,-0.686]]]]},"properties":{"jenis":"logging","nama":"PT MANCARAYA AGRO MANDIRI","luas":97820,"sk":"SK.55/Menhut-II/2006","tahun":2006}},{"type":"Feature","geometry":{"type":"MultiPolygon","coordinates":[[[[115.857,-3.035],[115.89,-3.045],[115.893,-3.023],[115.931,-3.007],[115.915,-2.984],[115.923,-2.984],[115.934,-2.969],[115.922,-2.959],[115.904,-2.974],[115.879,-2.957],[115.896,-2.931],[115.932,-2.933],[115.949,-2.961],[115.963,-2.952],[115.935,-2.905],[115.956,-2.901],[115.977,-2.868],[115.983,-2.872],[115.983,-2.851],[115.963,-2.82],[115.991,-2.799],[115.993,-2.785],[115.973,-2.744],[115.973,-2.716],[115.951,-2.702],[115.918,-2.717],[115.91,-2.73],[115.896,-2.734],[115.89,-2.726],[115.87,-2.743],[115.86,-2.735],[115.855,-2.747],[115.823,-2.764],[115.812,-2.758],[115.81,-2.783],[115.821,-2.804],[115.852,-2.774],[115.854,-2.79],[115.862,-2.779],[115.866,-2.783],[115.863,-2.808],[115.878,-2.811],[115.865,-2.817],[115.874,-2.829],[115.853,-2.827],[115.85,-2.858],[115.835,-2.873],[115.836,-2.899],[115.85,-2.92],[115.845,-2.927],[115.793,-2.941],[115.769,-2.931],[115.747,-2.908],[115.723,-2.948],[115.707,-2.959],[115.689,-3],[115.692,-3.024],[115.676,-3.042],[115.685,-3.051],[115.732,-3.06],[115.744,-3.09],[115.741,-3.113],[115.753,-3.078],[115.748,-3.061],[115.813,-3.071],[115.82,-3.05],[115.857,-3.035]],[[115.925,-2.85],[115.93,-2.851],[115.925,-2.851],[115.925,-2.85]],[[115.735,-3.016],[115.731,-3.014],[115.736,-3.013],[115.735,-3.016]],[[115.739,-3.012],[115.741,-3.007],[115.747,-3.015],[115.739,-3.012]],[[115.883,-2.926],[115.892,-2.911],[115.914,-2.916],[115.905,-2.926],[115.883,-2.926]],[[115.94,-2.854],[115.95,-2.858],[115.936,-2.866],[115.95,-2.879],[115.934,-2.875],[115.922,-2.882],[115.922,-2.86],[115.94,-2.854]],[[115.956,-2.753],[115.963,-2.751],[115.969,-2.763],[115.952,-2.771],[115.945,-2.794],[115.925,-2.784],[115.924,-2.77],[115.914,-2.77],[115.918,-2.757],[115.935,-2.753],[115.945,-2.76],[115.956,-2.753]],[[115.927,-2.794],[115.93,-2.801],[115.922,-2.806],[115.949,-2.803],[115.952,-2.814],[115.942,-2.806],[115.926,-2.822],[115.911,-2.817],[115.908,-2.846],[115.895,-2.835],[115.888,-2.811],[115.898,-2.795],[115.911,-2.798],[115.911,-2.777],[115.927,-2.794]],[[115.875,-2.967],[115.874,-2.978],[115.91,-2.987],[115.903,-2.993],[115.916,-3.006],[115.903,-3.002],[115.889,-3.008],[115.902,-3.007],[115.898,-3.021],[115.895,-3.013],[115.891,-3.02],[115.874,-3.015],[115.848,-2.975],[115.875,-2.967]],[[115.813,-2.977],[115.812,-2.985],[115.825,-2.971],[115.819,-2.974],[115.815,-2.959],[115.809,-2.964],[115.81,-2.946],[115.823,-2.937],[115.82,-2.952],[115.84,-2.94],[115.84,-2.949],[115.851,-2.955],[115.845,-2.968],[115.852,-2.972],[115.845,-2.97],[115.839,-2.978],[115.846,-2.976],[115.852,-3],[115.837,-3.008],[115.825,-3.007],[115.825,-3.001],[115.816,-3.005],[115.814,-2.995],[115.81,-3.001],[115.806,-2.992],[115.803,-2.998],[115.805,-2.992],[115.79,-2.989],[115.783,-2.965],[115.791,-2.953],[115.793,-2.966],[115.807,-2.969],[115.805,-2.979],[115.813,-2.977]]],[[[115.971,-3.228],[115.96,-3.126],[115.946,-3.102],[115.909,-3.103],[115.908,-3.161],[115.936,-3.155],[115.937,-3.177],[115.949,-3.179],[115.951,-3.198],[115.928,-3.226],[115.94,-3.248],[115.941,-3.277],[115.948,-3.28],[115.943,-3.326],[115.951,-3.333],[115.96,-3.33],[115.969,-3.345],[115.974,-3.343],[115.964,-3.329],[115.97,-3.329],[115.975,-3.285],[115.982,-3.282],[115.976,-3.268],[115.98,-3.235],[115.971,-3.228]]],[[[115.927,-3.253],[115.931,-3.286],[115.938,-3.287],[115.938,-3.267],[115.927,-3.253]]],[[[115.823,-2.96],[115.823,-2.96],[115.823,-2.96],[115.823,-2.96]]],[[[115.847,-2.971],[115.847,-2.971],[115.847,-2.971],[115.847,-2.971]]],[[[115.819,-2.981],[115.819,-2.981],[115.819,-2.981],[115.819,-2.981]]],[[[115.849,-2.969],[115.849,-2.969],[115.849,-2.969],[115.849,-2.969]]],[[[115.884,-3.01],[115.886,-3.009],[115.884,-3.01],[115.884,-3.01]]],[[[115.886,-3.009],[115.889,-3.008],[115.886,-3.009],[115.886,-3.009]]],[[[115.882,-3.011],[115.883,-3.01],[115.882,-3.011],[115.882,-3.011]]],[[[115.881,-3.012],[115.882,-3.011],[115.881,-3.012],[115.881,-3.012]]],[[[115.813,-2.977],[115.813,-2.977],[115.813,-2.977],[115.813,-2.977]]],[[[115.838,-3.003],[115.838,-3.003],[115.838,-3.003],[115.838,-3.003]]],[[[115.835,-2.997],[115.835,-2.997],[115.835,-2.997],[115.835,-2.997]]],[[[115.849,-2.972],[115.849,-2.972],[115.849,-2.972],[115.849,-2.972]]],[[[115.842,-2.951],[115.842,-2.951],[115.842,-2.951],[115.842,-2.951]]],[[[115.803,-2.996],[115.803,-2.996],[115.803,-2.996],[115.803,-2.996]]],[[[115.787,-2.971],[115.787,-2.971],[115.787,-2.971],[115.787,-2.971]]],[[[115.835,-2.997],[115.835,-2.997],[115.835,-2.997],[115.835,-2.997]]],[[[115.787,-2.962],[115.787,-2.962],[115.787,-2.962],[115.787,-2.962]]]]},"properties":{"jenis":"logging","nama":"PT KODECO TIMBER","luas":65330,"sk":"SK.573/MenLHK/Setjen/HPL.0/10/2017","tahun":2017}},{"type":"Feature","geometry":{"type":"Polygon","coordinates":[[[122.073,-1.07],[122.243,-1.018],[122.238,-1.001],[122.216,-1.002],[122.212,-0.995],[122.235,-0.98],[122.256,-0.978],[122.274,-0.991],[122.288,-0.989],[122.29,-0.996],[122.306,-0.989],[122.303,-0.976],[122.319,-0.978],[122.35,-0.941],[122.339,-0.929],[122.32,-0.94],[122.318,-0.935],[122.326,-0.923],[122.322,-0.896],[122.34,-0.884],[122.335,-0.878],[122.351,-0.878],[122.355,-0.864],[122.406,-0.898],[122.418,-0.885],[122.447,-0.878],[122.469,-0.881],[122.477,-0.895],[122.517,-0.889],[122.529,-0.883],[122.523,-0.871],[122.527,-0.86],[122.487,-0.828],[122.459,-0.827],[122.451,-0.839],[122.449,-0.822],[122.429,-0.823],[122.419,-0.816],[122.396,-0.84],[122.378,-0.84],[122.355,-0.827],[122.323,-0.832],[122.323,-0.855],[122.3,-0.885],[122.304,-0.907],[122.283,-0.941],[122.184,-0.993],[122.133,-0.99],[122.116,-0.984],[122.113,-0.975],[122.04,-0.975],[122.03,-0.969],[122.016,-0.999],[121.983,-1.008],[121.972,-1.018],[121.953,-1.022],[121.88,-1.008],[121.878,-1.024],[121.86,-1.03],[121.876,-1.072],[121.884,-1.072],[121.897,-1.089],[122.035,-1.086],[122.024,-1.072],[122.021,-1.046],[122.049,-1.03],[122.063,-1.036],[122.063,-1.057],[122.073,-1.07]]]},"properties":{"jenis":"logging","nama":"PT DAHATAMA ADI KARYA","luas":49970,"sk":"3/1/IUPHHK-HA/PMDN/2017","tahun":2017}},{"type":"Feature","geometry":{"type":"MultiPolygon","coordinates":[[[[112.259,-1.467],[112.246,-1.457],[112.247,-1.444],[112.203,-1.433],[112.207,-1.562],[112.248,-1.724],[112.265,-1.774],[112.307,-1.772],[112.318,-1.782],[112.305,-1.797],[112.259,-1.795],[112.288,-1.872],[112.323,-1.859],[112.295,-1.832],[112.273,-1.827],[112.282,-1.807],[112.303,-1.81],[112.328,-1.834],[112.345,-1.829],[112.356,-1.839],[112.368,-1.813],[112.39,-1.812],[112.372,-1.766],[112.323,-1.75],[112.318,-1.716],[112.306,-1.7],[112.309,-1.659],[112.317,-1.662],[112.34,-1.731],[112.355,-1.734],[112.337,-1.712],[112.344,-1.698],[112.362,-1.705],[112.373,-1.724],[112.416,-1.712],[112.408,-1.702],[112.415,-1.697],[112.45,-1.713],[112.458,-1.71],[112.499,-1.605],[112.524,-1.578],[112.584,-1.585],[112.598,-1.573],[112.598,-1.56],[112.565,-1.543],[112.565,-1.522],[112.58,-1.522],[112.579,-1.515],[112.566,-1.505],[112.571,-1.488],[112.559,-1.476],[112.557,-1.484],[112.544,-1.486],[112.541,-1.476],[112.529,-1.481],[112.523,-1.47],[112.516,-1.481],[112.504,-1.482],[112.504,-1.494],[112.488,-1.499],[112.473,-1.483],[112.468,-1.488],[112.467,-1.463],[112.453,-1.47],[112.45,-1.462],[112.438,-1.474],[112.414,-1.473],[112.41,-1.487],[112.392,-1.48],[112.381,-1.492],[112.327,-1.468],[112.286,-1.472],[112.273,-1.448],[112.269,-1.462],[112.259,-1.467]],[[112.288,-1.639],[112.273,-1.626],[112.281,-1.612],[112.3,-1.624],[112.288,-1.639]]],[[[112.45,-1.158],[112.428,-1.163],[112.427,-1.173],[112.422,-1.163],[112.394,-1.184],[112.393,-1.175],[112.383,-1.17],[112.372,-1.185],[112.357,-1.189],[112.336,-1.168],[112.332,-1.174],[112.321,-1.166],[112.305,-1.176],[112.281,-1.176],[112.266,-1.161],[112.18,-1.175],[112.167,-1.166],[112.166,-1.175],[112.129,-1.174],[112.101,-1.192],[112.069,-1.195],[112.053,-1.223],[112.12,-1.201],[112.197,-1.19],[112.197,-1.184],[112.32,-1.206],[112.313,-1.217],[112.46,-1.236],[112.476,-1.213],[112.467,-1.211],[112.484,-1.183],[112.466,-1.179],[112.45,-1.158]]],[[[112.532,-1.664],[112.527,-1.652],[112.521,-1.655],[112.525,-1.683],[112.505,-1.705],[112.503,-1.721],[112.538,-1.721],[112.546,-1.71],[112.551,-1.682],[112.532,-1.664]]]]},"properties":{"jenis":"logging","nama":"PT BERKAT CAHAYA TIMBER","luas":121605,"sk":"SK.504/MenLHK/Setjen/HPL.0/9/2017","tahun":2017}},{"type":"Feature","geometry":{"type":"Polygon","coordinates":[[[112.313,-1.217],[112.233,-1.341],[112.205,-1.406],[112.203,-1.429],[112.263,-1.441],[112.252,-1.432],[112.261,-1.413],[112.305,-1.391],[112.35,-1.407],[112.355,-1.442],[112.332,-1.449],[112.336,-1.452],[112.364,-1.453],[112.379,-1.41],[112.386,-1.41],[112.397,-1.449],[112.397,-1.479],[112.404,-1.485],[112.41,-1.485],[112.413,-1.472],[112.438,-1.473],[112.449,-1.46],[112.452,-1.468],[112.467,-1.462],[112.452,-1.435],[112.455,-1.427],[112.481,-1.451],[112.479,-1.461],[112.469,-1.462],[112.467,-1.483],[112.488,-1.497],[112.503,-1.492],[112.504,-1.48],[112.516,-1.48],[112.524,-1.468],[112.53,-1.479],[112.542,-1.475],[112.545,-1.485],[112.557,-1.483],[112.559,-1.474],[112.568,-1.478],[112.577,-1.465],[112.596,-1.466],[112.611,-1.402],[112.597,-1.38],[112.577,-1.368],[112.572,-1.352],[112.596,-1.342],[112.615,-1.346],[112.621,-1.316],[112.633,-1.312],[112.644,-1.323],[112.656,-1.3],[112.628,-1.289],[112.611,-1.304],[112.555,-1.277],[112.54,-1.289],[112.508,-1.284],[112.471,-1.255],[112.439,-1.249],[112.427,-1.228],[112.313,-1.217]]]},"properties":{"jenis":"logging","nama":"PT KAYU TRIBUANA RAMA","luas":98765,"sk":"SK.1002/Kpts-VI/1999","tahun":1999}},{"type":"Feature","geometry":{"type":"MultiPolygon","coordinates":[[[[115.408,-1.768],[115.408,-1.759],[115.392,-1.758],[115.38,-1.783],[115.385,-1.782],[115.381,-1.816],[115.398,-1.806],[115.417,-1.816],[115.413,-1.797],[115.419,-1.799],[115.418,-1.79],[115.432,-1.795],[115.435,-1.781],[115.449,-1.781],[115.447,-1.811],[115.459,-1.82],[115.446,-1.816],[115.442,-1.827],[115.428,-1.816],[115.423,-1.833],[115.411,-1.839],[115.414,-1.851],[115.443,-1.852],[115.447,-1.844],[115.456,-1.849],[115.472,-1.833],[115.476,-1.795],[115.462,-1.793],[115.451,-1.759],[115.438,-1.777],[115.435,-1.771],[115.428,-1.776],[115.408,-1.768]]],[[[115.375,-1.656],[115.356,-1.687],[115.357,-1.707],[115.344,-1.718],[115.351,-1.746],[115.366,-1.742],[115.364,-1.751],[115.382,-1.76],[115.377,-1.73],[115.39,-1.738],[115.4,-1.732],[115.418,-1.691],[115.39,-1.686],[115.387,-1.661],[115.375,-1.656]]]]},"properties":{"jenis":"hti","nama":"PT JENGGALA SEMESTA","luas":12380,"sk":"SK.143/Kpts-II/1997","tahun":1997}},{"type":"Feature","geometry":{"type":"Polygon","coordinates":[[[115.589,-1.707],[115.559,-1.707],[115.532,-1.73],[115.504,-1.733],[115.503,-1.752],[115.472,-1.79],[115.482,-1.811],[115.471,-1.828],[115.477,-1.834],[115.472,-1.847],[115.462,-1.845],[115.457,-1.858],[115.438,-1.85],[115.436,-1.865],[115.478,-1.861],[115.499,-1.837],[115.501,-1.816],[115.582,-1.814],[115.577,-1.842],[115.581,-1.829],[115.604,-1.813],[115.626,-1.769],[115.624,-1.754],[115.608,-1.755],[115.608,-1.772],[115.595,-1.772],[115.595,-1.79],[115.564,-1.801],[115.563,-1.772],[115.543,-1.772],[115.589,-1.707]]]},"properties":{"jenis":"hti","nama":"PT HUTAN SEMBADA","luas":10260,"sk":"SK.445/Kpts-II/1997","tahun":1997}},{"type":"Feature","geometry":{"type":"Polygon","coordinates":[[[114.673,-4.178],[114.691,-4.175],[114.703,-4.153],[114.698,-4.138],[114.729,-4.137],[114.738,-4.145],[114.781,-4.116],[114.794,-4.087],[114.817,-4.092],[114.836,-4.076],[114.843,-4.079],[114.854,-4.069],[114.863,-4.033],[114.879,-4.061],[114.892,-4.057],[114.92,-4.02],[114.913,-4.002],[114.93,-3.993],[114.902,-3.991],[114.877,-3.999],[114.856,-3.978],[114.809,-4.015],[114.793,-4.01],[114.788,-4.017],[114.766,-4.017],[114.727,-4],[114.704,-4.092],[114.687,-4.077],[114.67,-4.103],[114.637,-4.099],[114.646,-4.163],[114.638,-4.174],[114.673,-4.178]],[[114.683,-4.1],[114.683,-4.098],[114.686,-4.096],[114.683,-4.1]]]},"properties":{"jenis":"hti","nama":"PT INHUTANI III PELAIHARI","luas":27500,"sk":"SK.358/MENHUT II2005","tahun":2005}},{"type":"Feature","geometry":{"type":"Polygon","coordinates":[[[115.345,-3.172],[115.296,-3.17],[115.295,-3.198],[115.276,-3.202],[115.27,-3.219],[115.226,-3.231],[115.211,-3.223],[115.21,-3.242],[115.196,-3.249],[115.195,-3.263],[115.166,-3.279],[115.17,-3.294],[115.161,-3.298],[115.186,-3.291],[115.179,-3.314],[115.158,-3.306],[115.139,-3.325],[115.151,-3.36],[115.165,-3.35],[115.185,-3.317],[115.197,-3.329],[115.184,-3.365],[115.195,-3.38],[115.212,-3.368],[115.227,-3.338],[115.225,-3.33],[115.218,-3.332],[115.213,-3.303],[115.263,-3.265],[115.252,-3.255],[115.271,-3.25],[115.284,-3.269],[115.308,-3.272],[115.326,-3.264],[115.328,-3.246],[115.32,-3.253],[115.32,-3.238],[115.294,-3.235],[115.287,-3.223],[115.325,-3.194],[115.335,-3.198],[115.338,-3.225],[115.347,-3.211],[115.345,-3.172]]]},"properties":{"jenis":"hti","nama":"PT INHUTANI III (EKS PTINHUTANI III RIAM KIWA)","luas":15040,"sk":"SK.61/Menhut-II/2013","tahun":2013}},{"type":"Feature","geometry":{"type":"MultiPolygon","coordinates":[[[[115.345,-3.533],[115.311,-3.512],[115.261,-3.562],[115.262,-3.635],[115.294,-3.618],[115.311,-3.619],[115.28,-3.669],[115.315,-3.703],[115.33,-3.689],[115.306,-3.681],[115.298,-3.657],[115.306,-3.657],[115.306,-3.65],[115.322,-3.655],[115.324,-3.643],[115.338,-3.649],[115.333,-3.657],[115.343,-3.674],[115.35,-3.641],[115.4,-3.597],[115.43,-3.591],[115.394,-3.574],[115.362,-3.528],[115.345,-3.533]]],[[[115.449,-3.592],[115.434,-3.61],[115.4,-3.604],[115.392,-3.615],[115.373,-3.648],[115.391,-3.674],[115.377,-3.644],[115.4,-3.631],[115.438,-3.619],[115.445,-3.651],[115.454,-3.655],[115.474,-3.643],[115.465,-3.604],[115.47,-3.597],[115.449,-3.592]]],[[[115.475,-3.571],[115.464,-3.584],[115.473,-3.588],[115.475,-3.571]]],[[[115.475,-3.568],[115.478,-3.567],[115.476,-3.564],[115.475,-3.568]]]]},"properties":{"jenis":"hti","nama":"PT BATULICIN BUMI BERSUJUD","luas":21970,"sk":"SK.737/Menhut-II/2013","tahun":2013}},{"type":"Feature","geometry":{"type":"MultiPolygon","coordinates":[[[[115.217,-0.692],[115.203,-0.68],[115.177,-0.692],[115.143,-0.691],[115.138,-0.707],[115.125,-0.71],[115.142,-0.742],[115.083,-0.809],[115.178,-0.785],[115.24,-0.754],[115.252,-0.736],[115.247,-0.722],[115.217,-0.692]]],[[[115.142,-0.672],[115.149,-0.668],[115.151,-0.641],[115.138,-0.587],[115.129,-0.602],[115.127,-0.647],[115.112,-0.674],[115.116,-0.696],[115.123,-0.682],[115.142,-0.672]]],[[[115.168,-0.679],[115.195,-0.672],[115.181,-0.652],[115.165,-0.59],[115.156,-0.586],[115.168,-0.641],[115.176,-0.65],[115.162,-0.674],[115.168,-0.679]]]]},"properties":{"jenis":"hti","nama":"PT MERANTI SEMBADA","luas":15995,"sk":"SK.745/Kpts-II/1997","tahun":1997}},{"type":"Feature","geometry":{"type":"Polygon","coordinates":[[[112.179,-1.915],[112.174,-1.921],[112.235,-2.017],[112.306,-2.019],[112.309,-1.92],[112.179,-1.915]]]},"properties":{"jenis":"hti","nama":"PT KUSUMA PERKASA WANA","luas":9614,"sk":"SK.79/Kpts-II/1997","tahun":1997}},{"type":"Feature","geometry":{"type":"Polygon","coordinates":[[[115.557,-1.865],[115.543,-1.858],[115.334,-1.875],[115.319,-1.911],[115.336,-1.942],[115.359,-1.935],[115.371,-1.922],[115.41,-1.936],[115.418,-1.92],[115.404,-1.895],[115.419,-1.889],[115.441,-1.936],[115.455,-1.942],[115.488,-1.901],[115.537,-1.885],[115.542,-1.874],[115.553,-1.883],[115.557,-1.865]]]},"properties":{"jenis":"hti","nama":"PT TRIKORINDOTAMA WANAKARYA","luas":13545,"sk":"SK.127/Kpts-II/98","tahun":1998}},{"type":"Feature","geometry":{"type":"Polygon","coordinates":[[[115.584,-3.207],[115.584,-3.192],[115.552,-3.168],[115.541,-3.178],[115.542,-3.192],[115.559,-3.208],[115.563,-3.227],[115.517,-3.227],[115.512,-3.213],[115.503,-3.213],[115.474,-3.235],[115.475,-3.339],[115.462,-3.357],[115.491,-3.388],[115.491,-3.357],[115.518,-3.357],[115.532,-3.345],[115.532,-3.32],[115.616,-3.315],[115.616,-3.307],[115.633,-3.307],[115.633,-3.291],[115.652,-3.281],[115.652,-3.261],[115.672,-3.26],[115.671,-3.233],[115.64,-3.192],[115.64,-3.178],[115.615,-3.179],[115.615,-3.2],[115.584,-3.207]]]},"properties":{"jenis":"hti","nama":"PT INNI JOA","luas":28335,"sk":"SK.77/MENHUT-II/2009","tahun":2009}},{"type":"Feature","geometry":{"type":"Polygon","coordinates":[[[115.351,-2.995],[115.323,-2.995],[115.308,-3.053],[115.342,-3.08],[115.357,-3.076],[115.375,-3.11],[115.367,-3.118],[115.397,-3.123],[115.4,-3.111],[115.414,-3.115],[115.438,-3.107],[115.487,-3.008],[115.442,-3.003],[115.404,-3.069],[115.388,-3.074],[115.367,-3.06],[115.337,-3.019],[115.353,-3.004],[115.351,-2.995]]]},"properties":{"jenis":"hti","nama":"PT PRIMA MULTI BUANA","luas":12690,"sk":"SK.569/MENHUT-II/2009","tahun":2009}},{"type":"Feature","geometry":{"type":"Polygon","coordinates":[[[116.045,-3.682],[116.05,-3.704],[116.035,-3.732],[116.083,-3.775],[116.095,-3.864],[116.117,-3.873],[116.12,-3.882],[116.109,-3.905],[116.112,-3.929],[116.134,-3.923],[116.136,-3.94],[116.125,-3.956],[116.141,-3.968],[116.154,-3.968],[116.238,-3.885],[116.243,-3.835],[116.261,-3.788],[116.275,-3.773],[116.263,-3.743],[116.269,-3.719],[116.25,-3.705],[116.249,-3.729],[116.241,-3.74],[116.186,-3.736],[116.173,-3.721],[116.174,-3.706],[116.154,-3.71],[116.155,-3.687],[116.045,-3.682]]]},"properties":{"jenis":"hti","nama":"PT INHUTANI II UNIT P. LAUT (SEMARAS)","luas":48720,"sk":"SK.30/ Menhut-II/2006","tahun":2006}},{"type":"Feature","geometry":{"type":"Polygon","coordinates":[[[116.305,-2.686],[116.292,-2.655],[116.264,-2.683],[116.242,-2.691],[116.251,-2.726],[116.218,-2.765],[116.223,-2.804],[116.205,-2.863],[116.24,-2.969],[116.284,-2.922],[116.293,-2.939],[116.315,-2.933],[116.318,-2.902],[116.283,-2.901],[116.306,-2.881],[116.297,-2.857],[116.311,-2.826],[116.313,-2.795],[116.354,-2.807],[116.358,-2.837],[116.367,-2.82],[116.359,-2.782],[116.348,-2.783],[116.324,-2.764],[116.329,-2.745],[116.306,-2.717],[116.305,-2.686]]]},"properties":{"jenis":"hti","nama":"PT INHUTANI II SUB UNIT SENAKIN","luas":30730,"sk":"SK.505/Menhut-II/2009","tahun":2009}},{"type":"Feature","geometry":{"type":"MultiPolygon","coordinates":[[[[115.697,-2.434],[115.751,-2.339],[115.751,-2.327],[115.742,-2.326],[115.752,-2.324],[115.757,-2.31],[115.744,-2.271],[115.759,-2.246],[115.745,-2.225],[115.754,-2.215],[115.745,-2.21],[115.751,-2.199],[115.727,-2.209],[115.716,-2.245],[115.703,-2.247],[115.703,-2.255],[115.716,-2.262],[115.72,-2.285],[115.732,-2.285],[115.732,-2.333],[115.711,-2.333],[115.711,-2.388],[115.699,-2.403],[115.697,-2.434]],[[115.718,-2.391],[115.716,-2.395],[115.715,-2.392],[115.718,-2.391]],[[115.715,-2.382],[115.717,-2.389],[115.713,-2.381],[115.715,-2.382]],[[115.748,-2.309],[115.742,-2.314],[115.742,-2.309],[115.748,-2.309]],[[115.72,-2.337],[115.726,-2.342],[115.719,-2.341],[115.72,-2.337]]],[[[115.681,-2.167],[115.679,-2.16],[115.663,-2.169],[115.663,-2.183],[115.655,-2.183],[115.666,-2.193],[115.694,-2.193],[115.681,-2.167]]],[[[115.675,-2.434],[115.612,-2.436],[115.695,-2.442],[115.697,-2.434],[115.675,-2.434]],[[115.623,-2.437],[115.627,-2.437],[115.626,-2.438],[115.623,-2.437]]],[[[115.703,-2.24],[115.703,-2.207],[115.694,-2.203],[115.694,-2.246],[115.703,-2.24]]]]},"properties":{"jenis":"hti","nama":"PT WANA DIPA PERKASA","luas":8355,"sk":"SK.484/Menhut-II/2014","tahun":2014}},{"type":"Feature","geometry":{"type":"Polygon","coordinates":[[[115.686,-3.075],[115.674,-3.098],[115.658,-3.078],[115.6,-3.061],[115.6,-3.157],[115.615,-3.187],[115.615,-3.179],[115.64,-3.178],[115.64,-3.192],[115.671,-3.233],[115.672,-3.26],[115.682,-3.265],[115.689,-3.263],[115.689,-3.238],[115.659,-3.198],[115.655,-3.175],[115.664,-3.175],[115.668,-3.188],[115.678,-3.193],[115.7,-3.237],[115.727,-3.216],[115.715,-3.164],[115.722,-3.13],[115.732,-3.124],[115.711,-3.115],[115.717,-3.099],[115.707,-3.097],[115.706,-3.088],[115.711,-3.089],[115.704,-3.079],[115.689,-3.081],[115.686,-3.075]],[[115.62,-3.14],[115.648,-3.161],[115.649,-3.183],[115.631,-3.159],[115.61,-3.153],[115.608,-3.141],[115.62,-3.14]],[[115.656,-3.172],[115.655,-3.144],[115.661,-3.164],[115.656,-3.172]]]},"properties":{"jenis":"hti","nama":"PT JHONLIN AGRO MANDIRI","luas":17730,"sk":"SK.482/Menhut-II/2014","tahun":2014}},{"type":"Feature","geometry":{"type":"MultiPolygon","coordinates":[[[[115.36,-2.864],[115.37,-2.851],[115.299,-2.877],[115.303,-2.865],[115.297,-2.863],[115.28,-2.922],[115.281,-2.95],[115.294,-2.949],[115.309,-2.934],[115.324,-2.944],[115.342,-2.887],[115.36,-2.864]]],[[[115.27,-2.899],[115.254,-2.918],[115.236,-2.918],[115.224,-2.93],[115.236,-2.951],[115.225,-2.952],[115.215,-2.968],[115.213,-2.998],[115.223,-2.999],[115.237,-2.977],[115.242,-2.945],[115.265,-2.927],[115.272,-2.906],[115.263,-2.91],[115.27,-2.899]]],[[[115.282,-3.02],[115.271,-3.01],[115.32,-2.977],[115.321,-2.966],[115.276,-2.998],[115.269,-3.011],[115.273,-3.03],[115.308,-3.032],[115.316,-2.999],[115.282,-3.02]]],[[[115.267,-2.886],[115.26,-2.868],[115.244,-2.885],[115.251,-2.9],[115.267,-2.886]]]]},"properties":{"jenis":"hti","nama":"PT DWIMA INTIGA","luas":9140,"sk":"12/1/IUPHHK-HTI/PMDN/2016","tahun":2016}},{"type":"Feature","geometry":{"type":"MultiPolygon","coordinates":[[[[115.874,-3.038],[115.848,-3.037],[115.813,-3.056],[115.813,-3.103],[115.94,-3.103],[115.947,-3.093],[115.927,-3.088],[115.935,-3.083],[115.926,-3.074],[115.918,-3.089],[115.908,-3.09],[115.907,-3.079],[115.893,-3.083],[115.898,-3.1],[115.885,-3.1],[115.891,-3.075],[115.91,-3.074],[115.89,-3.045],[115.874,-3.038]]],[[[116.012,-3.261],[116.006,-3.254],[116.021,-3.222],[116.003,-3.214],[115.995,-3.253],[116.012,-3.29],[116.041,-3.289],[116.03,-3.259],[116.012,-3.261]]],[[[116.016,-3.305],[116.003,-3.322],[115.989,-3.307],[115.992,-3.344],[116.001,-3.345],[116.004,-3.328],[116.016,-3.372],[116.026,-3.35],[116.021,-3.343],[116.028,-3.337],[116.015,-3.332],[116.021,-3.321],[116.016,-3.305]]],[[[115.992,-3.301],[115.999,-3.273],[115.98,-3.236],[115.994,-3.275],[115.984,-3.287],[115.992,-3.301]]],[[[115.949,-3.332],[115.938,-3.287],[115.931,-3.286],[115.943,-3.332],[115.977,-3.353],[115.96,-3.33],[115.949,-3.332]]],[[[116.002,-3.371],[115.99,-3.371],[116.001,-3.396],[116.01,-3.391],[116.002,-3.371]]],[[[115.991,-3.215],[115.985,-3.21],[115.982,-3.224],[115.99,-3.237],[115.991,-3.215]]]]},"properties":{"jenis":"hti","nama":"PT KODECO TIMBER","luas":12280,"sk":"SK.760/Menhut-II/2013","tahun":2013}},{"type":"Feature","geometry":{"type":"MultiPolygon","coordinates":[[[[113.502,-1.645],[113.476,-1.681],[113.49,-1.788],[113.557,-1.9],[113.609,-1.921],[113.61,-1.899],[113.586,-1.83],[113.572,-1.811],[113.542,-1.813],[113.542,-1.794],[113.555,-1.795],[113.516,-1.751],[113.503,-1.716],[113.518,-1.687],[113.516,-1.66],[113.554,-1.654],[113.528,-1.655],[113.502,-1.645]]],[[[113.768,-1.683],[113.763,-1.673],[113.742,-1.673],[113.748,-1.718],[113.743,-1.765],[113.785,-1.866],[113.798,-1.84],[113.801,-1.78],[113.78,-1.739],[113.793,-1.706],[113.79,-1.69],[113.781,-1.68],[113.768,-1.683]]],[[[113.802,-1.923],[113.8,-1.899],[113.789,-1.891],[113.795,-1.923],[113.802,-1.923]]]]},"properties":{"jenis":"hti","nama":"PT BORNEO SUBUR AGRO","luas":23620,"sk":"9/1/IUPHHK-HTI/PMDN/2016","tahun":2014}},{"type":"Feature","geometry":{"type":"Polygon","coordinates":[[[115.663,-3.506],[115.626,-3.512],[115.62,-3.525],[115.611,-3.525],[115.611,-3.57],[115.593,-3.57],[115.593,-3.58],[115.555,-3.582],[115.547,-3.58],[115.547,-3.569],[115.477,-3.564],[115.475,-3.592],[115.465,-3.604],[115.473,-3.625],[115.485,-3.625],[115.488,-3.644],[115.525,-3.645],[115.534,-3.631],[115.521,-3.625],[115.521,-3.604],[115.535,-3.6],[115.542,-3.627],[115.566,-3.627],[115.566,-3.639],[115.628,-3.608],[115.663,-3.506]]]},"properties":{"jenis":"hti","nama":"PT KIRANA CHATULISTIWA","luas":14400,"sk":"SK.764/Kpts-II/1996","tahun":1996}},{"type":"Feature","geometry":{"type":"Polygon","coordinates":[[[115.382,-1.74],[115.375,-1.738],[115.382,-1.741],[115.382,-1.76],[115.364,-1.751],[115.366,-1.742],[115.355,-1.742],[115.337,-1.795],[115.323,-1.795],[115.317,-1.83],[115.313,-1.834],[115.3,-1.824],[115.316,-1.852],[115.319,-1.875],[115.353,-1.86],[115.37,-1.861],[115.374,-1.836],[115.405,-1.836],[115.395,-1.818],[115.398,-1.808],[115.381,-1.816],[115.385,-1.782],[115.38,-1.783],[115.392,-1.759],[115.39,-1.738],[115.382,-1.74]]]},"properties":{"jenis":"hti","nama":"PT AYA YAYANG INDONESIA","luas":8185,"sk":"SK.513/Menhut-II/2005","tahun":2005}},{"type":"Feature","geometry":{"type":"Polygon","coordinates":[[[110.689,-0.651],[110.688,-0.661],[110.429,-0.66],[110.422,-0.702],[110.38,-0.762],[110.376,-0.788],[110.395,-0.824],[110.4,-0.856],[110.429,-0.891],[110.426,-0.904],[110.437,-0.918],[110.464,-0.932],[110.503,-0.901],[110.532,-0.899],[110.529,-0.798],[110.782,-0.796],[110.736,-0.735],[110.71,-0.66],[110.689,-0.661],[110.689,-0.651]]]},"properties":{"jenis":"hti","nama":"PT MAHKOTA RIMBA UTAMA","luas":74480,"sk":"SK.555/Menhut-II/2009","tahun":2009}},{"type":"Feature","geometry":{"type":"MultiPolygon","coordinates":[[[[115.087,-0.812],[115.105,-0.915],[115.212,-0.901],[115.298,-0.918],[115.355,-0.913],[115.358,-0.897],[115.349,-0.892],[115.311,-0.887],[115.293,-0.896],[115.286,-0.889],[115.298,-0.871],[115.295,-0.831],[115.286,-0.818],[115.27,-0.818],[115.247,-0.867],[115.236,-0.859],[115.225,-0.864],[115.225,-0.85],[115.154,-0.839],[115.147,-0.827],[115.113,-0.833],[115.115,-0.819],[115.087,-0.812]]],[[[115.13,-0.563],[115.142,-0.551],[115.132,-0.526],[115.132,-0.498],[115.096,-0.502],[115.077,-0.574],[115.13,-0.563]]]]},"properties":{"jenis":"hti","nama":"PT PURWA PERMAI","luas":20500,"sk":"SK.931/Kpts-II/1999","tahun":1999}},{"type":"Feature","geometry":{"type":"Polygon","coordinates":[[[114.301,-0.779],[114.218,-0.749],[114.186,-0.775],[114.222,-0.817],[114.238,-0.812],[114.31,-0.877],[114.323,-0.867],[114.308,-0.84],[114.305,-0.802],[114.279,-0.783],[114.301,-0.779]]]},"properties":{"jenis":"hti","nama":"PT POLA INTI RIMBA","luas":9550,"sk":"SK.220/Kpts-V/1992","tahun":2011}},{"type":"Feature","geometry":{"type":"Polygon","coordinates":[[[113.881,-1.33],[113.855,-1.283],[113.856,-1.219],[113.842,-1.198],[113.83,-1.189],[113.711,-1.189],[113.657,-1.339],[113.671,-1.349],[113.685,-1.38],[113.706,-1.485],[113.769,-1.622],[113.856,-1.627],[113.858,-1.599],[113.843,-1.515],[113.749,-1.514],[113.749,-1.36],[113.805,-1.347],[113.805,-1.337],[113.82,-1.334],[113.87,-1.35],[113.881,-1.33]]]},"properties":{"jenis":"hti","nama":"PT TAIYOUNG ENGREEN","luas":59810,"sk":"SK.78/Menhut-II/2009","tahun":2009}},{"type":"Feature","geometry":{"type":"Polygon","coordinates":[[[115.299,-1.334],[115.298,-1.328],[115.115,-1.334],[115.118,-1.352],[115.091,-1.351],[115.102,-1.434],[115.13,-1.435],[115.128,-1.444],[115.137,-1.443],[115.141,-1.457],[115.159,-1.448],[115.199,-1.45],[115.199,-1.406],[115.279,-1.402],[115.302,-1.38],[115.299,-1.334]]]},"properties":{"jenis":"hti","nama":"PT PARWATA RIMBA","luas":11450,"sk":"SK.161/Kpts-II/1997","tahun":1997}},{"type":"Feature","geometry":{"type":"Polygon","coordinates":[[[114.256,-1.362],[114.037,-1.365],[114.037,-1.435],[114.031,-1.434],[114.035,-1.563],[114.065,-1.605],[114.092,-1.662],[114.138,-1.895],[114.223,-1.882],[114.233,-1.855],[114.29,-1.798],[114.306,-1.749],[114.305,-1.713],[114.153,-1.705],[114.154,-1.559],[114.256,-1.555],[114.256,-1.362]]]},"properties":{"jenis":"hti","nama":"PT INDUSTRIAL FOREST PLANTATI0N","luas":101840,"sk":"SK.664/Menhut-II/2009","tahun":2009}},{"type":"Feature","geometry":{"type":"Polygon","coordinates":[[[110.057,-0.521],[109.999,-0.583],[109.959,-0.553],[109.904,-0.615],[109.959,-0.655],[109.959,-0.61],[110.197,-0.611],[110.197,-0.635],[110.232,-0.6],[110.057,-0.521]]]},"properties":{"jenis":"hti","nama":"PT ASIA TANI PERSADA","luas":20740,"sk":"SK.353/Menhut-II/2010","tahun":2010}},{"type":"Feature","geometry":{"type":"Polygon","coordinates":[[[110.11,1.017],[110.098,1.001],[110.021,0.996],[110.051,0.975],[110.079,0.992],[110.089,0.969],[110.125,0.942],[110.144,0.973],[110.153,0.975],[110.179,0.956],[110.225,0.961],[110.216,0.97],[110.223,0.98],[110.203,0.994],[110.16,1],[110.138,1.019],[110.113,1.005],[110.11,1.017]]]},"properties":{"jenis":"hti","nama":"PT GAPURA PERSADA KATULISTIWA","luas":8250,"sk":"SK.288/Menhut-VI/2011","tahun":2011}},{"type":"Feature","geometry":{"type":"MultiPolygon","coordinates":[[[[110.057,-0.521],[110.232,-0.6],[110.197,-0.635],[110.197,-0.611],[109.959,-0.61],[109.959,-0.655],[110.093,-0.751],[110.095,-0.788],[110.071,-0.786],[110.039,-0.772],[110.038,-0.751],[110.021,-0.743],[110.009,-0.724],[109.998,-0.73],[109.979,-0.726],[109.97,-0.739],[109.946,-0.74],[109.933,-0.751],[109.951,-0.762],[109.965,-0.758],[109.978,-0.765],[110.025,-0.828],[110.019,-0.837],[110.002,-0.835],[109.948,-0.811],[109.947,-0.873],[109.917,-0.891],[109.923,-0.899],[109.883,-0.933],[109.953,-1.014],[110.003,-1.015],[110.051,-0.962],[110.077,-0.915],[110.109,-0.893],[110.11,-0.912],[110.131,-0.904],[110.146,-0.844],[110.295,-0.744],[110.377,-0.71],[110.399,-0.676],[110.403,-0.648],[110.391,-0.623],[110.299,-0.624],[110.278,-0.633],[110.259,-0.628],[110.209,-0.47],[110.193,-0.449],[110.164,-0.452],[110.146,-0.466],[110.141,-0.514],[110.131,-0.51],[110.119,-0.457],[110.057,-0.521]]],[[[110.057,-0.521],[110.057,-0.521],[110.057,-0.521],[110.057,-0.521]]]]},"properties":{"jenis":"hti","nama":"PT MAYAWANA PERSADA","luas":136710,"sk":"SK.723/Menhut-II/2010","tahun":2010}},{"type":"Feature","geometry":{"type":"MultiPolygon","coordinates":[[[[116.685,1.167],[116.656,1.156],[116.683,1.096],[116.667,1.088],[116.667,0.937],[116.659,0.933],[116.664,0.925],[116.643,0.91],[116.648,0.903],[116.62,0.881],[116.626,0.873],[116.606,0.859],[116.627,0.859],[116.666,0.831],[116.679,0.833],[116.681,0.845],[116.67,0.919],[116.704,0.982],[116.698,1.013],[116.685,1.021],[116.681,1.035],[116.745,1.079],[116.755,1.1],[116.737,1.107],[116.739,1.116],[116.723,1.131],[116.73,1.151],[116.713,1.131],[116.685,1.167]]],[[[116.99,1.353],[116.997,1.387],[116.896,1.332],[116.971,1.284],[117.011,1.348],[116.99,1.353]]]]},"properties":{"jenis":"hti","nama":"PT ACACIA ANDALAN UTAMA (SK 620)","luas":21965,"sk":"SK.620/Menhut-II/2010","tahun":2010}},{"type":"Feature","geometry":{"type":"MultiPolygon","coordinates":[[[[110.651,-0.467],[110.644,-0.467],[110.638,-0.488],[110.627,-0.492],[110.632,-0.539],[110.65,-0.591],[110.689,-0.626],[110.689,-0.635],[110.755,-0.63],[110.752,-0.597],[110.791,-0.562],[110.811,-0.562],[110.836,-0.588],[110.824,-0.61],[110.795,-0.632],[110.935,-0.633],[110.935,-0.625],[110.954,-0.611],[110.976,-0.606],[110.988,-0.616],[111.059,-0.614],[111.059,-0.604],[111.019,-0.589],[111.005,-0.573],[110.992,-0.52],[110.983,-0.521],[110.972,-0.579],[110.926,-0.616],[110.909,-0.617],[110.896,-0.585],[110.898,-0.569],[110.89,-0.566],[110.898,-0.515],[110.883,-0.51],[110.861,-0.516],[110.835,-0.497],[110.797,-0.507],[110.775,-0.529],[110.759,-0.525],[110.756,-0.55],[110.718,-0.571],[110.693,-0.577],[110.666,-0.572],[110.656,-0.56],[110.651,-0.467]]],[[[110.642,-0.169],[110.637,-0.165],[110.629,-0.204],[110.605,-0.238],[110.56,-0.259],[110.569,-0.283],[110.56,-0.311],[110.578,-0.311],[110.586,-0.321],[110.598,-0.365],[110.62,-0.391],[110.625,-0.348],[110.597,-0.296],[110.596,-0.281],[110.612,-0.27],[110.621,-0.281],[110.645,-0.28],[110.665,-0.245],[110.663,-0.205],[110.642,-0.169]]]]},"properties":{"jenis":"hti","nama":"PT WANA SUBUR PERSADA","luas":42375,"sk":"SK.717/Menhut-II/2014","tahun":2014}},{"type":"Feature","geometry":{"type":"Polygon","coordinates":[[[109.321,0.204],[109.264,0.206],[109.243,0.18],[109.278,0.11],[109.297,0.092],[109.359,0.093],[109.36,0.169],[109.368,0.18],[109.362,0.198],[109.321,0.204]]]},"properties":{"jenis":"hti","nama":"PT MUARA SUNGAI LANDAK","luas":13000,"sk":"SK.243/Menhut-II/2012","tahun":2012}},{"type":"Feature","geometry":{"type":"Polygon","coordinates":[[[112.369,0.004],[112.378,0.041],[112.349,0.031],[112.342,0.018],[112.323,0.015],[112.301,-0.011],[112.288,-0.008],[112.271,-0.046],[112.263,-0.045],[112.256,-0.057],[112.261,-0.066],[112.234,-0.099],[112.239,-0.112],[112.212,-0.115],[112.204,-0.094],[112.206,-0.065],[112.223,-0.062],[112.229,-0.028],[112.257,-0.018],[112.264,0.008],[112.24,0.022],[112.23,0.008],[112.21,0.002],[112.183,0.013],[112.106,0.018],[112.111,0.013],[112.106,0.005],[112.114,0.002],[112.103,-0.006],[112.103,-0.031],[112.12,-0.044],[112.104,-0.064],[112.137,-0.07],[112.148,-0.082],[112.144,-0.099],[112.15,-0.105],[112.169,-0.099],[112.182,-0.156],[112.146,-0.155],[112.152,-0.195],[112.222,-0.192],[112.252,-0.182],[112.39,-0.094],[112.347,-0.078],[112.343,-0.07],[112.421,-0.009],[112.378,-0.008],[112.369,0.004]]]},"properties":{"jenis":"hti","nama":"PT BOMA PLANTATION","luas":46375,"sk":"SK.212/Menhut-II/2012","tahun":2012}},{"type":"Feature","geometry":{"type":"Polygon","coordinates":[[[115.674,-0.834],[115.649,-0.841],[115.633,-0.837],[115.627,-0.846],[115.618,-0.842],[115.626,-0.858],[115.608,-0.861],[115.571,-0.896],[115.559,-0.896],[115.551,-0.919],[115.573,-0.929],[115.589,-0.926],[115.604,-0.949],[115.66,-0.92],[115.711,-0.852],[115.674,-0.834]]]},"properties":{"jenis":"hti","nama":"PT HUTAN MAHLIGAI","luas":11275,"sk":"SK.47/Menhut II/2006","tahun":2006}},{"type":"Feature","geometry":{"type":"MultiPolygon","coordinates":[[[[111.492,-0.46],[111.49,-0.369],[111.467,-0.371],[111.468,-0.461],[111.437,-0.465],[111.37,-0.461],[111.37,-0.376],[111.362,-0.371],[111.353,-0.377],[111.353,-0.398],[111.344,-0.4],[111.346,-0.439],[111.354,-0.471],[111.349,-0.483],[111.363,-0.522],[111.367,-0.516],[111.376,-0.528],[111.387,-0.477],[111.399,-0.466],[111.434,-0.473],[111.46,-0.496],[111.477,-0.556],[111.552,-0.556],[111.523,-0.554],[111.534,-0.529],[111.514,-0.508],[111.506,-0.476],[111.492,-0.46]]],[[[111.481,-0.707],[111.481,-0.672],[111.446,-0.695],[111.464,-0.717],[111.481,-0.707]]],[[[111.524,-0.652],[111.539,-0.605],[111.522,-0.6],[111.51,-0.651],[111.528,-0.666],[111.524,-0.652]]],[[[111.43,-0.576],[111.383,-0.595],[111.39,-0.599],[111.447,-0.584],[111.43,-0.576]]],[[[111.373,-0.559],[111.377,-0.545],[111.365,-0.531],[111.356,-0.548],[111.366,-0.561],[111.373,-0.559]]]]},"properties":{"jenis":"hti","nama":"PT SEGAH BANGUN PERSADA","luas":17300,"sk":"SK.450/Menhut-II/2011","tahun":2011}},{"type":"Feature","geometry":{"type":"MultiPolygon","coordinates":[[[[117.212,1.288],[117.201,1.322],[117.175,1.31],[117.161,1.245],[117.146,1.226],[117.136,1.253],[117.137,1.293],[117.088,1.295],[117.088,1.289],[117.101,1.288],[117.103,1.271],[117.082,1.258],[117.076,1.217],[117.054,1.206],[117.038,1.183],[117.021,1.189],[117.005,1.173],[117.032,1.18],[117.038,1.169],[117.051,1.166],[117.074,1.099],[117.092,1.127],[117.112,1.182],[117.144,1.22],[117.171,1.229],[117.194,1.278],[117.212,1.275],[117.212,1.288]]],[[[117.368,0.825],[117.274,0.881],[117.313,0.824],[117.381,0.807],[117.38,0.821],[117.368,0.825]]]]},"properties":{"jenis":"hti","nama":"PT CAHAYA MITRA WIRATAMA","luas":18290,"sk":"SK.449/Menhut-II/2011","tahun":2011}},{"type":"Feature","geometry":{"type":"Polygon","coordinates":[[[114.309,-0.954],[114.296,-0.951],[114.295,-1.038],[114.25,-1.037],[114.257,-1.063],[114.312,-1.063],[114.315,-1.041],[114.331,-1.036],[114.357,-0.984],[114.353,-0.968],[114.309,-0.954]]]},"properties":{"jenis":"hti","nama":"PT WOYLA RAYA ABADI","luas":6521,"sk":"SK.579/Menhut-II/09","tahun":2009}},{"type":"Feature","geometry":{"type":"Polygon","coordinates":[[[112.06,-1.947],[112.053,-1.948],[112.055,-1.971],[112.048,-1.974],[112.056,-1.989],[112.05,-2],[112.009,-2.023],[111.992,-2.02],[112.001,-2.057],[112.082,-2.065],[112.087,-2.055],[112.097,-2.053],[112.108,-2.061],[112.141,-2.043],[112.121,-2.013],[112.13,-2.013],[112.126,-2.001],[112.111,-1.998],[112.098,-1.978],[112.072,-1.978],[112.074,-1.966],[112.062,-1.96],[112.06,-1.947]]]},"properties":{"jenis":"hti","nama":"PT RIMBA ELOK","luas":18820,"sk":"SK.583/Kpts-II/1997","tahun":1997}},{"type":"Feature","geometry":{"type":"Polygon","coordinates":[[[112.44,-1.712],[112.382,-1.72],[112.352,-1.744],[112.365,-1.747],[112.371,-1.771],[112.398,-1.775],[112.389,-1.787],[112.445,-1.781],[112.471,-1.798],[112.484,-1.79],[112.498,-1.729],[112.478,-1.735],[112.46,-1.714],[112.44,-1.712]]]},"properties":{"jenis":"hti","nama":"PT RIMBA ARGAMAS","luas":10100,"sk":"SK.322/Menhut-II/2009","tahun":2009}},{"type":"Feature","geometry":{"type":"MultiPolygon","coordinates":[[[[111.061,0.681],[111.049,0.711],[111.009,0.723],[111.006,0.707],[111.019,0.678],[111,0.672],[111.005,0.651],[110.997,0.617],[111.025,0.605],[111.017,0.559],[110.992,0.56],[110.959,0.534],[110.942,0.539],[110.934,0.527],[110.941,0.512],[110.937,0.482],[110.932,0.471],[110.906,0.456],[110.907,0.441],[110.916,0.433],[110.902,0.396],[110.875,0.385],[110.844,0.389],[110.854,0.409],[110.868,0.415],[110.868,0.423],[110.851,0.424],[110.863,0.438],[110.862,0.451],[110.886,0.457],[110.896,0.474],[110.881,0.486],[110.878,0.499],[110.848,0.485],[110.866,0.48],[110.86,0.472],[110.824,0.478],[110.791,0.448],[110.734,0.434],[110.71,0.437],[110.603,0.484],[110.579,0.484],[110.562,0.469],[110.564,0.435],[110.544,0.435],[110.551,0.41],[110.527,0.358],[110.525,0.328],[110.518,0.327],[110.521,0.303],[110.547,0.256],[110.545,0.239],[110.576,0.229],[110.598,0.245],[110.611,0.245],[110.6,0.223],[110.605,0.218],[110.597,0.218],[110.613,0.184],[110.628,0.184],[110.627,0.194],[110.661,0.219],[110.675,0.213],[110.678,0.23],[110.688,0.212],[110.708,0.225],[110.749,0.208],[110.763,0.222],[110.762,0.21],[110.734,0.181],[110.745,0.152],[110.765,0.145],[110.761,0.181],[110.794,0.196],[110.808,0.231],[110.794,0.252],[110.79,0.28],[110.774,0.288],[110.771,0.306],[110.795,0.341],[110.857,0.334],[110.862,0.297],[110.834,0.269],[110.847,0.175],[110.806,0.158],[110.791,0.131],[110.807,0.124],[110.792,0.067],[110.796,0.048],[110.812,0.032],[110.838,0.034],[110.927,0.079],[110.927,0.097],[110.89,0.083],[110.877,0.099],[110.896,0.118],[110.901,0.136],[110.912,0.136],[110.914,0.142],[110.9,0.153],[110.937,0.185],[110.934,0.196],[110.919,0.197],[110.91,0.226],[110.915,0.234],[110.955,0.236],[110.962,0.226],[110.991,0.225],[110.999,0.19],[110.975,0.154],[111.018,0.155],[111.018,0.119],[111.083,0.144],[111.085,0.151],[111.036,0.152],[111.036,0.184],[111.018,0.184],[111.018,0.227],[111.036,0.228],[111.036,0.237],[111.016,0.238],[110.993,0.252],[110.969,0.282],[110.931,0.283],[110.931,0.297],[110.962,0.315],[111.015,0.312],[111.017,0.304],[111.034,0.301],[111.066,0.319],[111.066,0.362],[111.087,0.362],[111.078,0.376],[111.076,0.409],[111.068,0.41],[111.068,0.47],[111.061,0.502],[111.054,0.504],[111.062,0.555],[111.076,0.582],[111.092,0.584],[111.094,0.597],[111.13,0.601],[111.131,0.619],[111.157,0.618],[111.158,0.548],[111.196,0.548],[111.248,0.501],[111.267,0.502],[111.268,0.563],[111.368,0.566],[111.381,0.619],[111.412,0.62],[111.416,0.635],[111.45,0.636],[111.464,0.644],[111.528,0.642],[111.556,0.653],[111.535,0.668],[111.52,0.669],[111.517,0.659],[111.495,0.651],[111.49,0.66],[111.474,0.655],[111.419,0.673],[111.406,0.647],[111.39,0.646],[111.383,0.656],[111.372,0.655],[111.371,0.665],[111.362,0.664],[111.359,0.65],[111.338,0.637],[111.301,0.652],[111.343,0.669],[111.335,0.689],[111.314,0.682],[111.269,0.717],[111.239,0.721],[111.229,0.71],[111.267,0.693],[111.285,0.672],[111.284,0.661],[111.25,0.676],[111.219,0.665],[111.204,0.668],[111.2,0.684],[111.166,0.7],[111.16,0.715],[111.147,0.711],[111.099,0.723],[111.073,0.717],[111.063,0.694],[111.067,0.677],[111.061,0.681]]],[[[111.242,0.386],[111.222,0.386],[111.226,0.376],[111.208,0.369],[111.223,0.334],[111.236,0.326],[111.231,0.307],[111.259,0.295],[111.255,0.273],[111.263,0.262],[111.261,0.248],[111.273,0.247],[111.26,0.205],[111.266,0.168],[111.258,0.167],[111.26,0.174],[111.254,0.161],[111.271,0.152],[111.269,0.168],[111.282,0.191],[111.327,0.19],[111.328,0.213],[111.372,0.211],[111.373,0.228],[111.39,0.239],[111.378,0.272],[111.408,0.285],[111.432,0.252],[111.432,0.289],[111.449,0.295],[111.414,0.316],[111.41,0.31],[111.363,0.325],[111.363,0.338],[111.388,0.364],[111.343,0.364],[111.332,0.354],[111.292,0.352],[111.292,0.361],[111.242,0.366],[111.242,0.386]]],[[[111.572,0.457],[111.568,0.491],[111.54,0.501],[111.541,0.493],[111.515,0.49],[111.516,0.483],[111.438,0.47],[111.439,0.44],[111.446,0.441],[111.442,0.39],[111.462,0.376],[111.49,0.38],[111.501,0.363],[111.537,0.367],[111.543,0.385],[111.557,0.389],[111.558,0.399],[111.546,0.416],[111.564,0.421],[111.572,0.457]]]]},"properties":{"jenis":"hti","nama":"PT FINNANTARA INTIGA","luas":299700,"sk":"SK.750/Kpts-II/1996","tahun":1996}},{"type":"Feature","geometry":{"type":"MultiPolygon","coordinates":[[[[113.138,0.921],[113.136,0.935],[113.126,0.936],[113.12,0.925],[113.08,0.903],[113.08,0.887],[113.041,0.89],[113.017,0.872],[113.008,0.881],[112.985,0.802],[113.036,0.796],[113.036,0.813],[113.052,0.817],[113.05,0.833],[113.068,0.838],[113.077,0.824],[113.101,0.83],[113.132,0.816],[113.138,0.793],[113.157,0.773],[113.138,0.921]]],[[[112.924,0.727],[112.942,0.802],[112.917,0.802],[112.905,0.739],[112.924,0.727]]]]},"properties":{"jenis":"hti","nama":"PT LEMBAH JATI MUTIARA","luas":16800,"sk":"SK.92/Kpts-II/1998","tahun":1998}},{"type":"Feature","geometry":{"type":"MultiPolygon","coordinates":[[[[111.423,-0.3],[111.418,-0.292],[111.387,-0.306],[111.381,-0.328],[111.358,-0.355],[111.362,-0.371],[111.431,-0.384],[111.488,-0.369],[111.495,-0.304],[111.423,-0.3]]],[[[111.377,-0.382],[111.37,-0.383],[111.37,-0.427],[111.386,-0.436],[111.398,-0.428],[111.43,-0.427],[111.433,-0.389],[111.377,-0.382]]],[[[111.467,-0.387],[111.448,-0.387],[111.44,-0.461],[111.468,-0.461],[111.467,-0.387]]],[[[111.427,-0.435],[111.387,-0.446],[111.37,-0.441],[111.37,-0.461],[111.426,-0.461],[111.427,-0.435]]]]},"properties":{"jenis":"hti","nama":"PT RIMBA EQUATOR PERMAI","luas":17068,"sk":"SK.320/Menhut-II/2004","tahun":2004}},{"type":"Feature","geometry":{"type":"Polygon","coordinates":[[[110.275,0.821],[110.265,0.801],[110.236,0.811],[110.221,0.797],[110.214,0.766],[110.234,0.741],[110.262,0.74],[110.279,0.728],[110.286,0.7],[110.28,0.683],[110.29,0.666],[110.326,0.682],[110.364,0.738],[110.33,0.783],[110.283,0.784],[110.289,0.796],[110.312,0.806],[110.303,0.817],[110.275,0.821]]]},"properties":{"jenis":"hti","nama":"PT LAHAN SUKSES","luas":14460,"sk":"SK.318/Kpts-II/1998","tahun":1998}},{"type":"Feature","geometry":{"type":"MultiPolygon","coordinates":[[[[111.926,-0.138],[111.913,-0.123],[111.902,-0.14],[111.889,-0.137],[111.886,-0.148],[111.844,-0.155],[111.832,-0.152],[111.825,-0.134],[111.808,-0.143],[111.789,-0.128],[111.77,-0.13],[111.762,-0.142],[111.713,-0.131],[111.692,-0.135],[111.702,-0.174],[111.716,-0.189],[111.71,-0.205],[111.731,-0.23],[111.705,-0.247],[111.699,-0.277],[111.682,-0.277],[111.686,-0.292],[111.697,-0.3],[111.717,-0.295],[111.777,-0.331],[111.821,-0.336],[111.842,-0.346],[111.867,-0.34],[111.907,-0.312],[111.931,-0.314],[111.97,-0.339],[111.982,-0.378],[111.997,-0.378],[112.048,-0.318],[112.064,-0.322],[112.083,-0.352],[112.105,-0.346],[112.106,-0.303],[112.099,-0.3],[112.105,-0.286],[112.084,-0.267],[112.074,-0.238],[112.089,-0.224],[112.075,-0.222],[112.062,-0.195],[112.065,-0.185],[112.077,-0.184],[112.075,-0.17],[112.053,-0.172],[112.057,-0.16],[112.052,-0.147],[112.017,-0.155],[111.995,-0.149],[111.988,-0.138],[111.952,-0.158],[111.943,-0.143],[111.926,-0.138]]],[[[111.908,-0.344],[111.878,-0.345],[111.843,-0.381],[111.821,-0.378],[111.814,-0.369],[111.804,-0.378],[111.783,-0.365],[111.769,-0.388],[111.79,-0.394],[111.787,-0.426],[111.804,-0.446],[111.805,-0.438],[111.818,-0.444],[111.822,-0.482],[111.838,-0.499],[111.884,-0.5],[111.898,-0.486],[111.919,-0.488],[111.921,-0.497],[111.941,-0.501],[111.957,-0.497],[111.963,-0.486],[111.98,-0.49],[111.997,-0.47],[112.009,-0.475],[112.019,-0.466],[112.1,-0.506],[112.107,-0.501],[112.073,-0.466],[112.077,-0.449],[112.113,-0.474],[112.123,-0.491],[112.159,-0.495],[112.146,-0.477],[112.157,-0.457],[112.14,-0.448],[112.13,-0.46],[112.12,-0.453],[112.114,-0.463],[112.101,-0.457],[112.084,-0.439],[112.084,-0.421],[112.062,-0.405],[112.038,-0.411],[112.01,-0.433],[111.981,-0.43],[111.968,-0.439],[111.969,-0.412],[111.945,-0.397],[111.945,-0.367],[111.935,-0.358],[111.918,-0.36],[111.908,-0.344]]]]},"properties":{"jenis":"hti","nama":"PT INHUTANI III NANGAPINAH","luas":119080,"sk":"SK.523/Menhut-II/2011","tahun":2011}},{"type":"Feature","geometry":{"type":"Polygon","coordinates":[[[111.352,-0.483],[111.336,-0.482],[111.337,-0.498],[111.307,-0.499],[111.307,-0.505],[111.252,-0.506],[111.252,-0.537],[111.244,-0.547],[111.255,-0.577],[111.269,-0.576],[111.277,-0.588],[111.311,-0.589],[111.347,-0.581],[111.349,-0.589],[111.363,-0.579],[111.368,-0.569],[111.343,-0.56],[111.329,-0.572],[111.306,-0.572],[111.313,-0.557],[111.302,-0.55],[111.346,-0.559],[111.338,-0.544],[111.351,-0.543],[111.366,-0.561],[111.356,-0.548],[111.365,-0.537],[111.352,-0.483]]]},"properties":{"jenis":"hti","nama":"PT KUSUMA PUSPAWANA","luas":9614,"sk":"SK.326/Kpts-II/1998","tahun":1998}},{"type":"Feature","geometry":{"type":"Polygon","coordinates":[[[109.856,-0.592],[109.819,-0.568],[109.763,-0.599],[109.765,-0.606],[109.801,-0.595],[109.783,-0.618],[109.702,-0.626],[109.65,-0.639],[109.655,-0.667],[109.667,-0.677],[109.684,-0.676],[109.701,-0.66],[109.716,-0.674],[109.771,-0.649],[109.78,-0.653],[109.788,-0.671],[109.773,-0.714],[109.747,-0.722],[109.716,-0.719],[109.705,-0.738],[109.704,-0.75],[109.717,-0.745],[109.711,-0.764],[109.723,-0.784],[109.74,-0.791],[109.748,-0.806],[109.819,-0.761],[109.851,-0.781],[109.86,-0.768],[109.879,-0.768],[109.88,-0.756],[109.894,-0.75],[109.897,-0.731],[109.932,-0.719],[109.942,-0.74],[109.967,-0.739],[109.979,-0.725],[110.01,-0.724],[110.039,-0.759],[110.069,-0.776],[110.069,-0.755],[109.856,-0.592]]]},"properties":{"jenis":"hti","nama":"PT DAYA TANI KALBAR","luas":56060,"sk":"SK.60/Kpts-II/1997","tahun":1997}},{"type":"Feature","geometry":{"type":"Polygon","coordinates":[[[110.04,-0.405],[110.026,-0.397],[110.03,-0.356],[110.02,-0.336],[110.04,-0.306],[110.049,-0.27],[110.036,-0.256],[110.041,-0.184],[110.035,-0.125],[110.016,-0.117],[110.018,-0.195],[109.989,-0.196],[109.989,-0.208],[109.97,-0.221],[109.971,-0.283],[109.918,-0.348],[109.91,-0.391],[109.889,-0.396],[109.89,-0.407],[109.875,-0.407],[109.875,-0.417],[109.83,-0.418],[109.832,-0.474],[109.927,-0.499],[109.869,-0.557],[109.862,-0.592],[109.904,-0.615],[109.959,-0.553],[109.999,-0.583],[110.119,-0.457],[110.098,-0.398],[110.055,-0.387],[110.04,-0.405]]]},"properties":{"jenis":"hti","nama":"PT MAYANGKARA TANAMAN INDUSTRI (SK 480)","luas":74870,"sk":"SK.480/MENHUT-II/2009","tahun":2009}},{"type":"Feature","geometry":{"type":"Polygon","coordinates":[[[111.781,-0.393],[111.764,-0.393],[111.783,-0.419],[111.779,-0.446],[111.787,-0.456],[111.792,-0.45],[111.802,-0.454],[111.81,-0.468],[111.795,-0.459],[111.787,-0.469],[111.774,-0.451],[111.75,-0.455],[111.75,-0.443],[111.764,-0.431],[111.753,-0.431],[111.75,-0.441],[111.724,-0.442],[111.741,-0.477],[111.758,-0.484],[111.756,-0.47],[111.794,-0.493],[111.797,-0.502],[111.785,-0.572],[111.781,-0.578],[111.76,-0.573],[111.756,-0.58],[111.756,-0.59],[111.782,-0.602],[111.781,-0.638],[111.793,-0.644],[111.805,-0.615],[111.806,-0.57],[111.799,-0.545],[111.807,-0.516],[111.859,-0.529],[111.871,-0.549],[111.897,-0.548],[111.897,-0.538],[111.894,-0.526],[111.854,-0.508],[111.823,-0.484],[111.818,-0.444],[111.805,-0.438],[111.801,-0.448],[111.794,-0.444],[111.784,-0.413],[111.79,-0.394],[111.781,-0.393]]]},"properties":{"jenis":"hti","nama":"PT LAHAN CAKRAWALA","luas":11328,"sk":"SK.727/Kpts-II/1997","tahun":1997}},{"type":"Feature","geometry":{"type":"Polygon","coordinates":[[[109.83,-0.418],[109.802,-0.415],[109.801,-0.392],[109.697,-0.414],[109.644,-0.435],[109.611,-0.474],[109.595,-0.51],[109.584,-0.505],[109.625,-0.535],[109.644,-0.539],[109.658,-0.567],[109.669,-0.567],[109.702,-0.608],[109.756,-0.611],[109.758,-0.581],[109.791,-0.544],[109.832,-0.474],[109.83,-0.418]]]},"properties":{"jenis":"hti","nama":"PT WANA SUBUR LESTARI (DH. SARI BUMI KUSUMA)","luas":40040,"sk":"SK.450/Menhut-II/2010","tahun":2010}},{"type":"Feature","geometry":{"type":"Polygon","coordinates":[[[109.869,-0.557],[109.927,-0.499],[109.832,-0.474],[109.791,-0.544],[109.862,-0.584],[109.869,-0.557]]]},"properties":{"jenis":"hti","nama":"PT BINA SILVA NUSA","luas":9040,"sk":"SK.286/Menhut-II/2007","tahun":2007}},{"type":"Feature","geometry":{"type":"MultiPolygon","coordinates":[[[[109.842,0.154],[109.821,0.142],[109.803,0.105],[109.814,0.046],[109.827,0.035],[109.871,0.028],[109.864,0.012],[109.848,0.017],[109.839,0.012],[109.852,-0.012],[109.901,-0.014],[109.892,0.013],[109.878,0.027],[109.892,0.048],[109.917,0.037],[109.934,0.048],[109.959,0.04],[109.972,0.055],[109.971,0.074],[109.942,0.065],[109.932,0.073],[109.94,0.108],[109.955,0.115],[109.964,0.144],[109.951,0.144],[109.95,0.131],[109.9,0.117],[109.842,0.154]]],[[[110.206,0.209],[110.182,0.166],[110.157,0.155],[110.142,0.121],[110.121,0.11],[110.156,0.123],[110.166,0.117],[110.146,0.095],[110.144,0.058],[110.13,0.031],[110.188,0.013],[110.192,-0.014],[110.202,0.005],[110.199,0.024],[110.187,0.017],[110.172,0.027],[110.173,0.038],[110.161,0.044],[110.154,0.063],[110.209,0.057],[110.222,0.088],[110.24,0.092],[110.218,0.115],[110.231,0.168],[110.221,0.2],[110.206,0.209]],[[110.194,0.168],[110.189,0.176],[110.203,0.188],[110.203,0.197],[110.214,0.195],[110.212,0.182],[110.194,0.168]],[[110.204,0.131],[110.195,0.137],[110.197,0.145],[110.206,0.14],[110.204,0.131]]],[[[109.798,0.215],[109.798,0.24],[109.779,0.211],[109.758,0.211],[109.767,0.191],[109.759,0.174],[109.779,0.152],[109.787,0.156],[109.784,0.177],[109.798,0.215]]],[[[110.054,0.045],[110.053,0.053],[110.043,0.056],[110.043,0.046],[110.025,0.045],[110.025,0.031],[110.064,0.028],[110.07,0.04],[110.054,0.045]]],[[[110.23,0.214],[110.24,0.242],[110.221,0.242],[110.214,0.235],[110.211,0.221],[110.23,0.201],[110.23,0.214]]],[[[110.102,0.101],[110.098,0.086],[110.121,0.067],[110.118,0.091],[110.102,0.101]]],[[[109.76,0.305],[109.744,0.305],[109.759,0.287],[109.75,0.275],[109.76,0.249],[109.76,0.305]]],[[[110.077,0.129],[110.094,0.14],[110.062,0.138],[110.057,0.128],[110.062,0.123],[110.077,0.129]]],[[[109.678,0.249],[109.694,0.265],[109.695,0.276],[109.667,0.249],[109.68,0.229],[109.678,0.249]]],[[[109.741,0.332],[109.738,0.345],[109.721,0.354],[109.713,0.346],[109.737,0.329],[109.741,0.332]]],[[[109.772,0.352],[109.784,0.358],[109.78,0.38],[109.765,0.356],[109.772,0.352]]],[[[110.179,0.219],[110.188,0.233],[110.175,0.234],[110.174,0.215],[110.179,0.219]]],[[[110.113,0.028],[110.112,0.054],[110.104,0.059],[110.113,0.028]]],[[[110.052,0.1],[110.065,0.112],[110.053,0.113],[110.052,0.1]]],[[[110.249,0.221],[110.243,0.226],[110.238,0.201],[110.242,0.219],[110.249,0.221]]],[[[110.173,0.195],[110.173,0.2],[110.166,0.199],[110.173,0.195]]],[[[110.241,0.188],[110.242,0.194],[110.239,0.197],[110.241,0.188]]]]},"properties":{"jenis":"hti","nama":"PT SINAR KALBAR RAYA","luas":38000,"sk":"SK.601/MENHUT-II/2009","tahun":2009}},{"type":"Feature","geometry":{"type":"MultiPolygon","coordinates":[[[[109.588,0.57],[109.579,0.571],[109.531,0.526],[109.495,0.518],[109.518,0.446],[109.54,0.413],[109.572,0.391],[109.587,0.407],[109.587,0.43],[109.597,0.441],[109.591,0.461],[109.599,0.465],[109.604,0.438],[109.595,0.428],[109.594,0.403],[109.579,0.386],[109.616,0.371],[109.674,0.376],[109.699,0.395],[109.713,0.434],[109.689,0.506],[109.69,0.557],[109.662,0.561],[109.626,0.534],[109.588,0.57]],[[109.555,0.449],[109.549,0.457],[109.563,0.477],[109.569,0.469],[109.567,0.443],[109.555,0.449]],[[109.608,0.388],[109.609,0.415],[109.629,0.411],[109.634,0.398],[109.627,0.377],[109.608,0.388]]],[[[109.674,0.833],[109.653,0.835],[109.654,0.787],[109.664,0.788],[109.659,0.797],[109.665,0.804],[109.68,0.788],[109.683,0.722],[109.696,0.699],[109.766,0.706],[109.768,0.689],[109.734,0.656],[109.744,0.645],[109.783,0.652],[109.781,0.631],[109.762,0.623],[109.768,0.617],[109.805,0.616],[109.818,0.63],[109.833,0.63],[109.835,0.608],[109.859,0.578],[109.878,0.635],[109.865,0.641],[109.87,0.654],[109.854,0.647],[109.831,0.666],[109.841,0.671],[109.858,0.664],[109.86,0.67],[109.814,0.7],[109.805,0.742],[109.767,0.754],[109.701,0.83],[109.674,0.833]]],[[[109.582,1.007],[109.58,0.996],[109.541,0.973],[109.546,0.963],[109.526,0.962],[109.53,0.977],[109.514,0.972],[109.485,0.94],[109.485,0.925],[109.514,0.934],[109.518,0.92],[109.509,0.922],[109.514,0.914],[109.526,0.915],[109.521,0.893],[109.506,0.887],[109.515,0.874],[109.507,0.842],[109.521,0.842],[109.552,0.869],[109.543,0.886],[109.566,0.876],[109.512,0.83],[109.511,0.816],[109.539,0.795],[109.55,0.852],[109.58,0.855],[109.584,0.874],[109.556,0.899],[109.567,0.932],[109.592,0.929],[109.586,0.912],[109.6,0.894],[109.612,0.9],[109.625,0.924],[109.661,0.937],[109.634,0.951],[109.657,0.957],[109.591,1.012],[109.582,1.007]],[[109.517,0.939],[109.514,0.945],[109.526,0.955],[109.535,0.924],[109.517,0.939]]],[[[109.528,0.649],[109.517,0.664],[109.505,0.657],[109.505,0.649],[109.483,0.652],[109.472,0.643],[109.454,0.652],[109.45,0.643],[109.462,0.568],[109.481,0.54],[109.501,0.536],[109.509,0.524],[109.537,0.54],[109.579,0.582],[109.535,0.616],[109.542,0.627],[109.558,0.619],[109.582,0.622],[109.58,0.628],[109.528,0.649]],[[109.497,0.562],[109.478,0.574],[109.471,0.608],[109.486,0.635],[109.505,0.614],[109.508,0.598],[109.526,0.615],[109.536,0.611],[109.542,0.59],[109.544,0.561],[109.532,0.546],[109.497,0.562]]],[[[109.422,1.063],[109.467,1.052],[109.464,1.027],[109.446,1.028],[109.454,0.997],[109.427,1.009],[109.428,0.992],[109.467,0.943],[109.477,0.942],[109.515,0.978],[109.516,0.991],[109.506,0.991],[109.506,1.012],[109.497,1.005],[109.503,0.99],[109.494,0.992],[109.496,1.003],[109.474,1.032],[109.481,1.038],[109.488,1.029],[109.511,1.065],[109.422,1.063]],[[109.474,1],[109.49,1.001],[109.491,0.973],[109.475,0.958],[109.458,0.958],[109.457,0.988],[109.474,1]]],[[[109.414,1.021],[109.397,1.026],[109.407,1.02],[109.403,1.01],[109.389,1.02],[109.387,1.011],[109.38,1.017],[109.371,1.007],[109.363,1.025],[109.363,0.996],[109.395,0.995],[109.415,0.982],[109.436,0.954],[109.448,0.911],[109.456,0.901],[109.466,0.908],[109.468,0.886],[109.474,0.887],[109.469,0.896],[109.476,0.915],[109.465,0.917],[109.465,0.937],[109.423,0.984],[109.414,1.021]]],[[[109.564,0.671],[109.552,0.691],[109.525,0.673],[109.52,0.66],[109.537,0.647],[109.582,0.637],[109.597,0.648],[109.564,0.671]]],[[[109.534,1.04],[109.527,1.023],[109.536,1.007],[109.523,1],[109.549,0.999],[109.552,0.988],[109.584,1.018],[109.559,1.037],[109.547,1.03],[109.534,1.04]],[[109.533,1.019],[109.533,1.027],[109.542,1.03],[109.533,1.019]]],[[[109.406,1.032],[109.412,1.039],[109.401,1.051],[109.415,1.063],[109.391,1.062],[109.391,1.036],[109.406,1.032]]],[[[109.47,0.862],[109.473,0.843],[109.5,0.849],[109.508,0.861],[109.493,0.861],[109.48,0.85],[109.47,0.862]]],[[[109.47,0.862],[109.48,0.87],[109.469,0.87],[109.47,0.862]]]]},"properties":{"jenis":"hti","nama":"PT NITIYASA IDOLA","luas":113196,"sk":"SK.329/Kpts-II/1998","tahun":1998}},{"type":"Feature","geometry":{"type":"Polygon","coordinates":[[[110.632,-0.539],[110.549,-0.361],[110.549,-0.347],[110.515,-0.339],[110.503,-0.327],[110.502,-0.357],[110.493,-0.363],[110.485,-0.356],[110.47,-0.362],[110.465,-0.357],[110.455,-0.381],[110.427,-0.36],[110.41,-0.383],[110.43,-0.55],[110.431,-0.66],[110.689,-0.661],[110.689,-0.626],[110.65,-0.591],[110.632,-0.539]],[[110.506,-0.502],[110.523,-0.515],[110.536,-0.557],[110.529,-0.569],[110.5,-0.551],[110.504,-0.527],[110.496,-0.503],[110.506,-0.502]],[[110.455,-0.521],[110.45,-0.502],[110.469,-0.482],[110.481,-0.5],[110.465,-0.503],[110.467,-0.518],[110.455,-0.521]]]},"properties":{"jenis":"hti","nama":"PT PRIMA BUMI SENTOSA","luas":70080,"sk":"SK.459/MENHUT-II/2009","tahun":2009}},{"type":"Feature","geometry":{"type":"MultiPolygon","coordinates":[[[[116.999,1.724],[116.993,1.724],[116.996,1.717],[116.985,1.72],[116.98,1.707],[116.934,1.703],[116.935,1.658],[116.918,1.636],[116.928,1.607],[116.956,1.604],[116.956,1.585],[117.036,1.558],[117.03,1.574],[117.01,1.58],[116.99,1.613],[117.036,1.674],[117.007,1.691],[117.008,1.722],[116.999,1.724]]],[[[117.107,1.671],[117.086,1.67],[117.086,1.66],[117.094,1.66],[117.094,1.651],[117.128,1.651],[117.128,1.638],[117.155,1.638],[117.155,1.623],[117.179,1.629],[117.172,1.648],[117.147,1.656],[117.141,1.669],[117.107,1.671]]]]},"properties":{"jenis":"hti","nama":"PT BELANTARA PUSAKA","luas":15610,"sk":"SK.20/Kpts-II/1998","tahun":1998}},{"type":"Feature","geometry":{"type":"MultiPolygon","coordinates":[[[[117.808,1.481],[117.789,1.52],[117.763,1.517],[117.731,1.502],[117.684,1.458],[117.662,1.453],[117.771,1.453],[117.771,1.461],[117.796,1.461],[117.796,1.442],[117.819,1.43],[117.828,1.397],[117.848,1.393],[117.87,1.43],[117.864,1.471],[117.831,1.492],[117.808,1.481]]],[[[117.609,1.473],[117.598,1.509],[117.591,1.511],[117.557,1.482],[117.55,1.456],[117.578,1.442],[117.579,1.452],[117.606,1.451],[117.609,1.473]]]]},"properties":{"jenis":"hti","nama":"PT BELANTARA PERSADA","luas":17150,"sk":"SK.779/Kpts-II/1997","tahun":1997}},{"type":"Feature","geometry":{"type":"Polygon","coordinates":[[[115.92,-0.921],[115.944,-0.912],[115.961,-0.916],[115.986,-0.877],[115.989,-0.843],[115.98,-0.763],[115.912,-0.762],[115.926,-0.815],[115.92,-0.921]]]},"properties":{"jenis":"hti","nama":"PT KELAWIT HUTANI LESTARI","luas":9180,"sk":"SK.160/Kpts-II/1997","tahun":1997}},{"type":"Feature","geometry":{"type":"Polygon","coordinates":[[[116.783,-0.975],[116.782,-0.987],[116.754,-1.011],[116.756,-1.031],[116.738,-1.058],[116.738,-1.067],[116.764,-1.083],[116.765,-1.114],[116.804,-1.114],[116.809,-1.066],[116.838,-1.043],[116.86,-1.056],[116.901,-1.061],[116.906,-1.074],[116.923,-1.065],[116.966,-1.003],[116.936,-1.001],[116.936,-0.989],[116.919,-0.983],[116.872,-0.989],[116.836,-0.973],[116.822,-0.992],[116.781,-0.971],[116.783,-0.975]]]},"properties":{"jenis":"hti","nama":"PT INHUTANI I BATUAMPAR - MENTAWIR","luas":16521,"sk":"SK.239/Kpts-II/1998","tahun":1998}},{"type":"Feature","geometry":{"type":"MultiPolygon","coordinates":[[[[116.476,-1.153],[116.451,-1.165],[116.45,-1.193],[116.472,-1.204],[116.488,-1.227],[116.55,-1.228],[116.552,-1.249],[116.565,-1.255],[116.559,-1.27],[116.565,-1.277],[116.582,-1.259],[116.604,-1.199],[116.565,-1.194],[116.549,-1.177],[116.511,-1.176],[116.476,-1.153]]],[[[116.553,-1.115],[116.531,-1.114],[116.526,-1.1],[116.507,-1.112],[116.497,-1.14],[116.487,-1.14],[116.516,-1.168],[116.555,-1.167],[116.57,-1.182],[116.609,-1.185],[116.63,-1.128],[116.624,-1.117],[116.618,-1.123],[116.616,-1.112],[116.603,-1.125],[116.602,-1.119],[116.57,-1.127],[116.553,-1.115]]]]},"properties":{"jenis":"hti","nama":"PT BELANTARA SUBUR","luas":16475,"sk":"SK.784/Kpts-II/1996","tahun":1996}},{"type":"Feature","geometry":{"type":"Polygon","coordinates":[[[115.785,-1.385],[115.767,-1.39],[115.751,-1.41],[115.787,-1.441],[115.788,-1.469],[115.82,-1.471],[115.819,-1.488],[115.803,-1.508],[115.843,-1.511],[115.845,-1.48],[115.864,-1.501],[115.886,-1.504],[115.886,-1.491],[115.901,-1.494],[115.916,-1.468],[115.91,-1.474],[115.895,-1.47],[115.9,-1.457],[115.89,-1.443],[115.896,-1.44],[115.887,-1.429],[115.886,-1.398],[115.855,-1.391],[115.835,-1.411],[115.807,-1.409],[115.79,-1.404],[115.785,-1.385]]]},"properties":{"jenis":"hti","nama":"PT TAMAN DAULAT WANANUSA","luas":13400,"sk":"SK.362/Kpts-II/1997","tahun":1997}},{"type":"Feature","geometry":{"type":"Polygon","coordinates":[[[116.155,-0.753],[116.128,-0.742],[116.093,-0.708],[116.081,-0.677],[116.089,-0.655],[116.056,-0.655],[116.052,-0.691],[115.98,-0.695],[115.987,-0.767],[115.997,-0.769],[115.998,-0.779],[116.013,-0.781],[116.013,-0.846],[116.076,-0.848],[116.095,-0.788],[116.176,-0.752],[116.155,-0.753]]]},"properties":{"jenis":"hti","nama":"PT KELAWIT WANA LESTARI I","luas":22065,"sk":"SK.169/Menhut-II/05","tahun":2005}},{"type":"Feature","geometry":{"type":"MultiPolygon","coordinates":[[[[116.294,-2.255],[116.298,-2.236],[116.252,-2.235],[116.251,-2.25],[116.211,-2.25],[116.209,-2.256],[116.182,-2.249],[116.18,-2.264],[116.171,-2.264],[116.17,-2.284],[116.097,-2.277],[116.098,-2.264],[116.068,-2.264],[116.062,-2.282],[116.053,-2.281],[116.058,-2.296],[116.042,-2.31],[116.055,-2.318],[116.073,-2.315],[116.073,-2.327],[116.105,-2.328],[116.113,-2.336],[116.148,-2.335],[116.162,-2.316],[116.158,-2.294],[116.187,-2.297],[116.204,-2.283],[116.256,-2.284],[116.269,-2.26],[116.294,-2.26],[116.294,-2.255]]],[[[115.996,-2.254],[115.995,-2.208],[115.955,-2.195],[115.953,-2.256],[115.971,-2.257],[115.984,-2.274],[115.982,-2.292],[115.973,-2.297],[115.979,-2.312],[116.016,-2.308],[116.021,-2.288],[116.001,-2.288],[115.996,-2.254]]]]},"properties":{"jenis":"hti","nama":"PT INHUTANI II TANAH GROGOT","luas":16816,"sk":"SK.504/MENHUT-II/2009","tahun":2009}},{"type":"Feature","geometry":{"type":"Polygon","coordinates":[[[116.462,0.4],[116.449,0.398],[116.438,0.341],[116.417,0.331],[116.414,0.268],[116.389,0.182],[116.411,0.141],[116.409,0.13],[116.396,0.127],[116.41,0.117],[116.417,0.125],[116.42,0.118],[116.43,0.121],[116.431,0.106],[116.412,0.105],[116.426,0.095],[116.434,0.104],[116.431,0.089],[116.442,0.084],[116.509,0.13],[116.524,0.149],[116.558,0.234],[116.586,0.35],[116.527,0.365],[116.494,0.4],[116.479,0.394],[116.462,0.4]],[[116.453,0.193],[116.454,0.171],[116.425,0.171],[116.416,0.207],[116.435,0.208],[116.435,0.199],[116.453,0.199],[116.453,0.193]]]},"properties":{"jenis":"hti","nama":"PT SYLVADUTA CORPORATION","luas":47025,"sk":"SK.415/MENHUT-II/2009","tahun":2009}},{"type":"Feature","geometry":{"type":"Polygon","coordinates":[[[118.307,1.463],[118.279,1.465],[118.253,1.43],[118.212,1.441],[118.202,1.436],[118.186,1.448],[118.181,1.315],[118.218,1.309],[118.352,1.262],[118.352,1.361],[118.323,1.361],[118.323,1.371],[118.371,1.372],[118.393,1.392],[118.393,1.404],[118.365,1.409],[118.353,1.403],[118.345,1.406],[118.347,1.412],[118.323,1.412],[118.318,1.454],[118.307,1.463]]]},"properties":{"jenis":"hti","nama":"PT SUMALINDO ALAM LESTARI I (DH.SUMALINDO LJ I)","luas":32550,"sk":"267/MENHUT-II/2009","tahun":2009}},{"type":"Feature","geometry":{"type":"MultiPolygon","coordinates":[[[[115.574,-0.189],[115.567,-0.18],[115.537,-0.191],[115.45,-0.246],[115.474,-0.269],[115.484,-0.32],[115.49,-0.319],[115.494,-0.334],[115.52,-0.36],[115.514,-0.376],[115.54,-0.394],[115.56,-0.385],[115.57,-0.31],[115.608,-0.243],[115.574,-0.189]]],[[[115.301,-0.223],[115.313,-0.222],[115.336,-0.188],[115.421,-0.154],[115.559,-0.081],[115.558,-0.062],[115.584,-0.042],[115.587,-0.025],[115.469,-0.026],[115.471,-0.084],[115.394,-0.084],[115.293,-0.223],[115.301,-0.223]]]]},"properties":{"jenis":"hti","nama":"PT TIRTA MAHAKAM RESOURCES","luas":41735,"sk":"SK.328/Menhut-II/2010","tahun":2010}},{"type":"Feature","geometry":{"type":"Polygon","coordinates":[[[115.419,-0.622],[115.387,-0.625],[115.381,-0.653],[115.411,-0.705],[115.435,-0.729],[115.528,-0.774],[115.627,-0.791],[115.637,-0.754],[115.625,-0.743],[115.609,-0.744],[115.59,-0.707],[115.576,-0.71],[115.583,-0.725],[115.576,-0.728],[115.535,-0.725],[115.485,-0.707],[115.459,-0.684],[115.438,-0.676],[115.416,-0.643],[115.419,-0.622]]]},"properties":{"jenis":"hti","nama":"PT RIMBA RAYA LESTARI","luas":17330,"sk":"SK.300/Menhut-II/2007","tahun":2007}},{"type":"Feature","geometry":{"type":"Polygon","coordinates":[[[116.304,0.105],[116.306,0.113],[116.211,0.159],[116.161,0.171],[116.04,0.156],[116.012,0.138],[116.007,0.052],[116.018,0.035],[116.018,0.015],[116.01,0.003],[116.031,0.002],[116.066,-0.02],[116.144,-0.045],[116.156,-0.032],[116.107,0.005],[116.133,0.005],[116.134,0.093],[116.301,0.092],[116.304,0.105]]]},"properties":{"jenis":"hti","nama":"PT ACASIA ANDALAN UTAMA (SK 87)","luas":39620,"sk":"SK.87/Menhut-VI/2007","tahun":2007}},{"type":"Feature","geometry":{"type":"Polygon","coordinates":[[[117.374,-0.097],[117.397,-0.002],[117.387,0.012],[117.374,0.011],[117.367,0.031],[117.349,0.028],[117.336,0.038],[117.337,0.051],[117.307,0.033],[117.291,0.035],[117.306,0.019],[117.298,0],[117.229,-0.044],[117.22,-0.038],[117.264,0.049],[117.247,0.057],[117.244,0.07],[117.231,0.074],[117.226,0.085],[117.222,0.076],[117.15,0.081],[117.13,-0.048],[117.134,-0.113],[117.113,-0.149],[117.169,-0.186],[117.179,-0.16],[117.172,-0.091],[117.272,-0.086],[117.276,-0.153],[117.209,-0.157],[117.205,-0.191],[117.179,-0.242],[117.169,-0.297],[117.163,-0.293],[117.169,-0.316],[117.187,-0.333],[117.238,-0.317],[117.29,-0.268],[117.291,-0.164],[117.329,-0.152],[117.328,-0.113],[117.313,-0.106],[117.321,-0.09],[117.374,-0.097]]]},"properties":{"jenis":"hti","nama":"PT SUMALINDO HUTANI JAYA II","luas":70300,"sk":"SK.675/Kpts-II/1997","tahun":1997}},{"type":"Feature","geometry":{"type":"Polygon","coordinates":[[[117.163,-0.211],[117.194,-0.212],[117.209,-0.157],[117.276,-0.153],[117.272,-0.086],[117.172,-0.091],[117.179,-0.16],[117.163,-0.211]]]},"properties":{"jenis":"hti","nama":"PT BHINNEKA WANA","luas":9945,"sk":"SK.61/Kpts-II/97","tahun":1997}},{"type":"Feature","geometry":{"type":"Polygon","coordinates":[[[109.585,-0.507],[109.585,-0.515],[109.57,-0.504],[109.552,-0.505],[109.53,-0.53],[109.512,-0.529],[109.509,-0.548],[109.501,-0.542],[109.479,-0.558],[109.469,-0.55],[109.462,-0.571],[109.518,-0.577],[109.518,-0.593],[109.538,-0.594],[109.536,-0.62],[109.559,-0.634],[109.579,-0.634],[109.589,-0.646],[109.606,-0.63],[109.605,-0.601],[109.635,-0.588],[109.64,-0.595],[109.622,-0.612],[109.631,-0.626],[109.68,-0.614],[109.683,-0.62],[109.69,-0.609],[109.702,-0.608],[109.669,-0.567],[109.658,-0.567],[109.644,-0.539],[109.625,-0.535],[109.585,-0.507]]]},"properties":{"jenis":"hti","nama":"PT MENGGALA RAMBU UTAMA","luas":20155,"sk":"SK.506/MENHUT-II/2009","tahun":2009}},{"type":"Feature","geometry":{"type":"Polygon","coordinates":[[[111.75,-0.617],[111.755,-0.58],[111.736,-0.526],[111.744,-0.494],[111.7,-0.497],[111.712,-0.517],[111.71,-0.535],[111.692,-0.567],[111.668,-0.59],[111.686,-0.606],[111.669,-0.613],[111.659,-0.633],[111.685,-0.659],[111.718,-0.658],[111.699,-0.707],[111.671,-0.743],[111.674,-0.748],[111.682,-0.746],[111.694,-0.756],[111.733,-0.728],[111.753,-0.728],[111.753,-0.695],[111.77,-0.695],[111.77,-0.686],[111.798,-0.686],[111.817,-0.641],[111.832,-0.641],[111.845,-0.622],[111.845,-0.612],[111.821,-0.587],[111.817,-0.562],[111.83,-0.543],[111.856,-0.53],[111.809,-0.518],[111.799,-0.545],[111.806,-0.57],[111.804,-0.623],[111.787,-0.652],[111.774,-0.655],[111.782,-0.602],[111.751,-0.622],[111.75,-0.617]]]},"properties":{"jenis":"hti","nama":"PT MERANTI LESTARI","luas":16500,"sk":"SK.315/Kpts-II/1998","tahun":1998}},{"type":"Feature","geometry":{"type":"Polygon","coordinates":[[[114.924,-0.641],[114.884,-0.636],[114.865,-0.641],[114.837,-0.67],[114.853,-0.671],[114.863,-0.681],[114.869,-0.669],[114.878,-0.673],[114.871,-0.684],[114.889,-0.708],[114.905,-0.69],[114.894,-0.715],[114.91,-0.735],[114.916,-0.74],[114.917,-0.718],[114.924,-0.729],[114.939,-0.722],[114.923,-0.749],[114.961,-0.778],[114.989,-0.782],[115.041,-0.723],[115.016,-0.707],[114.985,-0.713],[114.98,-0.735],[114.986,-0.754],[114.968,-0.759],[114.962,-0.736],[114.979,-0.709],[114.971,-0.678],[114.964,-0.664],[114.924,-0.641]]]},"properties":{"jenis":"hti","nama":"PT RIMBA BERLIAN HIJAU","luas":13700,"sk":"SK.251/Kpts-II/1998","tahun":1998}},{"type":"Feature","geometry":{"type":"Polygon","coordinates":[[[117.693,2.643],[117.665,2.628],[117.631,2.64],[117.628,2.607],[117.59,2.607],[117.59,2.567],[117.628,2.567],[117.628,2.525],[117.8,2.525],[117.774,2.547],[117.731,2.542],[117.713,2.553],[117.691,2.585],[117.693,2.643]]]},"properties":{"jenis":"hti","nama":"PT KAYAN MAKMUR SEJAHTERA","luas":13375,"sk":"SK.46/Menhut-II/2011","tahun":2011}},{"type":"Feature","geometry":{"type":"Polygon","coordinates":[[[117.812,1.414],[117.761,1.44],[117.578,1.442],[117.576,1.407],[117.579,1.402],[117.587,1.407],[117.593,1.39],[117.604,1.386],[117.597,1.381],[117.605,1.372],[117.597,1.368],[117.639,1.36],[117.641,1.352],[117.644,1.361],[117.646,1.351],[117.661,1.354],[117.678,1.344],[117.688,1.347],[117.69,1.357],[117.703,1.357],[117.706,1.331],[117.742,1.313],[117.741,1.307],[117.798,1.296],[117.797,1.275],[117.812,1.274],[117.813,1.262],[117.831,1.313],[117.828,1.371],[117.812,1.414]]]},"properties":{"jenis":"hti","nama":"PT SUMALINDO ALAM LESTARI II (DH.SUMALINDO LJ II)","luas":24500,"sk":"SK.349/Menhut-ii/2008","tahun":2008}},{"type":"Feature","geometry":{"type":"Polygon","coordinates":[[[118.166,1.183],[118.175,1.209],[118.161,1.218],[118.127,1.191],[118.065,1.179],[118,1.2],[117.978,1.187],[117.975,1.175],[117.981,1.162],[118.007,1.151],[118.003,1.137],[118.011,1.122],[118.047,1.137],[118.11,1.134],[118.08,1.093],[118.127,1.094],[118.152,1.136],[118.15,1.15],[118.133,1.153],[118.136,1.162],[118.166,1.183]]]},"properties":{"jenis":"hti","nama":"PT HANUJAYA HUTANINDO","luas":13900,"sk":"9/1/IUPHHK-HTI/PMDN/2015","tahun":2015}},{"type":"Feature","geometry":{"type":"MultiPolygon","coordinates":[[[[118.154,1.421],[118.098,1.364],[118.083,1.363],[118.07,1.377],[118.056,1.379],[118.048,1.373],[118.06,1.359],[118.047,1.331],[118.032,1.333],[118.06,1.324],[118.124,1.338],[118.181,1.323],[118.186,1.412],[118.154,1.421]]],[[[118.383,1.377],[118.352,1.372],[118.352,1.255],[118.369,1.248],[118.38,1.275],[118.392,1.282],[118.404,1.281],[118.422,1.253],[118.432,1.255],[118.425,1.277],[118.407,1.279],[118.396,1.29],[118.407,1.332],[118.41,1.318],[118.443,1.307],[118.44,1.289],[118.448,1.299],[118.413,1.348],[118.384,1.329],[118.356,1.339],[118.398,1.366],[118.383,1.377]]]]},"properties":{"jenis":"hti","nama":"PT SWADAYA PERKASA","luas":17925,"sk":"SK.592/Menhut-ii/2011","tahun":2011}},{"type":"Feature","geometry":{"type":"Polygon","coordinates":[[[118.04,1.321],[118.013,1.33],[117.982,1.352],[117.961,1.338],[117.963,1.319],[117.935,1.285],[117.98,1.269],[118.101,1.289],[118.172,1.254],[118.199,1.298],[118.199,1.31],[118.122,1.328],[118.04,1.321]]]},"properties":{"jenis":"hti","nama":"PT WANA KALTIM LESTARI","luas":16280,"sk":"SK.06/Kpts-II/1998","tahun":1998}},{"type":"Feature","geometry":{"type":"Polygon","coordinates":[[[116.934,0.511],[116.912,0.518],[116.889,0.504],[116.885,0.51],[116.868,0.49],[116.85,0.496],[116.833,0.531],[116.813,0.538],[116.766,0.481],[116.764,0.46],[116.785,0.429],[116.814,0.357],[116.818,0.33],[116.847,0.345],[116.871,0.324],[116.838,0.284],[116.839,0.273],[116.883,0.26],[116.913,0.23],[116.964,0.232],[116.981,0.195],[116.949,0.158],[116.941,0.134],[116.948,0.131],[116.963,0.146],[116.979,0.143],[116.995,0.118],[116.978,0.09],[116.96,0.02],[116.961,-0.075],[116.827,-0.118],[116.782,-0.155],[116.782,-0.173],[116.813,-0.215],[116.811,-0.259],[116.836,-0.263],[116.88,-0.295],[116.875,-0.306],[116.933,-0.305],[116.959,-0.274],[116.977,-0.285],[117.012,-0.265],[117.023,-0.284],[117.076,-0.303],[117.081,-0.333],[117.073,-0.34],[117.091,-0.344],[117.093,-0.301],[117.079,-0.303],[117.079,-0.271],[116.952,-0.215],[116.929,-0.257],[116.841,-0.219],[116.859,-0.176],[116.878,-0.18],[116.908,-0.126],[116.939,-0.135],[116.954,-0.156],[116.988,-0.157],[116.988,-0.176],[117.057,-0.209],[117.069,-0.183],[117.078,-0.183],[117.113,-0.096],[117.11,-0.076],[117.133,-0.013],[117.134,0.085],[117.212,0.078],[117.206,0.083],[117.205,0.115],[117.196,0.123],[117.214,0.157],[117.211,0.22],[117.219,0.228],[117.22,0.249],[117.001,0.329],[117.001,0.341],[116.973,0.351],[116.973,0.511],[116.934,0.511]],[[117.045,0.032],[117.051,0.059],[117.08,0.06],[117.071,0.024],[117.074,0.003],[117.086,-0.012],[117.081,-0.055],[117.068,-0.087],[117.043,-0.099],[117.02,-0.14],[117.003,-0.131],[117.009,-0.115],[117.025,-0.093],[117.044,-0.087],[117.051,-0.076],[117.04,-0.035],[117.049,-0.03],[117.058,-0.047],[117.066,-0.023],[117.062,-0.014],[117.045,-0.014],[117.045,0.032]]]},"properties":{"jenis":"hti","nama":"PT SURYA HUTANI JAYA","luas":183300,"sk":"SK.317/Menhut-II/2004","tahun":2004}},{"type":"Feature","geometry":{"type":"Polygon","coordinates":[[[117.032,1.29],[117.032,1.299],[117.023,1.299],[117.013,1.268],[117.004,1.267],[117.005,1.26],[117.016,1.261],[117.013,1.247],[116.998,1.246],[116.968,1.225],[116.967,1.181],[116.973,1.174],[117.005,1.173],[117.026,1.19],[117.039,1.184],[117.054,1.206],[117.076,1.217],[117.082,1.258],[117.103,1.271],[117.098,1.29],[117.058,1.29],[117.056,1.298],[117.043,1.278],[117.04,1.289],[117.032,1.29]]]},"properties":{"jenis":"hti","nama":"PT SUMALINDO HUTANI JAYA I","luas":10000,"sk":"SK.407/Kpts-II/96","tahun":1996}},{"type":"Feature","geometry":{"type":"MultiPolygon","coordinates":[[[[115.983,0.584],[115.946,0.567],[115.956,0.398],[115.97,0.412],[115.988,0.405],[115.986,0.531],[116.046,0.532],[116.035,0.551],[116.042,0.566],[116.004,0.551],[116.007,0.565],[115.983,0.584]]],[[[116.051,0.381],[116.045,0.391],[116.008,0.37],[115.993,0.35],[115.994,0.332],[116.003,0.334],[116.002,0.341],[116.024,0.336],[116.055,0.362],[116.069,0.332],[116.076,0.332],[116.069,0.304],[116.099,0.31],[116.083,0.341],[116.091,0.357],[116.136,0.34],[116.149,0.349],[116.136,0.362],[116.126,0.356],[116.105,0.358],[116.1,0.369],[116.079,0.368],[116.069,0.356],[116.051,0.381]]],[[[115.976,0.408],[115.96,0.395],[115.976,0.381],[115.976,0.408]]],[[[116.045,0.347],[116.036,0.332],[116.053,0.345],[116.045,0.347]]]]},"properties":{"jenis":"hti","nama":"PT HUTAN KUSUMA","luas":13325,"sk":"SK.339/Kpts-II/98","tahun":1998}},{"type":"Feature","geometry":{"type":"Polygon","coordinates":[[[117.071,4.141],[117.063,4.176],[117.065,4.214],[117.054,4.23],[117.067,4.245],[117.062,4.255],[117.04,4.254],[117.04,4.22],[117.015,4.201],[117.044,4.135],[117.067,4.14],[117.067,4.127],[117.084,4.129],[117.071,4.141]]]},"properties":{"jenis":"hti","nama":"PT BORNEO UTARA LESTARI","luas":4725,"sk":"SK.698/Menhut-II/2014","tahun":2014}},{"type":"Feature","geometry":{"type":"MultiPolygon","coordinates":[[[[109.836,0.154],[109.766,0.142],[109.756,0.133],[109.702,0.076],[109.689,0.04],[109.69,0.014],[109.705,0.008],[109.747,0.07],[109.805,0.109],[109.815,0.133],[109.836,0.154]]],[[[109.977,-0.198],[110.018,-0.195],[110.015,-0.095],[109.991,-0.115],[109.966,-0.151],[109.961,-0.178],[109.969,-0.199],[109.977,-0.198]]]]},"properties":{"jenis":"hti","nama":"PT KALIMANTAN SUBUR PERMAI","luas":13270,"sk":"SK.332/Menhut-II/2007","tahun":2007}},{"type":"Feature","geometry":{"type":"MultiPolygon","coordinates":[[[[110.501,-2.415],[110.488,-2.414],[110.516,-2.442],[110.529,-2.553],[110.737,-2.552],[110.751,-2.54],[110.748,-2.524],[110.761,-2.518],[110.798,-2.472],[110.799,-2.465],[110.745,-2.444],[110.709,-2.451],[110.599,-2.442],[110.546,-2.42],[110.501,-2.415]]],[[[110.53,-2.556],[110.529,-2.554],[110.53,-2.557],[110.53,-2.556]]]]},"properties":{"jenis":"hti","nama":"PT NUSANTARA KALIMANTAN LESTARI (DH PT GARUDA KL)","luas":39570,"sk":"2/1/IUPHHK-PB/PMDN/2017","tahun":2017}},{"type":"Feature","geometry":{"type":"Polygon","coordinates":[[[113.639,-1.802],[113.619,-1.661],[113.584,-1.642],[113.516,-1.66],[113.518,-1.687],[113.503,-1.716],[113.515,-1.749],[113.555,-1.795],[113.57,-1.795],[113.609,-1.896],[113.609,-1.921],[113.662,-1.934],[113.669,-1.929],[113.672,-1.888],[113.639,-1.802]]]},"properties":{"jenis":"hti","nama":"PT LANGGENG BAKTI PERSADA","luas":28460,"sk":"2/1/IUPHHK-HTI/PMDN/2016","tahun":2016}},{"type":"Feature","geometry":{"type":"MultiPolygon","coordinates":[[[[110.506,-2.198],[110.471,-2.181],[110.459,-2.162],[110.459,-2.143],[110.475,-2.109],[110.524,-2.044],[110.495,-2.018],[110.463,-2.061],[110.4,-2.062],[110.358,-2.121],[110.287,-2.16],[110.291,-2.188],[110.283,-2.21],[110.26,-2.24],[110.235,-2.237],[110.238,-2.312],[110.279,-2.259],[110.291,-2.226],[110.321,-2.214],[110.329,-2.22],[110.315,-2.225],[110.314,-2.235],[110.291,-2.261],[110.292,-2.293],[110.258,-2.323],[110.271,-2.333],[110.268,-2.344],[110.255,-2.348],[110.217,-2.395],[110.218,-2.405],[110.247,-2.406],[110.247,-2.418],[110.291,-2.4],[110.374,-2.328],[110.365,-2.288],[110.417,-2.241],[110.451,-2.236],[110.518,-2.262],[110.55,-2.259],[110.551,-2.203],[110.506,-2.198]]],[[[110.737,-2.556],[110.529,-2.553],[110.537,-2.621],[110.523,-2.638],[110.54,-2.652],[110.544,-2.665],[110.531,-2.694],[110.534,-2.704],[110.57,-2.65],[110.617,-2.621],[110.62,-2.572],[110.643,-2.557],[110.633,-2.644],[110.64,-2.674],[110.659,-2.664],[110.668,-2.629],[110.692,-2.614],[110.722,-2.619],[110.72,-2.632],[110.69,-2.644],[110.688,-2.668],[110.66,-2.695],[110.67,-2.742],[110.705,-2.779],[110.713,-2.777],[110.723,-2.761],[110.763,-2.734],[110.764,-2.709],[110.779,-2.686],[110.804,-2.672],[110.823,-2.676],[110.823,-2.665],[110.715,-2.589],[110.73,-2.587],[110.728,-2.569],[110.737,-2.556]]]]},"properties":{"jenis":"hti","nama":"PT HUTAN KETAPANG IND (DH. KERTAS BASUKI R)","luas":100150,"sk":"SK.59/Menhut-II/2007","tahun":2007}},{"type":"Feature","geometry":{"type":"MultiPolygon","coordinates":[[[[117.18,4.157],[117.174,4.157],[117.168,4.113],[117.142,4.109],[117.125,4.121],[116.925,3.945],[116.829,3.947],[116.827,3.853],[116.73,3.789],[116.749,3.764],[116.763,3.756],[116.78,3.758],[116.795,3.777],[116.805,3.776],[116.853,3.8],[116.856,3.812],[116.871,3.82],[116.865,3.843],[116.887,3.887],[116.907,3.835],[117.042,3.883],[117.038,4.003],[117.048,3.984],[117.064,4.002],[117.064,3.986],[117.07,3.989],[117.07,3.855],[117.077,3.876],[117.111,3.902],[117.171,3.904],[117.167,3.929],[117.132,3.937],[117.123,3.973],[117.109,3.932],[117.095,3.924],[117.094,3.952],[117.107,3.968],[117.087,3.978],[117.072,3.973],[117.083,3.989],[117.076,4.029],[117.13,4.03],[117.139,4.047],[117.154,4.048],[117.175,4.026],[117.206,4.028],[117.223,4.012],[117.243,4.008],[117.211,4.001],[117.232,3.989],[117.301,3.998],[117.332,4.027],[117.315,4.082],[117.354,4.103],[117.352,4.122],[117.333,4.118],[117.325,4.126],[117.301,4.12],[117.289,4.131],[117.244,4.133],[117.229,4.148],[117.18,4.157]]],[[[116.957,3.658],[116.956,3.679],[116.945,3.692],[116.915,3.659],[116.923,3.617],[116.929,3.62],[116.931,3.611],[116.899,3.591],[116.884,3.57],[116.897,3.558],[116.908,3.562],[116.908,3.579],[116.945,3.574],[116.981,3.481],[116.986,3.497],[117.005,3.489],[117.008,3.467],[116.989,3.455],[116.995,3.441],[116.988,3.44],[117.024,3.369],[117.047,3.359],[117.048,3.349],[117.082,3.336],[117.082,3.33],[117.11,3.322],[117.119,3.322],[117.121,3.33],[117.132,3.325],[117.127,3.356],[117.165,3.36],[117.22,3.348],[117.275,3.362],[117.268,3.368],[117.268,3.391],[117.253,3.393],[117.234,3.382],[117.233,3.394],[117.244,3.408],[117.23,3.416],[117.236,3.434],[117.228,3.424],[117.222,3.429],[117.227,3.442],[117.214,3.463],[117.218,3.493],[117.191,3.539],[117.199,3.565],[117.227,3.592],[117.221,3.609],[117.13,3.621],[117.097,3.608],[117.073,3.61],[117.008,3.578],[117.002,3.587],[116.967,3.592],[116.955,3.601],[116.95,3.619],[116.957,3.658]],[[117.045,3.53],[117.141,3.539],[117.155,3.533],[117.171,3.507],[117.163,3.477],[117.136,3.456],[117.142,3.443],[117.151,3.442],[117.151,3.409],[117.094,3.407],[117.093,3.413],[117.065,3.414],[117.066,3.429],[117.049,3.43],[117.045,3.53]]],[[[116.852,3.774],[116.847,3.784],[116.845,3.774],[116.819,3.765],[116.808,3.743],[116.757,3.737],[116.717,3.78],[116.511,3.643],[116.511,3.541],[116.536,3.532],[116.59,3.549],[116.597,3.571],[116.585,3.583],[116.59,3.608],[116.617,3.599],[116.633,3.618],[116.654,3.621],[116.666,3.636],[116.7,3.639],[116.759,3.711],[116.848,3.712],[116.852,3.774]]],[[[117.18,3.153],[117.162,3.155],[117.136,3.172],[117.118,3.196],[117.086,3.196],[117.103,3.147],[117.201,3.088],[117.194,3.11],[117.211,3.142],[117.197,3.155],[117.203,3.166],[117.194,3.175],[117.181,3.171],[117.18,3.153]]]]},"properties":{"jenis":"hti","nama":"PT ADINDO HUTANI LESTARI","luas":201821,"sk":"88/Kpts-II/1996","tahun":1996}},{"type":"Feature","geometry":{"type":"MultiPolygon","coordinates":[[[[116.343,0.862],[116.29,0.921],[116.237,0.871],[116.263,0.859],[116.266,0.85],[116.267,0.836],[116.254,0.847],[116.244,0.844],[116.252,0.813],[116.241,0.805],[116.258,0.779],[116.247,0.764],[116.242,0.733],[116.25,0.677],[116.301,0.692],[116.358,0.69],[116.363,0.682],[116.391,0.688],[116.409,0.724],[116.428,0.714],[116.433,0.727],[116.459,0.71],[116.467,0.714],[116.458,0.734],[116.343,0.862]]],[[[116.324,0.548],[116.289,0.573],[116.248,0.551],[116.247,0.501],[116.266,0.469],[116.335,0.451],[116.341,0.548],[116.324,0.548]]],[[[116.511,0.476],[116.517,0.483],[116.451,0.526],[116.511,0.476]]]]},"properties":{"jenis":"hti","nama":"PT PERMATA BORNEO ABADI","luas":49000,"sk":"Sk 84/Menhut II/2011","tahun":2011}},{"type":"Feature","geometry":{"type":"Polygon","coordinates":[[[116.451,-1.194],[116.432,-1.183],[116.404,-1.196],[116.388,-1.225],[116.372,-1.226],[116.355,-1.238],[116.316,-1.232],[116.265,-1.27],[116.245,-1.266],[116.26,-1.246],[116.246,-1.213],[116.233,-1.21],[116.222,-1.231],[116.205,-1.231],[116.163,-1.202],[116.149,-1.184],[116.056,-1.238],[116.091,-1.256],[116.092,-1.269],[116.12,-1.283],[116.126,-1.299],[116.139,-1.303],[116.14,-1.293],[116.15,-1.307],[116.161,-1.303],[116.151,-1.323],[116.191,-1.348],[116.199,-1.364],[116.196,-1.38],[116.23,-1.403],[116.234,-1.39],[116.265,-1.391],[116.275,-1.417],[116.285,-1.41],[116.278,-1.397],[116.289,-1.39],[116.296,-1.359],[116.281,-1.341],[116.281,-1.329],[116.297,-1.314],[116.417,-1.311],[116.419,-1.354],[116.485,-1.327],[116.537,-1.295],[116.527,-1.291],[116.527,-1.273],[116.504,-1.243],[116.49,-1.237],[116.477,-1.209],[116.451,-1.194]]]},"properties":{"jenis":"hti","nama":"PT FAJAR SURYA SWADAYA","luas":61470,"sk":"SK.428/Menhut-II/2012","tahun":2012}},{"type":"Feature","geometry":{"type":"Polygon","coordinates":[[[114.44,-0.923],[114.428,-0.932],[114.423,-1.036],[114.435,-1.035],[114.482,-1.055],[114.485,-1.063],[114.474,-1.076],[114.46,-1.075],[114.456,-1.085],[114.409,-1.065],[114.407,-1.078],[114.399,-1.077],[114.409,-1.088],[114.405,-1.092],[114.388,-1.087],[114.384,-1.075],[114.376,-1.075],[114.377,-1.066],[114.365,-1.066],[114.361,-1.107],[114.388,-1.1],[114.407,-1.113],[114.412,-1.144],[114.46,-1.142],[114.458,-1.119],[114.469,-1.106],[114.523,-1.101],[114.532,-1.074],[114.541,-1.069],[114.539,-1.028],[114.53,-1.018],[114.512,-1.029],[114.473,-1.013],[114.494,-0.973],[114.49,-0.932],[114.44,-0.923]]]},"properties":{"jenis":"hti","nama":"PT PERINTIS ADIWANA","luas":18400,"sk":"SK.554/Kpts-II/1997","tahun":1997}},{"type":"Feature","geometry":{"type":"Polygon","coordinates":[[[111.834,-1.836],[111.81,-1.835],[111.797,-1.855],[111.804,-1.872],[111.764,-1.909],[111.752,-1.937],[111.766,-1.953],[111.757,-1.99],[111.715,-2.011],[111.719,-2.042],[111.707,-2.042],[111.707,-2.055],[111.658,-2.053],[111.659,-2.066],[111.671,-2.074],[111.688,-2.08],[111.695,-2.073],[111.706,-2.083],[111.7,-2.1],[111.642,-2.144],[111.636,-2.135],[111.624,-2.141],[111.616,-2.109],[111.604,-2.109],[111.604,-2.132],[111.538,-2.131],[111.537,-2.166],[111.578,-2.165],[111.576,-2.201],[111.588,-2.201],[111.596,-2.228],[111.614,-2.239],[111.614,-2.232],[111.719,-2.234],[111.719,-2.245],[111.754,-2.245],[111.752,-2.188],[111.764,-2.181],[111.784,-2.197],[111.83,-2.184],[111.853,-2.217],[111.835,-2.223],[111.837,-2.245],[111.856,-2.233],[111.857,-2.223],[111.862,-2.229],[111.875,-2.19],[111.896,-2.181],[111.905,-2.146],[111.925,-2.129],[111.928,-2.101],[111.951,-2.105],[111.922,-2.048],[111.926,-2.038],[111.916,-2.006],[111.9,-1.989],[111.901,-1.954],[111.882,-1.942],[111.868,-1.903],[111.87,-1.867],[111.855,-1.864],[111.834,-1.836]]]},"properties":{"jenis":"hti","nama":"PT KORINTIGA HUTANI","luas":97850,"sk":"SK.201/Menhut-II/2011","tahun":2011}},{"type":"Feature","geometry":{"type":"MultiPolygon","coordinates":[[[[113.216,-1.982],[113.214,-1.927],[113.122,-1.929],[113.094,-1.994],[113.068,-2.086],[113.11,-2.112],[113.126,-2.133],[113.127,-2.148],[113.091,-2.152],[113.048,-2.173],[113.016,-2.179],[113.02,-2.275],[113.095,-2.397],[113.142,-2.396],[113.1,-2.281],[113.165,-2.237],[113.199,-2.141],[113.224,-2.126],[113.216,-1.982]]],[[[112.61,-2.169],[112.603,-2.144],[112.587,-2.135],[112.58,-2.148],[112.529,-2.182],[112.54,-2.203],[112.566,-2.193],[112.553,-2.22],[112.561,-2.268],[112.592,-2.243],[112.577,-2.193],[112.606,-2.192],[112.647,-2.24],[112.709,-2.269],[112.727,-2.267],[112.724,-2.278],[112.733,-2.278],[112.731,-2.253],[112.711,-2.217],[112.681,-2.215],[112.61,-2.169]]]]},"properties":{"jenis":"hti","nama":"PT CERIA KARYA PRANAWA","luas":70235,"sk":"SK.112/Menhut-II/2013","tahun":2013}},{"type":"Feature","geometry":{"type":"MultiPolygon","coordinates":[[[[112.658,-1.248],[112.606,-1.213],[112.529,-1.196],[112.486,-1.197],[112.447,-1.252],[112.471,-1.255],[112.508,-1.284],[112.54,-1.289],[112.555,-1.277],[112.611,-1.304],[112.628,-1.289],[112.656,-1.3],[112.644,-1.323],[112.635,-1.313],[112.624,-1.313],[112.632,-1.331],[112.658,-1.342],[112.662,-1.388],[112.728,-1.355],[112.743,-1.401],[112.676,-1.435],[112.758,-1.437],[112.755,-1.453],[112.829,-1.453],[112.807,-1.384],[112.758,-1.316],[112.658,-1.248]]],[[[112.381,-1.769],[112.371,-1.771],[112.381,-1.799],[112.402,-1.827],[112.416,-1.817],[112.428,-1.848],[112.401,-1.867],[112.442,-1.867],[112.466,-1.855],[112.466,-1.839],[112.452,-1.837],[112.442,-1.782],[112.421,-1.78],[112.396,-1.789],[112.387,-1.785],[112.398,-1.776],[112.381,-1.769]]],[[[112.605,-1.459],[112.614,-1.451],[112.617,-1.428],[112.634,-1.412],[112.634,-1.397],[112.618,-1.382],[112.609,-1.346],[112.601,-1.344],[112.581,-1.357],[112.621,-1.408],[112.605,-1.459]]]]},"properties":{"jenis":"hti","nama":"PT BUKIT BERINGIN MAKMUR","luas":46170,"sk":"SK.308/Menhut-II/2011","tahun":2011}},{"type":"Feature","geometry":{"type":"MultiPolygon","coordinates":[[[[117.703,1.972],[117.695,1.936],[117.728,1.928],[117.739,1.895],[117.733,1.849],[117.709,1.849],[117.692,1.824],[117.693,1.813],[117.732,1.835],[117.749,1.83],[117.744,1.822],[117.731,1.823],[117.742,1.812],[117.76,1.823],[117.767,1.817],[117.778,1.82],[117.757,1.839],[117.771,1.85],[117.784,1.885],[117.775,1.941],[117.768,1.952],[117.76,1.948],[117.754,1.93],[117.75,1.942],[117.713,1.955],[117.711,1.97],[117.703,1.972]]],[[[117.248,1.782],[117.245,1.793],[117.239,1.782],[117.244,1.777],[117.228,1.763],[117.202,1.688],[117.2,1.639],[117.211,1.596],[117.216,1.607],[117.21,1.637],[117.213,1.682],[117.223,1.712],[117.219,1.73],[117.248,1.782]]],[[[117.262,1.805],[117.285,1.844],[117.34,1.884],[117.368,1.939],[117.321,1.876],[117.273,1.844],[117.258,1.817],[117.262,1.805]]]]},"properties":{"jenis":"hti","nama":"PT HUTAN BERAU LESTARI","luas":12002,"sk":"SK.771/Menhut-II/2014","tahun":2014}},{"type":"Feature","geometry":{"type":"MultiPolygon","coordinates":[[[[112.142,-0.1],[112.123,-0.116],[112.103,-0.153],[112.082,-0.165],[112.074,-0.202],[112.077,-0.222],[112.089,-0.224],[112.079,-0.235],[112.08,-0.256],[112.125,-0.278],[112.128,-0.306],[112.193,-0.283],[112.177,-0.244],[112.192,-0.215],[112.217,-0.192],[112.152,-0.195],[112.146,-0.155],[112.182,-0.156],[112.169,-0.099],[112.152,-0.106],[112.142,-0.1]]],[[[112.103,-0.007],[112.062,0.034],[112.056,0.05],[112.026,0.035],[111.981,0.043],[111.991,0.019],[111.989,0.001],[111.959,-0.059],[111.972,-0.092],[112.035,-0.086],[112.02,-0.064],[112.058,-0.037],[112.068,-0.001],[112.103,-0.034],[112.103,-0.007]]],[[[112.187,0.046],[112.179,0.033],[112.13,0.038],[112.113,0.031],[112.106,0.018],[112.183,0.013],[112.21,0.002],[112.23,0.008],[112.24,0.022],[112.264,0.008],[112.257,-0.018],[112.229,-0.028],[112.223,-0.062],[112.206,-0.065],[112.204,-0.094],[112.212,-0.115],[112.239,-0.112],[112.234,-0.099],[112.261,-0.066],[112.256,-0.057],[112.263,-0.045],[112.271,-0.046],[112.288,-0.008],[112.301,-0.011],[112.323,0.015],[112.342,0.018],[112.348,0.03],[112.187,0.046]]],[[[112.103,-0.031],[112.104,-0.032],[112.104,-0.032],[112.103,-0.031]]],[[[112.145,-0.099],[112.145,-0.099],[112.144,-0.099],[112.145,-0.099]]]]},"properties":{"jenis":"hti","nama":"PT MITRA JAYA NUSAINDAH","luas":46595,"sk":"SK.308/Menhut-II/2010","tahun":2010}},{"type":"Feature","geometry":{"type":"Polygon","coordinates":[[[110.438,-1.948],[110.421,-1.949],[110.354,-1.98],[110.395,-2.005],[110.511,-2.003],[110.541,-2.029],[110.629,-1.96],[110.673,-1.944],[110.699,-1.911],[110.694,-1.871],[110.604,-1.87],[110.581,-1.887],[110.55,-1.948],[110.503,-1.947],[110.455,-1.969],[110.438,-1.948]]]},"properties":{"jenis":"hti","nama":"PT WANAKERTA EKALESTARI","luas":27250,"sk":"SK.2010/Menhut-VI/2007","tahun":2007}},{"type":"Feature","geometry":{"type":"Polygon","coordinates":[[[110.797,-2.476],[110.748,-2.524],[110.751,-2.54],[110.737,-2.547],[110.735,-2.559],[110.77,-2.587],[110.773,-2.616],[110.789,-2.625],[110.829,-2.609],[110.88,-2.647],[110.884,-2.728],[110.908,-2.744],[110.965,-2.708],[110.955,-2.699],[110.961,-2.684],[110.924,-2.657],[110.925,-2.638],[110.906,-2.633],[110.894,-2.535],[110.873,-2.501],[110.797,-2.476]]]},"properties":{"jenis":"hti","nama":"PT MAYANGKARA TANAMAN INDUSTRI (SK 227)","luas":29755,"sk":"SK.227/Menhut-II/2007","tahun":2007}},{"type":"Feature","geometry":{"type":"Polygon","coordinates":[[[111.682,-0.756],[111.672,-0.753],[111.659,-0.767],[111.694,-0.792],[111.681,-0.812],[111.669,-0.867],[111.752,-0.842],[111.773,-0.832],[111.781,-0.81],[111.808,-0.811],[111.816,-0.8],[111.814,-0.766],[111.797,-0.726],[111.806,-0.701],[111.787,-0.701],[111.787,-0.692],[111.753,-0.701],[111.753,-0.733],[111.731,-0.734],[111.696,-0.761],[111.682,-0.756]]]},"properties":{"jenis":"hti","nama":"PT MERANTI LAKSANA","luas":17300,"sk":"SK.324/Kpts-II/1998","tahun":1998}},{"type":"Feature","geometry":{"type":"Polygon","coordinates":[[[115.956,0.398],[115.947,0.56],[115.903,0.5],[115.872,0.41],[115.807,0.362],[115.86,0.288],[115.869,0.249],[115.843,0.228],[115.809,0.234],[115.825,0.197],[115.897,0.213],[115.917,0.206],[115.924,0.139],[115.944,0.144],[116.007,0.137],[116.058,0.162],[116.161,0.171],[116.211,0.159],[116.306,0.113],[116.343,0.119],[116.311,0.171],[116.248,0.207],[116.254,0.185],[116.24,0.163],[116.231,0.16],[116.218,0.17],[116.213,0.163],[116.075,0.286],[116.086,0.285],[116.044,0.335],[116.036,0.332],[116.043,0.354],[116.057,0.353],[116.055,0.362],[116.024,0.336],[116.002,0.341],[116.003,0.334],[115.994,0.332],[115.993,0.35],[116.004,0.366],[116.041,0.387],[116.032,0.408],[115.994,0.405],[115.992,0.399],[115.976,0.408],[115.976,0.381],[115.96,0.395],[115.967,0.399],[115.956,0.398]]]},"properties":{"jenis":"hti","nama":"PT SILVA RIMBA LESTARI","luas":88000,"sk":"SK.165/Menhut-II/2011","tahun":2011}},{"type":"Feature","geometry":{"type":"MultiPolygon","coordinates":[[[[116.795,-0.283],[116.783,-0.29],[116.782,-0.341],[116.774,-0.347],[116.773,-0.366],[116.788,-0.363],[116.76,-0.391],[116.761,-0.412],[116.57,-0.414],[116.534,-0.422],[116.528,-0.428],[116.532,-0.445],[116.504,-0.45],[116.492,-0.483],[116.427,-0.509],[116.416,-0.526],[116.428,-0.583],[116.473,-0.575],[116.483,-0.588],[116.514,-0.563],[116.543,-0.504],[116.558,-0.508],[116.558,-0.492],[116.581,-0.472],[116.584,-0.452],[116.601,-0.462],[116.6,-0.469],[116.654,-0.47],[116.669,-0.462],[116.686,-0.474],[116.693,-0.47],[116.726,-0.477],[116.73,-0.467],[116.741,-0.468],[116.74,-0.488],[116.723,-0.497],[116.71,-0.522],[116.71,-0.538],[116.701,-0.54],[116.701,-0.566],[116.732,-0.575],[116.724,-0.589],[116.708,-0.597],[116.706,-0.62],[116.673,-0.641],[116.664,-0.64],[116.657,-0.621],[116.656,-0.628],[116.642,-0.625],[116.638,-0.636],[116.613,-0.63],[116.61,-0.644],[116.604,-0.604],[116.598,-0.602],[116.586,-0.604],[116.577,-0.616],[116.581,-0.624],[116.575,-0.626],[116.576,-0.685],[116.591,-0.679],[116.594,-0.686],[116.611,-0.67],[116.612,-0.659],[116.64,-0.644],[116.648,-0.654],[116.638,-0.695],[116.641,-0.712],[116.655,-0.719],[116.661,-0.698],[116.668,-0.698],[116.674,-0.739],[116.685,-0.742],[116.693,-0.73],[116.707,-0.73],[116.728,-0.756],[116.716,-0.764],[116.721,-0.785],[116.715,-0.792],[116.718,-0.798],[116.729,-0.795],[116.734,-0.805],[116.726,-0.806],[116.725,-0.816],[116.718,-0.814],[116.723,-0.826],[116.696,-0.864],[116.667,-0.882],[116.64,-0.889],[116.692,-0.856],[116.678,-0.852],[116.667,-0.858],[116.666,-0.851],[116.658,-0.856],[116.649,-0.849],[116.639,-0.855],[116.627,-0.907],[116.608,-0.92],[116.607,-0.947],[116.623,-0.936],[116.627,-0.951],[116.599,-0.978],[116.605,-1.009],[116.593,-1.007],[116.584,-1.021],[116.624,-1.051],[116.624,-1.066],[116.644,-1.067],[116.662,-1.096],[116.685,-1.106],[116.69,-1.097],[116.677,-1.086],[116.684,-1.082],[116.682,-1.07],[116.689,-1.062],[116.7,-1.068],[116.738,-0.984],[116.759,-0.981],[116.723,-0.96],[116.73,-0.885],[116.759,-0.885],[116.759,-0.893],[116.778,-0.894],[116.778,-0.885],[116.837,-0.887],[116.839,-0.84],[116.854,-0.833],[116.853,-0.815],[116.875,-0.796],[116.875,-0.785],[116.858,-0.781],[116.877,-0.769],[116.885,-0.726],[116.885,-0.714],[116.877,-0.71],[116.876,-0.662],[116.801,-0.665],[116.798,-0.6],[116.834,-0.604],[116.827,-0.579],[116.765,-0.579],[116.755,-0.543],[116.782,-0.526],[116.807,-0.475],[116.798,-0.459],[116.81,-0.452],[116.806,-0.431],[116.832,-0.429],[116.837,-0.435],[116.85,-0.417],[116.864,-0.417],[116.86,-0.411],[116.883,-0.393],[116.84,-0.405],[116.82,-0.399],[116.814,-0.382],[116.845,-0.356],[116.893,-0.336],[116.899,-0.327],[116.856,-0.321],[116.81,-0.327],[116.81,-0.31],[116.832,-0.289],[116.795,-0.283]]],[[[116.991,-0.55],[116.977,-0.551],[116.981,-0.579],[116.96,-0.581],[116.953,-0.568],[116.95,-0.578],[116.933,-0.585],[116.941,-0.6],[116.918,-0.622],[116.911,-0.611],[116.906,-0.623],[116.895,-0.618],[116.886,-0.578],[116.864,-0.579],[116.864,-0.604],[116.836,-0.604],[116.837,-0.616],[116.86,-0.651],[116.93,-0.651],[116.948,-0.623],[116.966,-0.617],[116.965,-0.662],[116.992,-0.662],[117.001,-0.673],[117.021,-0.633],[117.047,-0.61],[117.051,-0.594],[117.035,-0.593],[117.015,-0.576],[117.017,-0.551],[117.002,-0.56],[116.991,-0.55]]],[[[116.982,-0.301],[116.929,-0.325],[116.972,-0.337],[116.961,-0.379],[116.935,-0.382],[116.931,-0.389],[116.951,-0.409],[116.974,-0.404],[116.974,-0.361],[117.005,-0.342],[116.982,-0.301]]],[[[116.584,-1.021],[116.584,-1.021],[116.584,-1.021],[116.584,-1.021]]]]},"properties":{"jenis":"hti","nama":"PT ITCI HUTANI MANUNGGAL","luas":161127,"sk":"SK.184/Kpts-II/96","tahun":1998}},{"type":"Feature","geometry":{"type":"Polygon","coordinates":[[[117.641,0.964],[117.677,1.004],[117.665,1.1],[117.654,1.101],[117.66,1.12],[117.722,1.12],[117.693,1.17],[117.719,1.173],[117.727,1.195],[117.741,1.206],[117.736,1.22],[117.66,1.218],[117.655,1.207],[117.639,1.206],[117.637,1.195],[117.627,1.196],[117.621,1.178],[117.598,1.174],[117.591,1.188],[117.557,1.151],[117.516,1.169],[117.486,1.104],[117.497,1.092],[117.51,1.104],[117.538,1.1],[117.553,1.087],[117.56,1.075],[117.551,1.058],[117.556,1.029],[117.578,1.027],[117.62,0.993],[117.641,0.964]]]},"properties":{"jenis":"hti","nama":"PT SANTAN BORNEO ABADI","luas":37825,"sk":"SK.313/Menhut-II/2011","tahun":2011}},{"type":"Feature","geometry":{"type":"MultiPolygon","coordinates":[[[[115.959,0.009],[115.947,0.055],[115.915,0.034],[115.911,0.015],[115.915,0.006],[115.951,0],[115.951,-0.01],[115.893,-0.012],[115.877,0.007],[115.819,-0.034],[115.865,-0.074],[115.892,-0.031],[115.928,-0.046],[115.94,-0.022],[115.948,-0.049],[115.963,-0.04],[115.965,-0.016],[115.986,0.003],[115.979,0.015],[115.959,0.009]]],[[[116.051,-0.283],[116.085,-0.246],[116.071,-0.197],[116.082,-0.17],[116.022,-0.237],[116.021,-0.265],[116.044,-0.287],[116.051,-0.283]]],[[[115.893,-0.133],[115.868,-0.121],[115.858,-0.131],[115.901,-0.168],[115.902,-0.137],[115.893,-0.133]]],[[[115.926,-0.179],[115.966,-0.173],[115.903,-0.171],[115.915,-0.181],[115.926,-0.179]]]]},"properties":{"jenis":"hti","nama":"PT BAKAYAN JAYA ABADI","luas":15475,"sk":"SK.236/Menhut-II/2011","tahun":2011}},{"type":"Feature","geometry":{"type":"Polygon","coordinates":[[[116.632,0.984],[116.62,0.965],[116.598,0.96],[116.541,0.972],[116.525,0.96],[116.517,0.938],[116.527,0.928],[116.512,0.913],[116.52,0.908],[116.513,0.901],[116.538,0.876],[116.531,0.869],[116.544,0.857],[116.606,0.859],[116.648,0.903],[116.643,0.91],[116.664,0.925],[116.659,0.933],[116.666,0.938],[116.632,0.984]]]},"properties":{"jenis":"hti","nama":"PT OCEANIS TIMBER PRODUCT","luas":16600,"sk":"SK.298/Menhut-II/2012","tahun":2012}},{"type":"Feature","geometry":{"type":"Polygon","coordinates":[[[111.079,-1.896],[111.079,-1.963],[111.068,-1.963],[111.066,-1.986],[111.083,-1.994],[111.075,-2.027],[111.082,-2.047],[111.06,-2.057],[111.055,-2.069],[111.069,-2.122],[111.154,-2.066],[111.185,-2.07],[111.186,-2.045],[111.175,-2.027],[111.231,-2.029],[111.23,-2.065],[111.273,-2.033],[111.311,-2.026],[111.283,-2.01],[111.274,-1.973],[111.256,-1.945],[111.223,-1.956],[111.217,-1.974],[111.194,-1.992],[111.177,-1.988],[111.122,-1.916],[111.079,-1.896]]]},"properties":{"jenis":"hti","nama":"PT GRACE PUTRI PERDANA","luas":28990,"sk":"SK.481/Menhut-II/2013","tahun":2012}},{"type":"Feature","geometry":{"type":"Polygon","coordinates":[[[111.991,-1.979],[111.962,-1.883],[111.925,-1.861],[111.908,-1.833],[111.897,-1.871],[111.906,-1.89],[111.899,-1.906],[111.932,-1.955],[111.92,-2.006],[111.943,-2.009],[111.952,-2.048],[111.967,-2.059],[111.966,-2.065],[111.959,-2.064],[111.962,-2.071],[112.01,-2.063],[112.011,-2.057],[112.001,-2.057],[111.992,-2.02],[112.008,-2.023],[111.991,-1.979]]]},"properties":{"jenis":"hti","nama":"PT E-GRENNDO","luas":14595,"sk":"SK.747/Menhut-II/2012","tahun":2012}},{"type":"Feature","geometry":{"type":"MultiPolygon","coordinates":[[[[110.07,0.217],[110.046,0.21],[110.026,0.174],[109.976,0.166],[109.962,0.144],[109.956,0.104],[109.963,0.091],[109.97,0.107],[109.971,0.083],[109.992,0.075],[109.983,0.072],[109.986,0.065],[109.972,0.067],[109.972,0.055],[109.992,0.057],[110,0.082],[109.992,0.096],[110.005,0.115],[110.001,0.132],[110.019,0.169],[110.029,0.161],[110.051,0.164],[110.058,0.134],[110.061,0.138],[110.06,0.155],[110.076,0.168],[110.069,0.177],[110.077,0.214],[110.07,0.217]]],[[[110.073,0.129],[110.053,0.126],[110.026,0.085],[110.035,0.068],[110.027,0.045],[110.043,0.046],[110.043,0.056],[110.07,0.037],[110.064,0.028],[110.025,0.031],[110.025,0.044],[110.014,0.046],[110.012,0.019],[110.089,0.021],[110.064,0.081],[110.073,0.129]],[[110.049,0.102],[110.057,0.115],[110.065,0.112],[110.049,0.102]]],[[[110.14,0.119],[110.152,0.148],[110.111,0.119],[110.104,0.103],[110.111,0.091],[110.132,0.092],[110.121,0.067],[110.085,0.107],[110.082,0.095],[110.112,0.056],[110.114,0.032],[110.121,0.033],[110.121,0.028],[110.143,0.054],[110.146,0.095],[110.166,0.111],[110.156,0.123],[110.12,0.107],[110.14,0.119]]],[[[110.158,0.063],[110.172,0.027],[110.187,0.017],[110.199,0.024],[110.196,-0.012],[110.257,-0.011],[110.257,0.01],[110.22,0.01],[110.22,0.022],[110.193,0.032],[110.188,0.027],[110.183,0.038],[110.173,0.04],[110.173,0.055],[110.162,0.059],[110.183,0.058],[110.181,0.064],[110.158,0.063]]],[[[110.159,0.024],[110.144,0.029],[110.171,0.008],[110.176,-0.012],[110.19,-0.012],[110.188,0.013],[110.159,0.024]]],[[[109.946,0.092],[109.952,0.099],[109.934,0.092],[109.934,0.068],[109.952,0.068],[109.956,0.087],[109.946,0.092]]],[[[110.077,0.128],[110.077,0.129],[110.077,0.128],[110.077,0.128]]]]},"properties":{"jenis":"hti","nama":"PT GAMBARU SELARAS ALAM","luas":20445,"sk":"SK.739/Menhut-II/2014","tahun":2014}},{"type":"Feature","geometry":{"type":"Polygon","coordinates":[[[115.011,-1.699],[115.027,-1.713],[115.027,-1.737],[115.041,-1.753],[115.076,-1.721],[115.121,-1.694],[115.126,-1.64],[115.077,-1.644],[115.011,-1.699]]]},"properties":{"jenis":"hti","nama":"PT BORNEO GREEN LESTARI","luas":8500,"sk":"3/1/IUPHHK-HTI/PMDN/2016","tahun":2016}},{"type":"Feature","geometry":{"type":"Polygon","coordinates":[[[109.541,1.783],[109.54,1.815],[109.547,1.825],[109.578,1.772],[109.615,1.772],[109.617,1.778],[109.616,1.793],[109.583,1.79],[109.575,1.804],[109.582,1.819],[109.578,1.833],[109.548,1.853],[109.552,1.869],[109.534,1.927],[109.55,1.934],[109.547,1.956],[109.517,1.956],[109.517,1.972],[109.477,1.966],[109.433,1.937],[109.389,1.936],[109.41,1.906],[109.423,1.912],[109.432,1.905],[109.464,1.905],[109.484,1.889],[109.52,1.796],[109.499,1.784],[109.51,1.773],[109.525,1.789],[109.535,1.771],[109.549,1.772],[109.541,1.783]]]},"properties":{"jenis":"hti","nama":"PT FAJAR WANA LESTARI","luas":17685,"sk":"SK.231/Menhut-II/2013","tahun":2013}},{"type":"Feature","geometry":{"type":"MultiPolygon","coordinates":[[[[112.741,-2.763],[112.742,-2.754],[112.634,-2.728],[112.638,-2.753],[112.653,-2.776],[112.673,-2.773],[112.713,-2.792],[112.707,-2.802],[112.663,-2.788],[112.639,-2.79],[112.64,-2.797],[112.699,-2.8],[112.712,-2.808],[112.704,-2.835],[112.745,-2.841],[112.739,-2.87],[112.771,-2.882],[112.776,-2.892],[112.762,-2.925],[112.772,-2.956],[112.765,-2.971],[112.742,-2.984],[112.741,-2.996],[112.77,-3.032],[112.759,-3.051],[112.769,-3.075],[112.776,-3.056],[112.784,-3.055],[112.796,-3.074],[112.778,-3.084],[112.798,-3.093],[112.784,-3.096],[112.787,-3.109],[112.777,-3.103],[112.771,-3.112],[112.734,-3.11],[112.727,-3.116],[112.726,-3.132],[112.739,-3.135],[112.725,-3.148],[112.734,-3.176],[112.753,-3.173],[112.779,-3.15],[112.78,-3.128],[112.794,-3.1],[112.815,-3.109],[112.814,-3.051],[112.825,-3.033],[112.813,-3.026],[112.839,-2.997],[112.834,-2.964],[112.821,-2.939],[112.841,-2.934],[112.842,-2.869],[112.83,-2.873],[112.823,-2.867],[112.797,-2.823],[112.793,-2.798],[112.764,-2.796],[112.743,-2.778],[112.741,-2.763]]],[[[112.815,-3.118],[112.803,-3.148],[112.795,-3.148],[112.792,-3.167],[112.764,-3.176],[112.816,-3.176],[112.815,-3.118]]],[[[112.741,-3.176],[112.741,-3.176],[112.741,-3.176],[112.741,-3.176]]]]},"properties":{"jenis":"hti","nama":"PT BARATAMA PUTRA PERKASA","luas":36100,"sk":"SK.847/Menhut-II/2014","tahun":2014}},{"type":"Feature","geometry":{"type":"MultiPolygon","coordinates":[[[[109.706,0.839],[109.692,0.847],[109.684,0.833],[109.708,0.825],[109.767,0.754],[109.805,0.742],[109.814,0.7],[109.86,0.668],[109.835,0.67],[109.836,0.656],[109.853,0.648],[109.867,0.653],[109.822,0.768],[109.81,0.78],[109.802,0.814],[109.785,0.837],[109.752,0.831],[109.732,0.84],[109.706,0.839]],[[109.845,0.668],[109.848,0.664],[109.844,0.662],[109.845,0.668]],[[109.859,0.658],[109.859,0.66],[109.861,0.66],[109.859,0.658]]],[[[109.836,0.616],[109.833,0.63],[109.818,0.63],[109.805,0.616],[109.77,0.614],[109.772,0.603],[109.832,0.594],[109.857,0.569],[109.904,0.551],[109.907,0.561],[109.877,0.629],[109.859,0.578],[109.835,0.608],[109.836,0.616]]],[[[109.783,0.652],[109.743,0.643],[109.756,0.627],[109.765,0.627],[109.781,0.631],[109.783,0.652]]],[[[109.871,0.649],[109.865,0.641],[109.875,0.637],[109.871,0.649]]]]},"properties":{"jenis":"hti","nama":"PT DUTA BINTANG GEMILANG","luas":17145,"sk":"SK.845/Menhut-II/2014","tahun":2014}},{"type":"Feature","geometry":{"type":"MultiPolygon","coordinates":[[[[110.747,0.714],[110.748,0.729],[110.761,0.744],[110.749,0.763],[110.736,0.753],[110.747,0.73],[110.706,0.695],[110.684,0.699],[110.68,0.708],[110.662,0.708],[110.65,0.736],[110.614,0.738],[110.594,0.73],[110.552,0.68],[110.521,0.669],[110.46,0.671],[110.441,0.667],[110.431,0.655],[110.443,0.63],[110.459,0.631],[110.444,0.626],[110.454,0.594],[110.504,0.591],[110.507,0.584],[110.502,0.611],[110.519,0.651],[110.568,0.683],[110.613,0.728],[110.64,0.734],[110.649,0.708],[110.627,0.675],[110.628,0.646],[110.602,0.614],[110.598,0.593],[110.613,0.618],[110.63,0.616],[110.629,0.632],[110.636,0.632],[110.632,0.612],[110.653,0.606],[110.632,0.612],[110.637,0.598],[110.629,0.598],[110.63,0.579],[110.642,0.559],[110.667,0.546],[110.712,0.557],[110.719,0.581],[110.712,0.609],[110.733,0.592],[110.754,0.557],[110.796,0.575],[110.81,0.592],[110.814,0.57],[110.827,0.558],[110.835,0.559],[110.848,0.576],[110.823,0.576],[110.817,0.61],[110.779,0.585],[110.757,0.58],[110.728,0.601],[110.716,0.623],[110.688,0.636],[110.704,0.68],[110.723,0.692],[110.762,0.69],[110.762,0.708],[110.747,0.714]],[[110.476,0.599],[110.474,0.604],[110.486,0.61],[110.476,0.599]],[[110.652,0.612],[110.664,0.61],[110.652,0.609],[110.652,0.612]],[[110.704,0.58],[110.705,0.586],[110.712,0.583],[110.704,0.58]],[[110.744,0.583],[110.738,0.588],[110.746,0.584],[110.744,0.583]]],[[[110.492,0.522],[110.484,0.53],[110.48,0.522],[110.517,0.483],[110.553,0.464],[110.547,0.448],[110.514,0.427],[110.52,0.414],[110.548,0.408],[110.551,0.418],[110.541,0.427],[110.544,0.435],[110.564,0.435],[110.563,0.47],[110.541,0.471],[110.54,0.508],[110.492,0.513],[110.492,0.522]]],[[[110.464,0.559],[110.472,0.533],[110.481,0.545],[110.491,0.54],[110.489,0.559],[110.464,0.559]]],[[[110.518,0.544],[110.51,0.557],[110.511,0.542],[110.518,0.544]]],[[[110.51,0.56],[110.513,0.568],[110.507,0.583],[110.51,0.56]]]]},"properties":{"jenis":"hti","nama":"PT DUTA ANDALAN SUKSES","luas":31080,"sk":"SK.716/Menhut-II/2014","tahun":2014}},{"type":"Feature","geometry":{"type":"MultiPolygon","coordinates":[[[[111.387,-0.901],[111.382,-0.924],[111.366,-0.935],[111.371,-0.935],[111.326,-0.948],[111.282,-0.951],[111.263,-0.965],[111.241,-1],[111.283,-1.001],[111.303,-0.989],[111.383,-0.994],[111.405,-1.015],[111.425,-1.068],[111.4,-1.095],[111.37,-1.113],[111.356,-1.109],[111.36,-1.14],[111.333,-1.144],[111.342,-1.147],[111.345,-1.167],[111.371,-1.166],[111.381,-1.176],[111.404,-1.162],[111.397,-1.182],[111.412,-1.181],[111.467,-1.131],[111.487,-1.104],[111.518,-1.009],[111.517,-0.994],[111.498,-0.975],[111.494,-0.929],[111.479,-0.931],[111.456,-0.905],[111.387,-0.901]]],[[[111.623,-0.618],[111.623,-0.656],[111.611,-0.675],[111.599,-0.678],[111.603,-0.684],[111.612,-0.679],[111.615,-0.692],[111.6,-0.699],[111.598,-0.686],[111.586,-0.689],[111.587,-0.681],[111.576,-0.688],[111.578,-0.709],[111.586,-0.712],[111.631,-0.689],[111.635,-0.633],[111.658,-0.586],[111.67,-0.573],[111.668,-0.589],[111.679,-0.58],[111.684,-0.563],[111.635,-0.556],[111.646,-0.56],[111.641,-0.568],[111.66,-0.583],[111.621,-0.61],[111.623,-0.618]]],[[[111.66,-0.463],[111.629,-0.459],[111.61,-0.474],[111.581,-0.47],[111.59,-0.516],[111.58,-0.525],[111.565,-0.525],[111.567,-0.556],[111.577,-0.556],[111.574,-0.539],[111.596,-0.517],[111.608,-0.479],[111.623,-0.465],[111.641,-0.467],[111.691,-0.503],[111.715,-0.496],[111.684,-0.471],[111.66,-0.463]]]]},"properties":{"jenis":"hti","nama":"PT ALFA BORNEO LESTARI","luas":33595,"sk":"SK.764/Menhut-II/2014","tahun":2014}},{"type":"Feature","geometry":{"type":"MultiPolygon","coordinates":[[[[110.252,0.829],[110.242,0.831],[110.252,0.825],[110.245,0.815],[110.228,0.825],[110.18,0.8],[110.177,0.789],[110.196,0.728],[110.155,0.719],[110.174,0.679],[110.208,0.695],[110.207,0.678],[110.217,0.685],[110.223,0.674],[110.271,0.704],[110.285,0.696],[110.279,0.728],[110.262,0.74],[110.234,0.741],[110.214,0.766],[110.221,0.797],[110.236,0.811],[110.269,0.804],[110.275,0.823],[110.252,0.829]]],[[[110.318,0.794],[110.363,0.756],[110.379,0.798],[110.371,0.81],[110.383,0.825],[110.376,0.862],[110.342,0.87],[110.343,0.902],[110.327,0.915],[110.309,0.9],[110.318,0.871],[110.302,0.818],[110.312,0.806],[110.289,0.796],[110.283,0.784],[110.311,0.789],[110.317,0.783],[110.318,0.794]],[[110.313,0.794],[110.306,0.797],[110.322,0.798],[110.313,0.794]],[[110.329,0.801],[110.325,0.8],[110.328,0.802],[110.329,0.801]],[[110.358,0.772],[110.36,0.774],[110.356,0.768],[110.358,0.772]],[[110.332,0.885],[110.334,0.881],[110.325,0.881],[110.332,0.885]],[[110.346,0.812],[110.342,0.819],[110.363,0.828],[110.346,0.812]],[[110.34,0.799],[110.334,0.8],[110.349,0.806],[110.363,0.8],[110.34,0.799]]]]},"properties":{"jenis":"hti","nama":"PT CITRA MULIA INTI","luas":20645,"sk":"2/1/IUPHHK-HTI/PMDN/2015","tahun":2015}},{"type":"Feature","geometry":{"type":"Polygon","coordinates":[[[111.236,1.01],[111.21,1.029],[111.152,1.023],[111.067,0.974],[111.036,0.966],[111.023,0.968],[111.013,0.992],[110.991,1.004],[110.959,0.981],[110.915,0.977],[110.907,0.947],[110.872,0.915],[110.846,0.909],[110.84,0.89],[110.82,0.873],[110.817,0.853],[110.786,0.839],[110.781,0.82],[110.787,0.814],[110.809,0.823],[110.826,0.847],[110.866,0.827],[110.9,0.836],[110.882,0.861],[110.883,0.873],[110.941,0.88],[110.97,0.894],[110.981,0.889],[111.011,0.902],[111.024,0.93],[111.038,0.92],[111.172,0.931],[111.199,0.953],[111.243,0.971],[111.236,1.01]]]},"properties":{"jenis":"hti","nama":"PT UNGGUL KARYA INTI JAYA","luas":40615,"sk":"SK.311/Menhut-II/2012","tahun":2012}},{"type":"Feature","geometry":{"type":"Polygon","coordinates":[[[113.699,-0.875],[113.651,-0.863],[113.612,-0.876],[113.643,-0.934],[113.688,-0.983],[113.768,-0.905],[113.753,-0.877],[113.699,-0.875]]]},"properties":{"jenis":"hti","nama":"PT PUSPAWARNA CEMERLANG","luas":12920,"sk":"SK.588/Menhut-II/12","tahun":2012}},{"type":"Feature","geometry":{"type":"Polygon","coordinates":[[[118.949,1.005],[118.88,1.015],[118.844,0.996],[118.787,0.983],[118.743,0.904],[118.724,0.84],[118.731,0.833],[118.78,0.832],[118.832,0.884],[118.891,0.904],[118.891,0.922],[118.901,0.903],[118.911,0.915],[118.925,0.918],[118.925,0.941],[118.936,0.956],[118.953,0.955],[118.949,1.005]]]},"properties":{"jenis":"hti","nama":"PT INDOSUBUR SUKSES MAKMUR","luas":28655,"sk":"SK.763/Menhut-II/2014","tahun":2014}},{"type":"Feature","geometry":{"type":"MultiPolygon","coordinates":[[[[115.944,0.144],[115.882,0.13],[115.913,0.114],[115.934,0.088],[115.941,0.064],[115.788,-0.04],[115.833,-0.093],[115.856,-0.07],[115.819,-0.034],[115.877,0.007],[115.893,-0.012],[115.951,-0.01],[115.951,0],[115.915,0.006],[115.911,0.015],[115.915,0.034],[115.947,0.055],[115.958,0.01],[115.979,0.015],[115.987,0.001],[116.007,-0.003],[116.018,0.015],[116.018,0.035],[116.007,0.052],[116.012,0.138],[115.944,0.144]]],[[[115.944,-0.045],[115.94,-0.022],[115.928,-0.046],[115.892,-0.031],[115.865,-0.074],[115.927,-0.097],[115.958,-0.058],[115.944,-0.045]]]]},"properties":{"jenis":"hti","nama":"PT SENDAWAR ADHI KARYA","luas":25400,"sk":"2/MENHUT-VI/2008","tahun":2008}},{"type":"Feature","geometry":{"type":"MultiPolygon","coordinates":[[[[112.794,-3.176],[112.764,-3.176],[112.772,-3.192],[112.757,-3.203],[112.762,-3.215],[112.749,-3.228],[112.741,-3.222],[112.729,-3.227],[112.716,-3.254],[112.71,-3.245],[112.721,-3.205],[112.733,-3.214],[112.747,-3.206],[112.746,-3.196],[112.729,-3.2],[112.708,-3.192],[112.685,-3.225],[112.67,-3.221],[112.659,-3.237],[112.675,-3.251],[112.693,-3.307],[112.696,-3.35],[112.71,-3.352],[112.819,-3.296],[112.817,-3.176],[112.794,-3.176]]],[[[112.654,-3.092],[112.644,-3.085],[112.65,-3.075],[112.621,-3.083],[112.62,-3.095],[112.601,-3.097],[112.592,-3.112],[112.573,-3.105],[112.585,-3.117],[112.589,-3.143],[112.577,-3.166],[112.54,-3.197],[112.555,-3.23],[112.576,-3.251],[112.64,-3.241],[112.658,-3.226],[112.648,-3.224],[112.653,-3.215],[112.661,-3.219],[112.662,-3.208],[112.68,-3.204],[112.663,-3.19],[112.637,-3.196],[112.629,-3.189],[112.614,-3.195],[112.622,-3.18],[112.612,-3.156],[112.63,-3.141],[112.628,-3.099],[112.651,-3.098],[112.654,-3.092]]],[[[112.496,-3.089],[112.462,-3.079],[112.462,-3.098],[112.452,-3.102],[112.464,-3.12],[112.475,-3.118],[112.473,-3.148],[112.464,-3.144],[112.467,-3.161],[112.45,-3.154],[112.435,-3.175],[112.423,-3.176],[112.441,-3.178],[112.46,-3.165],[112.479,-3.184],[112.497,-3.19],[112.528,-3.174],[112.532,-3.163],[112.52,-3.15],[112.535,-3.135],[112.54,-3.11],[112.518,-3.103],[112.513,-3.114],[112.52,-3.127],[112.5,-3.121],[112.49,-3.13],[112.474,-3.095],[112.501,-3.109],[112.506,-3.106],[112.496,-3.089]],[[112.487,-3.15],[112.481,-3.144],[112.491,-3.138],[112.509,-3.162],[112.519,-3.163],[112.518,-3.171],[112.485,-3.168],[112.482,-3.16],[112.492,-3.159],[112.487,-3.15]]],[[[112.743,-3.182],[112.734,-3.176],[112.715,-3.185],[112.721,-3.193],[112.747,-3.192],[112.743,-3.182]]]]},"properties":{"jenis":"hti","nama":"PT RIMBUN SERUYAN","luas":8500,"sk":"1/1/IUPHHK-HTI/PMDN/2016","tahun":2016}},{"type":"Feature","geometry":{"type":"Polygon","coordinates":[[[109.096,0.574],[109.088,0.588],[108.996,0.547],[109.026,0.523],[109.038,0.542],[109.046,0.53],[109.048,0.493],[109.089,0.489],[109.115,0.472],[109.125,0.499],[109.086,0.524],[109.065,0.549],[109.087,0.566],[109.101,0.563],[109.096,0.574]]]},"properties":{"jenis":"hti","nama":"PT BHATARA ALAM LESTARI","luas":7100,"sk":"SK.631/Menhut-II/2013","tahun":2013}},{"type":"Feature","geometry":{"type":"Polygon","coordinates":[[[115.656,-0.691],[115.671,-0.675],[115.669,-0.639],[115.653,-0.676],[115.63,-0.696],[115.586,-0.707],[115.609,-0.744],[115.625,-0.743],[115.637,-0.754],[115.626,-0.791],[115.665,-0.78],[115.642,-0.793],[115.653,-0.796],[115.638,-0.815],[115.718,-0.841],[115.737,-0.711],[115.727,-0.688],[115.687,-0.688],[115.683,-0.696],[115.656,-0.691]],[[115.641,-0.7],[115.652,-0.692],[115.716,-0.709],[115.724,-0.719],[115.715,-0.746],[115.684,-0.749],[115.679,-0.733],[115.643,-0.717],[115.641,-0.7]],[[115.67,-0.742],[115.672,-0.759],[115.658,-0.755],[115.658,-0.733],[115.621,-0.733],[115.621,-0.728],[115.654,-0.728],[115.67,-0.742]]]},"properties":{"jenis":"hti","nama":"PT BORNEO KUTAI LESTARI","luas":18835,"sk":"SK.679/Menhut-II/2013","tahun":2013}},{"type":"Feature","geometry":{"type":"MultiPolygon","coordinates":[[[[117.129,0.717],[117.07,0.569],[117.083,0.551],[117.121,0.531],[117.123,0.521],[117.13,0.523],[117.136,0.513],[117.168,0.498],[117.172,0.505],[117.195,0.499],[117.213,0.472],[117.223,0.477],[117.252,0.471],[117.257,0.479],[117.272,0.48],[117.289,0.522],[117.266,0.546],[117.264,0.561],[117.249,0.567],[117.246,0.585],[117.231,0.6],[117.203,0.602],[117.184,0.63],[117.175,0.619],[117.153,0.625],[117.154,0.656],[117.143,0.664],[117.15,0.683],[117.132,0.695],[117.129,0.717]]],[[[117.604,1.005],[117.583,1.023],[117.583,1],[117.539,1],[117.522,0.976],[117.533,0.941],[117.516,0.93],[117.52,0.904],[117.508,0.906],[117.498,0.921],[117.473,0.92],[117.467,0.932],[117.422,0.905],[117.436,0.866],[117.499,0.839],[117.5,0.858],[117.544,0.861],[117.547,0.881],[117.641,0.964],[117.626,0.985],[117.608,0.957],[117.604,1.005]]]]},"properties":{"jenis":"hti","nama":"PT DIVA PERDANA PESONA","luas":48235,"sk":"SK.479/Menhut-II/2014","tahun":2014}},{"type":"Feature","geometry":{"type":"MultiPolygon","coordinates":[[[[110.639,-2.673],[110.633,-2.644],[110.643,-2.557],[110.62,-2.572],[110.617,-2.621],[110.57,-2.65],[110.551,-2.688],[110.534,-2.702],[110.535,-2.722],[110.659,-2.733],[110.664,-2.842],[110.682,-2.881],[110.696,-2.887],[110.801,-2.829],[110.763,-2.734],[110.705,-2.779],[110.665,-2.734],[110.66,-2.695],[110.688,-2.668],[110.69,-2.644],[110.72,-2.632],[110.722,-2.619],[110.692,-2.614],[110.668,-2.629],[110.659,-2.664],[110.639,-2.673]]],[[[110.769,-2.586],[110.735,-2.559],[110.728,-2.569],[110.73,-2.587],[110.715,-2.589],[110.823,-2.665],[110.823,-2.676],[110.844,-2.698],[110.871,-2.771],[110.92,-2.752],[110.884,-2.728],[110.88,-2.647],[110.829,-2.609],[110.789,-2.625],[110.773,-2.616],[110.769,-2.586]]]]},"properties":{"jenis":"hti","nama":"PT BUANA MEGATAMA JAYA","luas":43800,"sk":"SK.715/Menhut-II/2009","tahun":2009}},{"type":"Feature","geometry":{"type":"MultiPolygon","coordinates":[[[[116.257,-0.008],[116.186,0.004],[116.144,0.027],[116.134,0.057],[116.133,0.005],[116.107,0.005],[116.156,-0.032],[116.144,-0.045],[116.066,-0.02],[116.031,0.002],[116.007,-0.003],[115.986,0.003],[115.965,-0.016],[115.963,-0.04],[115.948,-0.049],[115.957,-0.06],[115.994,-0.016],[116.008,-0.015],[116.048,-0.043],[116.048,-0.053],[116.061,-0.061],[116.098,-0.067],[116.121,-0.098],[116.157,-0.12],[116.211,-0.094],[116.296,-0.09],[116.295,-0.08],[116.312,-0.067],[116.316,-0.051],[116.257,-0.008]]],[[[116.341,0.112],[116.305,0.11],[116.301,0.092],[116.134,0.093],[116.134,0.083],[116.185,0.073],[116.283,0.028],[116.327,0.027],[116.35,0.047],[116.368,0.088],[116.341,0.112]]],[[[116.012,0.005],[116.012,0.006],[116.012,0.005],[116.012,0.005]]],[[[115.944,-0.043],[115.944,-0.043],[115.944,-0.045],[115.944,-0.043]]]]},"properties":{"jenis":"hti","nama":"PT DHARMA HUTANI MAKMUR","luas":41545,"sk":"SK. 632/Menhut-II/2013","tahun":2013}},{"type":"Feature","geometry":{"type":"Polygon","coordinates":[[[112.948,-1.242],[112.947,-1.228],[112.957,-1.219],[112.914,-1.217],[112.91,-1.238],[112.895,-1.246],[112.917,-1.283],[112.961,-1.284],[113.007,-1.305],[113.024,-1.282],[113.016,-1.277],[113.022,-1.269],[112.948,-1.242]]]},"properties":{"jenis":"hti","nama":"PT PUNDIWANA SEMESTA","luas":6480,"sk":"SK.492/Menhut-II/2010","tahun":2010}},{"type":"Feature","geometry":{"type":"MultiPolygon","coordinates":[[[[117.231,1.32],[117.201,1.323],[117.212,1.275],[117.194,1.278],[117.171,1.229],[117.144,1.22],[117.112,1.182],[117.092,1.127],[117.069,1.091],[117.183,1.119],[117.23,1.215],[117.22,1.222],[117.217,1.264],[117.253,1.305],[117.251,1.318],[117.231,1.32]]],[[[117.41,0.939],[117.413,0.949],[117.451,0.97],[117.454,0.99],[117.392,0.958],[117.422,0.905],[117.467,0.932],[117.473,0.92],[117.498,0.921],[117.508,0.906],[117.52,0.904],[117.522,0.92],[117.503,0.95],[117.493,0.941],[117.472,0.938],[117.466,0.943],[117.476,0.951],[117.472,0.958],[117.435,0.934],[117.41,0.939]]],[[[117.435,0.86],[117.374,0.825],[117.38,0.821],[117.376,0.808],[117.498,0.801],[117.445,0.828],[117.435,0.86]]]]},"properties":{"jenis":"hti","nama":"PT KELAWIT WANA LESTARI","luas":27690,"sk":"SK.301/Menhut-II/2011","tahun":2011}},{"type":"Feature","geometry":{"type":"Polygon","coordinates":[[[117.025,0.706],[116.992,0.706],[116.992,0.688],[116.959,0.661],[116.958,0.637],[116.949,0.631],[116.852,0.602],[116.813,0.538],[116.84,0.523],[116.85,0.496],[116.868,0.49],[116.885,0.51],[116.889,0.504],[116.907,0.516],[116.946,0.518],[116.935,0.56],[116.95,0.596],[116.979,0.614],[116.992,0.614],[117.007,0.582],[117.065,0.582],[117.05,0.638],[117.058,0.662],[117.056,0.7],[117.025,0.706]],[[116.838,0.556],[116.84,0.562],[116.856,0.561],[116.855,0.553],[116.838,0.556]],[[116.988,0.648],[116.988,0.66],[116.994,0.659],[116.995,0.648],[116.988,0.648]]]},"properties":{"jenis":"hti","nama":"PT BUANA INTI ENERGI","luas":26345,"sk":"SK.631/Menhut-II/2010","tahun":2010}},{"type":"Feature","geometry":{"type":"MultiPolygon","coordinates":[[[[103.046,-2.311],[103.034,-2.321],[103.035,-2.338],[103.006,-2.336],[103.015,-2.401],[103.023,-2.408],[103.036,-2.402],[103.053,-2.407],[103.05,-2.42],[103.071,-2.446],[103.114,-2.468],[103.117,-2.455],[103.108,-2.44],[103.127,-2.434],[103.149,-2.413],[103.119,-2.384],[103.153,-2.388],[103.157,-2.408],[103.212,-2.419],[103.228,-2.4],[103.229,-2.391],[103.206,-2.383],[103.18,-2.386],[103.155,-2.378],[103.141,-2.356],[103.093,-2.342],[103.088,-2.329],[103.072,-2.331],[103.046,-2.311]]],[[[103.419,-2.444],[103.41,-2.406],[103.401,-2.399],[103.366,-2.402],[103.341,-2.447],[103.371,-2.497],[103.426,-2.453],[103.428,-2.467],[103.442,-2.466],[103.436,-2.445],[103.445,-2.434],[103.437,-2.426],[103.419,-2.444]]]]},"properties":{"jenis":"hti","nama":"PT BUMI PERSADA PERMAI (SK 79)","luas":24050,"sk":"SK. 79/Menhut-II/2009","tahun":2009}},{"type":"Feature","geometry":{"type":"Polygon","coordinates":[[[102.841,-1.989],[102.842,-1.975],[102.859,-1.975],[102.861,-1.902],[102.877,-1.902],[102.878,-1.839],[102.855,-1.839],[102.86,-1.859],[102.804,-2.002],[102.79,-2.014],[102.798,-2.033],[102.84,-2.007],[102.841,-1.989]]]},"properties":{"jenis":"hti","nama":"PT WANA PERINTIS","luas":6900,"sk":"781/Kpts-II/1996","tahun":1996}},{"type":"Feature","geometry":{"type":"MultiPolygon","coordinates":[[[[101.619,-1.722],[101.623,-1.73],[101.629,-1.725],[101.623,-1.712],[101.631,-1.713],[101.635,-1.7],[101.661,-1.678],[101.68,-1.673],[101.652,-1.632],[101.646,-1.576],[101.637,-1.566],[101.62,-1.578],[101.596,-1.577],[101.539,-1.653],[101.492,-1.673],[101.491,-1.705],[101.496,-1.709],[101.533,-1.678],[101.548,-1.68],[101.568,-1.646],[101.579,-1.663],[101.559,-1.714],[101.559,-1.743],[101.585,-1.697],[101.589,-1.709],[101.605,-1.703],[101.619,-1.722]]],[[[101.698,-1.701],[101.738,-1.679],[101.765,-1.696],[101.767,-1.668],[101.779,-1.663],[101.787,-1.637],[101.812,-1.623],[101.835,-1.63],[101.877,-1.623],[101.877,-1.606],[101.89,-1.593],[101.877,-1.576],[101.934,-1.59],[101.961,-1.579],[101.962,-1.555],[101.953,-1.55],[101.95,-1.578],[101.933,-1.564],[101.915,-1.563],[101.874,-1.574],[101.868,-1.594],[101.836,-1.593],[101.821,-1.508],[101.801,-1.498],[101.79,-1.501],[101.784,-1.51],[101.793,-1.549],[101.764,-1.567],[101.762,-1.604],[101.749,-1.622],[101.758,-1.652],[101.729,-1.681],[101.694,-1.674],[101.698,-1.701]]],[[[101.861,-1.8],[101.828,-1.791],[101.828,-1.802],[101.816,-1.803],[101.79,-1.83],[101.829,-1.82],[101.869,-1.839],[101.886,-1.836],[101.887,-1.845],[101.919,-1.841],[101.941,-1.825],[101.925,-1.813],[101.916,-1.819],[101.861,-1.8]]],[[[101.799,-1.702],[101.769,-1.703],[101.769,-1.71],[101.791,-1.721],[101.799,-1.702]]]]},"properties":{"jenis":"hti","nama":"PT MUGITRIMAN INTERNATIONAL","luas":37500,"sk":"419/Menhut-II/2009","tahun":2009}},{"type":"Feature","geometry":{"type":"Polygon","coordinates":[[[101.906,-1.983],[101.904,-2.037],[101.916,-2.05],[101.903,-2.072],[101.901,-2.135],[101.918,-2.104],[101.944,-2.091],[101.938,-2.063],[101.947,-2.056],[101.963,-2.081],[101.985,-2.072],[102.009,-2.096],[102.025,-2.102],[102.055,-2.101],[102.076,-2.078],[102.045,-2.053],[102.045,-2.039],[101.996,-2.031],[101.985,-1.989],[101.973,-1.982],[101.958,-1.975],[101.933,-1.986],[101.916,-1.975],[101.906,-1.983]]]},"properties":{"jenis":"hti","nama":"PT JEBUS MAJU","luas":15012,"sk":"342/Menhut-II/2004","tahun":2004}},{"type":"Feature","geometry":{"type":"Polygon","coordinates":[[[102.693,-1.599],[102.683,-1.604],[102.678,-1.635],[102.642,-1.639],[102.621,-1.679],[102.654,-1.709],[102.686,-1.723],[102.686,-1.742],[102.677,-1.75],[102.622,-1.738],[102.605,-1.753],[102.668,-1.795],[102.768,-1.792],[102.776,-1.749],[102.723,-1.751],[102.725,-1.729],[102.739,-1.701],[102.722,-1.679],[102.719,-1.642],[102.693,-1.599]]]},"properties":{"jenis":"hti","nama":"PT LIMBAH KAYU UTAMA","luas":19300,"sk":"327/Kpts-II/1998","tahun":1998}},{"type":"Feature","geometry":{"type":"Polygon","coordinates":[[[101.956,-0.979],[101.946,-0.965],[101.864,-0.995],[101.914,-1.022],[101.936,-1.053],[101.969,-1.063],[101.981,-1.082],[102,-1.09],[102.026,-1.087],[102.037,-1.102],[102.062,-1.096],[102.082,-1.106],[102.076,-1.024],[102.083,-0.997],[102.078,-1.003],[102.048,-0.986],[102.042,-0.995],[102.027,-0.988],[102.014,-0.995],[101.973,-0.98],[101.971,-0.973],[101.956,-0.979]]]},"properties":{"jenis":"hti","nama":"PT TEBO MULTI AGRO","luas":19770,"sk":"401/Menhut-II/2006","tahun":2006}},{"type":"Feature","geometry":{"type":"Polygon","coordinates":[[[103.091,-2.079],[103.098,-2.069],[103.144,-2.076],[103.151,-2.084],[103.133,-2.101],[103.167,-2.102],[103.171,-2.119],[103.141,-2.124],[103.154,-2.151],[103.167,-2.13],[103.179,-2.125],[103.182,-2.103],[103.164,-2.089],[103.15,-2.063],[103.187,-2.046],[103.227,-2.095],[103.242,-2.103],[103.248,-2.096],[103.223,-2.078],[103.216,-2.053],[103.229,-2.039],[103.229,-2.022],[103.255,-2.021],[103.256,-1.995],[103.25,-1.987],[103.236,-1.99],[103.207,-2.032],[103.184,-2.032],[103.19,-2.024],[103.189,-1.986],[103.18,-1.991],[103.18,-2.022],[103.167,-2.045],[103.122,-2.043],[103.122,-2.034],[103.042,-2.086],[103.066,-2.11],[103.069,-2.082],[103.079,-2.074],[103.091,-2.079]]]},"properties":{"jenis":"hti","nama":"PT WANAKASITA NUSANTARA","luas":9030,"sk":"672/Kpts-II/1995","tahun":1995}},{"type":"Feature","geometry":{"type":"MultiPolygon","coordinates":[[[[103.282,-1.355],[103.263,-1.362],[103.262,-1.375],[103.25,-1.375],[103.233,-1.36],[103.237,-1.376],[103.208,-1.372],[103.208,-1.529],[103.237,-1.529],[103.243,-1.537],[103.292,-1.48],[103.309,-1.422],[103.305,-1.401],[103.315,-1.39],[103.294,-1.388],[103.297,-1.361],[103.278,-1.363],[103.282,-1.355]]],[[[103.269,-1.188],[103.247,-1.183],[103.246,-1.192],[103.204,-1.198],[103.195,-1.235],[103.242,-1.254],[103.257,-1.251],[103.266,-1.234],[103.286,-1.234],[103.315,-1.249],[103.372,-1.251],[103.367,-1.235],[103.357,-1.231],[103.38,-1.216],[103.269,-1.188]]],[[[102.897,-1.086],[102.871,-1.092],[102.86,-1.109],[102.871,-1.241],[102.887,-1.237],[102.921,-1.21],[102.912,-1.204],[102.913,-1.194],[102.931,-1.18],[102.917,-1.173],[102.911,-1.159],[102.926,-1.095],[102.897,-1.086]]]]},"properties":{"jenis":"hti","nama":"PT RIMBA HUTANI MAS","luas":35814,"sk":"SK.689/Menhut-II/2010","tahun":2010}},{"type":"Feature","geometry":{"type":"MultiPolygon","coordinates":[[[[102.315,-1.014],[102.3,-1.004],[102.297,-1.014],[102.302,-1.048],[102.308,-1.057],[102.319,-1.053],[102.311,-1.082],[102.299,-1.077],[102.294,-1.054],[102.28,-1.049],[102.274,-1.063],[102.252,-1.066],[102.251,-1.048],[102.238,-1.054],[102.244,-1.07],[102.231,-1.084],[102.239,-1.094],[102.229,-1.11],[102.242,-1.125],[102.249,-1.152],[102.265,-1.165],[102.288,-1.152],[102.3,-1.161],[102.295,-1.168],[102.31,-1.187],[102.328,-1.192],[102.335,-1.18],[102.339,-1.183],[102.333,-1.193],[102.351,-1.23],[102.375,-1.238],[102.386,-1.256],[102.403,-1.243],[102.42,-1.254],[102.384,-1.177],[102.346,-1.139],[102.35,-1.124],[102.373,-1.113],[102.404,-1.134],[102.435,-1.182],[102.458,-1.244],[102.474,-1.224],[102.471,-1.245],[102.48,-1.254],[102.521,-1.223],[102.53,-1.212],[102.487,-1.159],[102.512,-1.158],[102.512,-1.15],[102.484,-1.133],[102.436,-1.122],[102.41,-1.09],[102.35,-1.072],[102.336,-1.061],[102.325,-1.024],[102.315,-1.014]],[[102.356,-1.215],[102.372,-1.215],[102.373,-1.224],[102.356,-1.224],[102.356,-1.215]]],[[[102.003,-0.911],[101.979,-0.897],[101.964,-0.917],[101.931,-0.911],[101.915,-0.919],[101.908,-0.953],[101.883,-0.968],[101.856,-0.968],[101.852,-0.981],[101.842,-0.984],[101.846,-0.995],[101.857,-0.998],[101.946,-0.965],[101.956,-0.979],[101.971,-0.973],[102.009,-0.994],[102.027,-0.988],[102.042,-0.995],[102.048,-0.986],[102.079,-1.004],[102.115,-0.994],[102.125,-0.983],[102.133,-0.998],[102.145,-1.005],[102.141,-0.969],[102.182,-0.973],[102.185,-0.95],[102.176,-0.935],[102.125,-0.936],[102.003,-0.911]]],[[[102.177,-1.079],[102.164,-1.079],[102.177,-1.112],[102.173,-1.129],[102.182,-1.13],[102.192,-1.117],[102.197,-1.125],[102.176,-1.143],[102.219,-1.151],[102.226,-1.133],[102.213,-1.134],[102.202,-1.104],[102.177,-1.079]]],[[[102.186,-1.008],[102.183,-0.989],[102.16,-1.007],[102.161,-1.015],[102.181,-1.016],[102.161,-1.031],[102.17,-1.047],[102.195,-1.032],[102.21,-1.033],[102.186,-1.008]]]]},"properties":{"jenis":"hti","nama":"PT LESTARI ASRI JAYA","luas":61495,"sk":"141/Menhut-II/2010","tahun":2010}},{"type":"Feature","geometry":{"type":"MultiPolygon","coordinates":[[[[102.722,-2.665],[102.722,-2.658],[102.664,-2.672],[102.62,-2.691],[102.62,-2.697],[102.589,-2.698],[102.559,-2.728],[102.519,-2.737],[102.545,-2.773],[102.595,-2.783],[102.607,-2.796],[102.62,-2.79],[102.628,-2.824],[102.645,-2.828],[102.664,-2.85],[102.682,-2.851],[102.693,-2.866],[102.752,-2.87],[102.758,-2.847],[102.794,-2.802],[102.811,-2.742],[102.782,-2.712],[102.778,-2.693],[102.741,-2.671],[102.72,-2.674],[102.722,-2.665]],[[102.606,-2.711],[102.606,-2.703],[102.616,-2.703],[102.61,-2.728],[102.596,-2.728],[102.606,-2.711]]],[[[102.702,-2.583],[102.68,-2.595],[102.678,-2.611],[102.64,-2.622],[102.642,-2.652],[102.649,-2.648],[102.647,-2.628],[102.666,-2.628],[102.665,-2.649],[102.674,-2.633],[102.686,-2.629],[102.697,-2.641],[102.698,-2.629],[102.704,-2.635],[102.72,-2.624],[102.702,-2.583]]],[[[102.561,-2.782],[102.548,-2.778],[102.546,-2.786],[102.571,-2.786],[102.561,-2.782]]]]},"properties":{"jenis":"hti","nama":"PT ESA YASA DINAMIKA","luas":43940,"sk":"10/1/IUPHHK-HTI/PMDN/2016","tahun":2016}},{"type":"Feature","geometry":{"type":"MultiPolygon","coordinates":[[[[102.188,-1.82],[102.175,-1.81],[102.173,-1.822],[102.164,-1.819],[102.149,-1.838],[102.134,-1.841],[102.121,-1.877],[102.083,-1.868],[102.075,-1.879],[102.064,-1.881],[102.06,-1.896],[102.086,-1.897],[102.09,-1.909],[102.084,-1.914],[102.103,-1.918],[102.103,-1.905],[102.125,-1.907],[102.133,-1.923],[102.174,-1.906],[102.229,-1.856],[102.222,-1.824],[102.209,-1.828],[102.188,-1.82]]],[[[102.511,-2.452],[102.493,-2.417],[102.352,-2.45],[102.357,-2.475],[102.37,-2.458],[102.397,-2.452],[102.423,-2.457],[102.449,-2.489],[102.446,-2.5],[102.418,-2.51],[102.424,-2.536],[102.439,-2.542],[102.455,-2.531],[102.481,-2.558],[102.483,-2.519],[102.511,-2.452]]],[[[102.016,-1.949],[101.992,-1.96],[101.977,-1.957],[102,-1.978],[101.989,-1.98],[101.988,-1.99],[102.018,-2.011],[101.996,-2.012],[101.99,-2.006],[102.004,-2.035],[102.044,-2.039],[102.038,-2.03],[102.055,-2.014],[102.056,-2],[102.093,-1.989],[102.098,-2.017],[102.117,-2.015],[102.121,-1.994],[102.167,-2.001],[102.161,-1.979],[102.15,-1.982],[102.128,-1.957],[102.116,-1.96],[102.105,-1.976],[102.097,-1.966],[102.075,-1.962],[102.07,-1.952],[102.062,-1.954],[102.059,-1.969],[102.049,-1.954],[102.049,-1.962],[102.033,-1.957],[102.028,-1.961],[102.035,-1.967],[102.02,-1.966],[102.013,-1.96],[102.016,-1.949]]],[[[102.045,-2.041],[102.045,-2.04],[102.045,-2.041],[102.045,-2.041]]]]},"properties":{"jenis":"hti","nama":"PT HIJAU ARTHA NUSA","luas":32620,"sk":"SK.183/Menhut-II/2013","tahun":2013}},{"type":"Feature","geometry":{"type":"MultiPolygon","coordinates":[[[[102.562,-2.545],[102.571,-2.541],[102.564,-2.53],[102.536,-2.542],[102.528,-2.559],[102.504,-2.568],[102.49,-2.662],[102.511,-2.692],[102.524,-2.68],[102.541,-2.676],[102.575,-2.676],[102.597,-2.689],[102.604,-2.686],[102.6,-2.674],[102.615,-2.654],[102.614,-2.625],[102.568,-2.623],[102.588,-2.582],[102.55,-2.586],[102.543,-2.554],[102.562,-2.545]]],[[[102.408,-2.377],[102.395,-2.338],[102.38,-2.352],[102.371,-2.376],[102.34,-2.389],[102.337,-2.399],[102.305,-2.395],[102.303,-2.382],[102.288,-2.382],[102.291,-2.353],[102.266,-2.364],[102.263,-2.38],[102.279,-2.387],[102.292,-2.413],[102.317,-2.426],[102.349,-2.4],[102.368,-2.413],[102.352,-2.45],[102.493,-2.417],[102.474,-2.401],[102.516,-2.393],[102.558,-2.35],[102.524,-2.343],[102.497,-2.35],[102.482,-2.345],[102.482,-2.362],[102.506,-2.361],[102.494,-2.37],[102.506,-2.383],[102.451,-2.404],[102.416,-2.391],[102.408,-2.377]]]]},"properties":{"jenis":"hti","nama":"PT GADING KARYA MAKMUR","luas":27703,"sk":"SK.157/Menhut-II/2014","tahun":2014}},{"type":"Feature","geometry":{"type":"MultiPolygon","coordinates":[[[[102.071,-1.746],[102.02,-1.752],[102.006,-1.761],[102.019,-1.766],[102.014,-1.776],[101.999,-1.762],[101.988,-1.765],[101.98,-1.749],[101.953,-1.754],[101.948,-1.773],[101.974,-1.802],[101.916,-1.818],[101.924,-1.813],[101.926,-1.82],[101.94,-1.821],[101.941,-1.828],[101.975,-1.822],[101.999,-1.838],[102.086,-1.821],[102.105,-1.808],[102.114,-1.777],[102.101,-1.753],[102.071,-1.746]]],[[[102.082,-1.641],[101.997,-1.662],[101.98,-1.687],[101.976,-1.721],[101.968,-1.716],[101.952,-1.724],[101.956,-1.743],[101.975,-1.742],[101.98,-1.725],[101.993,-1.719],[101.997,-1.732],[102.03,-1.733],[102.043,-1.728],[102.042,-1.715],[102.059,-1.722],[102.057,-1.708],[102.068,-1.694],[102.101,-1.689],[102.1,-1.658],[102.082,-1.641]]]]},"properties":{"jenis":"hti","nama":"PT MALAKA AGRO PERKASA","luas":24485,"sk":"SK.570/Menhut-II/2009","tahun":2009}},{"type":"Feature","geometry":{"type":"MultiPolygon","coordinates":[[[[117.216,0.892],[117.202,0.903],[117.166,0.801],[117.176,0.781],[117.277,0.722],[117.276,0.788],[117.22,0.829],[117.217,0.863],[117.225,0.872],[117.216,0.892]]],[[[117.357,0.9],[117.33,0.906],[117.32,0.848],[117.368,0.821],[117.437,0.861],[117.423,0.901],[117.357,0.9]]]]},"properties":{"jenis":"hti","nama":"PT MULTI KUSUMA CEMERLANG (DH. PTBARITO PACIFIC)","luas":18045,"sk":"SK433/Menhut-II/2013","tahun":2013}},{"type":"Feature","geometry":{"type":"Polygon","coordinates":[[[116.952,0.831],[116.937,0.817],[116.945,0.787],[116.936,0.778],[116.945,0.766],[116.916,0.765],[116.92,0.731],[116.9,0.727],[116.893,0.736],[116.879,0.717],[116.868,0.721],[116.868,0.701],[116.841,0.637],[116.852,0.602],[116.949,0.631],[116.958,0.637],[116.959,0.661],[116.992,0.688],[116.992,0.706],[117.047,0.704],[117.048,0.714],[117.072,0.733],[117.046,0.744],[117.013,0.746],[116.996,0.758],[117,0.767],[116.963,0.759],[116.966,0.829],[116.952,0.831]],[[116.896,0.684],[116.909,0.683],[116.91,0.671],[116.891,0.678],[116.896,0.684]]]},"properties":{"jenis":"hti","nama":"PT MAHAKAM PERSADA SAKTI","luas":25410,"sk":"SK.619/Menhut-II/2010","tahun":2010}},{"type":"Feature","geometry":{"type":"MultiPolygon","coordinates":[[[[115.422,-3.138],[115.405,-3.131],[115.388,-3.142],[115.393,-3.206],[115.375,-3.212],[115.376,-3.233],[115.371,-3.227],[115.341,-3.253],[115.357,-3.264],[115.357,-3.309],[115.405,-3.307],[115.403,-3.327],[115.376,-3.336],[115.325,-3.297],[115.316,-3.276],[115.284,-3.269],[115.27,-3.25],[115.252,-3.255],[115.263,-3.265],[115.213,-3.303],[115.226,-3.347],[115.248,-3.345],[115.247,-3.334],[115.238,-3.334],[115.245,-3.317],[115.236,-3.317],[115.236,-3.311],[115.244,-3.309],[115.242,-3.296],[115.258,-3.292],[115.265,-3.317],[115.279,-3.317],[115.286,-3.307],[115.299,-3.321],[115.318,-3.324],[115.323,-3.335],[115.316,-3.349],[115.318,-3.366],[115.338,-3.356],[115.373,-3.362],[115.389,-3.375],[115.407,-3.409],[115.426,-3.407],[115.437,-3.416],[115.461,-3.408],[115.479,-3.388],[115.486,-3.534],[115.475,-3.564],[115.547,-3.569],[115.547,-3.58],[115.555,-3.582],[115.593,-3.58],[115.593,-3.57],[115.611,-3.57],[115.611,-3.525],[115.62,-3.525],[115.626,-3.512],[115.663,-3.506],[115.63,-3.606],[115.64,-3.598],[115.64,-3.631],[115.653,-3.631],[115.653,-3.645],[115.669,-3.645],[115.676,-3.581],[115.687,-3.581],[115.688,-3.593],[115.71,-3.593],[115.711,-3.62],[115.719,-3.619],[115.719,-3.637],[115.746,-3.638],[115.746,-3.623],[115.796,-3.626],[115.787,-3.588],[115.819,-3.595],[115.824,-3.547],[115.808,-3.547],[115.808,-3.537],[115.8,-3.537],[115.809,-3.519],[115.799,-3.519],[115.799,-3.509],[115.775,-3.509],[115.775,-3.526],[115.769,-3.526],[115.769,-3.516],[115.75,-3.516],[115.749,-3.526],[115.739,-3.526],[115.739,-3.517],[115.728,-3.519],[115.717,-3.534],[115.69,-3.54],[115.69,-3.511],[115.684,-3.511],[115.69,-3.47],[115.683,-3.47],[115.683,-3.459],[115.707,-3.459],[115.707,-3.444],[115.698,-3.436],[115.685,-3.435],[115.678,-3.447],[115.672,-3.443],[115.671,-3.451],[115.658,-3.454],[115.641,-3.454],[115.637,-3.447],[115.613,-3.439],[115.575,-3.466],[115.475,-3.376],[115.446,-3.337],[115.433,-3.356],[115.415,-3.357],[115.404,-3.334],[115.436,-3.303],[115.436,-3.284],[115.418,-3.283],[115.414,-3.271],[115.435,-3.251],[115.444,-3.266],[115.447,-3.241],[115.447,-3.225],[115.418,-3.231],[115.415,-3.223],[115.429,-3.197],[115.427,-3.173],[115.409,-3.146],[115.422,-3.138]],[[115.732,-3.547],[115.745,-3.538],[115.75,-3.556],[115.769,-3.557],[115.769,-3.566],[115.787,-3.581],[115.75,-3.58],[115.75,-3.587],[115.738,-3.588],[115.734,-3.573],[115.698,-3.581],[115.695,-3.554],[115.732,-3.554],[115.732,-3.547]],[[115.384,-3.232],[115.395,-3.254],[115.379,-3.266],[115.369,-3.265],[115.369,-3.251],[115.384,-3.232]],[[115.753,-3.595],[115.769,-3.595],[115.768,-3.607],[115.753,-3.608],[115.753,-3.595]]],[[[115.244,-3.66],[115.204,-3.662],[115.195,-3.678],[115.176,-3.669],[115.14,-3.692],[115.122,-3.72],[115.109,-3.761],[115.112,-3.777],[115.103,-3.779],[115.099,-3.762],[115.092,-3.761],[115.092,-3.779],[115.083,-3.78],[115.083,-3.765],[115.071,-3.765],[115.079,-3.747],[115.07,-3.747],[115.07,-3.753],[115.053,-3.748],[115.059,-3.756],[115.053,-3.773],[115.032,-3.773],[115.026,-3.767],[115.019,-3.778],[115.042,-3.812],[115.044,-3.853],[115.027,-3.852],[115.014,-3.836],[115.014,-3.823],[114.989,-3.824],[114.989,-3.801],[114.979,-3.824],[114.956,-3.829],[114.947,-3.852],[114.939,-3.852],[114.939,-3.866],[114.961,-3.866],[114.954,-3.874],[114.962,-3.875],[114.964,-3.897],[114.927,-3.906],[114.913,-3.973],[114.919,-3.985],[115.107,-3.917],[115.106,-3.909],[115.091,-3.906],[115.094,-3.896],[115.133,-3.879],[115.136,-3.911],[115.15,-3.915],[115.155,-3.902],[115.164,-3.903],[115.155,-3.876],[115.176,-3.877],[115.194,-3.845],[115.228,-3.829],[115.223,-3.818],[115.26,-3.809],[115.263,-3.794],[115.246,-3.79],[115.246,-3.774],[115.235,-3.775],[115.223,-3.764],[115.21,-3.772],[115.205,-3.763],[115.214,-3.733],[115.231,-3.714],[115.22,-3.707],[115.182,-3.707],[115.171,-3.697],[115.181,-3.686],[115.239,-3.673],[115.244,-3.66]],[[115.154,-3.754],[115.149,-3.751],[115.157,-3.736],[115.174,-3.733],[115.179,-3.745],[115.167,-3.75],[115.172,-3.764],[115.157,-3.769],[115.157,-3.796],[115.146,-3.808],[115.147,-3.824],[115.129,-3.825],[115.126,-3.834],[115.123,-3.814],[115.1,-3.825],[115.088,-3.82],[115.088,-3.794],[115.096,-3.8],[115.102,-3.794],[115.123,-3.797],[115.124,-3.783],[115.154,-3.766],[115.154,-3.754]]],[[[115.808,-3.22],[115.798,-3.22],[115.784,-3.246],[115.768,-3.242],[115.755,-3.267],[115.726,-3.257],[115.678,-3.265],[115.683,-3.287],[115.67,-3.316],[115.659,-3.316],[115.653,-3.348],[115.667,-3.348],[115.672,-3.374],[115.714,-3.397],[115.716,-3.41],[115.726,-3.411],[115.727,-3.404],[115.743,-3.414],[115.749,-3.409],[115.808,-3.443],[115.867,-3.351],[115.872,-3.363],[115.88,-3.361],[115.884,-3.372],[115.899,-3.375],[115.895,-3.392],[115.916,-3.384],[115.925,-3.359],[115.922,-3.287],[115.907,-3.255],[115.894,-3.243],[115.869,-3.242],[115.869,-3.226],[115.858,-3.225],[115.859,-3.243],[115.821,-3.244],[115.82,-3.226],[115.808,-3.227],[115.808,-3.22]],[[115.836,-3.266],[115.864,-3.265],[115.854,-3.274],[115.836,-3.266]]],[[[116.096,-2.355],[116.092,-2.329],[116.084,-2.33],[116.087,-2.348],[116.077,-2.36],[116.042,-2.36],[116.03,-2.334],[115.974,-2.339],[115.975,-2.38],[115.947,-2.45],[115.936,-2.499],[115.942,-2.535],[115.925,-2.571],[115.932,-2.592],[115.905,-2.68],[115.991,-2.646],[116.004,-2.637],[115.999,-2.606],[116.006,-2.59],[116.026,-2.574],[116.058,-2.57],[116.063,-2.562],[116.031,-2.553],[116.006,-2.528],[115.997,-2.503],[116.013,-2.497],[116.056,-2.505],[116.059,-2.462],[116.081,-2.42],[116.081,-2.409],[116.025,-2.387],[116.02,-2.366],[116.03,-2.365],[116.037,-2.377],[116.06,-2.364],[116.076,-2.379],[116.135,-2.375],[116.14,-2.335],[116.116,-2.333],[116.112,-2.357],[116.096,-2.355]],[[115.984,-2.493],[115.976,-2.48],[115.979,-2.465],[116.004,-2.45],[116.022,-2.455],[116.024,-2.482],[115.984,-2.493]]],[[[115.378,-3.69],[115.362,-3.671],[115.356,-3.677],[115.364,-3.714],[115.344,-3.701],[115.325,-3.703],[115.321,-3.723],[115.271,-3.734],[115.291,-3.741],[115.324,-3.734],[115.33,-3.74],[115.326,-3.77],[115.282,-3.77],[115.282,-3.783],[115.309,-3.776],[115.311,-3.768],[115.335,-3.781],[115.34,-3.795],[115.368,-3.795],[115.387,-3.784],[115.395,-3.805],[115.386,-3.824],[115.392,-3.833],[115.413,-3.833],[115.413,-3.822],[115.441,-3.817],[115.441,-3.784],[115.406,-3.78],[115.414,-3.769],[115.409,-3.753],[115.43,-3.736],[115.43,-3.702],[115.378,-3.69]]],[[[115.272,-3.028],[115.228,-3.087],[115.228,-3.095],[115.24,-3.096],[115.228,-3.121],[115.248,-3.129],[115.281,-3.17],[115.345,-3.172],[115.347,-3.194],[115.357,-3.194],[115.358,-3.21],[115.371,-3.175],[115.354,-3.159],[115.353,-3.143],[115.389,-3.133],[115.277,-3.106],[115.297,-3.037],[115.272,-3.028]]],[[[115.197,-3.173],[115.182,-3.152],[115.162,-3.163],[115.148,-3.248],[115.088,-3.341],[115.091,-3.351],[115.135,-3.336],[115.141,-3.311],[115.17,-3.294],[115.165,-3.279],[115.175,-3.277],[115.18,-3.262],[115.192,-3.263],[115.191,-3.247],[115.211,-3.233],[115.209,-3.222],[115.223,-3.217],[115.226,-3.206],[115.264,-3.207],[115.284,-3.188],[115.25,-3.171],[115.232,-3.198],[115.184,-3.217],[115.168,-3.187],[115.18,-3.177],[115.196,-3.182],[115.197,-3.173]]],[[[115.282,-3.801],[115.27,-3.802],[115.268,-3.818],[115.247,-3.827],[115.239,-3.822],[115.236,-3.84],[115.288,-3.853],[115.294,-3.839],[115.29,-3.82],[115.277,-3.816],[115.282,-3.801]]],[[[115.339,-3.82],[115.301,-3.82],[115.301,-3.84],[115.311,-3.84],[115.3,-3.854],[115.305,-3.865],[115.322,-3.864],[115.319,-3.847],[115.339,-3.847],[115.339,-3.82]]],[[[115.333,-3.657],[115.306,-3.65],[115.306,-3.657],[115.298,-3.657],[115.298,-3.671],[115.306,-3.671],[115.306,-3.681],[115.323,-3.682],[115.323,-3.688],[115.349,-3.689],[115.35,-3.674],[115.333,-3.657]]],[[[115.205,-3.886],[115.206,-3.88],[115.189,-3.888],[115.182,-3.902],[115.196,-3.911],[115.215,-3.901],[115.216,-3.887],[115.205,-3.886]]],[[[115.782,-3.657],[115.746,-3.659],[115.73,-3.681],[115.737,-3.688],[115.782,-3.657]]],[[[115.485,-3.742],[115.495,-3.735],[115.488,-3.722],[115.459,-3.728],[115.459,-3.743],[115.485,-3.742]]],[[[115.646,-3.401],[115.624,-3.405],[115.624,-3.422],[115.631,-3.427],[115.646,-3.401]]],[[[115.71,-3.401],[115.692,-3.393],[115.698,-3.411],[115.71,-3.411],[115.71,-3.401]]],[[[115.642,-3.303],[115.64,-3.29],[115.632,-3.292],[115.634,-3.304],[115.642,-3.303]]],[[[115.652,-3.27],[115.667,-3.265],[115.652,-3.261],[115.652,-3.27]]],[[[115.262,-3.354],[115.262,-3.346],[115.252,-3.347],[115.253,-3.356],[115.262,-3.354]]],[[[115.654,-3.293],[115.653,-3.283],[115.648,-3.285],[115.648,-3.294],[115.654,-3.293]]],[[[115.664,-3.288],[115.658,-3.284],[115.657,-3.293],[115.664,-3.288]]],[[[115.677,-3.292],[115.671,-3.284],[115.671,-3.292],[115.677,-3.292]]]]},"properties":{"jenis":"hti","nama":"PT HUTAN RINDANG BANUA","luas":265095,"sk":"SK.352/Menhut-II/2014","tahun":2014}},{"type":"Feature","geometry":{"type":"MultiPolygon","coordinates":[[[[110.924,-1.57],[110.92,-1.543],[110.817,-1.603],[110.797,-1.587],[110.797,-1.577],[110.783,-1.576],[110.761,-1.622],[110.79,-1.619],[110.801,-1.64],[110.79,-1.672],[110.714,-1.712],[110.684,-1.678],[110.689,-1.663],[110.735,-1.638],[110.731,-1.569],[110.699,-1.564],[110.667,-1.579],[110.663,-1.616],[110.643,-1.638],[110.64,-1.651],[110.668,-1.714],[110.686,-1.724],[110.72,-1.726],[110.761,-1.718],[110.768,-1.731],[110.763,-1.791],[110.708,-1.833],[110.693,-1.871],[110.7,-1.896],[110.696,-1.919],[110.713,-1.939],[110.708,-1.98],[110.77,-1.981],[110.793,-1.955],[110.848,-1.952],[110.829,-1.916],[110.847,-1.889],[110.842,-1.861],[110.825,-1.849],[110.825,-1.786],[110.999,-1.788],[111.014,-1.734],[110.993,-1.71],[110.963,-1.701],[110.988,-1.675],[110.98,-1.667],[110.955,-1.681],[110.951,-1.698],[110.934,-1.716],[110.915,-1.719],[110.896,-1.704],[110.885,-1.68],[110.865,-1.681],[110.857,-1.669],[110.857,-1.631],[110.885,-1.615],[110.905,-1.588],[110.927,-1.583],[110.924,-1.57]]],[[[111.091,-0.624],[111.083,-0.635],[110.984,-0.634],[110.936,-0.652],[110.941,-0.697],[111.018,-0.686],[111.018,-0.716],[111.134,-0.716],[111.167,-0.656],[111.091,-0.624]]],[[[110.988,-0.723],[110.981,-0.707],[110.971,-0.703],[110.962,-0.726],[110.951,-0.734],[110.944,-0.73],[110.947,-0.77],[110.991,-0.768],[110.995,-0.741],[110.988,-0.723]]]]},"properties":{"jenis":"hti","nama":"PT WANA HIJAU PESAGUAN","luas":104975,"sk":"SK.719/MENHUT-II/2009","tahun":2009}},{"type":"Feature","geometry":{"type":"MultiPolygon","coordinates":[[[[106.009,-1.681],[105.971,-1.705],[105.985,-1.724],[105.977,-1.723],[105.973,-1.737],[105.985,-1.755],[106,-1.763],[106.006,-1.753],[106.027,-1.768],[106.028,-1.777],[106.034,-1.774],[106.029,-1.779],[106.056,-1.775],[106.052,-1.783],[106.078,-1.817],[106.104,-1.826],[106.112,-1.798],[106.081,-1.773],[106.023,-1.684],[106.009,-1.681]]],[[[105.903,-1.556],[105.897,-1.553],[105.897,-1.532],[105.861,-1.531],[105.806,-1.583],[105.794,-1.614],[105.798,-1.63],[105.854,-1.622],[105.853,-1.593],[105.863,-1.592],[105.864,-1.584],[105.857,-1.587],[105.854,-1.58],[105.889,-1.58],[105.89,-1.567],[105.921,-1.568],[105.903,-1.556]]]]},"properties":{"jenis":"hti","nama":"PT INHUTANI V","luas":16730,"sk":"SK.377/Menhut-II/2009","tahun":2009}},{"type":"Feature","geometry":{"type":"MultiPolygon","coordinates":[[[[107.68,-2.928],[107.686,-2.879],[107.663,-2.881],[107.655,-2.96],[107.587,-3.029],[107.602,-3.035],[107.64,-3.029],[107.649,-3.009],[107.702,-2.958],[107.68,-2.928]]],[[[107.794,-2.654],[107.762,-2.661],[107.749,-2.677],[107.749,-2.709],[107.758,-2.717],[107.784,-2.717],[107.807,-2.7],[107.845,-2.707],[107.867,-2.697],[107.845,-2.672],[107.794,-2.654]],[[107.753,-2.68],[107.775,-2.677],[107.776,-2.685],[107.753,-2.686],[107.753,-2.68]]],[[[105.882,-2.252],[105.871,-2.268],[105.854,-2.276],[105.842,-2.328],[105.88,-2.327],[105.913,-2.3],[105.92,-2.27],[105.882,-2.252]]],[[[105.872,-2.152],[105.858,-2.145],[105.851,-2.148],[105.853,-2.167],[105.848,-2.16],[105.829,-2.166],[105.82,-2.184],[105.823,-2.195],[105.843,-2.195],[105.831,-2.211],[105.813,-2.217],[105.814,-2.225],[105.833,-2.228],[105.838,-2.219],[105.851,-2.22],[105.849,-2.205],[105.862,-2.212],[105.87,-2.207],[105.864,-2.19],[105.876,-2.184],[105.872,-2.152]],[[105.852,-2.199],[105.854,-2.192],[105.858,-2.193],[105.852,-2.199]]],[[[107.694,-2.58],[107.679,-2.591],[107.681,-2.583],[107.669,-2.6],[107.676,-2.6],[107.676,-2.639],[107.663,-2.639],[107.66,-2.65],[107.66,-2.667],[107.686,-2.679],[107.686,-2.626],[107.706,-2.612],[107.694,-2.58]]],[[[105.774,-2.067],[105.761,-2.063],[105.736,-2.075],[105.723,-2.089],[105.722,-2.11],[105.762,-2.12],[105.771,-2.103],[105.761,-2.08],[105.774,-2.067]],[[105.732,-2.109],[105.732,-2.105],[105.74,-2.105],[105.732,-2.109]]],[[[107.863,-2.599],[107.856,-2.589],[107.852,-2.597],[107.827,-2.601],[107.823,-2.595],[107.816,-2.602],[107.813,-2.612],[107.825,-2.612],[107.836,-2.645],[107.834,-2.639],[107.848,-2.63],[107.853,-2.641],[107.87,-2.614],[107.863,-2.614],[107.863,-2.604],[107.877,-2.599],[107.863,-2.599]]],[[[107.742,-2.573],[107.716,-2.575],[107.72,-2.615],[107.744,-2.599],[107.748,-2.579],[107.742,-2.573]]],[[[107.847,-3.012],[107.843,-3.005],[107.835,-3.02],[107.845,-3.021],[107.838,-3.033],[107.85,-3.039],[107.832,-3.047],[107.834,-3.056],[107.864,-3.035],[107.862,-3.014],[107.847,-3.012]]],[[[107.755,-2.919],[107.745,-2.923],[107.746,-2.943],[107.762,-2.951],[107.762,-2.959],[107.772,-2.953],[107.774,-2.967],[107.787,-2.969],[107.786,-2.959],[107.762,-2.942],[107.755,-2.919]]]]},"properties":{"jenis":"hti","nama":"PT AGRO PRATAMA SEJAHTERA","luas":30773,"sk":"SK.208/Menhut-II/2011","tahun":2011}},{"type":"Feature","geometry":{"type":"MultiPolygon","coordinates":[[[[105.595,-1.963],[105.59,-1.953],[105.582,-1.965],[105.567,-1.961],[105.565,-1.982],[105.574,-1.983],[105.578,-1.993],[105.57,-1.993],[105.563,-1.978],[105.55,-1.978],[105.543,-1.962],[105.497,-1.98],[105.418,-1.982],[105.428,-2.02],[105.4,-2.035],[105.404,-2.05],[105.423,-2.048],[105.428,-2.065],[105.428,-2.078],[105.419,-2.079],[105.416,-2.109],[105.434,-2.111],[105.462,-2.086],[105.508,-2.069],[105.515,-1.996],[105.543,-1.985],[105.59,-1.996],[105.599,-1.982],[105.595,-1.963]]],[[[105.441,-1.6],[105.409,-1.616],[105.377,-1.654],[105.351,-1.661],[105.369,-1.68],[105.351,-1.698],[105.367,-1.713],[105.393,-1.715],[105.403,-1.692],[105.41,-1.69],[105.461,-1.7],[105.477,-1.663],[105.48,-1.628],[105.466,-1.608],[105.441,-1.6]]],[[[105.284,-1.946],[105.264,-1.915],[105.246,-1.915],[105.188,-1.936],[105.177,-1.964],[105.182,-1.978],[105.221,-1.979],[105.235,-2.015],[105.234,-1.994],[105.241,-1.989],[105.231,-1.98],[105.255,-1.966],[105.277,-1.973],[105.282,-1.959],[105.291,-1.963],[105.295,-1.946],[105.284,-1.946]]],[[[105.661,-1.675],[105.652,-1.67],[105.63,-1.68],[105.582,-1.682],[105.564,-1.699],[105.565,-1.72],[105.576,-1.738],[105.602,-1.734],[105.608,-1.737],[105.604,-1.745],[105.619,-1.75],[105.616,-1.768],[105.605,-1.774],[105.628,-1.809],[105.622,-1.82],[105.629,-1.833],[105.647,-1.833],[105.654,-1.788],[105.67,-1.774],[105.664,-1.769],[105.643,-1.785],[105.618,-1.727],[105.59,-1.721],[105.594,-1.692],[105.655,-1.695],[105.671,-1.682],[105.661,-1.675]]],[[[105.615,-1.61],[105.593,-1.597],[105.57,-1.602],[105.563,-1.612],[105.544,-1.606],[105.529,-1.617],[105.523,-1.643],[105.548,-1.661],[105.594,-1.656],[105.612,-1.638],[105.615,-1.61]]],[[[105.595,-1.559],[105.586,-1.545],[105.526,-1.572],[105.471,-1.569],[105.455,-1.59],[105.491,-1.594],[105.493,-1.613],[105.517,-1.612],[105.526,-1.592],[105.568,-1.593],[105.568,-1.585],[105.595,-1.559]]],[[[105.304,-1.942],[105.343,-1.898],[105.346,-1.868],[105.371,-1.863],[105.363,-1.844],[105.308,-1.889],[105.264,-1.91],[105.283,-1.942],[105.297,-1.943],[105.293,-1.961],[105.307,-1.955],[105.304,-1.942]]],[[[105.605,-1.99],[105.601,-1.979],[105.586,-2.012],[105.577,-2.004],[105.577,-2.013],[105.554,-2.022],[105.558,-2.035],[105.59,-2.068],[105.586,-2.088],[105.603,-2.08],[105.604,-2.023],[105.566,-2.022],[105.581,-2.013],[105.588,-2.021],[105.62,-2.014],[105.615,-1.998],[105.621,-1.995],[105.605,-1.99]]],[[[105.308,-2.134],[105.316,-2.131],[105.315,-2.115],[105.299,-2.085],[105.274,-2.068],[105.243,-2.065],[105.29,-2.129],[105.308,-2.134]]],[[[105.422,-1.784],[105.408,-1.767],[105.393,-1.807],[105.374,-1.822],[105.385,-1.833],[105.4,-1.839],[105.424,-1.835],[105.417,-1.818],[105.441,-1.779],[105.422,-1.784]]],[[[105.62,-1.813],[105.606,-1.796],[105.601,-1.77],[105.571,-1.794],[105.578,-1.813],[105.613,-1.818],[105.62,-1.835],[105.62,-1.813]]],[[[105.713,-2.101],[105.721,-2.099],[105.731,-2.079],[105.728,-2.069],[105.704,-2.075],[105.7,-2.102],[105.713,-2.101]]],[[[105.619,-1.944],[105.602,-1.945],[105.598,-1.956],[105.604,-1.961],[105.609,-1.953],[105.605,-1.962],[105.595,-1.958],[105.599,-1.976],[105.623,-1.954],[105.619,-1.944]]],[[[105.442,-1.702],[105.407,-1.699],[105.404,-1.711],[105.442,-1.702]]],[[[105.556,-1.762],[105.547,-1.762],[105.543,-1.775],[105.556,-1.776],[105.556,-1.762]]],[[[105.46,-1.811],[105.46,-1.803],[105.449,-1.799],[105.45,-1.808],[105.46,-1.811]]]]},"properties":{"jenis":"hti","nama":"PT BANGUN RIMBA SEJAHTERA","luas":66460,"sk":"SK.336/Menhut-II/2013","tahun":2013}},{"type":"Feature","geometry":{"type":"Polygon","coordinates":[[[106.554,-2.536],[106.488,-2.519],[106.472,-2.504],[106.46,-2.551],[106.45,-2.555],[106.445,-2.602],[106.475,-2.627],[106.458,-2.668],[106.473,-2.697],[106.497,-2.719],[106.525,-2.831],[106.54,-2.841],[106.531,-2.862],[106.54,-2.877],[106.537,-2.897],[106.541,-2.908],[106.559,-2.901],[106.565,-2.909],[106.588,-2.904],[106.569,-2.885],[106.621,-2.747],[106.674,-2.65],[106.656,-2.647],[106.673,-2.628],[106.686,-2.635],[106.714,-2.606],[106.68,-2.599],[106.687,-2.569],[106.654,-2.561],[106.655,-2.554],[106.565,-2.545],[106.566,-2.539],[106.554,-2.536]],[[106.498,-2.546],[106.499,-2.538],[106.527,-2.538],[106.528,-2.549],[106.549,-2.543],[106.548,-2.556],[106.577,-2.557],[106.606,-2.589],[106.599,-2.631],[106.549,-2.663],[106.527,-2.645],[106.512,-2.646],[106.522,-2.608],[106.499,-2.609],[106.486,-2.601],[106.493,-2.58],[106.483,-2.58],[106.471,-2.56],[106.476,-2.55],[106.498,-2.546]],[[106.471,-2.594],[106.476,-2.602],[106.469,-2.604],[106.465,-2.595],[106.471,-2.594]]]},"properties":{"jenis":"hti","nama":"PT BANGKANESIA","luas":51205,"sk":"SK.639/Menhut-II/2009","tahun":2009}},{"type":"Feature","geometry":{"type":"MultiPolygon","coordinates":[[[[105.828,-1.767],[105.81,-1.775],[105.853,-1.821],[105.883,-1.835],[105.904,-1.832],[105.913,-1.838],[105.936,-1.826],[105.913,-1.792],[105.895,-1.796],[105.892,-1.785],[105.86,-1.776],[105.86,-1.79],[105.848,-1.798],[105.844,-1.789],[105.832,-1.789],[105.835,-1.774],[105.828,-1.767]]],[[[105.92,-1.561],[105.923,-1.57],[105.908,-1.591],[105.88,-1.587],[105.869,-1.594],[105.868,-1.615],[105.908,-1.628],[105.93,-1.617],[105.925,-1.595],[105.93,-1.586],[105.999,-1.587],[105.974,-1.567],[105.942,-1.569],[105.92,-1.561]]],[[[105.857,-1.625],[105.799,-1.63],[105.807,-1.648],[105.823,-1.653],[105.822,-1.66],[105.857,-1.668],[105.859,-1.65],[105.874,-1.638],[105.871,-1.628],[105.857,-1.625]]],[[[105.795,-1.54],[105.739,-1.544],[105.757,-1.55],[105.745,-1.564],[105.749,-1.57],[105.765,-1.576],[105.763,-1.564],[105.775,-1.562],[105.782,-1.575],[105.796,-1.558],[105.795,-1.54]]],[[[105.803,-1.759],[105.803,-1.742],[105.787,-1.746],[105.812,-1.771],[105.813,-1.751],[105.803,-1.759]]]]},"properties":{"jenis":"hti","nama":"PT ISTANA KAWI KENCANA","luas":13440,"sk":"SK.136/Menhut-II/2010","tahun":2010}},{"type":"Feature","geometry":{"type":"MultiPolygon","coordinates":[[[[105.916,-2.314],[105.93,-2.28],[105.919,-2.272],[105.913,-2.3],[105.899,-2.318],[105.911,-2.369],[105.878,-2.404],[105.896,-2.4],[105.899,-2.388],[105.919,-2.373],[105.912,-2.341],[105.94,-2.353],[105.922,-2.391],[105.906,-2.401],[105.917,-2.399],[105.917,-2.405],[105.938,-2.412],[105.95,-2.429],[105.979,-2.429],[105.971,-2.433],[105.975,-2.443],[105.99,-2.429],[105.993,-2.438],[105.974,-2.453],[105.981,-2.469],[106.004,-2.453],[106.005,-2.443],[106.032,-2.437],[106.045,-2.461],[106.027,-2.478],[106.054,-2.48],[106.055,-2.468],[106.084,-2.466],[106.077,-2.458],[106.099,-2.455],[106.11,-2.441],[106.107,-2.434],[106.078,-2.432],[106.111,-2.434],[106.117,-2.427],[106.116,-2.433],[106.126,-2.425],[106.118,-2.427],[106.108,-2.403],[106.081,-2.389],[106.057,-2.359],[106.048,-2.375],[106.057,-2.375],[106.068,-2.393],[106.054,-2.377],[106.048,-2.4],[106.032,-2.409],[106.003,-2.398],[106.041,-2.396],[106.038,-2.384],[106.023,-2.392],[105.996,-2.386],[105.965,-2.408],[105.948,-2.392],[105.945,-2.402],[105.932,-2.395],[105.945,-2.355],[105.961,-2.361],[105.984,-2.352],[105.957,-2.358],[105.953,-2.329],[105.942,-2.333],[105.943,-2.325],[105.926,-2.312],[105.916,-2.314]],[[106.028,-2.418],[106.015,-2.435],[105.998,-2.427],[106.018,-2.429],[106.028,-2.418]],[[106.053,-2.41],[106.052,-2.42],[106.043,-2.42],[106.053,-2.41]],[[105.939,-2.402],[105.952,-2.409],[105.934,-2.405],[105.939,-2.402]],[[106.046,-2.431],[106.049,-2.436],[106.044,-2.434],[106.046,-2.431]],[[106.064,-2.373],[106.058,-2.376],[106.056,-2.373],[106.064,-2.373]],[[106.001,-2.397],[106.002,-2.402],[105.997,-2.4],[106.001,-2.397]],[[106.083,-2.426],[106.087,-2.428],[106.082,-2.429],[106.083,-2.426]],[[106.087,-2.429],[106.088,-2.428],[106.092,-2.429],[106.087,-2.429]]],[[[106.171,-2.421],[106.169,-2.386],[106.159,-2.375],[106.141,-2.39],[106.16,-2.469],[106.15,-2.49],[106.18,-2.485],[106.2,-2.467],[106.221,-2.471],[106.23,-2.46],[106.235,-2.429],[106.227,-2.399],[106.273,-2.44],[106.255,-2.445],[106.279,-2.482],[106.287,-2.447],[106.268,-2.407],[106.249,-2.391],[106.265,-2.405],[106.258,-2.416],[106.223,-2.385],[106.209,-2.395],[106.204,-2.391],[106.171,-2.421]]],[[[106.056,-2.296],[106.041,-2.308],[106.052,-2.311],[106.046,-2.32],[106.057,-2.336],[106.069,-2.327],[106.053,-2.311],[106.06,-2.301],[106.056,-2.296]]],[[[106.225,-2.368],[106.217,-2.367],[106.237,-2.381],[106.225,-2.368]]],[[[105.919,-2.415],[105.912,-2.42],[105.922,-2.425],[105.919,-2.415]]],[[[106.221,-2.378],[106.216,-2.37],[106.217,-2.379],[106.221,-2.378]]]]},"properties":{"jenis":"hti","nama":"PT AGRINDO PERSADA LESTARI","luas":26259,"sk":"SK.338/Menhut-II/2014","tahun":2014}},{"type":"Feature","geometry":{"type":"MultiPolygon","coordinates":[[[[108.179,-3.014],[108.157,-3.021],[108.168,-3.026],[108.169,-3.049],[108.158,-3.062],[108.13,-3.065],[108.13,-3.054],[108.159,-3.056],[108.159,-3.047],[108.165,-3.047],[108.153,-3.032],[108.147,-3.032],[108.147,-3.042],[108.133,-3.037],[108.135,-3.046],[108.124,-3.058],[108.134,-3.076],[108.107,-3.104],[108.097,-3.102],[108.098,-3.12],[108.078,-3.112],[108.072,-3.085],[108.047,-3.105],[108.049,-3.113],[108.044,-3.108],[108.025,-3.117],[108.024,-3.128],[108.01,-3.133],[108.01,-3.127],[107.989,-3.143],[107.986,-3.166],[107.975,-3.164],[107.975,-3.157],[107.969,-3.172],[108.047,-3.192],[108.068,-3.182],[108.195,-3.019],[108.179,-3.014]],[[108.024,-3.159],[108.037,-3.159],[108.033,-3.178],[108.009,-3.177],[108.012,-3.16],[108.024,-3.159]],[[108.06,-3.13],[108.06,-3.12],[108.072,-3.12],[108.072,-3.132],[108.06,-3.13]],[[108.082,-3.133],[108.089,-3.149],[108.083,-3.155],[108.077,-3.138],[108.082,-3.133]],[[108.079,-3.146],[108.08,-3.159],[108.076,-3.144],[108.079,-3.146]]],[[[107.918,-2.591],[107.909,-2.619],[107.926,-2.63],[107.909,-2.64],[107.984,-2.656],[107.991,-2.668],[107.982,-2.687],[107.995,-2.689],[108.011,-2.678],[108.009,-2.648],[107.993,-2.604],[107.918,-2.591]],[[107.958,-2.616],[107.967,-2.613],[107.95,-2.631],[107.954,-2.647],[107.939,-2.642],[107.94,-2.634],[107.932,-2.629],[107.926,-2.634],[107.935,-2.622],[107.934,-2.629],[107.945,-2.632],[107.956,-2.625],[107.951,-2.617],[107.958,-2.616]]],[[[108.095,-2.613],[108.045,-2.618],[108.052,-2.64],[108.048,-2.658],[108.064,-2.661],[108.074,-2.676],[108.146,-2.673],[108.104,-2.635],[108.095,-2.613]]],[[[108.059,-2.932],[108.042,-2.933],[108.041,-2.939],[108.033,-2.935],[108.03,-2.943],[108.038,-2.943],[108.036,-2.954],[108.045,-2.954],[108.046,-2.936],[108.064,-2.94],[108.068,-2.949],[108.062,-2.962],[108.047,-2.966],[108.065,-2.967],[108.068,-2.985],[108.086,-2.998],[108.067,-3.014],[108.054,-3.013],[108.06,-3.017],[108.053,-3.015],[108.053,-3.022],[108.042,-3.018],[108.032,-3.026],[108.033,-3.017],[108.019,-3.017],[108.015,-3.025],[108.031,-3.026],[108.031,-3.034],[108.021,-3.038],[108.048,-3.04],[108.05,-3.031],[108.069,-3.027],[108.097,-3.001],[108.077,-2.982],[108.074,-2.959],[108.081,-2.951],[108.059,-2.932]]],[[[107.955,-3.012],[107.942,-3.005],[107.934,-3.013],[107.942,-3.028],[107.925,-3.03],[107.932,-3.064],[107.941,-3.069],[107.963,-3.062],[107.98,-3.066],[107.971,-3.058],[107.974,-3.041],[107.959,-3.036],[107.955,-3.012]]],[[[107.989,-2.909],[107.948,-2.915],[107.947,-2.99],[107.96,-2.999],[107.951,-2.975],[107.951,-2.937],[107.965,-2.937],[107.966,-2.92],[107.989,-2.909]]],[[[108.018,-2.904],[108.003,-2.909],[108.012,-2.909],[108.021,-2.943],[108.03,-2.943],[108.024,-2.932],[108.033,-2.93],[108.018,-2.904]]]]},"properties":{"jenis":"hti","nama":"PT ANDALAN KARYA PERTIWI","luas":29410,"sk":"8/1/IUPHHK-HTI/PMDN/2015","tahun":2015}},{"type":"Feature","geometry":{"type":"Polygon","coordinates":[[[108.01,-2.908],[107.993,-2.909],[107.994,-2.914],[107.966,-2.923],[107.965,-2.937],[107.951,-2.937],[107.951,-2.975],[107.967,-3.01],[107.971,-3.058],[107.985,-3.067],[108.007,-3.043],[107.984,-3.034],[107.989,-3.006],[108.019,-3.006],[108.019,-3.017],[108.034,-3.017],[108.041,-3.008],[108.038,-2.995],[108.024,-2.991],[108.048,-2.983],[108.039,-2.976],[108.038,-2.943],[108.021,-2.943],[108.01,-2.908]]]},"properties":{"jenis":"hti","nama":"PT INDOSUKSES LESTARI MAKMUR","luas":10045,"sk":"SK.780/Menhut-II/2012","tahun":2012}},{"type":"Feature","geometry":{"type":"Polygon","coordinates":[[[97.748,4.464],[97.741,4.46],[97.743,4.424],[97.754,4.398],[97.774,4.4],[97.799,4.381],[97.813,4.38],[97.813,4.348],[97.847,4.355],[97.891,4.341],[97.929,4.348],[97.9,4.352],[97.875,4.381],[97.842,4.384],[97.845,4.374],[97.822,4.392],[97.82,4.402],[97.765,4.426],[97.748,4.464]]]},"properties":{"jenis":"hti","nama":"PT RIMBA WAWASAN PERMAI","luas":6120,"sk":"349/Menhut-II/2006","tahun":2006}},{"type":"Feature","geometry":{"type":"Polygon","coordinates":[[[101.575,-1.232],[101.55,-1.234],[101.547,-1.241],[101.539,-1.206],[101.545,-1.171],[101.563,-1.148],[101.524,-1.15],[101.522,-1.188],[101.472,-1.254],[101.502,-1.274],[101.53,-1.278],[101.533,-1.297],[101.514,-1.325],[101.522,-1.336],[101.591,-1.328],[101.602,-1.303],[101.625,-1.295],[101.628,-1.282],[101.613,-1.271],[101.617,-1.259],[101.574,-1.265],[101.574,-1.25],[101.59,-1.25],[101.578,-1.246],[101.575,-1.232]]]},"properties":{"jenis":"hti","nama":"PT DHARA SILVA LESTARI","luas":15357,"sk":"SK. 621/Menhut-II/2009","tahun":2009}},{"type":"Feature","geometry":{"type":"MultiPolygon","coordinates":[[[[105.02,-4.167],[105.004,-4.177],[104.975,-4.172],[104.953,-4.178],[104.945,-4.19],[104.906,-4.201],[104.886,-4.222],[104.878,-4.218],[104.873,-4.234],[104.797,-4.252],[104.796,-4.263],[104.787,-4.268],[104.787,-4.304],[105.012,-4.343],[105.062,-4.303],[105.076,-4.204],[105.023,-4.202],[105.028,-4.191],[105.02,-4.167]]],[[[104.61,-4.481],[104.619,-4.437],[104.546,-4.406],[104.525,-4.42],[104.527,-4.473],[104.547,-4.514],[104.541,-4.578],[104.565,-4.589],[104.574,-4.581],[104.61,-4.481]]],[[[104.822,-4.495],[104.815,-4.492],[104.793,-4.503],[104.785,-4.495],[104.766,-4.497],[104.752,-4.503],[104.752,-4.512],[104.735,-4.51],[104.734,-4.556],[104.785,-4.586],[104.829,-4.585],[104.83,-4.559],[104.85,-4.558],[104.87,-4.509],[104.822,-4.495]]],[[[105.134,-5.188],[105.121,-5.19],[105.098,-5.214],[105.119,-5.223],[105.145,-5.21],[105.144,-5.194],[105.134,-5.188]]]]},"properties":{"jenis":"hti","nama":"PT INHUTANI V WAY REBANG MUARA DUA","luas":56547,"sk":"144/Kpts-II/1999","tahun":1999}},{"type":"Feature","geometry":{"type":"Polygon","coordinates":[[[105.41,-4.099],[105.423,-4.096],[105.428,-4.111],[105.44,-4.113],[105.451,-4.083],[105.444,-4.063],[105.431,-4.059],[105.43,-4.036],[105.416,-4.04],[105.406,-4.028],[105.399,-4.033],[105.361,-3.997],[105.356,-3.98],[105.338,-4.011],[105.33,-4.006],[105.253,-4.027],[105.219,-4.022],[105.192,-4.007],[105.165,-4.011],[105.165,-4.022],[105.198,-4.022],[105.195,-4.095],[105.193,-4.104],[105.143,-4.137],[105.141,-4.155],[105.162,-4.148],[105.173,-4.193],[105.212,-4.176],[105.232,-4.191],[105.277,-4.185],[105.312,-4.158],[105.366,-4.159],[105.367,-4.13],[105.401,-4.138],[105.396,-4.111],[105.405,-4.096],[105.41,-4.099]]]},"properties":{"jenis":"hti","nama":"PT SILVA INHUTANI LAMPUNG","luas":42762,"sk":"SK.27/Menhut-II/2006","tahun":2006}},{"type":"Feature","geometry":{"type":"Polygon","coordinates":[[[97.479,4.745],[97.497,4.746],[97.49,4.745],[97.549,4.707],[97.558,4.669],[97.613,4.697],[97.591,4.703],[97.601,4.72],[97.524,4.741],[97.476,4.775],[97.461,4.771],[97.439,4.782],[97.422,4.771],[97.467,4.732],[97.479,4.745]]]},"properties":{"jenis":"hti","nama":"PT RIMBA TIMUR SENTOSA","luas":6250,"sk":"SK.348/Menhut-II/2006","tahun":2006}},{"type":"Feature","geometry":{"type":"Polygon","coordinates":[[[97.631,4.329],[97.659,4.315],[97.633,4.32],[97.636,4.311],[97.651,4.305],[97.666,4.311],[97.662,4.324],[97.669,4.327],[97.677,4.311],[97.664,4.309],[97.665,4.297],[97.673,4.302],[97.68,4.294],[97.681,4.3],[97.698,4.3],[97.708,4.332],[97.706,4.356],[97.698,4.357],[97.68,4.337],[97.67,4.344],[97.67,4.355],[97.656,4.353],[97.654,4.339],[97.642,4.35],[97.629,4.342],[97.605,4.348],[97.607,4.355],[97.594,4.365],[97.592,4.392],[97.567,4.41],[97.554,4.368],[97.59,4.325],[97.616,4.325],[97.627,4.317],[97.631,4.329]]]},"properties":{"jenis":"hti","nama":"PT RIMBA PENYANGGA UTAMA","luas":6150,"sk":"195/Kpts-II/1997","tahun":1997}},{"type":"Feature","geometry":{"type":"Polygon","coordinates":[[[104.741,-4.508],[104.752,-4.512],[104.752,-4.503],[104.785,-4.495],[104.799,-4.502],[104.816,-4.492],[104.837,-4.504],[104.866,-4.508],[104.883,-4.439],[104.84,-4.438],[104.778,-4.454],[104.743,-4.449],[104.741,-4.508]]]},"properties":{"jenis":"hti","nama":"PT BUDI LAMPUNG SEJAHTERA","luas":9600,"sk":"SK. 53/Kpts-II/1997","tahun":1997}},{"type":"Feature","geometry":{"type":"MultiPolygon","coordinates":[[[[98.821,3.221],[98.796,3.221],[98.797,3.214],[98.81,3.22],[98.819,3.212],[98.806,3.2],[98.795,3.198],[98.788,3.21],[98.776,3.198],[98.784,3.193],[98.782,3.167],[98.79,3.16],[98.804,3.155],[98.818,3.171],[98.818,3.187],[98.841,3.22],[98.821,3.221]]],[[[98.749,3.161],[98.746,3.15],[98.772,3.15],[98.749,3.161]]]]},"properties":{"jenis":"hti","nama":"PT TANAMAN INDUSTRI LESTARI SIMALUNGUN","luas":2700,"sk":"SK.337/Menhut-II/2014","tahun":2014}},{"type":"Feature","geometry":{"type":"MultiPolygon","coordinates":[[[[101.191,-2.311],[101.198,-2.296],[101.193,-2.285],[101.171,-2.284],[101.178,-2.304],[101.191,-2.311]]],[[[101.207,-2.353],[101.213,-2.348],[101.207,-2.327],[101.208,-2.348],[101.183,-2.356],[101.18,-2.376],[101.201,-2.366],[101.207,-2.353]]],[[[101.206,-2.346],[101.198,-2.301],[101.191,-2.315],[101.206,-2.346]]]]},"properties":{"jenis":"hti","nama":"PT SUKSES JAYA WOOD","luas":1584,"sk":"SK. 776/Menhut-II/2014","tahun":2014}},{"type":"Feature","geometry":{"type":"Polygon","coordinates":[[[99.219,0.982],[99.212,0.992],[99.204,0.991],[99.204,0.934],[99.218,0.894],[99.221,0.843],[99.227,0.869],[99.242,0.891],[99.261,0.891],[99.275,0.911],[99.288,0.908],[99.292,0.893],[99.305,0.908],[99.332,0.964],[99.348,1.021],[99.311,1.046],[99.291,1.079],[99.278,1.067],[99.27,1.097],[99.264,1.056],[99.24,1.041],[99.229,1.049],[99.22,1.045],[99.212,1.063],[99.218,1.066],[99.199,1.091],[99.153,1.097],[99.146,1.108],[99.122,1.106],[99.136,1.167],[99.051,1.208],[99.038,1.231],[99.038,1.251],[99.024,1.259],[99.032,1.203],[99.03,1.134],[99.064,1.034],[99.126,1.013],[99.144,1.022],[99.156,1.015],[99.176,1.015],[99.177,1.021],[99.185,1.01],[99.19,1.017],[99.197,1.009],[99.211,1.013],[99.223,0.995],[99.219,0.982]],[[99.283,0.931],[99.283,0.94],[99.292,0.943],[99.308,0.928],[99.296,0.922],[99.283,0.931]],[[99.248,0.955],[99.256,0.936],[99.246,0.931],[99.237,0.953],[99.242,0.972],[99.248,0.955]]]},"properties":{"jenis":"hti","nama":"PT ANUGERAH RIMBA MAKMUR","luas":49230,"sk":"SK. 669/Menhut-II/2009","tahun":2009}},{"type":"Feature","geometry":{"type":"MultiPolygon","coordinates":[[[[95.76,5.128],[95.77,5.113],[95.816,5.087],[95.861,5.129],[95.852,5.143],[95.857,5.157],[95.843,5.155],[95.84,5.189],[95.818,5.22],[95.855,5.225],[95.854,5.251],[95.873,5.275],[95.861,5.279],[95.871,5.287],[95.868,5.298],[95.85,5.293],[95.858,5.311],[95.822,5.344],[95.821,5.364],[95.808,5.37],[95.807,5.387],[95.821,5.418],[95.814,5.455],[95.779,5.46],[95.809,5.471],[95.832,5.469],[95.831,5.479],[95.81,5.484],[95.82,5.504],[95.814,5.526],[95.804,5.52],[95.806,5.511],[95.798,5.516],[95.791,5.505],[95.787,5.521],[95.773,5.523],[95.774,5.531],[95.764,5.533],[95.771,5.54],[95.742,5.551],[95.752,5.561],[95.74,5.571],[95.726,5.558],[95.724,5.531],[95.715,5.52],[95.703,5.531],[95.635,5.52],[95.645,5.497],[95.622,5.477],[95.604,5.472],[95.606,5.449],[95.596,5.445],[95.587,5.413],[95.607,5.42],[95.656,5.395],[95.694,5.394],[95.692,5.373],[95.705,5.348],[95.716,5.347],[95.716,5.338],[95.725,5.334],[95.724,5.309],[95.708,5.31],[95.66,5.343],[95.626,5.346],[95.606,5.338],[95.614,5.333],[95.605,5.328],[95.609,5.319],[95.664,5.299],[95.682,5.279],[95.673,5.271],[95.678,5.265],[95.744,5.233],[95.744,5.22],[95.757,5.21],[95.718,5.194],[95.737,5.19],[95.726,5.183],[95.735,5.177],[95.73,5.174],[95.744,5.148],[95.738,5.143],[95.76,5.128]],[[95.744,5.483],[95.752,5.469],[95.749,5.453],[95.73,5.431],[95.71,5.428],[95.696,5.441],[95.693,5.46],[95.711,5.479],[95.744,5.483]],[[95.667,5.429],[95.65,5.432],[95.637,5.45],[95.65,5.46],[95.671,5.458],[95.683,5.436],[95.667,5.429]]],[[[95.434,5.643],[95.423,5.642],[95.415,5.629],[95.418,5.584],[95.433,5.561],[95.446,5.504],[95.458,5.497],[95.461,5.462],[95.476,5.474],[95.494,5.452],[95.513,5.452],[95.522,5.425],[95.538,5.411],[95.559,5.413],[95.568,5.431],[95.586,5.419],[95.566,5.441],[95.576,5.463],[95.572,5.48],[95.584,5.495],[95.577,5.507],[95.539,5.528],[95.505,5.561],[95.501,5.58],[95.482,5.596],[95.471,5.619],[95.45,5.626],[95.449,5.641],[95.434,5.643]]],[[[95.587,5.589],[95.554,5.599],[95.549,5.593],[95.561,5.585],[95.555,5.571],[95.531,5.58],[95.558,5.53],[95.592,5.546],[95.611,5.545],[95.622,5.577],[95.635,5.578],[95.629,5.56],[95.635,5.535],[95.67,5.546],[95.681,5.559],[95.681,5.569],[95.644,5.576],[95.646,5.596],[95.636,5.595],[95.634,5.587],[95.627,5.597],[95.611,5.593],[95.605,5.579],[95.592,5.576],[95.586,5.577],[95.587,5.589]]],[[[95.883,5.203],[95.864,5.2],[95.875,5.182],[95.871,5.169],[95.884,5.157],[95.901,5.157],[95.925,5.143],[95.934,5.157],[95.932,5.167],[95.921,5.167],[95.923,5.189],[95.919,5.191],[95.914,5.173],[95.907,5.178],[95.904,5.168],[95.887,5.179],[95.887,5.196],[95.915,5.195],[95.883,5.203]]],[[[95.602,5.259],[95.59,5.262],[95.644,5.196],[95.652,5.205],[95.638,5.218],[95.659,5.254],[95.654,5.26],[95.635,5.252],[95.627,5.26],[95.626,5.249],[95.612,5.247],[95.602,5.259]]]]},"properties":{"jenis":"hti","nama":"PT ACEH NUSA INDRAPURI","luas":106197,"sk":"SK.131/MENLHK-II/2015","tahun":2015}},{"type":"Feature","geometry":{"type":"MultiPolygon","coordinates":[[[[97.152,4.502],[97.093,4.497],[97.075,4.459],[96.979,4.499],[96.839,4.496],[96.817,4.474],[96.821,4.449],[96.849,4.44],[96.867,4.456],[96.912,4.468],[96.927,4.461],[96.971,4.468],[96.991,4.462],[96.981,4.436],[96.968,4.427],[96.973,4.419],[97.008,4.416],[97.04,4.393],[97.082,4.389],[97.121,4.307],[97.141,4.295],[97.193,4.337],[97.162,4.353],[97.14,4.343],[97.143,4.328],[97.13,4.314],[97.125,4.328],[97.131,4.333],[97.109,4.366],[97.118,4.376],[97.098,4.389],[97.092,4.413],[97.116,4.418],[97.148,4.38],[97.239,4.433],[97.228,4.445],[97.23,4.479],[97.219,4.474],[97.215,4.486],[97.152,4.502]]],[[[96.907,5.016],[96.895,5.041],[96.773,5.067],[96.746,5.011],[96.755,4.974],[96.794,4.991],[96.814,4.951],[96.939,4.951],[96.967,4.998],[96.907,5.016]]],[[[96.719,4.932],[96.702,4.947],[96.676,4.948],[96.664,4.931],[96.628,4.947],[96.599,4.935],[96.572,4.892],[96.561,4.849],[96.582,4.815],[96.648,4.813],[96.633,4.887],[96.677,4.928],[96.689,4.897],[96.728,4.882],[96.724,4.887],[96.736,4.889],[96.738,4.901],[96.719,4.932]]],[[[97.174,4.775],[97.16,4.785],[97.016,4.748],[96.983,4.729],[96.964,4.735],[96.946,4.713],[96.899,4.702],[96.899,4.681],[96.966,4.674],[96.978,4.689],[96.982,4.711],[97.12,4.727],[97.196,4.757],[97.189,4.773],[97.174,4.775]]]]},"properties":{"jenis":"hti","nama":"PT TUSAM HUTANI LESTARI","luas":97300,"sk":"556/Kpts-II/1997","tahun":1997}},{"type":"Feature","geometry":{"type":"Polygon","coordinates":[[[100.347,1.453],[100.365,1.448],[100.412,1.466],[100.424,1.491],[100.424,1.51],[100.412,1.519],[100.42,1.528],[100.404,1.578],[100.421,1.608],[100.409,1.627],[100.403,1.627],[100.404,1.619],[100.412,1.619],[100.412,1.601],[100.404,1.601],[100.406,1.502],[100.395,1.502],[100.395,1.51],[100.358,1.509],[100.359,1.456],[100.347,1.453]]]},"properties":{"jenis":"hti","nama":"PT SINAR BELANTARA INDAH","luas":5197,"sk":"SK.170/Menhut-II/2010","tahun":2010}},{"type":"Feature","geometry":{"type":"MultiPolygon","coordinates":[[[[98.429,2.626],[98.421,2.628],[98.422,2.618],[98.394,2.617],[98.399,2.602],[98.425,2.608],[98.423,2.558],[98.458,2.558],[98.457,2.52],[98.511,2.52],[98.512,2.497],[98.475,2.496],[98.475,2.47],[98.482,2.47],[98.482,2.461],[98.512,2.467],[98.517,2.46],[98.488,2.394],[98.504,2.373],[98.523,2.364],[98.549,2.37],[98.56,2.346],[98.598,2.31],[98.597,2.285],[98.641,2.276],[98.646,2.285],[98.651,2.308],[98.639,2.339],[98.616,2.345],[98.628,2.37],[98.674,2.34],[98.694,2.348],[98.706,2.386],[98.757,2.396],[98.761,2.362],[98.786,2.325],[98.803,2.329],[98.813,2.34],[98.799,2.395],[98.747,2.45],[98.626,2.532],[98.604,2.527],[98.596,2.517],[98.58,2.52],[98.564,2.541],[98.548,2.543],[98.546,2.567],[98.453,2.608],[98.446,2.623],[98.433,2.618],[98.429,2.626]]],[[[98.824,2.219],[98.813,2.233],[98.805,2.231],[98.8,2.21],[98.784,2.216],[98.763,2.208],[98.752,2.215],[98.737,2.212],[98.728,2.199],[98.698,2.2],[98.694,2.193],[98.741,2.121],[98.75,2.149],[98.759,2.153],[98.765,2.138],[98.791,2.143],[98.802,2.131],[98.779,2.119],[98.779,2.111],[98.864,2.079],[98.874,2.071],[98.881,2.05],[98.866,2.031],[98.827,2.019],[98.811,2.005],[98.714,2.007],[98.707,1.957],[98.715,1.919],[98.753,1.923],[98.831,1.958],[98.894,1.951],[98.946,1.998],[98.943,2.011],[98.923,1.994],[98.918,2.014],[98.899,2.027],[98.904,2.042],[98.935,2.051],[98.928,2.089],[98.878,2.183],[98.849,2.221],[98.824,2.219]]],[[[99.262,2.335],[99.24,2.349],[99.235,2.334],[99.221,2.335],[99.194,2.314],[99.207,2.292],[99.164,2.301],[99.147,2.294],[99.132,2.264],[99.123,2.277],[99.111,2.277],[99.113,2.258],[99.137,2.234],[99.127,2.225],[99.108,2.241],[99.097,2.226],[99.099,2.201],[99.12,2.183],[99.147,2.138],[99.176,2.138],[99.183,2.131],[99.203,2.132],[99.208,2.14],[99.263,2.143],[99.217,2.197],[99.207,2.196],[99.225,2.246],[99.273,2.265],[99.266,2.277],[99.277,2.287],[99.268,2.297],[99.283,2.302],[99.278,2.318],[99.293,2.328],[99.285,2.333],[99.275,2.326],[99.262,2.335]],[[99.217,2.163],[99.215,2.173],[99.231,2.168],[99.225,2.161],[99.217,2.163]],[[99.227,2.27],[99.232,2.261],[99.211,2.26],[99.227,2.27]],[[99.232,2.303],[99.243,2.297],[99.234,2.293],[99.232,2.303]],[[99.246,2.314],[99.248,2.325],[99.252,2.325],[99.246,2.314]]],[[[99.38,1.565],[99.345,1.559],[99.308,1.564],[99.283,1.546],[99.277,1.518],[99.238,1.475],[99.252,1.43],[99.272,1.435],[99.301,1.474],[99.367,1.438],[99.397,1.469],[99.428,1.464],[99.472,1.438],[99.5,1.406],[99.524,1.414],[99.555,1.441],[99.541,1.466],[99.497,1.459],[99.471,1.464],[99.414,1.499],[99.391,1.491],[99.374,1.5],[99.352,1.525],[99.397,1.548],[99.389,1.565],[99.38,1.565]],[[99.297,1.518],[99.326,1.513],[99.305,1.506],[99.297,1.518]]],[[[99.03,2.781],[99,2.756],[98.971,2.748],[98.975,2.732],[98.964,2.732],[98.969,2.725],[98.961,2.71],[98.953,2.723],[98.954,2.705],[98.969,2.703],[98.977,2.713],[98.995,2.682],[99.053,2.659],[99.077,2.657],[99.082,2.666],[99.13,2.679],[99.151,2.712],[99.154,2.735],[99.126,2.711],[99.129,2.698],[99.119,2.69],[99.101,2.715],[99.087,2.711],[99.083,2.727],[99.065,2.734],[99.074,2.75],[99.034,2.75],[99.03,2.781]],[[99.004,2.745],[99.002,2.729],[98.992,2.726],[99.004,2.745]]],[[[98.863,2.806],[98.846,2.794],[98.816,2.8],[98.814,2.791],[98.837,2.775],[98.842,2.755],[98.885,2.741],[98.912,2.722],[98.938,2.728],[98.941,2.723],[98.953,2.732],[98.947,2.744],[98.953,2.752],[98.947,2.754],[98.96,2.779],[98.913,2.747],[98.891,2.76],[98.894,2.774],[98.882,2.775],[98.884,2.783],[98.897,2.785],[98.894,2.791],[98.863,2.806]]],[[[99.472,1.284],[99.506,1.316],[99.498,1.332],[99.472,1.351],[99.455,1.392],[99.415,1.416],[99.411,1.41],[99.466,1.264],[99.472,1.284]]]]},"properties":{"jenis":"hti","nama":"PT TOBA PULP LESTARI Tbk","luas":185015,"sk":"SK.923/Menlhk/Setjen/HPL.0/12/2016","tahun":2016}},{"type":"Feature","geometry":{"type":"Polygon","coordinates":[[[101.339,-1.217],[101.351,-1.203],[101.356,-1.209],[101.365,-1.205],[101.397,-1.247],[101.428,-1.253],[101.461,-1.249],[101.449,-1.21],[101.407,-1.168],[101.376,-1.156],[101.361,-1.16],[101.347,-1.14],[101.371,-1.109],[101.372,-1.07],[101.398,-1.07],[101.413,-1.036],[101.428,-1.023],[101.44,-0.994],[101.434,-0.987],[101.437,-0.965],[101.388,-0.936],[101.357,-0.949],[101.338,-0.946],[101.342,-0.961],[101.33,-0.948],[101.296,-0.944],[101.268,-0.96],[101.263,-0.946],[101.246,-0.939],[101.241,-0.967],[101.248,-0.985],[101.274,-0.978],[101.324,-0.995],[101.341,-0.989],[101.381,-0.994],[101.405,-0.984],[101.413,-0.989],[101.415,-1.017],[101.397,-1.022],[101.394,-1.038],[101.374,-1.047],[101.368,-1.031],[101.347,-1.046],[101.333,-1.042],[101.338,-1.065],[101.327,-1.083],[101.341,-1.105],[101.313,-1.146],[101.301,-1.144],[101.299,-1.15],[101.315,-1.205],[101.328,-1.218],[101.339,-1.217]]]},"properties":{"jenis":"hti","nama":"PT BUKIT RAYA MUDISA","luas":28617,"sk":"257/Kpts-II/2000","tahun":2000}},{"type":"Feature","geometry":{"type":"Polygon","coordinates":[[[96.911,4.949],[96.886,4.919],[96.883,4.911],[96.892,4.905],[96.873,4.879],[96.833,4.904],[96.858,4.879],[96.884,4.874],[96.876,4.88],[96.883,4.898],[96.906,4.899],[96.92,4.908],[96.924,4.926],[96.931,4.926],[96.93,4.901],[96.923,4.896],[96.935,4.893],[96.932,4.868],[96.945,4.864],[96.939,4.881],[96.952,4.897],[96.97,4.9],[96.975,4.87],[96.985,4.871],[97.006,4.88],[97.013,4.907],[97.03,4.916],[97.026,4.925],[97.01,4.908],[96.984,4.911],[96.978,4.923],[96.983,4.954],[96.994,4.962],[96.974,4.98],[96.957,4.981],[96.939,4.951],[96.911,4.949]]]},"properties":{"jenis":"hti","nama":"PT RENCONG PULP & PAPER INDUSTRY","luas":10384,"sk":"522.51/411/2012","tahun":2012}},{"type":"Feature","geometry":{"type":"MultiPolygon","coordinates":[[[[99.761,1.577],[99.766,1.58],[99.756,1.582],[99.759,1.574],[99.731,1.568],[99.723,1.578],[99.715,1.563],[99.691,1.55],[99.69,1.507],[99.697,1.512],[99.719,1.507],[99.718,1.52],[99.745,1.531],[99.746,1.541],[99.77,1.54],[99.771,1.552],[99.826,1.559],[99.817,1.578],[99.761,1.577]]],[[[99.871,1.499],[99.777,1.482],[99.784,1.466],[99.777,1.453],[99.799,1.445],[99.8,1.454],[99.813,1.448],[99.837,1.456],[99.844,1.467],[99.857,1.468],[99.871,1.499]]],[[[99.941,1.639],[99.918,1.622],[99.907,1.631],[99.875,1.628],[99.864,1.613],[99.876,1.61],[99.888,1.59],[99.924,1.59],[99.919,1.598],[99.942,1.62],[99.941,1.639]]]]},"properties":{"jenis":"hti","nama":"PT HUTAN BARUMUN PERKASA","luas":11845,"sk":"SK.324/Menhut-II/2004","tahun":2004}},{"type":"Feature","geometry":{"type":"MultiPolygon","coordinates":[[[[100.022,1.725],[99.987,1.706],[99.961,1.708],[99.956,1.718],[99.95,1.711],[99.943,1.717],[99.93,1.714],[99.935,1.708],[99.921,1.704],[99.962,1.636],[99.993,1.639],[100.025,1.679],[100.022,1.725]]],[[[99.823,1.762],[99.807,1.757],[99.837,1.732],[99.895,1.732],[99.884,1.754],[99.823,1.762]]],[[[100.023,1.807],[100.003,1.785],[100.003,1.775],[100.026,1.787],[100.031,1.799],[100.023,1.807]]],[[[100.013,1.816],[100.006,1.819],[100.009,1.806],[100.019,1.809],[100.013,1.816]]]]},"properties":{"jenis":"hti","nama":"PT PUTRA LIKA PERKASA","luas":7581,"sk":"SK.1653/KPTS-II/2001","tahun":2001}},{"type":"Feature","geometry":{"type":"MultiPolygon","coordinates":[[[[100.002,1.341],[99.998,1.347],[99.983,1.337],[99.976,1.299],[99.831,1.303],[99.81,1.24],[99.832,1.221],[99.864,1.218],[99.87,1.211],[99.903,1.214],[99.948,1.187],[99.963,1.169],[100.003,1.167],[100.012,1.155],[100.013,1.182],[100.129,1.188],[100.117,1.201],[100.123,1.254],[100.099,1.31],[100.039,1.311],[100.015,1.323],[100.002,1.341]]],[[[100.403,1.627],[100.376,1.626],[100.377,1.578],[100.341,1.578],[100.341,1.569],[100.267,1.563],[100.267,1.548],[100.178,1.539],[100.173,1.466],[100.252,1.484],[100.279,1.468],[100.292,1.474],[100.325,1.47],[100.329,1.46],[100.321,1.451],[100.341,1.444],[100.346,1.456],[100.359,1.456],[100.358,1.509],[100.395,1.51],[100.395,1.502],[100.406,1.502],[100.404,1.601],[100.412,1.601],[100.412,1.619],[100.404,1.619],[100.403,1.627]]]]},"properties":{"jenis":"hti","nama":"PT SUMATERA RIANG LESTARI","luas":148075,"sk":"SK.208/Menhut-II/2007","tahun":2007}},{"type":"Feature","geometry":{"type":"MultiPolygon","coordinates":[[[[103.5,-2.955],[103.488,-2.955],[103.481,-2.98],[103.466,-2.981],[103.466,-3.01],[103.457,-3.011],[103.458,-3.043],[103.44,-3.091],[103.414,-3.117],[103.396,-3.21],[103.36,-3.212],[103.359,-3.202],[103.343,-3.192],[103.32,-3.191],[103.339,-3.234],[103.34,-3.327],[103.367,-3.324],[103.385,-3.302],[103.39,-3.311],[103.382,-3.321],[103.383,-3.344],[103.367,-3.369],[103.373,-3.394],[103.36,-3.411],[103.375,-3.435],[103.388,-3.443],[103.385,-3.45],[103.401,-3.456],[103.405,-3.488],[103.421,-3.501],[103.434,-3.501],[103.42,-3.512],[103.417,-3.543],[103.432,-3.542],[103.432,-3.534],[103.445,-3.542],[103.458,-3.584],[103.445,-3.586],[103.449,-3.637],[103.474,-3.638],[103.481,-3.644],[103.481,-3.67],[103.514,-3.678],[103.539,-3.665],[103.562,-3.637],[103.602,-3.651],[103.646,-3.632],[103.682,-3.631],[103.682,-3.621],[103.709,-3.62],[103.725,-3.63],[103.733,-3.62],[103.728,-3.575],[103.678,-3.544],[103.685,-3.537],[103.645,-3.511],[103.662,-3.497],[103.663,-3.481],[103.695,-3.452],[103.708,-3.423],[103.727,-3.419],[103.71,-3.435],[103.7,-3.472],[103.765,-3.472],[103.76,-3.449],[103.769,-3.429],[103.789,-3.422],[103.802,-3.402],[103.813,-3.402],[103.813,-3.393],[103.843,-3.393],[103.85,-3.375],[103.877,-3.382],[103.879,-3.359],[103.929,-3.355],[103.904,-3.32],[104.003,-3.316],[103.993,-3.277],[103.971,-3.276],[103.957,-3.261],[103.981,-3.24],[103.973,-3.212],[103.918,-3.217],[103.896,-3.208],[103.879,-3.233],[103.885,-3.257],[103.871,-3.257],[103.871,-3.295],[103.859,-3.302],[103.836,-3.28],[103.834,-3.238],[103.815,-3.233],[103.806,-3.213],[103.793,-3.214],[103.793,-3.225],[103.765,-3.226],[103.763,-3.237],[103.749,-3.24],[103.727,-3.214],[103.7,-3.233],[103.693,-3.206],[103.683,-3.206],[103.682,-3.227],[103.668,-3.25],[103.654,-3.249],[103.653,-3.236],[103.666,-3.232],[103.671,-3.215],[103.655,-3.215],[103.654,-3.224],[103.633,-3.223],[103.631,-3.242],[103.608,-3.257],[103.607,-3.277],[103.635,-3.327],[103.628,-3.34],[103.615,-3.339],[103.604,-3.313],[103.587,-3.306],[103.576,-3.289],[103.575,-3.269],[103.589,-3.252],[103.583,-3.21],[103.556,-3.217],[103.546,-3.195],[103.54,-3.158],[103.558,-3.154],[103.552,-3.085],[103.578,-3.085],[103.607,-3.123],[103.642,-3.137],[103.641,-3.128],[103.614,-3.112],[103.612,-3.092],[103.603,-3.09],[103.598,-3.067],[103.572,-3.029],[103.551,-3.028],[103.549,-2.992],[103.515,-2.982],[103.514,-2.964],[103.5,-2.964],[103.5,-2.955]]],[[[104.077,-3.511],[104.067,-3.511],[104.058,-3.53],[104.025,-3.537],[104.025,-3.564],[104.006,-3.575],[104.007,-3.594],[103.975,-3.609],[103.97,-3.589],[103.987,-3.548],[103.977,-3.536],[103.925,-3.525],[103.923,-3.537],[103.91,-3.537],[103.91,-3.548],[103.921,-3.548],[103.922,-3.559],[103.893,-3.564],[103.893,-3.575],[103.881,-3.583],[103.871,-3.578],[103.869,-3.667],[103.856,-3.688],[103.845,-3.742],[103.848,-3.75],[103.896,-3.745],[103.896,-3.765],[103.883,-3.773],[103.886,-3.791],[103.873,-3.827],[103.864,-3.826],[103.849,-3.897],[103.857,-3.953],[103.887,-3.954],[103.892,-3.962],[103.859,-3.997],[103.916,-4.008],[103.916,-3.998],[103.931,-3.996],[103.931,-3.989],[104.036,-3.984],[104.037,-3.993],[104.072,-3.991],[104.077,-3.982],[104.073,-3.947],[104.048,-3.949],[104.042,-3.957],[104.039,-3.937],[104.048,-3.928],[104.064,-3.939],[104.072,-3.929],[104.095,-3.927],[104.101,-3.908],[104.081,-3.908],[104.069,-3.892],[104.062,-3.892],[104.06,-3.903],[104.035,-3.9],[104.025,-3.829],[104.013,-3.802],[103.997,-3.798],[103.996,-3.768],[104.004,-3.768],[104.004,-3.754],[104.039,-3.752],[104.039,-3.767],[104.022,-3.768],[104.023,-3.798],[104.048,-3.798],[104.05,-3.824],[104.066,-3.824],[104.065,-3.811],[104.077,-3.81],[104.078,-3.744],[104.089,-3.741],[104.09,-3.731],[104.109,-3.731],[104.11,-3.722],[104.119,-3.722],[104.14,-3.671],[104.195,-3.62],[104.183,-3.602],[104.188,-3.62],[104.16,-3.636],[104.154,-3.628],[104.137,-3.628],[104.135,-3.619],[104.129,-3.618],[104.128,-3.627],[104.118,-3.627],[104.119,-3.619],[104.084,-3.619],[104.076,-3.591],[104.06,-3.59],[104.054,-3.576],[104.074,-3.575],[104.08,-3.556],[104.088,-3.556],[104.087,-3.528],[104.077,-3.511]]],[[[104.355,-4.161],[104.331,-4.18],[104.28,-4.199],[104.291,-4.208],[104.287,-4.217],[104.306,-4.26],[104.327,-4.278],[104.362,-4.265],[104.389,-4.22],[104.407,-4.212],[104.379,-4.165],[104.364,-4.169],[104.355,-4.161]]],[[[103.278,-3.324],[103.222,-3.349],[103.23,-3.357],[103.225,-3.4],[103.257,-3.395],[103.261,-3.378],[103.273,-3.39],[103.24,-3.418],[103.223,-3.416],[103.21,-3.448],[103.309,-3.45],[103.291,-3.423],[103.286,-3.397],[103.277,-3.398],[103.295,-3.386],[103.287,-3.37],[103.294,-3.34],[103.28,-3.333],[103.278,-3.324]]],[[[103.476,-3.921],[103.485,-3.907],[103.482,-3.893],[103.446,-3.881],[103.367,-3.91],[103.345,-3.931],[103.342,-3.95],[103.351,-3.96],[103.371,-3.96],[103.441,-3.933],[103.45,-3.922],[103.476,-3.921]]],[[[103.203,-3.177],[103.191,-3.184],[103.197,-3.19],[103.182,-3.21],[103.189,-3.221],[103.187,-3.241],[103.142,-3.241],[103.131,-3.267],[103.131,-3.257],[103.126,-3.258],[103.13,-3.268],[103.121,-3.262],[103.119,-3.272],[103.125,-3.275],[103.116,-3.272],[103.112,-3.287],[103.153,-3.287],[103.167,-3.268],[103.188,-3.277],[103.213,-3.262],[103.222,-3.267],[103.226,-3.254],[103.211,-3.248],[103.226,-3.238],[103.199,-3.24],[103.215,-3.23],[103.236,-3.182],[103.217,-3.198],[103.203,-3.177]]],[[[103.15,-2.795],[103.175,-2.781],[103.187,-2.757],[103.197,-2.753],[103.169,-2.749],[103.088,-2.773],[103.093,-2.801],[103.147,-2.802],[103.15,-2.795]]],[[[102.999,-3.642],[102.997,-3.626],[102.961,-3.559],[102.953,-3.567],[102.963,-3.585],[102.928,-3.675],[102.937,-3.679],[102.949,-3.67],[102.954,-3.645],[102.976,-3.644],[102.986,-3.652],[102.999,-3.642]]],[[[104.177,-4.693],[104.108,-4.698],[104.145,-4.739],[104.199,-4.723],[104.238,-4.736],[104.252,-4.728],[104.248,-4.715],[104.214,-4.716],[104.212,-4.704],[104.201,-4.716],[104.19,-4.715],[104.178,-4.704],[104.177,-4.693]]],[[[103.831,-4.303],[103.826,-4.294],[103.825,-4.321],[103.839,-4.327],[103.845,-4.342],[103.831,-4.374],[103.855,-4.375],[103.853,-4.391],[103.844,-4.396],[103.866,-4.421],[103.888,-4.419],[103.87,-4.367],[103.874,-4.329],[103.845,-4.318],[103.831,-4.303]]],[[[103.745,-4.222],[103.732,-4.235],[103.73,-4.249],[103.717,-4.243],[103.708,-4.259],[103.734,-4.265],[103.739,-4.303],[103.723,-4.319],[103.698,-4.324],[103.728,-4.331],[103.737,-4.315],[103.761,-4.304],[103.769,-4.257],[103.761,-4.244],[103.768,-4.233],[103.745,-4.222]]],[[[104.225,-4.536],[104.204,-4.497],[104.187,-4.524],[104.194,-4.551],[104.217,-4.567],[104.223,-4.546],[104.253,-4.545],[104.254,-4.52],[104.238,-4.513],[104.235,-4.532],[104.225,-4.536]]],[[[102.833,-3.639],[102.834,-3.618],[102.806,-3.613],[102.77,-3.641],[102.819,-3.649],[102.831,-3.66],[102.831,-3.671],[102.804,-3.68],[102.814,-3.717],[102.83,-3.704],[102.816,-3.706],[102.814,-3.684],[102.836,-3.685],[102.833,-3.639]]],[[[103.759,-4.114],[103.755,-4.095],[103.71,-4.121],[103.749,-4.143],[103.742,-4.126],[103.762,-4.129],[103.801,-4.114],[103.817,-4.118],[103.822,-4.11],[103.787,-4.101],[103.759,-4.114]]],[[[103.053,-2.804],[103.062,-2.782],[102.988,-2.827],[103.021,-2.833],[103.016,-2.825],[103.023,-2.815],[103.035,-2.831],[103.052,-2.827],[103.053,-2.804]]],[[[102.87,-3.669],[102.886,-3.66],[102.887,-3.65],[102.855,-3.628],[102.858,-3.664],[102.87,-3.669]]],[[[103.84,-3.193],[103.826,-3.193],[103.828,-3.225],[103.857,-3.204],[103.853,-3.194],[103.84,-3.193]]],[[[103.159,-2.851],[103.191,-2.807],[103.163,-2.814],[103.168,-2.826],[103.151,-2.845],[103.159,-2.851]]],[[[102.869,-3.694],[102.856,-3.69],[102.832,-3.703],[102.876,-3.707],[102.869,-3.694]]]]},"properties":{"jenis":"hti","nama":"PT MUSI HUTAN PERSADA","luas":296400,"sk":"38/Kpts-II/1996","tahun":1996}},{"type":"Feature","geometry":{"type":"Polygon","coordinates":[[[104.376,-2.006],[104.362,-2.042],[104.356,-2.157],[104.36,-2.144],[104.376,-2.157],[104.397,-2.158],[104.436,-2.211],[104.467,-2.229],[104.504,-2.211],[104.52,-2.213],[104.532,-2.198],[104.529,-2.184],[104.538,-2.179],[104.558,-2.192],[104.552,-2.185],[104.566,-2.174],[104.569,-2.157],[104.376,-2.006]]]},"properties":{"jenis":"hti","nama":"PT SUMBER HIJAU PERMAI","luas":30040,"sk":"SK. 29/Menhut-II/2006","tahun":2006}},{"type":"Feature","geometry":{"type":"Polygon","coordinates":[[[105.538,-2.481],[105.533,-2.462],[105.494,-2.435],[105.413,-2.418],[105.354,-2.416],[105.358,-2.451],[105.368,-2.443],[105.399,-2.455],[105.414,-2.447],[105.44,-2.449],[105.478,-2.468],[105.47,-2.482],[105.538,-2.481]]]},"properties":{"jenis":"hti","nama":"PT CIPTA MAS BUMI SUBUR","luas":7550,"sk":"70/Menhut-II/2005","tahun":2005}},{"type":"Feature","geometry":{"type":"MultiPolygon","coordinates":[[[[102.945,-2.326],[102.874,-2.308],[102.848,-2.33],[102.844,-2.375],[102.871,-2.386],[102.875,-2.407],[102.813,-2.476],[102.805,-2.508],[102.835,-2.509],[102.869,-2.487],[102.867,-2.446],[102.874,-2.442],[102.867,-2.435],[102.885,-2.421],[102.913,-2.431],[102.951,-2.415],[102.973,-2.438],[102.996,-2.441],[102.998,-2.454],[103.033,-2.451],[103.034,-2.481],[103.077,-2.486],[103.107,-2.476],[103.049,-2.46],[103.071,-2.446],[103.05,-2.42],[103.053,-2.407],[103.036,-2.402],[103.018,-2.407],[103.006,-2.336],[102.99,-2.336],[102.971,-2.323],[102.945,-2.326]]],[[[103.096,-2.454],[103.079,-2.447],[103.087,-2.46],[103.096,-2.454]]]]},"properties":{"jenis":"hti","nama":"PT BUANA SRIWIJAYA SEJAHTERA","luas":29010,"sk":"SK.686/Menhut-II/2009","tahun":2009}},{"type":"Feature","geometry":{"type":"MultiPolygon","coordinates":[[[[103.014,-2.783],[103.004,-2.764],[102.959,-2.868],[102.918,-2.878],[102.929,-2.845],[102.96,-2.833],[102.958,-2.822],[102.832,-2.85],[102.841,-2.861],[102.818,-2.875],[102.78,-2.917],[102.802,-2.975],[102.876,-2.985],[102.872,-2.921],[102.909,-2.908],[102.979,-2.904],[103.003,-2.892],[103.007,-2.857],[103.023,-2.856],[103.026,-2.845],[103.052,-2.845],[103.052,-2.827],[103.035,-2.831],[103.025,-2.815],[103.016,-2.823],[103.021,-2.833],[102.988,-2.827],[103.018,-2.803],[103.027,-2.809],[103.014,-2.783]]],[[[105.062,-4.046],[105.053,-4.045],[105.02,-4.1],[104.996,-4.101],[104.991,-4.127],[104.974,-4.127],[104.966,-4.115],[104.951,-4.147],[104.941,-4.137],[104.913,-4.161],[104.895,-4.163],[104.872,-4.149],[104.855,-4.176],[104.831,-4.179],[104.83,-4.197],[104.816,-4.21],[104.873,-4.209],[104.891,-4.197],[104.9,-4.21],[104.967,-4.173],[105.014,-4.174],[105.024,-4.15],[105.061,-4.123],[105.059,-4.1],[105.094,-4.048],[105.062,-4.046]]],[[[104.279,-4.482],[104.265,-4.47],[104.223,-4.509],[104.237,-4.52],[104.238,-4.513],[104.253,-4.518],[104.257,-4.529],[104.289,-4.527],[104.298,-4.56],[104.287,-4.583],[104.273,-4.593],[104.262,-4.59],[104.248,-4.547],[104.231,-4.545],[104.237,-4.562],[104.22,-4.567],[104.214,-4.586],[104.225,-4.605],[104.221,-4.626],[104.234,-4.629],[104.236,-4.612],[104.254,-4.61],[104.261,-4.63],[104.302,-4.636],[104.295,-4.647],[104.304,-4.66],[104.344,-4.608],[104.345,-4.588],[104.33,-4.496],[104.29,-4.497],[104.279,-4.482]]],[[[105.338,-3.722],[105.338,-3.714],[105.324,-3.708],[105.303,-3.717],[105.262,-3.775],[105.258,-3.791],[105.251,-3.787],[105.238,-3.811],[105.246,-3.816],[105.222,-3.852],[105.102,-3.952],[105.1,-3.969],[105.122,-3.965],[105.137,-3.972],[105.135,-3.941],[105.146,-3.932],[105.164,-3.938],[105.174,-3.91],[105.195,-3.895],[105.231,-3.891],[105.241,-3.91],[105.255,-3.902],[105.291,-3.848],[105.282,-3.827],[105.284,-3.798],[105.304,-3.789],[105.313,-3.741],[105.325,-3.725],[105.338,-3.722]]]]},"properties":{"jenis":"hti","nama":"PT PARAMITRA MULIA LANGGENG","luas":70130,"sk":"SK.378/Menhut-II/2009","tahun":2009}},{"type":"Feature","geometry":{"type":"Polygon","coordinates":[[[103.551,-2.235],[103.546,-2.217],[103.522,-2.236],[103.496,-2.219],[103.476,-2.264],[103.457,-2.272],[103.456,-2.291],[103.443,-2.309],[103.449,-2.321],[103.446,-2.351],[103.414,-2.386],[103.397,-2.375],[103.293,-2.399],[103.229,-2.391],[103.212,-2.419],[103.165,-2.405],[103.108,-2.443],[103.134,-2.456],[103.151,-2.437],[103.192,-2.458],[103.238,-2.457],[103.254,-2.465],[103.279,-2.445],[103.336,-2.512],[103.356,-2.51],[103.371,-2.497],[103.341,-2.447],[103.366,-2.402],[103.404,-2.399],[103.42,-2.444],[103.452,-2.42],[103.46,-2.402],[103.502,-2.392],[103.503,-2.365],[103.537,-2.365],[103.538,-2.374],[103.567,-2.372],[103.557,-2.364],[103.561,-2.285],[103.551,-2.235]],[[103.332,-2.398],[103.34,-2.414],[103.312,-2.413],[103.312,-2.399],[103.332,-2.398]]]},"properties":{"jenis":"hti","nama":"PT SENTOSA BAHAGIA BERSAMA","luas":55055,"sk":"249/Menhut-II/2009","tahun":2009}},{"type":"Feature","geometry":{"type":"MultiPolygon","coordinates":[[[[103.209,-2.457],[103.192,-2.465],[103.189,-2.497],[103.206,-2.514],[103.206,-2.525],[103.25,-2.511],[103.282,-2.51],[103.281,-2.494],[103.253,-2.465],[103.238,-2.457],[103.209,-2.457]]],[[[103.335,-2.401],[103.312,-2.399],[103.312,-2.413],[103.339,-2.414],[103.335,-2.401]]],[[[103.365,-2.522],[103.352,-2.523],[103.356,-2.537],[103.38,-2.533],[103.383,-2.523],[103.365,-2.522]]]]},"properties":{"jenis":"hti","nama":"PT WAHANA AGRO MULIA","luas":6290,"sk":"SK.252/MENHUT-II/2009","tahun":2009}},{"type":"Feature","geometry":{"type":"Polygon","coordinates":[[[102.42,-0.053],[102.427,-0.017],[102.446,0.007],[102.445,0.039],[102.432,0.043],[102.424,0.065],[102.435,0.066],[102.431,0.09],[102.376,0.053],[102.384,-0.025],[102.414,-0.038],[102.42,-0.053]]]},"properties":{"jenis":"hti","nama":"PT MITRA TANI NUSA SEJATI","luas":7480,"sk":"SK.66/Menhut-II/2007","tahun":2007}},{"type":"Feature","geometry":{"type":"Polygon","coordinates":[[[103.025,0.474],[102.874,0.366],[102.895,0.334],[102.948,0.376],[103.048,0.429],[103.025,0.474]]]},"properties":{"jenis":"hti","nama":"PT MITRA HUTANI JAYA","luas":9240,"sk":"SK.101/Menhut-II/2006","tahun":2006}},{"type":"Feature","geometry":{"type":"MultiPolygon","coordinates":[[[[102.939,1],[102.914,1.011],[102.893,0.982],[102.931,0.938],[103.058,0.853],[103.053,0.871],[103.02,0.903],[102.987,0.911],[102.978,0.921],[102.985,0.928],[102.977,0.942],[102.985,0.949],[103.025,0.936],[103.008,0.96],[102.939,1]]],[[[102.555,0.91],[102.565,0.919],[102.536,0.936],[102.49,0.922],[102.489,0.904],[102.548,0.889],[102.555,0.91]]],[[[102.913,1.027],[102.918,1.045],[102.896,1.051],[102.871,1.034],[102.868,1.013],[102.882,1.008],[102.913,1.027]]]]},"properties":{"jenis":"hti","nama":"PT PERKASA BARU","luas":13170,"sk":"SK.75/Menhut-II/2007","tahun":2007}},{"type":"Feature","geometry":{"type":"MultiPolygon","coordinates":[[[[101.806,-0.678],[101.792,-0.698],[101.738,-0.703],[101.732,-0.709],[101.738,-0.723],[101.73,-0.727],[101.74,-0.732],[101.733,-0.746],[101.74,-0.771],[101.757,-0.775],[101.773,-0.82],[101.785,-0.82],[101.819,-0.846],[101.817,-0.748],[101.848,-0.719],[101.83,-0.705],[101.817,-0.707],[101.806,-0.678]]],[[[101.914,-0.324],[101.9,-0.306],[101.864,-0.298],[101.868,-0.309],[101.852,-0.339],[101.868,-0.366],[101.86,-0.366],[101.879,-0.382],[101.882,-0.403],[101.901,-0.404],[101.936,-0.364],[101.976,-0.361],[101.948,-0.34],[101.984,-0.33],[101.933,-0.315],[101.938,-0.325],[101.914,-0.324]]]]},"properties":{"jenis":"hti","nama":"PT RIMBA LAZUARDI","luas":23340,"sk":"SK.79/Menhut-II/2007","tahun":2007}},{"type":"Feature","geometry":{"type":"Polygon","coordinates":[[[102.868,0.668],[102.846,0.657],[102.733,0.645],[102.711,0.625],[102.692,0.643],[102.567,0.629],[102.644,0.601],[102.65,0.607],[102.671,0.591],[102.918,0.501],[102.933,0.536],[102.868,0.668]]]},"properties":{"jenis":"hti","nama":"PT PERANAP TIMBER (DH. PTUNISERAYA)","luas":33360,"sk":"SK.119/Menhut-II/2014","tahun":2014}},{"type":"Feature","geometry":{"type":"Polygon","coordinates":[[[102.383,0.056],[102.431,0.09],[102.418,0.161],[102.423,0.2],[102.416,0.204],[102.389,0.2],[102.374,0.182],[102.376,0.054],[102.383,0.056]]]},"properties":{"jenis":"hti","nama":"PT RIMBA MUTIARA PERMAI","luas":8030,"sk":"SK.65/Menhut-II/2007","tahun":2007}},{"type":"Feature","geometry":{"type":"MultiPolygon","coordinates":[[[[101.165,1.866],[101.123,1.927],[101.038,1.861],[101.037,1.853],[101.061,1.837],[101.07,1.812],[101.067,1.8],[101.057,1.799],[101.068,1.726],[101.055,1.696],[101.097,1.698],[101.126,1.713],[101.161,1.689],[101.173,1.689],[101.188,1.833],[101.165,1.866]]],[[[101.267,1.925],[101.261,1.924],[101.272,1.842],[101.195,1.824],[101.246,1.747],[101.338,1.748],[101.337,1.777],[101.325,1.796],[101.328,1.846],[101.324,1.853],[101.3,1.851],[101.299,1.915],[101.267,1.925]]]]},"properties":{"jenis":"hti","nama":"PT RUAS UTAMA JAYA","luas":44330,"sk":"SK.18/Menhut-II/2007","tahun":2007}},{"type":"Feature","geometry":{"type":"Polygon","coordinates":[[[103.022,0.56],[102.994,0.604],[102.958,0.579],[102.966,0.533],[103.023,0.477],[103.046,0.434],[103.103,0.457],[103.096,0.478],[103.086,0.489],[103.079,0.48],[103.056,0.507],[103.062,0.517],[103.022,0.56]]]},"properties":{"jenis":"hti","nama":"PT SATRIA PERKASA AGUNG UNIT (SK 102)","luas":11830,"sk":"SK.102/Menhut-II/2006","tahun":2006}},{"type":"Feature","geometry":{"type":"Polygon","coordinates":[[[102.82,0.118],[102.695,0.117],[102.695,0.045],[102.767,0.045],[102.821,0.073],[102.82,0.118]]]},"properties":{"jenis":"hti","nama":"PT SATRIA PERKASA AGUNG (SK 19)","luas":9300,"sk":"SK.19/Menhut-II/2007","tahun":2007}},{"type":"Feature","geometry":{"type":"MultiPolygon","coordinates":[[[[101.919,0.993],[101.917,1.025],[101.929,1.064],[101.894,1.14],[101.874,1.116],[101.914,1.036],[101.916,1.011],[101.899,0.996],[101.853,0.99],[101.861,0.983],[101.844,0.964],[101.831,0.972],[101.836,0.995],[101.814,0.999],[101.817,0.98],[101.811,0.968],[101.824,0.957],[101.867,0.95],[101.957,0.981],[101.946,1.007],[101.919,0.993]]],[[[102.56,0.628],[102.361,0.697],[102.386,0.668],[102.413,0.662],[102.426,0.648],[102.433,0.63],[102.418,0.62],[102.423,0.613],[102.56,0.628]]],[[[101.003,1.006],[101.003,1.02],[100.964,1.05],[100.955,1.03],[100.973,0.979],[101.01,0.959],[101.113,1.025],[101.11,1.03],[101.067,1.011],[101.033,1.011],[101.033,1.004],[101.003,1.006]]]]},"properties":{"jenis":"hti","nama":"PT BALAI KAYANG MANDIRI","luas":22250,"sk":"SK.20/Menhut-II/2007","tahun":2007}},{"type":"Feature","geometry":{"type":"Polygon","coordinates":[[[102.614,0.594],[102.619,0.609],[102.567,0.629],[102.369,0.607],[102.591,0.524],[102.614,0.594]]]},"properties":{"jenis":"hti","nama":"PT PUTRA RIAU PERKASA","luas":15640,"sk":"SK.104/Menhut-II/2006","tahun":2006}},{"type":"Feature","geometry":{"type":"Polygon","coordinates":[[[101.973,0.498],[102.001,0.56],[101.965,0.557],[101.967,0.513],[101.961,0.5],[101.973,0.498]]]},"properties":{"jenis":"hti","nama":"PT TUAH NEGERI","luas":1480,"sk":"SK.215/Menhut-II/2007","tahun":2007}},{"type":"Feature","geometry":{"type":"Polygon","coordinates":[[[101.405,0.138],[101.405,0.166],[101.345,0.067],[101.355,0.064],[101.388,0.126],[101.535,0.018],[101.618,0],[101.641,0.017],[101.671,0.008],[101.725,0.007],[101.743,-0.007],[101.777,0.026],[101.769,0.042],[101.785,0.077],[101.782,0.09],[101.71,0.105],[101.701,0.085],[101.681,0.076],[101.667,0.086],[101.659,0.11],[101.612,0.122],[101.612,0.087],[101.633,0.054],[101.607,0.023],[101.537,0.039],[101.405,0.138]]]},"properties":{"jenis":"hti","nama":"PT NUSA WANA RAYA","luas":26880,"sk":"SK.241/Menhut-II/2007","tahun":2007}},{"type":"Feature","geometry":{"type":"Polygon","coordinates":[[[102.015,-0.34],[102.005,-0.337],[101.97,-0.365],[101.936,-0.364],[101.901,-0.404],[101.899,-0.431],[102.015,-0.437],[102.029,-0.433],[102.019,-0.426],[102.038,-0.432],[102.052,-0.425],[102.063,-0.414],[102.064,-0.384],[102.049,-0.364],[102.015,-0.34]]]},"properties":{"jenis":"hti","nama":"PT RIMBA PERANAP INDAH","luas":11620,"sk":"SK.598/Kpts-II/1996","tahun":1996}},{"type":"Feature","geometry":{"type":"Polygon","coordinates":[[[101.284,1.981],[101.293,2.008],[101.286,2.023],[101.182,2.09],[101.079,2.013],[101.161,1.993],[101.183,1.968],[101.188,1.923],[101.165,1.866],[101.195,1.824],[101.272,1.842],[101.261,1.924],[101.286,1.925],[101.299,1.915],[101.3,1.976],[101.29,1.973],[101.284,1.981]]]},"properties":{"jenis":"hti","nama":"PT SUNTARA GAJAPATI","luas":34792,"sk":"SK.71/Kpts-II/2001","tahun":2001}},{"type":"Feature","geometry":{"type":"Polygon","coordinates":[[[101.957,0.981],[101.867,0.95],[101.814,0.962],[101.814,0.927],[101.835,0.885],[101.828,0.807],[101.889,0.822],[101.902,0.836],[101.934,0.848],[101.934,0.93],[101.966,0.929],[101.957,0.981]]]},"properties":{"jenis":"hti","nama":"PT SERAYA SUMBER LESTARI","luas":19450,"sk":"SK.22/Menhut-II/2007","tahun":2007}},{"type":"Feature","geometry":{"type":"Polygon","coordinates":[[[101.905,0.086],[101.845,0.087],[101.822,0.066],[101.905,0.061],[101.905,0.086]]]},"properties":{"jenis":"hti","nama":"KUD BINA JAYA LANGGAM","luas":1910,"sk":"SK.228/Menhut-II/2007","tahun":2007}},{"type":"Feature","geometry":{"type":"Polygon","coordinates":[[[103.255,-2.021],[103.229,-2.022],[103.229,-2.039],[103.216,-2.053],[103.223,-2.078],[103.248,-2.096],[103.242,-2.103],[103.227,-2.095],[103.187,-2.046],[103.15,-2.063],[103.164,-2.089],[103.182,-2.103],[103.179,-2.125],[103.167,-2.13],[103.154,-2.151],[103.141,-2.124],[103.171,-2.119],[103.171,-2.113],[103.167,-2.102],[103.133,-2.101],[103.151,-2.084],[103.144,-2.076],[103.098,-2.069],[103.086,-2.082],[103.078,-2.121],[103.084,-2.15],[103.158,-2.274],[103.155,-2.239],[103.132,-2.199],[103.148,-2.178],[103.191,-2.164],[103.205,-2.147],[103.253,-2.133],[103.25,-2.116],[103.258,-2.103],[103.262,-2.061],[103.26,-2.043],[103.249,-2.043],[103.255,-2.021]]]},"properties":{"jenis":"hti","nama":"PT AGRONUSA ALAM SEJAHTERA","luas":22525,"sk":"SK.464/Menhut-II/2009","tahun":2009}},{"type":"Feature","geometry":{"type":"Polygon","coordinates":[[[103.157,-2.273],[103.128,-2.232],[103.114,-2.241],[103.077,-2.296],[103.071,-2.288],[103.059,-2.316],[103.072,-2.331],[103.088,-2.329],[103.093,-2.342],[103.144,-2.359],[103.161,-2.34],[103.194,-2.322],[103.157,-2.273]]]},"properties":{"jenis":"hti","nama":"PT ALAM LESTARI NUSANTARA (DH BUKIT KAUSAR)","luas":10785,"sk":"SK.95/Menhut-II/2010","tahun":2010}},{"type":"Feature","geometry":{"type":"MultiPolygon","coordinates":[[[[103.097,-2.271],[103.114,-2.241],[103.128,-2.232],[103.064,-2.121],[103.048,-2.136],[103,-2.159],[103.013,-2.177],[103.023,-2.21],[103.038,-2.227],[103.031,-2.253],[103.042,-2.256],[103.045,-2.273],[103.064,-2.301],[103.097,-2.271]]],[[[102.872,-2.249],[102.823,-2.249],[102.836,-2.281],[102.801,-2.304],[102.802,-2.386],[102.826,-2.401],[102.853,-2.4],[102.856,-2.386],[102.843,-2.37],[102.845,-2.336],[102.871,-2.309],[102.921,-2.32],[102.934,-2.311],[102.903,-2.267],[102.872,-2.249]]],[[[103.034,-2.321],[103.038,-2.292],[102.956,-2.315],[102.99,-2.336],[103.029,-2.34],[103.037,-2.335],[103.034,-2.321]]]]},"properties":{"jenis":"hti","nama":"PT SAMHUTANI","luas":35955,"sk":"86/Kpts-II/1999","tahun":1999}},{"type":"Feature","geometry":{"type":"Polygon","coordinates":[[[103.904,-1.805],[103.905,-1.828],[104.015,-1.827],[104.021,-1.793],[104.015,-1.786],[103.992,-1.786],[103.904,-1.805]]]},"properties":{"jenis":"hti","nama":"PT TIESICO CAHAYA PERTIWI","luas":4800,"sk":"500/1168/IV/2012","tahun":2012}},{"type":"Feature","geometry":{"type":"MultiPolygon","coordinates":[[[[101.914,-2.047],[101.883,-2.062],[101.874,-2.058],[101.862,-2.07],[101.87,-2.082],[101.863,-2.113],[101.869,-2.125],[101.902,-2.113],[101.903,-2.072],[101.914,-2.047]]],[[[101.92,-1.96],[101.911,-1.961],[101.913,-1.977],[101.933,-1.986],[101.958,-1.975],[101.985,-1.99],[101.989,-1.98],[102,-1.981],[101.988,-1.973],[101.978,-1.978],[101.972,-1.963],[101.957,-1.972],[101.945,-1.964],[101.941,-1.973],[101.92,-1.96]]],[[[101.889,-1.977],[101.873,-1.979],[101.89,-1.993],[101.886,-2.002],[101.905,-2.023],[101.909,-1.98],[101.891,-1.985],[101.889,-1.977]]]]},"properties":{"jenis":"hti","nama":"PT DELONIX LESTARI RAYA","luas":5050,"sk":"4/1/IUPHHK-HTI/PMDN/2016","tahun":2016}},{"type":"Feature","geometry":{"type":"MultiPolygon","coordinates":[[[[105.334,-2.865],[105.305,-2.85],[105.285,-2.883],[105.303,-2.915],[105.289,-2.958],[105.305,-2.979],[105.293,-2.994],[105.283,-2.977],[105.262,-2.982],[105.256,-3.003],[105.233,-3.021],[105.218,-3.092],[105.284,-3.093],[105.284,-3.081],[105.33,-3.081],[105.33,-3.105],[105.354,-3.105],[105.415,-3.181],[105.41,-3.277],[105.515,-3.331],[105.543,-3.365],[105.539,-3.39],[105.556,-3.419],[105.578,-3.41],[105.595,-3.42],[105.592,-3.429],[105.606,-3.433],[105.634,-3.458],[105.621,-3.464],[105.625,-3.478],[105.667,-3.519],[105.635,-3.541],[105.624,-3.562],[105.635,-3.57],[105.658,-3.552],[105.687,-3.58],[105.696,-3.65],[105.702,-3.663],[105.709,-3.663],[105.711,-3.641],[105.741,-3.62],[105.766,-3.613],[105.787,-3.617],[105.811,-3.529],[105.759,-3.497],[105.722,-3.492],[105.737,-3.44],[105.78,-3.348],[105.757,-3.334],[105.749,-3.339],[105.739,-3.319],[105.719,-3.327],[105.725,-3.317],[105.715,-3.306],[105.718,-3.297],[105.706,-3.279],[105.693,-3.28],[105.696,-3.266],[105.682,-3.255],[105.675,-3.267],[105.659,-3.266],[105.659,-3.248],[105.651,-3.244],[105.638,-3.256],[105.626,-3.245],[105.617,-3.263],[105.602,-3.253],[105.595,-3.267],[105.588,-3.264],[105.581,-3.244],[105.583,-2.912],[105.568,-2.904],[105.45,-2.911],[105.421,-2.893],[105.405,-2.894],[105.369,-2.864],[105.358,-2.87],[105.334,-2.865]]],[[[105.482,-3.714],[105.428,-3.667],[105.404,-3.69],[105.395,-3.715],[105.352,-3.744],[105.358,-3.791],[105.386,-3.778],[105.438,-3.782],[105.435,-3.826],[105.468,-3.827],[105.484,-3.804],[105.502,-3.804],[105.492,-3.839],[105.519,-3.838],[105.529,-3.821],[105.545,-3.834],[105.537,-3.854],[105.525,-3.854],[105.514,-3.872],[105.522,-3.89],[105.545,-3.867],[105.566,-3.885],[105.574,-3.868],[105.716,-3.97],[105.717,-3.847],[105.915,-3.845],[105.892,-3.805],[105.872,-3.793],[105.829,-3.783],[105.821,-3.773],[105.687,-3.789],[105.689,-3.81],[105.68,-3.815],[105.677,-3.854],[105.582,-3.865],[105.572,-3.82],[105.584,-3.808],[105.584,-3.746],[105.568,-3.745],[105.568,-3.736],[105.549,-3.729],[105.497,-3.726],[105.482,-3.714]]]]},"properties":{"jenis":"hti","nama":"PT BUMI MEKAR HIJAU","luas":250370,"sk":"SK.417/Menhut-II/2004","tahun":2004}},{"type":"Feature","geometry":{"type":"Polygon","coordinates":[[[105.909,-3.004],[105.846,-2.982],[105.794,-2.949],[105.772,-2.933],[105.756,-2.897],[105.583,-2.798],[105.581,-3.244],[105.59,-3.269],[105.601,-3.254],[105.617,-3.263],[105.625,-3.245],[105.638,-3.256],[105.654,-3.245],[105.66,-3.25],[105.657,-3.265],[105.675,-3.267],[105.682,-3.255],[105.696,-3.266],[105.694,-3.281],[105.709,-3.282],[105.725,-3.317],[105.72,-3.328],[105.741,-3.319],[105.799,-3.227],[105.815,-3.219],[105.811,-3.233],[105.831,-3.243],[105.94,-3.003],[105.909,-3.004]]]},"properties":{"jenis":"hti","nama":"PT SBA WOOD INDUSTRIES","luas":142355,"sk":"SK.347/Menhut-II/2004","tahun":2004}},{"type":"Feature","geometry":{"type":"Polygon","coordinates":[[[102.94,-1.824],[102.884,-1.841],[102.878,-1.837],[102.877,-1.902],[102.861,-1.902],[102.859,-1.975],[102.842,-1.975],[102.841,-1.989],[102.89,-1.979],[102.901,-1.96],[102.922,-1.855],[102.95,-1.832],[102.94,-1.824]],[[102.878,-1.954],[102.887,-1.966],[102.865,-1.979],[102.863,-1.964],[102.878,-1.954]]]},"properties":{"jenis":"hti","nama":"PT RIMBA TANAMAN INDUSTRI","luas":8155,"sk":"5/1/IUPHHK-HTI/PMDN/2016","tahun":2016}},{"type":"Feature","geometry":{"type":"MultiPolygon","coordinates":[[[[105.453,-2.546],[105.393,-2.541],[105.352,-2.571],[105.348,-2.583],[105.355,-2.594],[105.327,-2.615],[105.333,-2.623],[105.303,-2.645],[105.309,-2.653],[105.279,-2.674],[105.291,-2.691],[105.261,-2.712],[105.284,-2.727],[105.291,-2.782],[105.321,-2.854],[105.353,-2.869],[105.369,-2.864],[105.405,-2.894],[105.421,-2.893],[105.45,-2.911],[105.568,-2.904],[105.583,-2.912],[105.583,-2.798],[105.756,-2.897],[105.731,-2.772],[105.692,-2.725],[105.608,-2.672],[105.576,-2.604],[105.568,-2.56],[105.467,-2.556],[105.467,-2.543],[105.453,-2.546]]],[[[105.965,-3.003],[105.94,-3.003],[105.831,-3.243],[105.845,-3.235],[105.84,-3.244],[105.849,-3.255],[105.936,-3.321],[105.962,-3.288],[106.03,-3.254],[106.037,-3.228],[106.038,-3.199],[106.025,-3.161],[106.034,-3.104],[106.032,-3.042],[106.007,-3.021],[105.965,-3.003]]]]},"properties":{"jenis":"hti","nama":"PT BUMI ANDALAS PERMAI","luas":192700,"sk":"SK.339/Menhut-II/2004","tahun":2004}},{"type":"Feature","geometry":{"type":"Polygon","coordinates":[[[104.233,-1.849],[104.213,-1.808],[104.219,-1.69],[104.135,-1.715],[104.138,-1.739],[104.16,-1.791],[104.161,-1.85],[104.179,-1.849],[104.22,-1.883],[104.234,-1.879],[104.223,-1.942],[104.262,-1.941],[104.273,-1.961],[104.268,-1.972],[104.321,-2.023],[104.343,-2.031],[104.364,-2.013],[104.354,-1.991],[104.354,-1.962],[104.331,-1.962],[104.326,-1.945],[104.278,-1.938],[104.249,-1.914],[104.233,-1.849]]]},"properties":{"jenis":"hti","nama":"PT TRI PUPAJAYA","luas":21995,"sk":"SK.583/Menhut-II/2009","tahun":2009}},{"type":"Feature","geometry":{"type":"Polygon","coordinates":[[[104.429,-3.075],[104.415,-3.049],[104.397,-3.052],[104.394,-3.081],[104.375,-3.097],[104.375,-3.137],[104.387,-3.137],[104.387,-3.128],[104.416,-3.126],[104.428,-3.115],[104.456,-3.114],[104.456,-3.055],[104.442,-3.059],[104.429,-3.075]]]},"properties":{"jenis":"hti","nama":"PT SUMATERA ALAM ANUGERAH","luas":5560,"sk":"SK. 568/Menhut-II/2011","tahun":2011}},{"type":"Feature","geometry":{"type":"MultiPolygon","coordinates":[[[[104.223,-2.025],[104.193,-2.073],[104.233,-2.068],[104.234,-2.088],[104.222,-2.091],[104.227,-2.131],[104.244,-2.144],[104.261,-2.184],[104.274,-2.186],[104.284,-2.2],[104.305,-2.194],[104.305,-2.16],[104.327,-2.157],[104.331,-2.175],[104.346,-2.146],[104.318,-2.148],[104.274,-2.124],[104.243,-2.072],[104.252,-2.053],[104.24,-2.026],[104.223,-2.025]]],[[[104.052,-2.047],[104.051,-2.055],[104.068,-2.065],[104.057,-2.082],[104.069,-2.088],[104.089,-2.124],[104.101,-2.107],[104.122,-2.12],[104.157,-2.122],[104.176,-2.102],[104.175,-2.078],[104.104,-2.087],[104.086,-2.081],[104.079,-2.06],[104.052,-2.047]]]]},"properties":{"jenis":"hti","nama":"PT WAHANA LESTARI MAKMUR SUKS","luas":14010,"sk":"SK.484/MENHUT-II/2009","tahun":2009}},{"type":"Feature","geometry":{"type":"MultiPolygon","coordinates":[[[[103.532,-2.163],[103.495,-2.177],[103.454,-2.178],[103.46,-2.183],[103.446,-2.21],[103.465,-2.251],[103.462,-2.272],[103.476,-2.264],[103.496,-2.219],[103.522,-2.236],[103.546,-2.217],[103.561,-2.278],[103.559,-2.368],[103.637,-2.394],[103.639,-2.385],[103.66,-2.386],[103.656,-2.368],[103.664,-2.346],[103.643,-2.341],[103.675,-2.303],[103.656,-2.282],[103.643,-2.282],[103.645,-2.264],[103.668,-2.264],[103.686,-2.28],[103.689,-2.26],[103.679,-2.246],[103.686,-2.246],[103.686,-2.218],[103.645,-2.178],[103.623,-2.17],[103.606,-2.175],[103.611,-2.167],[103.595,-2.162],[103.532,-2.163]]],[[[103.862,-2.02],[103.839,-2.056],[103.759,-2.047],[103.742,-2.094],[103.723,-2.105],[103.726,-2.117],[103.749,-2.132],[103.826,-2.217],[103.837,-2.217],[103.843,-2.192],[103.866,-2.157],[103.914,-2.108],[103.888,-2.077],[103.883,-2.051],[103.862,-2.02]]]]},"properties":{"jenis":"hti","nama":"PT BUMI PERSADA PERMAI (SK 337)","luas":60433,"sk":"SK.688/Menhut-II/2010","tahun":2010}},{"type":"Feature","geometry":{"type":"Polygon","coordinates":[[[102.231,-1.025],[102.195,-1.032],[102.181,-1.049],[102.163,-1.052],[102.151,-1.026],[102.097,-1.027],[102.096,-1.039],[102.106,-1.04],[102.106,-1.081],[102.12,-1.094],[102.162,-1.094],[102.162,-1.073],[102.178,-1.079],[102.205,-1.109],[102.228,-1.1],[102.237,-1.09],[102.231,-1.084],[102.244,-1.07],[102.244,-1.064],[102.237,-1.066],[102.237,-1.045],[102.227,-1.038],[102.231,-1.025]]]},"properties":{"jenis":"hti","nama":"PT WANA MUKTI WISESA","luas":9105,"sk":"275/Kpts-II/1998","tahun":1998}},{"type":"Feature","geometry":{"type":"MultiPolygon","coordinates":[[[[101.138,0.187],[101.087,0.176],[101.094,0.162],[101.089,0.116],[101.155,0.043],[101.149,0.029],[101.101,0.011],[101.026,0.008],[101.001,0.033],[100.996,0.054],[100.974,0.074],[100.959,0.073],[100.949,0.059],[100.976,0.039],[100.984,0.01],[100.992,0.011],[101.023,-0.013],[101.094,-0.026],[101.111,-0.027],[101.115,-0.013],[101.127,-0.019],[101.136,-0.006],[101.173,-0.013],[101.187,-0.007],[101.188,0.014],[101.172,0.027],[101.172,0.053],[101.161,0.047],[101.16,0.063],[101.143,0.079],[101.15,0.084],[101.174,0.077],[101.216,0.092],[101.224,0.106],[101.217,0.149],[101.204,0.149],[101.178,0.172],[101.138,0.187]]],[[[100.968,0.587],[100.948,0.584],[100.937,0.569],[100.934,0.578],[100.93,0.572],[100.92,0.582],[100.917,0.575],[100.9,0.577],[100.881,0.562],[100.863,0.565],[100.861,0.554],[100.849,0.565],[100.859,0.575],[100.855,0.584],[100.842,0.576],[100.836,0.552],[100.843,0.538],[100.863,0.53],[100.849,0.485],[100.85,0.459],[100.862,0.457],[100.869,0.434],[100.875,0.433],[100.878,0.45],[100.891,0.457],[100.945,0.461],[100.955,0.477],[100.957,0.458],[100.966,0.455],[100.973,0.47],[100.985,0.476],[100.99,0.471],[101.007,0.491],[101.001,0.51],[101.026,0.526],[101.018,0.564],[101.006,0.569],[101.007,0.581],[100.968,0.587]]],[[[101.024,-0.031],[101.005,-0.016],[100.988,-0.052],[101.007,-0.076],[101.023,-0.091],[101.034,-0.085],[101.097,-0.096],[101.092,-0.054],[101.098,-0.041],[101.024,-0.031]]]]},"properties":{"jenis":"hti","nama":"PT PERAWANG SUKSES PERKASA","luas":50725,"sk":"SK.249/Kpts-II/1998","tahun":1998}},{"type":"Feature","geometry":{"type":"MultiPolygon","coordinates":[[[[102.419,1.427],[102.363,1.426],[102.363,1.381],[102.394,1.373],[102.404,1.36],[102.408,1.366],[102.434,1.333],[102.477,1.307],[102.476,1.332],[102.464,1.341],[102.459,1.371],[102.448,1.369],[102.419,1.427]]],[[[102.394,1.494],[102.402,1.503],[102.366,1.511],[102.339,1.489],[102.33,1.495],[102.305,1.489],[102.298,1.476],[102.312,1.472],[102.315,1.46],[102.339,1.461],[102.343,1.45],[102.357,1.449],[102.394,1.494]]]]},"properties":{"jenis":"hti","nama":"PT RIMBA ROKAN LESTARI","luas":14875,"sk":"SK.262/Kpts-II/1998","tahun":1998}},{"type":"Feature","geometry":{"type":"Polygon","coordinates":[[[102.348,-0.164],[102.35,-0.172],[102.287,-0.211],[102.33,-0.265],[102.364,-0.288],[102.388,-0.273],[102.398,-0.234],[102.437,-0.234],[102.439,-0.165],[102.436,-0.154],[102.41,-0.164],[102.348,-0.164]]]},"properties":{"jenis":"hti","nama":"PT MITRA KEMBANG SELARAS","luas":14800,"sk":"SK.71/Menhut-II/2007","tahun":2007}},{"type":"Feature","geometry":{"type":"Polygon","coordinates":[[[102.414,-0.049],[102.414,-0.038],[102.389,-0.059],[102.391,-0.093],[102.413,-0.129],[102.435,-0.129],[102.439,-0.073],[102.414,-0.049]]]},"properties":{"jenis":"hti","nama":"PT BUKIT RAYA PELALAWAN","luas":4010,"sk":"SK.70/Menhut-II/2007","tahun":2007}},{"type":"Feature","geometry":{"type":"Polygon","coordinates":[[[101.491,0.313],[101.491,0.297],[101.442,0.294],[101.439,0.284],[101.424,0.281],[101.438,0.251],[101.42,0.238],[101.427,0.228],[101.45,0.229],[101.466,0.206],[101.491,0.203],[101.504,0.196],[101.503,0.189],[101.511,0.203],[101.509,0.189],[101.518,0.189],[101.518,0.203],[101.533,0.193],[101.53,0.202],[101.538,0.213],[101.532,0.291],[101.504,0.313],[101.491,0.313]]]},"properties":{"jenis":"hti","nama":"PT RIMBA SERAYA UTAMA","luas":12600,"sk":"SK.599/Kpts-II/1996","tahun":1996}},{"type":"Feature","geometry":{"type":"Polygon","coordinates":[[[102.137,-0.654],[102.133,-0.587],[102.058,-0.657],[102.091,-0.657],[102.09,-0.688],[102.067,-0.688],[102.067,-0.698],[102.044,-0.697],[102.044,-0.74],[102.012,-0.74],[102.013,-0.797],[102.042,-0.756],[102.118,-0.804],[102.102,-0.755],[102.119,-0.745],[102.121,-0.705],[102.138,-0.691],[102.137,-0.654]]]},"properties":{"jenis":"hti","nama":"PT BUKIT BATUBUH SEI INDAH","luas":13420,"sk":"SK.67/Menhut-II/2007","tahun":2007}},{"type":"Feature","geometry":{"type":"Polygon","coordinates":[[[103.083,-0.116],[103.078,-0.129],[103.048,-0.122],[103.024,-0.141],[103.01,-0.131],[103.001,-0.144],[102.983,-0.133],[102.972,-0.153],[102.962,-0.144],[102.949,-0.154],[102.94,-0.143],[102.928,-0.163],[102.907,-0.157],[102.911,-0.176],[102.898,-0.18],[102.89,-0.17],[102.885,-0.182],[102.871,-0.182],[102.872,-0.201],[102.852,-0.201],[102.838,-0.213],[102.838,-0.251],[103.084,-0.252],[103.083,-0.116]]]},"properties":{"jenis":"hti","nama":"PT BINA DUTA LAKSANA","luas":28890,"sk":"SK.207/Menhut-II/2006","tahun":2006}},{"type":"Feature","geometry":{"type":"Polygon","coordinates":[[[102.01,-0.725],[101.896,-0.725],[101.896,-0.848],[101.95,-0.857],[101.997,-0.824],[102.01,-0.803],[101.978,-0.795],[102.002,-0.74],[102.01,-0.744],[102.01,-0.725]]]},"properties":{"jenis":"hti","nama":"PT CITRA SUMBER SEJAHTERA","luas":15360,"sk":"SK.68/Menhut-II/2007","tahun":2007}},{"type":"Feature","geometry":{"type":"Polygon","coordinates":[[[102.158,0.696],[102.139,0.733],[102.159,0.76],[102.092,0.765],[102.06,0.726],[102.037,0.672],[102.071,0.672],[102.072,0.681],[102.102,0.686],[102.126,0.671],[102.158,0.669],[102.158,0.696]]]},"properties":{"jenis":"hti","nama":"PT EKAWANA LESTARI DARMA","luas":9300,"sk":"SK.733/Kpts-II/97","tahun":1997}},{"type":"Feature","geometry":{"type":"Polygon","coordinates":[[[101.986,0.931],[101.962,0.965],[101.966,0.929],[101.934,0.93],[101.934,0.859],[101.952,0.85],[101.989,0.879],[101.996,0.875],[101.999,0.911],[101.986,0.931]]]},"properties":{"jenis":"hti","nama":"PT RIMBA MANDAU LESTARI","luas":5630,"sk":"SK.552/Menhut-II/2006","tahun":2006}},{"type":"Feature","geometry":{"type":"Polygon","coordinates":[[[124.1,0.452],[124.116,0.454],[124.129,0.435],[124.142,0.436],[124.15,0.475],[124.158,0.476],[124.17,0.463],[124.17,0.453],[124.16,0.448],[124.168,0.446],[124.161,0.427],[124.192,0.426],[124.187,0.434],[124.193,0.446],[124.212,0.446],[124.211,0.492],[124.196,0.484],[124.114,0.474],[124.1,0.452]]]},"properties":{"jenis":"hti","nama":"PT KAWANUA KAHURIPAN PANTERA","luas":7500,"sk":"153 Tahun 2002","tahun":2002}},{"type":"Feature","geometry":{"type":"Polygon","coordinates":[[[122.139,-1.559],[122.161,-1.558],[122.188,-1.524],[122.205,-1.514],[122.207,-1.499],[122.215,-1.499],[122.213,-1.478],[122.221,-1.486],[122.231,-1.484],[122.228,-1.455],[122.239,-1.449],[122.243,-1.424],[122.23,-1.389],[122.201,-1.388],[122.203,-1.404],[122.167,-1.478],[122.151,-1.502],[122.134,-1.501],[122.13,-1.522],[122.081,-1.529],[122.076,-1.522],[122.051,-1.523],[122.041,-1.53],[122.057,-1.539],[122.08,-1.534],[122.1,-1.558],[122.082,-1.563],[122.093,-1.574],[122.139,-1.559]]]},"properties":{"jenis":"hti","nama":"PT BERKAT HUTAN PUSAKA","luas":13400,"sk":"146/Kpts-II/96","tahun":1996}},{"type":"Feature","geometry":{"type":"Polygon","coordinates":[[[119.131,-2.701],[119.149,-2.684],[119.139,-2.674],[119.137,-2.654],[119.102,-2.677],[119.076,-2.724],[119.076,-2.74],[119.065,-2.748],[119.07,-2.767],[119.087,-2.781],[119.085,-2.798],[119.106,-2.804],[119.155,-2.761],[119.17,-2.713],[119.133,-2.715],[119.127,-2.709],[119.131,-2.701]]]},"properties":{"jenis":"hti","nama":"PT AMAL NUSANTARA","luas":10600,"sk":"SK.697/Menhut-II/2010","tahun":2010}},{"type":"Feature","geometry":{"type":"Polygon","coordinates":[[[121.543,-4.65],[121.546,-4.656],[121.534,-4.652],[121.531,-4.661],[121.56,-4.673],[121.561,-4.683],[121.548,-4.685],[121.559,-4.694],[121.576,-4.694],[121.583,-4.702],[121.59,-4.695],[121.63,-4.691],[121.646,-4.695],[121.65,-4.702],[121.642,-4.707],[121.648,-4.715],[121.659,-4.709],[121.66,-4.72],[121.667,-4.714],[121.669,-4.723],[121.681,-4.72],[121.673,-4.709],[121.68,-4.711],[121.683,-4.704],[121.674,-4.693],[121.705,-4.703],[121.705,-4.653],[121.658,-4.663],[121.646,-4.646],[121.698,-4.584],[121.697,-4.561],[121.709,-4.559],[121.723,-4.567],[121.724,-4.547],[121.707,-4.547],[121.704,-4.536],[121.667,-4.555],[121.662,-4.565],[121.62,-4.562],[121.61,-4.577],[121.544,-4.588],[121.535,-4.577],[121.521,-4.581],[121.518,-4.598],[121.515,-4.59],[121.509,-4.593],[121.513,-4.607],[121.507,-4.612],[121.52,-4.614],[121.515,-4.631],[121.543,-4.65]]]},"properties":{"jenis":"hti","nama":"PT SAMPE WALI","luas":24415,"sk":"5/1/IUPHHK-HTI/PMDN/2015","tahun":2015}},{"type":"Feature","geometry":{"type":"MultiPolygon","coordinates":[[[[119.424,-2.033],[119.347,-1.963],[119.332,-1.976],[119.336,-1.988],[119.323,-2.007],[119.338,-2.02],[119.333,-2.045],[119.346,-2.052],[119.347,-2.07],[119.353,-2.071],[119.353,-2.052],[119.39,-2.052],[119.39,-2.069],[119.413,-2.053],[119.424,-2.033]]],[[[119.368,-2.344],[119.367,-2.33],[119.378,-2.318],[119.366,-2.297],[119.375,-2.296],[119.391,-2.251],[119.369,-2.27],[119.366,-2.284],[119.352,-2.285],[119.34,-2.301],[119.351,-2.327],[119.339,-2.331],[119.334,-2.325],[119.329,-2.335],[119.354,-2.348],[119.356,-2.357],[119.368,-2.344]],[[119.367,-2.343],[119.368,-2.342],[119.368,-2.344],[119.367,-2.343]]]]},"properties":{"jenis":"hti","nama":"PT BIO ENERGI INDOCO","luas":9640,"sk":"SK.931/Menhut-II/2013","tahun":2013}},{"type":"Feature","geometry":{"type":"MultiPolygon","coordinates":[[[[121.609,-4.293],[121.596,-4.3],[121.603,-4.301],[121.602,-4.315],[121.59,-4.314],[121.608,-4.328],[121.647,-4.331],[121.626,-4.333],[121.614,-4.344],[121.609,-4.363],[121.616,-4.361],[121.622,-4.374],[121.642,-4.373],[121.638,-4.381],[121.649,-4.381],[121.654,-4.391],[121.675,-4.392],[121.693,-4.381],[121.696,-4.371],[121.682,-4.365],[121.674,-4.362],[121.664,-4.374],[121.653,-4.366],[121.658,-4.349],[121.678,-4.348],[121.676,-4.328],[121.666,-4.328],[121.663,-4.314],[121.642,-4.314],[121.636,-4.295],[121.623,-4.295],[121.635,-4.31],[121.614,-4.307],[121.609,-4.293]]],[[[121.71,-4.381],[121.704,-4.393],[121.709,-4.407],[121.701,-4.41],[121.697,-4.425],[121.711,-4.461],[121.723,-4.465],[121.719,-4.454],[121.73,-4.446],[121.73,-4.474],[121.74,-4.473],[121.74,-4.448],[121.75,-4.441],[121.75,-4.449],[121.77,-4.458],[121.77,-4.447],[121.76,-4.445],[121.77,-4.434],[121.77,-4.416],[121.739,-4.399],[121.728,-4.415],[121.721,-4.383],[121.71,-4.381]]],[[[121.79,-4.286],[121.788,-4.269],[121.782,-4.27],[121.78,-4.29],[121.797,-4.308],[121.804,-4.3],[121.79,-4.286]]],[[[121.767,-4.367],[121.725,-4.367],[121.771,-4.381],[121.771,-4.373],[121.761,-4.371],[121.767,-4.367]]],[[[121.838,-4.296],[121.812,-4.309],[121.819,-4.313],[121.833,-4.299],[121.854,-4.302],[121.838,-4.296]]]]},"properties":{"jenis":"hti","nama":"PT SINAR CERIA SEJATI","luas":10885,"sk":"SK.754/Menhut-II/2014","tahun":2014}},{"type":"Feature","geometry":{"type":"MultiPolygon","coordinates":[[[[118.916,-2.709],[118.905,-2.718],[118.887,-2.718],[118.89,-2.728],[118.879,-2.744],[118.89,-2.764],[118.9,-2.764],[118.883,-2.788],[118.882,-2.804],[118.887,-2.792],[118.888,-2.798],[118.88,-2.806],[118.888,-2.808],[118.869,-2.819],[118.881,-2.834],[118.885,-2.818],[118.924,-2.798],[118.883,-2.82],[118.889,-2.834],[118.91,-2.833],[118.907,-2.838],[118.914,-2.838],[118.904,-2.857],[118.913,-2.851],[118.914,-2.858],[118.898,-2.877],[118.9,-2.888],[118.913,-2.891],[118.901,-2.891],[118.902,-2.898],[118.927,-2.898],[118.906,-2.908],[118.894,-2.933],[118.94,-2.915],[118.945,-2.861],[118.962,-2.844],[118.97,-2.802],[118.966,-2.784],[118.93,-2.766],[118.939,-2.759],[118.962,-2.761],[118.958,-2.731],[118.948,-2.745],[118.934,-2.741],[118.914,-2.722],[118.911,-2.712],[118.922,-2.713],[118.916,-2.709]]],[[[119.268,-2.369],[119.255,-2.347],[119.242,-2.349],[119.243,-2.382],[119.25,-2.386],[119.233,-2.41],[119.218,-2.403],[119.211,-2.408],[119.215,-2.429],[119.191,-2.452],[119.204,-2.455],[119.199,-2.476],[119.21,-2.487],[119.221,-2.479],[119.208,-2.475],[119.217,-2.474],[119.223,-2.46],[119.233,-2.472],[119.226,-2.461],[119.242,-2.452],[119.233,-2.437],[119.222,-2.444],[119.229,-2.428],[119.249,-2.439],[119.258,-2.428],[119.267,-2.431],[119.282,-2.423],[119.283,-2.412],[119.304,-2.399],[119.3,-2.388],[119.308,-2.388],[119.313,-2.368],[119.301,-2.375],[119.29,-2.361],[119.285,-2.369],[119.268,-2.369]]],[[[119.566,-2.317],[119.549,-2.326],[119.552,-2.366],[119.524,-2.371],[119.535,-2.382],[119.558,-2.378],[119.575,-2.396],[119.579,-2.385],[119.602,-2.374],[119.578,-2.341],[119.583,-2.323],[119.603,-2.327],[119.614,-2.362],[119.632,-2.34],[119.609,-2.323],[119.566,-2.317]]],[[[119.639,-2.344],[119.633,-2.339],[119.62,-2.359],[119.639,-2.381],[119.639,-2.365],[119.652,-2.372],[119.659,-2.365],[119.639,-2.344]]],[[[118.901,-2.855],[118.884,-2.845],[118.897,-2.86],[118.901,-2.855]]]]},"properties":{"jenis":"hti","nama":"PT BARA INDOCO","luas":27370,"sk":"SK.110/Menhut-II/2014","tahun":2014}},{"type":"Feature","geometry":{"type":"MultiPolygon","coordinates":[[[[119.823,-5.316],[119.813,-5.307],[119.783,-5.335],[119.799,-5.347],[119.757,-5.353],[119.772,-5.377],[119.81,-5.371],[119.814,-5.356],[119.835,-5.362],[119.833,-5.317],[119.823,-5.316]]],[[[119.769,-5.496],[119.773,-5.47],[119.734,-5.457],[119.724,-5.46],[119.708,-5.491],[119.733,-5.501],[119.727,-5.51],[119.739,-5.524],[119.769,-5.496]]],[[[119.664,-5.261],[119.607,-5.281],[119.594,-5.272],[119.59,-5.277],[119.596,-5.285],[119.621,-5.282],[119.622,-5.295],[119.661,-5.281],[119.65,-5.274],[119.665,-5.275],[119.685,-5.291],[119.691,-5.289],[119.683,-5.28],[119.699,-5.28],[119.714,-5.296],[119.757,-5.288],[119.664,-5.261]]],[[[119.751,-5.189],[119.721,-5.189],[119.721,-5.196],[119.733,-5.192],[119.735,-5.2],[119.707,-5.214],[119.709,-5.232],[119.643,-5.231],[119.635,-5.223],[119.621,-5.236],[119.664,-5.243],[119.686,-5.233],[119.696,-5.248],[119.71,-5.242],[119.712,-5.249],[119.718,-5.242],[119.746,-5.248],[119.747,-5.238],[119.721,-5.233],[119.724,-5.221],[119.717,-5.211],[119.748,-5.202],[119.751,-5.189]]],[[[119.735,-5.376],[119.725,-5.373],[119.73,-5.41],[119.743,-5.424],[119.76,-5.425],[119.759,-5.418],[119.774,-5.413],[119.786,-5.397],[119.767,-5.379],[119.75,-5.39],[119.735,-5.376]]],[[[119.692,-5.08],[119.677,-5.079],[119.667,-5.089],[119.674,-5.102],[119.669,-5.107],[119.657,-5.101],[119.652,-5.124],[119.658,-5.137],[119.67,-5.136],[119.666,-5.124],[119.672,-5.12],[119.702,-5.119],[119.702,-5.1],[119.686,-5.103],[119.692,-5.08]]],[[[119.68,-5.168],[119.673,-5.16],[119.64,-5.166],[119.626,-5.179],[119.643,-5.193],[119.653,-5.192],[119.663,-5.174],[119.679,-5.17],[119.688,-5.182],[119.68,-5.199],[119.689,-5.204],[119.694,-5.173],[119.68,-5.168]]],[[[119.769,-5.559],[119.757,-5.541],[119.733,-5.56],[119.76,-5.568],[119.769,-5.567],[119.769,-5.559]]],[[[119.71,-5.536],[119.714,-5.502],[119.705,-5.504],[119.71,-5.536]]],[[[119.741,-5.105],[119.735,-5.102],[119.721,-5.118],[119.723,-5.131],[119.731,-5.134],[119.726,-5.121],[119.738,-5.118],[119.741,-5.105]]]]},"properties":{"jenis":"hti","nama":"PT INHUTANI I (GOWA MAROS)","luas":18350,"sk":"SK.607/Menhut-II/2012","tahun":2012}},{"type":"Feature","geometry":{"type":"MultiPolygon","coordinates":[[[[122.598,0.93],[122.592,0.937],[122.586,0.925],[122.574,0.936],[122.563,0.929],[122.487,0.934],[122.514,0.914],[122.611,0.873],[122.62,0.864],[122.62,0.82],[122.571,0.815],[122.562,0.844],[122.538,0.855],[122.509,0.843],[122.528,0.828],[122.527,0.818],[122.465,0.81],[122.489,0.799],[122.469,0.795],[122.494,0.786],[122.5,0.79],[122.504,0.78],[122.52,0.789],[122.55,0.775],[122.56,0.786],[122.568,0.784],[122.569,0.793],[122.58,0.783],[122.584,0.789],[122.607,0.781],[122.61,0.771],[122.625,0.77],[122.628,0.758],[122.648,0.748],[122.657,0.749],[122.654,0.769],[122.667,0.75],[122.679,0.753],[122.673,0.759],[122.681,0.755],[122.675,0.738],[122.679,0.729],[122.697,0.725],[122.731,0.702],[122.714,0.732],[122.733,0.747],[122.749,0.745],[122.768,0.711],[122.782,0.706],[122.795,0.732],[122.835,0.732],[122.833,0.744],[122.802,0.778],[122.799,0.791],[122.805,0.795],[122.785,0.803],[122.792,0.813],[122.758,0.825],[122.747,0.822],[122.742,0.83],[122.73,0.823],[122.733,0.83],[122.725,0.826],[122.722,0.837],[122.7,0.833],[122.695,0.824],[122.683,0.847],[122.652,0.854],[122.66,0.88],[122.626,0.913],[122.621,0.928],[122.598,0.93]],[[122.794,0.762],[122.792,0.743],[122.766,0.749],[122.771,0.76],[122.794,0.762]]],[[[123.037,0.787],[123.01,0.82],[123.001,0.773],[122.981,0.758],[122.976,0.744],[122.981,0.732],[122.968,0.718],[122.935,0.718],[122.92,0.692],[122.905,0.702],[122.907,0.73],[122.892,0.748],[122.879,0.701],[122.832,0.675],[122.829,0.667],[122.857,0.671],[122.878,0.663],[122.883,0.671],[122.888,0.659],[122.908,0.656],[122.907,0.686],[122.928,0.686],[122.932,0.695],[122.941,0.685],[122.96,0.682],[122.982,0.694],[122.994,0.723],[123,0.719],[123.012,0.768],[123.041,0.786],[123.07,0.782],[123.07,0.804],[123.037,0.787]]],[[[122.462,0.786],[122.466,0.796],[122.446,0.796],[122.462,0.786]]],[[[122.443,0.792],[122.424,0.796],[122.419,0.781],[122.43,0.792],[122.443,0.792]]]]},"properties":{"jenis":"hti","nama":"PT GORONTALO CITRA LESTARI","luas":46170,"sk":"SK. 261/MENHUT-II/2011","tahun":2011}},{"type":"Feature","geometry":{"type":"MultiPolygon","coordinates":[[[[121.312,-1.381],[121.285,-1.336],[121.281,-1.38],[121.254,-1.375],[121.216,-1.408],[121.187,-1.42],[121.176,-1.438],[121.156,-1.439],[121.169,-1.53],[121.204,-1.482],[121.223,-1.498],[121.206,-1.536],[121.171,-1.568],[121.191,-1.568],[121.193,-1.602],[121.205,-1.605],[121.206,-1.598],[121.227,-1.616],[121.221,-1.576],[121.247,-1.551],[121.236,-1.552],[121.233,-1.543],[121.251,-1.543],[121.245,-1.511],[121.261,-1.517],[121.267,-1.5],[121.282,-1.541],[121.264,-1.554],[121.255,-1.582],[121.273,-1.582],[121.289,-1.57],[121.287,-1.556],[121.307,-1.545],[121.339,-1.552],[121.383,-1.532],[121.413,-1.548],[121.434,-1.539],[121.43,-1.517],[121.421,-1.507],[121.362,-1.497],[121.339,-1.471],[121.313,-1.467],[121.296,-1.475],[121.283,-1.429],[121.26,-1.413],[121.264,-1.403],[121.279,-1.403],[121.294,-1.424],[121.319,-1.416],[121.342,-1.459],[121.356,-1.463],[121.369,-1.453],[121.351,-1.423],[121.315,-1.4],[121.312,-1.381]],[[121.215,-1.449],[121.216,-1.45],[121.214,-1.45],[121.215,-1.449]],[[121.209,-1.449],[121.21,-1.45],[121.209,-1.449],[121.209,-1.449]]],[[[121.138,-1.719],[121.131,-1.73],[121.132,-1.723],[121.112,-1.736],[121.102,-1.733],[121.098,-1.753],[121.072,-1.759],[121.072,-1.769],[121.062,-1.775],[121.049,-1.761],[121.035,-1.805],[121.065,-1.797],[121.09,-1.802],[121.131,-1.831],[121.157,-1.862],[121.167,-1.862],[121.168,-1.897],[121.158,-1.898],[121.155,-1.915],[121.13,-1.92],[121.123,-1.944],[121.142,-1.939],[121.143,-1.925],[121.157,-1.925],[121.165,-1.9],[121.176,-1.899],[121.168,-1.879],[121.174,-1.86],[121.185,-1.862],[121.173,-1.823],[121.169,-1.778],[121.156,-1.8],[121.138,-1.784],[121.153,-1.782],[121.156,-1.772],[121.151,-1.759],[121.135,-1.754],[121.126,-1.742],[121.143,-1.741],[121.138,-1.719]]],[[[121.764,-1.404],[121.76,-1.399],[121.704,-1.404],[121.649,-1.419],[121.649,-1.436],[121.672,-1.487],[121.718,-1.461],[121.752,-1.465],[121.814,-1.433],[121.785,-1.409],[121.798,-1.43],[121.784,-1.433],[121.762,-1.453],[121.726,-1.441],[121.71,-1.456],[121.689,-1.459],[121.675,-1.45],[121.675,-1.429],[121.696,-1.426],[121.691,-1.416],[121.731,-1.403],[121.736,-1.412],[121.764,-1.404]]],[[[121.165,-1.701],[121.166,-1.726],[121.159,-1.72],[121.155,-1.74],[121.145,-1.742],[121.179,-1.757],[121.183,-1.799],[121.197,-1.816],[121.195,-1.834],[121.202,-1.836],[121.205,-1.823],[121.216,-1.844],[121.228,-1.842],[121.224,-1.829],[121.212,-1.826],[121.212,-1.797],[121.196,-1.779],[121.186,-1.741],[121.191,-1.728],[121.165,-1.701]]],[[[121.22,-1.297],[121.205,-1.305],[121.211,-1.325],[121.201,-1.326],[121.213,-1.352],[121.248,-1.338],[121.26,-1.32],[121.22,-1.297]]],[[[121.245,-1.24],[121.236,-1.236],[121.233,-1.255],[121.228,-1.244],[121.221,-1.246],[121.229,-1.255],[121.219,-1.268],[121.225,-1.276],[121.221,-1.284],[121.26,-1.285],[121.261,-1.241],[121.245,-1.24]]],[[[121.331,-1.16],[121.321,-1.148],[121.277,-1.178],[121.33,-1.179],[121.331,-1.16]]],[[[121.239,-1.282],[121.214,-1.285],[121.261,-1.315],[121.26,-1.286],[121.239,-1.282]]],[[[121.09,-1.722],[121.104,-1.705],[121.104,-1.69],[121.083,-1.712],[121.09,-1.722]]],[[[121.268,-1.216],[121.261,-1.214],[121.271,-1.22],[121.268,-1.216]]]]},"properties":{"jenis":"hti","nama":"PT WANA RINDANG LESTARI","luas":59920,"sk":"SK.510/Menhut-II/2014","tahun":2014}},{"type":"Feature","geometry":{"type":"MultiPolygon","coordinates":[[[[122.616,-4.881],[122.616,-4.957],[122.601,-4.958],[122.601,-4.969],[122.586,-4.969],[122.586,-4.987],[122.538,-4.987],[122.51,-5.08],[122.554,-5.086],[122.555,-5.07],[122.583,-5.041],[122.579,-5.022],[122.603,-5.012],[122.629,-4.956],[122.659,-4.941],[122.671,-4.953],[122.69,-4.931],[122.678,-4.908],[122.649,-4.905],[122.641,-4.891],[122.63,-4.899],[122.625,-4.884],[122.616,-4.881]]],[[[122.621,-4.68],[122.609,-4.692],[122.601,-4.685],[122.575,-4.701],[122.591,-4.732],[122.593,-4.77],[122.567,-4.765],[122.561,-4.773],[122.611,-4.787],[122.598,-4.769],[122.614,-4.783],[122.619,-4.777],[122.627,-4.785],[122.644,-4.784],[122.637,-4.781],[122.627,-4.747],[122.6,-4.725],[122.61,-4.723],[122.61,-4.71],[122.616,-4.71],[122.621,-4.68]]],[[[122.871,-4.919],[122.86,-4.933],[122.857,-4.92],[122.85,-4.954],[122.855,-4.966],[122.835,-4.994],[122.841,-5.028],[122.855,-5.004],[122.871,-4.919]]],[[[122.689,-4.63],[122.683,-4.66],[122.708,-4.661],[122.715,-4.652],[122.71,-4.632],[122.689,-4.63]],[[122.707,-4.639],[122.707,-4.636],[122.71,-4.636],[122.707,-4.639]]],[[[122.529,-5.122],[122.51,-5.125],[122.522,-5.136],[122.539,-5.124],[122.529,-5.122]]]]},"properties":{"jenis":"hti","nama":"PT SELE RAYA AGRI","luas":18980,"sk":"SK.736/Menhut-II/2014","tahun":2014}},{"type":"Feature","geometry":{"type":"MultiPolygon","coordinates":[[[[119.753,-5.139],[119.733,-5.139],[119.742,-5.164],[119.713,-5.145],[119.71,-5.159],[119.7,-5.164],[119.685,-5.156],[119.673,-5.164],[119.72,-5.182],[119.754,-5.183],[119.754,-5.164],[119.746,-5.159],[119.753,-5.15],[119.742,-5.153],[119.742,-5.142],[119.756,-5.15],[119.752,-5.144],[119.759,-5.142],[119.761,-5.15],[119.767,-5.14],[119.753,-5.139]]],[[[119.722,-5.097],[119.713,-5.093],[119.726,-5.105],[119.738,-5.102],[119.751,-5.111],[119.749,-5.094],[119.74,-5.101],[119.733,-5.093],[119.722,-5.097]]],[[[119.675,-5.054],[119.665,-5.072],[119.692,-5.076],[119.675,-5.054]]],[[[119.706,-5.105],[119.702,-5.1],[119.702,-5.113],[119.712,-5.114],[119.706,-5.105]]]]},"properties":{"jenis":"hti","nama":"PT SUMBER ALAM PERTIWI","luas":3080,"sk":"25/1/IUPHHK-HTI/PMDN/2016","tahun":2016}},{"type":"Feature","geometry":{"type":"Polygon","coordinates":[[[122.986,0.919],[122.976,0.922],[122.974,0.905],[122.987,0.902],[122.987,0.885],[122.97,0.854],[122.952,0.841],[122.953,0.776],[122.928,0.787],[122.916,0.784],[122.892,0.749],[122.907,0.73],[122.905,0.702],[122.92,0.692],[122.935,0.718],[122.968,0.718],[122.981,0.732],[122.976,0.744],[123.001,0.773],[123.01,0.82],[123.038,0.787],[123.073,0.806],[123.091,0.801],[123.113,0.809],[123.127,0.807],[123.16,0.783],[123.152,0.855],[123.143,0.863],[123.112,0.863],[123.109,0.855],[123.103,0.869],[123.115,0.877],[123.102,0.875],[123.09,0.886],[123.087,0.88],[123.067,0.903],[123.053,0.898],[123.04,0.876],[123.025,0.878],[123.016,0.864],[122.994,0.882],[123.016,0.896],[123.014,0.907],[122.986,0.919]]]},"properties":{"jenis":"hti","nama":"PT GEMA NUSANTARA JAYA","luas":27976,"sk":"1/1/IUPHHK-HTI/PMDN/2017","tahun":2017}},{"type":"Feature","geometry":{"type":"MultiPolygon","coordinates":[[[[118.721,-8.774],[118.718,-8.758],[118.709,-8.774],[118.68,-8.768],[118.657,-8.78],[118.677,-8.806],[118.718,-8.785],[118.726,-8.797],[118.746,-8.797],[118.748,-8.785],[118.768,-8.805],[118.777,-8.795],[118.775,-8.808],[118.786,-8.816],[118.793,-8.804],[118.802,-8.805],[118.818,-8.832],[118.837,-8.839],[118.854,-8.832],[118.916,-8.84],[118.929,-8.829],[118.945,-8.83],[118.941,-8.804],[118.917,-8.793],[118.896,-8.817],[118.843,-8.82],[118.825,-8.814],[118.834,-8.779],[118.826,-8.775],[118.755,-8.776],[118.739,-8.769],[118.73,-8.783],[118.721,-8.774]]],[[[118.72,-8.612],[118.72,-8.625],[118.695,-8.653],[118.679,-8.658],[118.676,-8.676],[118.667,-8.67],[118.677,-8.696],[118.662,-8.696],[118.667,-8.684],[118.655,-8.682],[118.652,-8.694],[118.634,-8.701],[118.621,-8.729],[118.599,-8.735],[118.593,-8.748],[118.605,-8.755],[118.619,-8.742],[118.644,-8.739],[118.644,-8.713],[118.656,-8.7],[118.676,-8.714],[118.686,-8.704],[118.702,-8.714],[118.717,-8.706],[118.71,-8.694],[118.701,-8.697],[118.695,-8.691],[118.713,-8.682],[118.712,-8.671],[118.731,-8.684],[118.731,-8.67],[118.738,-8.665],[118.746,-8.67],[118.747,-8.656],[118.761,-8.653],[118.772,-8.666],[118.762,-8.684],[118.783,-8.672],[118.784,-8.662],[118.776,-8.664],[118.762,-8.642],[118.766,-8.629],[118.758,-8.625],[118.76,-8.633],[118.744,-8.623],[118.736,-8.626],[118.72,-8.612]]],[[[118.569,-8.532],[118.558,-8.537],[118.551,-8.552],[118.589,-8.573],[118.586,-8.604],[118.552,-8.562],[118.555,-8.587],[118.574,-8.606],[118.585,-8.611],[118.595,-8.603],[118.61,-8.604],[118.63,-8.627],[118.668,-8.619],[118.667,-8.605],[118.644,-8.595],[118.635,-8.601],[118.636,-8.616],[118.619,-8.6],[118.629,-8.596],[118.623,-8.589],[118.63,-8.58],[118.602,-8.576],[118.608,-8.548],[118.594,-8.546],[118.59,-8.535],[118.569,-8.532]]],[[[119.171,-8.627],[119.163,-8.622],[119.134,-8.628],[119.128,-8.645],[119.05,-8.671],[119.031,-8.666],[119.011,-8.635],[119.002,-8.639],[119.007,-8.65],[118.998,-8.65],[119.034,-8.68],[119.074,-8.677],[119.134,-8.655],[119.157,-8.657],[119.17,-8.649],[119.156,-8.648],[119.153,-8.655],[119.159,-8.641],[119.151,-8.637],[119.162,-8.638],[119.161,-8.628],[119.17,-8.636],[119.171,-8.627]]],[[[118.814,-8.316],[118.799,-8.306],[118.785,-8.323],[118.79,-8.338],[118.778,-8.348],[118.794,-8.37],[118.836,-8.377],[118.837,-8.353],[118.821,-8.338],[118.814,-8.316]]],[[[118.605,-8.762],[118.608,-8.781],[118.594,-8.802],[118.595,-8.818],[118.568,-8.821],[118.568,-8.837],[118.592,-8.833],[118.612,-8.807],[118.622,-8.805],[118.629,-8.814],[118.633,-8.797],[118.647,-8.796],[118.645,-8.779],[118.637,-8.773],[118.629,-8.78],[118.616,-8.763],[118.605,-8.762]]],[[[119.06,-8.693],[119.043,-8.686],[119.033,-8.704],[119.051,-8.714],[119.044,-8.734],[119.1,-8.75],[119.103,-8.739],[119.091,-8.719],[119.069,-8.717],[119.068,-8.697],[119.06,-8.693]]],[[[118.831,-8.527],[118.831,-8.52],[118.821,-8.527],[118.8,-8.523],[118.803,-8.543],[118.82,-8.555],[118.818,-8.568],[118.809,-8.592],[118.807,-8.572],[118.801,-8.571],[118.794,-8.591],[118.781,-8.591],[118.784,-8.602],[118.817,-8.604],[118.827,-8.588],[118.821,-8.575],[118.831,-8.527]]],[[[119.019,-8.708],[119.011,-8.703],[118.974,-8.72],[118.969,-8.746],[119.032,-8.734],[119.019,-8.708]]],[[[118.543,-8.858],[118.557,-8.849],[118.555,-8.829],[118.502,-8.866],[118.503,-8.882],[118.543,-8.858]]],[[[118.927,-8.567],[118.921,-8.561],[118.91,-8.567],[118.903,-8.589],[118.908,-8.618],[118.93,-8.61],[118.919,-8.596],[118.927,-8.567]]],[[[118.81,-8.414],[118.811,-8.394],[118.781,-8.363],[118.795,-8.409],[118.81,-8.414]]],[[[118.925,-8.671],[118.884,-8.668],[118.874,-8.677],[118.84,-8.672],[118.855,-8.693],[118.89,-8.672],[118.919,-8.676],[118.925,-8.671]]]]},"properties":{"jenis":"hti","nama":"PT KOIN NESIA","luas":41960,"sk":"SK.428/Menhut-II/2009","tahun":2009}},{"type":"Feature","geometry":{"type":"MultiPolygon","coordinates":[[[[117.983,-8.392],[117.972,-8.405],[117.992,-8.42],[118.115,-8.45],[118.156,-8.489],[118.171,-8.471],[118.182,-8.483],[118.222,-8.486],[118.252,-8.505],[118.24,-8.476],[118.212,-8.453],[118.19,-8.463],[118.176,-8.447],[118.139,-8.435],[118.132,-8.443],[118.081,-8.409],[118.043,-8.41],[117.983,-8.392]]],[[[118.355,-8.37],[118.346,-8.37],[118.349,-8.393],[118.343,-8.396],[118.34,-8.424],[118.351,-8.437],[118.347,-8.458],[118.357,-8.469],[118.342,-8.477],[118.335,-8.503],[118.34,-8.517],[118.347,-8.516],[118.347,-8.546],[118.376,-8.538],[118.363,-8.513],[118.384,-8.439],[118.377,-8.429],[118.382,-8.39],[118.376,-8.37],[118.355,-8.37]]],[[[118.157,-8.236],[118.148,-8.206],[118.121,-8.236],[118.146,-8.256],[118.187,-8.319],[118.223,-8.35],[118.214,-8.316],[118.217,-8.293],[118.167,-8.259],[118.157,-8.236]]],[[[118.222,-8.354],[118.189,-8.376],[118.211,-8.379],[118.218,-8.395],[118.23,-8.396],[118.229,-8.404],[118.25,-8.417],[118.27,-8.447],[118.275,-8.433],[118.298,-8.426],[118.274,-8.424],[118.296,-8.41],[118.286,-8.402],[118.258,-8.412],[118.252,-8.404],[118.264,-8.39],[118.244,-8.388],[118.245,-8.377],[118.232,-8.364],[118.225,-8.366],[118.222,-8.354]]]]},"properties":{"jenis":"hti","nama":"PT USAHATANI LESTARI-CARBON POSITIVE","luas":22820,"sk":"SK.660/Menhut-II/2009","tahun":2009}},{"type":"Feature","geometry":{"type":"MultiPolygon","coordinates":[[[[116.643,-8.326],[116.651,-8.352],[116.663,-8.355],[116.661,-8.364],[116.674,-8.378],[116.677,-8.416],[116.704,-8.424],[116.692,-8.413],[116.702,-8.416],[116.703,-8.394],[116.693,-8.387],[116.684,-8.396],[116.675,-8.362],[116.686,-8.357],[116.688,-8.367],[116.689,-8.353],[116.679,-8.357],[116.663,-8.348],[116.667,-8.342],[116.657,-8.349],[116.656,-8.338],[116.643,-8.326]]],[[[116.435,-8.311],[116.413,-8.317],[116.414,-8.324],[116.45,-8.333],[116.466,-8.328],[116.467,-8.318],[116.45,-8.326],[116.435,-8.311]]],[[[116.367,-8.294],[116.367,-8.317],[116.379,-8.321],[116.385,-8.313],[116.397,-8.319],[116.396,-8.308],[116.367,-8.294]]],[[[116.181,-8.76],[116.173,-8.757],[116.174,-8.767],[116.162,-8.778],[116.143,-8.776],[116.151,-8.788],[116.162,-8.78],[116.165,-8.788],[116.17,-8.775],[116.184,-8.768],[116.181,-8.76]]],[[[116.207,-8.792],[116.207,-8.815],[116.2,-8.814],[116.21,-8.821],[116.207,-8.792]]],[[[116.653,-8.314],[116.647,-8.315],[116.646,-8.322],[116.653,-8.314]]],[[[116.661,-8.319],[116.656,-8.315],[116.657,-8.32],[116.661,-8.319]]]]},"properties":{"jenis":"hti","nama":"PT SADHANA ARIFNUSA","luas":3810,"sk":"SK.256/Menhut II/2011","tahun":2011}},{"type":"Feature","geometry":{"type":"MultiPolygon","coordinates":[[[[119.137,-9.707],[119.149,-9.699],[119.158,-9.667],[119.152,-9.656],[119.135,-9.651],[119.109,-9.661],[119.091,-9.7],[119.124,-9.713],[119.137,-9.707]]],[[[119.731,-9.586],[119.732,-9.547],[119.714,-9.545],[119.696,-9.565],[119.712,-9.61],[119.734,-9.601],[119.731,-9.586]]],[[[119.134,-9.585],[119.113,-9.582],[119.104,-9.6],[119.125,-9.63],[119.135,-9.628],[119.148,-9.595],[119.134,-9.585]]],[[[119.61,-9.647],[119.571,-9.648],[119.561,-9.655],[119.594,-9.673],[119.636,-9.671],[119.61,-9.647]]],[[[119.163,-9.732],[119.187,-9.72],[119.188,-9.694],[119.154,-9.707],[119.151,-9.716],[119.163,-9.732]]],[[[119.189,-9.581],[119.205,-9.561],[119.19,-9.54],[119.175,-9.554],[119.178,-9.571],[119.189,-9.581]]],[[[119.362,-9.584],[119.344,-9.567],[119.335,-9.571],[119.336,-9.584],[119.353,-9.598],[119.366,-9.599],[119.362,-9.584]]],[[[119.053,-9.461],[119.045,-9.471],[119.048,-9.479],[119.069,-9.484],[119.071,-9.467],[119.053,-9.461]]]]},"properties":{"jenis":"hti","nama":"PT WONO INHUTANI NIAGA","luas":12660,"sk":"SK.740/Menhut-II/2014","tahun":2014}},{"type":"Feature","geometry":{"type":"MultiPolygon","coordinates":[[[[123.986,-9.714],[123.987,-9.697],[123.979,-9.693],[123.974,-9.715],[123.967,-9.706],[123.956,-9.71],[123.978,-9.737],[123.966,-9.755],[123.966,-9.776],[123.908,-9.815],[123.93,-9.844],[123.942,-9.846],[123.927,-9.848],[123.912,-9.838],[123.934,-9.857],[123.923,-9.869],[123.902,-9.874],[123.906,-9.883],[123.927,-9.881],[123.93,-9.902],[123.938,-9.905],[123.933,-9.915],[123.926,-9.915],[123.923,-9.893],[123.908,-9.887],[123.901,-9.897],[123.912,-9.909],[123.894,-9.906],[123.873,-9.915],[123.851,-9.904],[123.85,-9.894],[123.835,-9.895],[123.843,-9.891],[123.853,-9.855],[123.859,-9.869],[123.849,-9.877],[123.853,-9.886],[123.869,-9.888],[123.861,-9.88],[123.867,-9.868],[123.883,-9.878],[123.883,-9.857],[123.897,-9.84],[123.907,-9.839],[123.898,-9.833],[123.873,-9.845],[123.873,-9.861],[123.867,-9.862],[123.859,-9.849],[123.851,-9.849],[123.846,-9.826],[123.832,-9.851],[123.843,-9.846],[123.847,-9.856],[123.84,-9.855],[123.823,-9.875],[123.824,-9.858],[123.8,-9.869],[123.829,-9.914],[123.809,-9.917],[123.832,-9.927],[123.841,-9.919],[123.836,-9.908],[123.846,-9.904],[123.847,-9.915],[123.857,-9.909],[123.864,-9.915],[123.863,-9.929],[123.873,-9.919],[123.872,-9.931],[123.858,-9.938],[123.866,-9.959],[123.857,-9.965],[123.852,-9.99],[123.869,-9.995],[123.862,-9.997],[123.863,-10.009],[123.87,-9.996],[123.865,-9.977],[123.888,-9.974],[123.882,-9.965],[123.897,-9.963],[123.905,-9.944],[123.924,-9.944],[123.922,-9.955],[123.931,-9.949],[123.928,-9.959],[123.907,-9.961],[123.913,-9.967],[123.942,-9.964],[123.964,-9.933],[123.964,-9.923],[123.951,-9.928],[123.946,-9.912],[123.943,-9.923],[123.934,-9.926],[123.942,-9.912],[123.935,-9.882],[123.948,-9.864],[123.935,-9.857],[123.956,-9.854],[123.939,-9.833],[123.963,-9.82],[123.965,-9.798],[123.985,-9.804],[123.985,-9.812],[123.996,-9.806],[123.99,-9.825],[123.998,-9.839],[124.032,-9.829],[124.033,-9.854],[124.049,-9.848],[124.056,-9.856],[124.063,-9.844],[124.085,-9.851],[124.065,-9.81],[124.039,-9.812],[124.037,-9.823],[123.994,-9.772],[123.989,-9.782],[123.966,-9.782],[123.969,-9.757],[123.995,-9.737],[124.007,-9.755],[124.031,-9.757],[124.027,-9.735],[123.996,-9.736],[123.986,-9.728],[123.986,-9.714]],[[123.889,-9.941],[123.899,-9.951],[123.876,-9.962],[123.886,-9.951],[123.873,-9.953],[123.866,-9.938],[123.874,-9.948],[123.881,-9.939],[123.889,-9.941]],[[123.88,-9.932],[123.888,-9.923],[123.891,-9.931],[123.88,-9.932]],[[123.938,-9.931],[123.937,-9.942],[123.933,-9.932],[123.938,-9.931]],[[123.985,-9.797],[123.993,-9.799],[123.987,-9.801],[123.985,-9.797]],[[123.921,-9.938],[123.923,-9.932],[123.924,-9.941],[123.921,-9.938]],[[123.871,-9.96],[123.87,-9.968],[123.868,-9.962],[123.871,-9.96]],[[123.843,-9.867],[123.841,-9.872],[123.839,-9.868],[123.843,-9.867]],[[123.877,-9.94],[123.878,-9.937],[123.879,-9.939],[123.877,-9.94]],[[123.835,-9.867],[123.834,-9.865],[123.837,-9.863],[123.835,-9.867]],[[123.862,-9.975],[123.861,-9.972],[123.864,-9.974],[123.862,-9.975]]],[[[123.751,-9.863],[123.721,-9.849],[123.698,-9.897],[123.709,-9.939],[123.69,-9.948],[123.706,-9.963],[123.728,-9.949],[123.708,-9.967],[123.715,-9.97],[123.712,-9.98],[123.732,-9.99],[123.752,-9.953],[123.763,-9.955],[123.76,-9.983],[123.783,-9.985],[123.796,-9.974],[123.794,-9.99],[123.802,-9.999],[123.783,-10.004],[123.785,-10.013],[123.798,-10.025],[123.813,-10.025],[123.807,-10.015],[123.813,-9.997],[123.837,-10.009],[123.833,-9.998],[123.84,-9.986],[123.836,-9.979],[123.828,-9.993],[123.818,-9.986],[123.811,-9.994],[123.825,-9.967],[123.818,-9.96],[123.808,-9.963],[123.802,-9.953],[123.819,-9.947],[123.839,-9.977],[123.856,-9.943],[123.842,-9.947],[123.842,-9.936],[123.829,-9.931],[123.823,-9.941],[123.804,-9.932],[123.786,-9.885],[123.755,-9.906],[123.737,-9.894],[123.733,-9.87],[123.751,-9.863]],[[123.821,-9.974],[123.819,-9.97],[123.821,-9.969],[123.821,-9.974]]],[[[119.357,-9.644],[119.344,-9.644],[119.333,-9.659],[119.264,-9.703],[119.303,-9.709],[119.338,-9.685],[119.382,-9.687],[119.387,-9.663],[119.372,-9.646],[119.357,-9.644]]],[[[124.033,-9.856],[124.026,-9.872],[124.038,-9.892],[124.056,-9.909],[124.071,-9.904],[124.074,-9.872],[124.049,-9.856],[124.048,-9.873],[124.033,-9.856]]],[[[123.672,-9.957],[123.653,-9.963],[123.662,-9.978],[123.686,-9.97],[123.672,-9.957]]],[[[123.855,-9.786],[123.856,-9.772],[123.835,-9.787],[123.838,-9.802],[123.849,-9.802],[123.855,-9.786]]],[[[123.832,-9.824],[123.82,-9.829],[123.832,-9.833],[123.832,-9.824]]],[[[123.872,-9.841],[123.873,-9.834],[123.859,-9.844],[123.872,-9.841]]],[[[123.879,-9.824],[123.872,-9.824],[123.874,-9.834],[123.879,-9.824]]],[[[123.89,-9.835],[123.887,-9.831],[123.88,-9.835],[123.89,-9.835]]]]},"properties":{"jenis":"hti","nama":"PT USAHA TANI LESTARI (NTT)","luas":41515,"sk":"SK.216/Menhut-II/2013","tahun":2013}},{"type":"Feature","geometry":{"type":"MultiPolygon","coordinates":[[[[112.351,0.651],[112.334,0.654],[112.284,0.63],[112.299,0.614],[112.298,0.602],[112.305,0.602],[112.291,0.579],[112.301,0.59],[112.334,0.591],[112.371,0.554],[112.4,0.543],[112.451,0.544],[112.479,0.576],[112.501,0.579],[112.488,0.591],[112.487,0.604],[112.454,0.601],[112.441,0.587],[112.438,0.614],[112.417,0.589],[112.398,0.589],[112.389,0.606],[112.377,0.598],[112.356,0.619],[112.351,0.651]],[[112.328,0.647],[112.332,0.64],[112.324,0.643],[112.33,0.641],[112.328,0.647]]],[[[112.515,0.694],[112.492,0.7],[112.46,0.687],[112.442,0.645],[112.462,0.655],[112.487,0.656],[112.491,0.645],[112.506,0.644],[112.508,0.63],[112.526,0.646],[112.529,0.677],[112.515,0.694]],[[112.497,0.656],[112.509,0.665],[112.504,0.65],[112.496,0.648],[112.497,0.656]]],[[[112.265,0.583],[112.252,0.577],[112.234,0.551],[112.22,0.556],[112.224,0.566],[112.214,0.577],[112.203,0.567],[112.18,0.571],[112.18,0.561],[112.163,0.556],[112.161,0.543],[112.15,0.553],[112.15,0.547],[112.202,0.528],[112.257,0.54],[112.287,0.575],[112.278,0.569],[112.265,0.583]]]]},"properties":{"jenis":"hti","nama":"PT SINAR MAKMUR DWISESA","luas":9570,"sk":"SK.17/1/IUPHHK-HTI/PMDN/2017","tahun":2017}},{"type":"Feature","geometry":{"type":"Polygon","coordinates":[[[116.338,-1.111],[116.33,-1.117],[116.336,-1.122],[116.332,-1.13],[116.315,-1.134],[116.304,-1.151],[116.316,-1.155],[116.354,-1.202],[116.333,-1.213],[116.332,-1.229],[116.307,-1.223],[116.258,-1.246],[116.247,-1.267],[116.267,-1.268],[116.319,-1.23],[116.355,-1.237],[116.388,-1.225],[116.401,-1.197],[116.433,-1.183],[116.374,-1.147],[116.343,-1.123],[116.338,-1.111]]]},"properties":{"jenis":"hti","nama":"PT MITRA MULIA MAHAKAM","luas":10350,"sk":"SK.15/1/IUPHHK-HTI/PMDN/2017","tahun":2017}},{"type":"Feature","geometry":{"type":"MultiPolygon","coordinates":[[[[106.008,-2.663],[105.951,-2.667],[105.952,-2.678],[105.933,-2.702],[105.921,-2.706],[105.977,-2.786],[106.083,-2.811],[106.111,-2.834],[106.133,-2.806],[106.137,-2.715],[106.148,-2.698],[106.089,-2.678],[106.038,-2.71],[106.008,-2.663]]],[[[106.219,-2.825],[106.216,-2.834],[106.208,-2.833],[106.217,-2.838],[106.206,-2.844],[106.206,-2.854],[106.181,-2.853],[106.175,-2.864],[106.209,-2.872],[106.234,-2.842],[106.251,-2.846],[106.252,-2.835],[106.262,-2.829],[106.223,-2.83],[106.219,-2.825]]],[[[106.278,-2.829],[106.27,-2.828],[106.297,-2.842],[106.304,-2.867],[106.325,-2.866],[106.336,-2.851],[106.314,-2.841],[106.312,-2.831],[106.278,-2.829]]]]},"properties":{"jenis":"hti","nama":"PT HUTAN LESTARI RAYA","luas":31630,"sk":"19/1/IUPHHK-HTI/PMDN/2017","tahun":2017}},{"type":"Feature","geometry":{"type":"MultiPolygon","coordinates":[[[[102.792,-1.279],[102.801,-1.267],[102.776,-1.264],[102.677,-1.305],[102.672,-1.299],[102.634,-1.39],[102.687,-1.418],[102.69,-1.387],[102.725,-1.366],[102.74,-1.39],[102.742,-1.427],[102.812,-1.487],[102.957,-1.484],[102.998,-1.52],[102.978,-1.529],[102.981,-1.545],[103.025,-1.545],[103.025,-1.533],[103.123,-1.533],[103.123,-1.524],[103.207,-1.528],[103.208,-1.372],[103.199,-1.368],[103.198,-1.341],[103.114,-1.341],[103.107,-1.35],[103.033,-1.382],[102.98,-1.372],[102.955,-1.342],[102.934,-1.341],[102.903,-1.355],[102.9,-1.392],[102.865,-1.392],[102.841,-1.357],[102.841,-1.343],[102.793,-1.342],[102.799,-1.315],[102.781,-1.312],[102.775,-1.352],[102.749,-1.352],[102.766,-1.342],[102.768,-1.315],[102.807,-1.302],[102.825,-1.286],[102.792,-1.279]]],[[[103.493,-0.982],[103.465,-0.974],[103.445,-0.984],[103.409,-0.984],[103.409,-1.02],[103.394,-1.028],[103.394,-1.042],[103.422,-1.107],[103.413,-1.122],[103.425,-1.122],[103.427,-1.132],[103.422,-1.157],[103.427,-1.164],[103.415,-1.194],[103.421,-1.176],[103.38,-1.173],[103.371,-1.148],[103.379,-1.146],[103.368,-1.131],[103.376,-1.125],[103.366,-1.127],[103.344,-1.084],[103.375,-1.078],[103.381,-1.071],[103.368,-1.052],[103.354,-1.056],[103.346,-1.031],[103.273,-1.017],[103.207,-1.026],[103.19,-1.004],[103.184,-1.043],[103.193,-1.061],[103.205,-1.065],[103.194,-1.064],[103.202,-1.088],[103.203,-1.137],[103.166,-1.146],[103.138,-1.161],[103.134,-1.179],[103.123,-1.179],[103.115,-1.202],[103.127,-1.24],[103.137,-1.25],[103.17,-1.259],[103.182,-1.25],[103.188,-1.261],[103.192,-1.247],[103.197,-1.255],[103.201,-1.251],[103.194,-1.235],[103.203,-1.198],[103.246,-1.192],[103.247,-1.183],[103.404,-1.222],[103.406,-1.205],[103.419,-1.204],[103.422,-1.226],[103.441,-1.227],[103.449,-1.242],[103.481,-1.226],[103.49,-1.238],[103.501,-1.233],[103.509,-1.262],[103.532,-1.26],[103.543,-1.245],[103.538,-1.204],[103.514,-1.178],[103.507,-1.135],[103.491,-1.112],[103.499,-1.115],[103.51,-1.106],[103.501,-1.099],[103.517,-1.049],[103.531,-1.041],[103.53,-1.027],[103.542,-1.029],[103.544,-1.022],[103.525,-0.998],[103.493,-0.982]]],[[[103.03,-0.755],[103.004,-0.755],[102.928,-0.866],[102.86,-0.928],[102.796,-0.972],[102.791,-1.002],[102.82,-1.001],[102.857,-1.022],[102.855,-1.027],[102.868,-1.027],[102.871,-1.014],[102.858,-0.988],[102.969,-0.992],[102.991,-1.023],[102.986,-1.055],[103.016,-1.062],[103.024,-1.073],[103.025,-1.084],[103.014,-1.091],[103.02,-1.095],[103.045,-1.091],[103.045,-1.083],[103.025,-1.067],[103.046,-1.044],[103.032,-1.036],[103.016,-1.058],[103.008,-1.051],[103.019,-1.038],[103.019,-1.024],[103.034,-1.024],[103.012,-0.998],[103.052,-0.994],[103.051,-0.98],[103.038,-0.98],[103.03,-0.924],[103.005,-0.923],[102.997,-0.907],[102.979,-0.907],[102.979,-0.897],[102.969,-0.897],[102.969,-0.86],[102.992,-0.856],[102.992,-0.847],[103.003,-0.848],[103.003,-0.837],[103.023,-0.83],[103.023,-0.82],[103.063,-0.772],[103.063,-0.759],[103.03,-0.755]]],[[[103.588,-1.237],[103.573,-1.238],[103.566,-1.252],[103.576,-1.26],[103.569,-1.286],[103.579,-1.289],[103.587,-1.314],[103.587,-1.369],[103.598,-1.382],[103.598,-1.414],[103.73,-1.419],[103.739,-1.404],[103.797,-1.403],[103.806,-1.398],[103.806,-1.386],[103.871,-1.354],[103.783,-1.359],[103.777,-1.353],[103.781,-1.301],[103.759,-1.297],[103.758,-1.337],[103.707,-1.333],[103.707,-1.323],[103.649,-1.316],[103.651,-1.238],[103.588,-1.237]]],[[[103.175,-0.876],[103.152,-0.865],[103.147,-0.881],[103.139,-0.872],[103.058,-0.875],[103.053,-0.908],[103.068,-0.908],[103.075,-0.934],[103.062,-0.941],[103.089,-0.941],[103.089,-0.968],[103.127,-0.967],[103.128,-0.985],[103.19,-0.985],[103.189,-0.999],[103.213,-0.967],[103.247,-0.946],[103.263,-0.944],[103.254,-0.961],[103.264,-0.964],[103.278,-0.952],[103.285,-0.957],[103.291,-0.95],[103.309,-0.95],[103.326,-0.925],[103.319,-0.918],[103.306,-0.921],[103.298,-0.937],[103.281,-0.941],[103.273,-0.939],[103.275,-0.924],[103.261,-0.923],[103.253,-0.904],[103.225,-0.912],[103.212,-0.904],[103.187,-0.906],[103.175,-0.876]]],[[[103.333,-1.374],[103.321,-1.372],[103.314,-1.401],[103.305,-1.401],[103.309,-1.422],[103.292,-1.48],[103.232,-1.557],[103.259,-1.577],[103.279,-1.57],[103.307,-1.573],[103.294,-1.566],[103.317,-1.565],[103.326,-1.544],[103.311,-1.532],[103.311,-1.517],[103.366,-1.455],[103.35,-1.43],[103.346,-1.387],[103.333,-1.374]]],[[[103.893,-1.462],[103.816,-1.462],[103.816,-1.486],[103.91,-1.479],[103.92,-1.471],[103.893,-1.462]]],[[[103.692,-1.126],[103.65,-1.106],[103.63,-1.106],[103.603,-1.118],[103.651,-1.136],[103.695,-1.139],[103.692,-1.126]]],[[[103.341,-1.246],[103.33,-1.246],[103.33,-1.262],[103.367,-1.271],[103.371,-1.252],[103.341,-1.246]]]]},"properties":{"jenis":"hti","nama":"PT WIRA KARYA SAKTI","luas":290378,"sk":"SK.57/Menlhk/Setjen/HPL.0/1/2018","tahun":2018}},{"type":"Feature","geometry":{"type":"Polygon","coordinates":[[[125.155,-1.789],[125.168,-1.849],[125.25,-1.866],[125.275,-1.867],[125.286,-1.858],[125.275,-1.807],[125.259,-1.801],[125.258,-1.782],[125.27,-1.778],[125.277,-1.762],[125.266,-1.736],[125.244,-1.738],[125.233,-1.759],[125.235,-1.789],[125.227,-1.8],[125.174,-1.8],[125.175,-1.781],[125.159,-1.781],[125.155,-1.789]]]},"properties":{"jenis":"hti","nama":"PT KALPIKA WANATAMA UNIT I","luas":11780,"sk":"SK.612/Menhut-II/2009","tahun":2009}},{"type":"Feature","geometry":{"type":"Polygon","coordinates":[[[125.373,-1.846],[125.415,-1.872],[125.437,-1.87],[125.457,-1.887],[125.477,-1.886],[125.487,-1.905],[125.501,-1.898],[125.509,-1.881],[125.535,-1.883],[125.554,-1.895],[125.579,-1.876],[125.577,-1.858],[125.565,-1.849],[125.564,-1.858],[125.556,-1.857],[125.547,-1.837],[125.479,-1.852],[125.455,-1.831],[125.442,-1.836],[125.433,-1.822],[125.416,-1.826],[125.392,-1.812],[125.367,-1.842],[125.373,-1.846]]]},"properties":{"jenis":"hti","nama":"PT KALPIKA WANATAMA UNIT II","luas":11242,"sk":"189/Kpts-II/1998","tahun":1998}},{"type":"Feature","geometry":{"type":"Polygon","coordinates":[[[127.154,-3.413],[127.141,-3.391],[127.118,-3.422],[127.097,-3.425],[127.087,-3.413],[127.076,-3.432],[127.048,-3.447],[127.033,-3.442],[127.028,-3.451],[127.008,-3.443],[126.933,-3.498],[126.939,-3.526],[126.874,-3.528],[126.879,-3.545],[126.892,-3.555],[126.874,-3.582],[126.897,-3.63],[126.908,-3.614],[126.983,-3.603],[127.005,-3.583],[127.01,-3.55],[127.024,-3.571],[127.044,-3.566],[127.076,-3.528],[127.097,-3.538],[127.093,-3.557],[127.107,-3.559],[127.114,-3.53],[127.073,-3.508],[127.064,-3.495],[127.07,-3.448],[127.081,-3.438],[127.138,-3.434],[127.132,-3.44],[127.134,-3.469],[127.141,-3.478],[127.163,-3.479],[127.164,-3.459],[127.145,-3.417],[127.154,-3.413]]]},"properties":{"jenis":"hti","nama":"PT WAENIBE WOOD INDUSTRIES","luas":33245,"sk":"SK.155/MENHUT-II/2009","tahun":2009}},{"type":"Feature","geometry":{"type":"MultiPolygon","coordinates":[[[[101.41,0.158],[101.4,0.146],[101.407,0.134],[101.48,0.082],[101.61,0.112],[101.61,0.118],[101.41,0.158]]],[[[101.621,0.04],[101.633,0.054],[101.609,0.102],[101.49,0.074],[101.537,0.039],[101.607,0.023],[101.621,0.04]]],[[[101.459,0.073],[101.388,0.126],[101.35,0.056],[101.403,0.044],[101.423,0.053],[101.436,0.071],[101.459,0.073]]]]},"properties":{"jenis":"hti","nama":"PT NUSANTARA SENTOSA RAYA (DH.SIAK RY TBR)","luas":23030,"sk":"SK.505/Menhut-II/2012","tahun":2012}},{"type":"Feature","geometry":{"type":"Polygon","coordinates":[[[101.846,0.119],[101.834,0.115],[101.816,0.094],[101.785,0.084],[101.77,0.051],[101.778,0.024],[101.789,0.024],[101.784,0.063],[101.823,0.066],[101.845,0.087],[101.893,0.087],[101.883,0.118],[101.851,0.106],[101.846,0.119]]]},"properties":{"jenis":"hti","nama":"PT NUSA PRIMA MANUNGGAL","luas":4412,"sk":"SK.522.1/dISHUT/XI/2002/002","tahun":2002}},{"type":"Feature","geometry":{"type":"MultiPolygon","coordinates":[[[[102.801,-0.21],[102.798,-0.248],[102.697,-0.248],[102.693,-0.385],[102.748,-0.387],[102.768,-0.404],[102.77,-0.42],[102.793,-0.425],[102.83,-0.418],[102.873,-0.424],[102.915,-0.392],[102.969,-0.251],[102.838,-0.251],[102.838,-0.213],[102.828,-0.22],[102.801,-0.21]]],[[[100.621,1.977],[100.613,1.983],[100.611,1.971],[100.639,1.82],[100.726,1.782],[100.746,1.721],[100.784,1.722],[100.775,1.74],[100.782,1.749],[100.805,1.745],[100.825,1.758],[100.839,1.758],[100.848,1.77],[100.873,1.767],[100.888,1.774],[100.81,1.876],[100.732,1.938],[100.652,1.967],[100.638,1.965],[100.621,1.977]]],[[[101.506,1.961],[101.502,1.966],[101.494,1.944],[101.494,1.918],[101.458,1.918],[101.459,1.89],[101.436,1.889],[101.451,1.826],[101.482,1.791],[101.506,1.777],[101.505,1.769],[101.53,1.758],[101.556,1.762],[101.572,1.745],[101.669,1.782],[101.679,1.799],[101.617,1.865],[101.601,1.928],[101.586,1.928],[101.571,1.96],[101.506,1.961]]],[[[103.12,0.911],[103.088,0.954],[103.089,0.97],[103.073,0.988],[103.013,1.023],[103.007,1.038],[102.956,1.064],[102.948,1.078],[102.928,1.09],[102.912,1.089],[102.901,1.075],[102.904,1.05],[102.946,1.037],[102.956,1.027],[102.94,1.017],[102.941,1.001],[103.008,0.961],[103.062,0.889],[103.074,0.892],[103.074,0.88],[103.082,0.878],[103.086,0.895],[103.103,0.89],[103.12,0.911]]],[[[102.912,1.009],[102.905,1.026],[102.881,1.009],[102.9,0.992],[102.912,1.009]]]]},"properties":{"jenis":"hti","nama":"PT SUMATERA RIANG LESTARI","luas":148075,"sk":"SK.208/Menhut-II/2007","tahun":2007}},{"type":"Feature","geometry":{"type":"MultiPolygon","coordinates":[[[[103.027,-0.755],[103.004,-0.754],[102.997,-0.764],[102.987,-0.759],[102.945,-0.813],[102.883,-0.791],[102.889,-0.808],[102.883,-0.83],[102.838,-0.843],[102.793,-0.907],[102.794,-0.982],[102.797,-0.97],[102.86,-0.928],[102.928,-0.866],[103.004,-0.755],[103.027,-0.755]]],[[[103.03,-0.755],[103.061,-0.759],[103.061,-0.755],[103.03,-0.755]]]]},"properties":{"jenis":"hti","nama":"PT SARI HIJAU MUTIARA","luas":20000,"sk":"SK.378/Menhut-II/2008","tahun":2008}},{"type":"Feature","geometry":{"type":"MultiPolygon","coordinates":[[[[100.988,1.148],[100.992,1.193],[100.942,1.219],[100.957,1.096],[100.973,1.055],[100.991,1.117],[100.988,1.148]]],[[[100.964,1.053],[100.918,1.063],[100.913,1.033],[100.954,1.033],[100.964,1.053]]]]},"properties":{"jenis":"hti","nama":"PT BINA DAYA BINTARA","luas":7550,"sk":"SK.64/Menhut-II/2007","tahun":2007}},{"type":"Feature","geometry":{"type":"Polygon","coordinates":[[[102.298,0.562],[102.266,0.445],[102.294,0.425],[102.293,0.477],[102.31,0.519],[102.332,0.517],[102.34,0.562],[102.298,0.562]]]},"properties":{"jenis":"hti","nama":"CV ALAM LESTARI","luas":3300,"sk":"SK.522.21/IUPHHK-HTI/I/2003/015","tahun":2003}},{"type":"Feature","geometry":{"type":"Polygon","coordinates":[[[102.405,0.405],[102.395,0.425],[102.338,0.387],[102.366,0.353],[102.39,0.339],[102.426,0.363],[102.405,0.405]]]},"properties":{"jenis":"hti","nama":"CV HARAPAN JAYA","luas":4800,"sk":"SK.522.21/IUPHHK-HTI/I/2003/016","tahun":2003}},{"type":"Feature","geometry":{"type":"Polygon","coordinates":[[[102.397,0.562],[102.34,0.562],[102.332,0.517],[102.318,0.513],[102.303,0.449],[102.338,0.387],[102.395,0.426],[102.397,0.562]]]},"properties":{"jenis":"hti","nama":"PT MADUKORO","luas":15000,"sk":"SK.522.21/IUPHHK-HTI/I/2003/017","tahun":2003}},{"type":"Feature","geometry":{"type":"MultiPolygon","coordinates":[[[[102.074,0.451],[102.073,0.456],[101.981,0.43],[101.98,0.42],[102.056,0.43],[102.073,0.438],[102.074,0.451]]],[[[102.109,0.434],[102.101,0.45],[102.086,0.429],[102.068,0.436],[102.057,0.428],[102.038,0.43],[102.008,0.419],[102.105,0.419],[102.109,0.434]]],[[[102.132,0.461],[102.097,0.46],[102.096,0.451],[102.112,0.437],[102.123,0.438],[102.132,0.461]]]]},"properties":{"jenis":"hti","nama":"CV MUTIARA LESTARI","luas":4000,"sk":"SK.522.21/IUPHHK-HTI/I/2003/07","tahun":2003}},{"type":"Feature","geometry":{"type":"Polygon","coordinates":[[[101.939,-0.314],[101.899,-0.302],[101.914,-0.324],[101.938,-0.325],[101.933,-0.315],[101.984,-0.33],[101.949,-0.338],[101.973,-0.359],[101.995,-0.348],[102.005,-0.332],[101.939,-0.314]]]},"properties":{"jenis":"hti","nama":"CV PUTRI LINDUNG BULAN","luas":2500,"sk":"SK.522.21/IUPHHK-HTI/I/2003/005","tahun":2003}},{"type":"Feature","geometry":{"type":"Polygon","coordinates":[[[102.353,0.604],[102.306,0.602],[102.296,0.562],[102.474,0.562],[102.353,0.604]]]},"properties":{"jenis":"hti","nama":"CV BHAKTI PRAJA MULIA","luas":5800,"sk":"SK.522.21/IUPHHK-HTI/I/2003/011","tahun":2003}},{"type":"Feature","geometry":{"type":"Polygon","coordinates":[[[102.893,0.701],[102.879,0.696],[102.868,0.668],[102.931,0.54],[102.968,0.615],[102.919,0.688],[102.893,0.701]]]},"properties":{"jenis":"hti","nama":"PT TRIOMAS FDI","luas":9625,"sk":"SK.522.21/IUPHHK-HTI/I/2003/012","tahun":2003}},{"type":"Feature","geometry":{"type":"MultiPolygon","coordinates":[[[[101.467,1.279],[101.441,1.294],[101.431,1.331],[101.384,1.302],[101.397,1.3],[101.401,1.279],[101.416,1.274],[101.425,1.248],[101.451,1.242],[101.461,1.213],[101.451,1.195],[101.43,1.208],[101.42,1.198],[101.426,1.141],[101.382,1.138],[101.385,1.113],[101.4,1.11],[101.423,1.084],[101.415,1.066],[101.428,1.07],[101.425,1.058],[101.434,1.047],[101.417,1.024],[101.421,1.017],[101.456,1.004],[101.457,0.986],[101.468,0.979],[101.448,0.96],[101.457,0.952],[101.447,0.942],[101.459,0.93],[101.439,0.917],[101.435,0.903],[101.426,0.906],[101.403,0.887],[101.438,0.852],[101.438,0.823],[101.502,0.764],[101.517,0.74],[101.53,0.742],[101.534,0.731],[101.538,0.736],[101.561,0.726],[101.557,0.733],[101.564,0.727],[101.577,0.739],[101.588,0.72],[101.599,0.715],[101.618,0.72],[101.641,0.697],[101.704,0.745],[101.717,0.779],[101.705,0.784],[101.705,0.806],[101.669,0.825],[101.627,0.871],[101.591,0.885],[101.561,0.908],[101.588,0.908],[101.598,0.891],[101.626,0.894],[101.697,0.967],[101.784,0.941],[101.805,0.971],[101.773,1.035],[101.671,1.067],[101.651,1.031],[101.639,1.042],[101.652,1.065],[101.638,1.085],[101.639,1.098],[101.633,1.083],[101.63,1.096],[101.621,1.088],[101.605,1.095],[101.599,1.081],[101.591,1.081],[101.595,1.05],[101.59,1.058],[101.579,1.055],[101.586,1.104],[101.565,1.12],[101.54,1.083],[101.533,1.082],[101.524,1.098],[101.492,1.039],[101.518,1.016],[101.445,1.016],[101.44,1.038],[101.43,1.04],[101.461,1.057],[101.465,1.064],[101.452,1.067],[101.48,1.12],[101.518,1.142],[101.534,1.173],[101.506,1.252],[101.467,1.279]],[[101.517,0.898],[101.553,0.872],[101.555,0.855],[101.564,0.856],[101.565,0.844],[101.577,0.834],[101.574,0.806],[101.56,0.795],[101.549,0.807],[101.531,0.805],[101.499,0.831],[101.518,0.837],[101.521,0.845],[101.504,0.841],[101.496,0.851],[101.517,0.898]],[[101.627,0.796],[101.673,0.796],[101.673,0.759],[101.627,0.759],[101.627,0.796]],[[101.549,1.007],[101.549,1.019],[101.558,1.011],[101.565,1.022],[101.581,1.004],[101.585,1.007],[101.591,1],[101.595,1.008],[101.596,0.981],[101.583,0.976],[101.592,0.969],[101.581,0.969],[101.573,0.982],[101.556,0.988],[101.549,1.007]],[[101.577,0.941],[101.586,0.959],[101.6,0.956],[101.598,0.937],[101.581,0.918],[101.577,0.941]],[[101.408,1.121],[101.41,1.136],[101.43,1.125],[101.427,1.106],[101.408,1.121]],[[101.477,0.859],[101.473,0.868],[101.495,0.889],[101.502,0.883],[101.492,0.866],[101.477,0.859]],[[101.656,0.981],[101.664,0.973],[101.655,0.965],[101.648,0.976],[101.656,0.981]],[[101.596,0.771],[101.609,0.787],[101.607,0.774],[101.596,0.771]],[[101.66,0.943],[101.653,0.931],[101.653,0.94],[101.66,0.943]],[[101.732,0.97],[101.74,0.964],[101.732,0.966],[101.732,0.97]],[[101.513,0.808],[101.507,0.812],[101.516,0.816],[101.513,0.808]],[[101.596,0.971],[101.593,0.977],[101.598,0.976],[101.596,0.971]],[[101.655,0.989],[101.658,0.988],[101.656,0.983],[101.655,0.989]],[[101.596,0.78],[101.593,0.782],[101.592,0.785],[101.596,0.78]],[[101.638,0.704],[101.637,0.707],[101.639,0.707],[101.638,0.704]]],[[[102.168,1.013],[102.159,1.009],[102.145,0.959],[102.153,0.914],[102.171,0.91],[102.138,0.891],[102.126,0.86],[102.119,0.862],[102.11,0.82],[102.121,0.829],[102.114,0.793],[102.118,0.776],[102.216,0.777],[102.295,0.712],[102.324,0.713],[102.318,0.75],[102.301,0.785],[102.326,0.839],[102.311,0.841],[102.288,0.894],[102.204,0.969],[102.198,1.001],[102.185,1.013],[102.168,1.013]],[[102.194,0.929],[102.188,0.925],[102.186,0.931],[102.194,0.929]],[[102.218,0.945],[102.21,0.939],[102.209,0.941],[102.218,0.945]],[[102.201,0.928],[102.197,0.925],[102.195,0.928],[102.201,0.928]],[[102.222,0.947],[102.225,0.945],[102.222,0.943],[102.222,0.947]],[[102.204,0.934],[102.202,0.937],[102.205,0.938],[102.204,0.934]],[[102.205,0.935],[102.207,0.932],[102.206,0.93],[102.205,0.935]],[[102.179,0.918],[102.179,0.92],[102.181,0.917],[102.179,0.918]]],[[[102.812,0.232],[102.808,0.249],[102.793,0.24],[102.713,0.233],[102.666,0.219],[102.627,0.197],[102.611,0.155],[102.637,0.145],[102.632,0.137],[102.643,0.118],[102.846,0.118],[102.81,0.153],[102.869,0.22],[102.862,0.227],[102.819,0.222],[102.812,0.232]]],[[[102.173,0.29],[102.172,0.275],[102.155,0.274],[102.141,0.257],[102.139,0.231],[102.153,0.216],[102.164,0.239],[102.175,0.233],[102.175,0.223],[102.201,0.229],[102.19,0.215],[102.182,0.215],[102.189,0.207],[102.167,0.201],[102.178,0.179],[102.188,0.189],[102.194,0.181],[102.183,0.169],[102.193,0.151],[102.227,0.13],[102.229,0.121],[102.229,0.081],[102.189,0.082],[102.174,0.07],[102.17,0.032],[102.179,0.015],[102.226,0.008],[102.227,0.014],[102.237,0.003],[102.265,0.007],[102.263,0.07],[102.257,0.07],[102.252,0.09],[102.239,0.093],[102.247,0.096],[102.24,0.1],[102.25,0.098],[102.243,0.103],[102.252,0.113],[102.234,0.112],[102.265,0.129],[102.284,0.122],[102.289,0.128],[102.287,0.119],[102.301,0.103],[102.318,0.099],[102.318,0.089],[102.339,0.068],[102.345,0.042],[102.359,0.038],[102.368,0.022],[102.375,0.051],[102.35,0.112],[102.335,0.118],[102.333,0.137],[102.287,0.15],[102.285,0.16],[102.293,0.165],[102.264,0.185],[102.255,0.21],[102.262,0.224],[102.258,0.232],[102.248,0.234],[102.248,0.224],[102.241,0.223],[102.211,0.251],[102.211,0.267],[102.195,0.268],[102.173,0.29]],[[102.207,0.213],[102.222,0.203],[102.211,0.199],[102.202,0.206],[102.207,0.213]],[[102.224,0.237],[102.226,0.23],[102.218,0.221],[102.224,0.237]],[[102.17,0.239],[102.171,0.251],[102.176,0.241],[102.17,0.239]],[[102.198,0.032],[102.204,0.031],[102.2,0.02],[102.198,0.032]],[[102.271,0.173],[102.272,0.166],[102.266,0.164],[102.271,0.173]],[[102.249,0.072],[102.254,0.068],[102.251,0.064],[102.249,0.072]]],[[[101.844,0.067],[101.784,0.063],[101.808,-0.002],[101.812,0.024],[101.823,0.03],[101.864,0.024],[101.855,0.009],[101.846,0.014],[101.811,-0.013],[101.83,-0.093],[101.869,-0.097],[101.88,-0.135],[101.888,-0.135],[101.896,-0.1],[101.914,-0.077],[101.94,-0.057],[101.976,-0.05],[101.952,-0.014],[101.929,0.055],[101.844,0.067]]],[[[102.084,0.347],[102.052,0.369],[102.018,0.347],[102.018,0.363],[101.955,0.305],[101.953,0.294],[101.979,0.266],[101.986,0.27],[101.987,0.258],[101.995,0.265],[102.019,0.251],[102.015,0.246],[102.028,0.235],[102.033,0.218],[102.064,0.189],[102.086,0.193],[102.085,0.187],[102.068,0.185],[102.082,0.168],[102.096,0.179],[102.098,0.167],[102.12,0.191],[102.108,0.202],[102.11,0.215],[102.103,0.217],[102.107,0.228],[102.099,0.264],[102.116,0.26],[102.122,0.267],[102.117,0.275],[102.126,0.27],[102.134,0.284],[102.122,0.288],[102.104,0.28],[102.101,0.291],[102.108,0.308],[102.122,0.313],[102.132,0.3],[102.133,0.319],[102.142,0.32],[102.13,0.335],[102.122,0.321],[102.084,0.347]]],[[[101.24,0.721],[101.184,0.722],[101.18,0.657],[101.199,0.642],[101.2,0.63],[101.21,0.629],[101.213,0.612],[101.225,0.617],[101.224,0.61],[101.231,0.61],[101.24,0.622],[101.266,0.616],[101.27,0.607],[101.316,0.608],[101.32,0.616],[101.308,0.627],[101.313,0.636],[101.292,0.646],[101.286,0.662],[101.292,0.668],[101.283,0.682],[101.255,0.705],[101.253,0.72],[101.24,0.721]],[[101.196,0.676],[101.2,0.686],[101.204,0.675],[101.196,0.676]]],[[[101.343,1.561],[101.35,1.565],[101.339,1.578],[101.184,1.499],[101.184,1.48],[101.21,1.474],[101.209,1.465],[101.238,1.46],[101.261,1.473],[101.266,1.466],[101.264,1.49],[101.319,1.489],[101.315,1.515],[101.322,1.518],[101.314,1.534],[101.326,1.544],[101.325,1.556],[101.343,1.561]]],[[[101.397,1.513],[101.388,1.51],[101.388,1.496],[101.375,1.493],[101.409,1.459],[101.422,1.458],[101.463,1.422],[101.476,1.438],[101.474,1.456],[101.5,1.474],[101.498,1.483],[101.432,1.478],[101.398,1.504],[101.397,1.513]]],[[[101.343,0.777],[101.326,0.788],[101.32,0.773],[101.312,0.775],[101.304,0.764],[101.302,0.751],[101.314,0.746],[101.327,0.723],[101.363,0.737],[101.367,0.73],[101.356,0.703],[101.388,0.726],[101.409,0.726],[101.4,0.741],[101.343,0.777]]],[[[101.501,0.664],[101.484,0.65],[101.497,0.632],[101.5,0.639],[101.533,0.639],[101.525,0.655],[101.51,0.652],[101.501,0.664]]],[[[102.139,0.945],[102.138,0.955],[102.126,0.926],[102.128,0.906],[102.148,0.911],[102.139,0.945]]],[[[101.472,1.058],[101.468,1.055],[101.481,1.044],[101.472,1.058]]]]},"properties":{"jenis":"hti","nama":"PT ARARA ABADI","luas":296262,"sk":"SK.703/Menhut-II/2013","tahun":2013}},{"type":"Feature","geometry":{"type":"MultiPolygon","coordinates":[[[[102.116,0.468],[102.118,0.461],[102.132,0.461],[102.123,0.438],[102.146,0.429],[102.166,0.396],[102.195,0.385],[102.169,0.352],[102.184,0.331],[102.224,0.314],[102.235,0.295],[102.265,0.312],[102.28,0.288],[102.314,0.283],[102.313,0.262],[102.329,0.224],[102.347,0.221],[102.353,0.289],[102.291,0.331],[102.252,0.38],[102.157,0.465],[102.116,0.468]]],[[[102.467,0.228],[102.444,0.243],[102.431,0.243],[102.41,0.205],[102.453,0.192],[102.513,0.155],[102.53,0.172],[102.548,0.172],[102.513,0.195],[102.487,0.238],[102.467,0.228]]]]},"properties":{"jenis":"hti","nama":"PT SELARAS ABADI UTAMA","luas":13600,"sk":"SK.522.21/IUPHHK-HTI/XII/2002/005","tahun":2002}},{"type":"Feature","geometry":{"type":"Polygon","coordinates":[[[101.896,-0.734],[101.867,-0.735],[101.867,-0.75],[101.817,-0.75],[101.818,-0.828],[101.841,-0.828],[101.841,-0.889],[101.863,-0.857],[101.896,-0.846],[101.896,-0.734]]]},"properties":{"jenis":"hti","nama":"PT ARTELINDO WIRATAMA","luas":10740,"sk":"SK.122/Menhut-II/2007","tahun":2007}},{"type":"Feature","geometry":{"type":"Polygon","coordinates":[[[102.379,-0.128],[102.288,-0.132],[102.269,-0.141],[102.269,-0.153],[102.276,-0.164],[102.348,-0.164],[102.41,-0.164],[102.436,-0.154],[102.438,-0.129],[102.379,-0.128]]]},"properties":{"jenis":"hti","nama":"PT MERBAU PELALAWAN LESTARI","luas":5970,"sk":"SK.69/Menhut-II/2007","tahun":2007}},{"type":"Feature","geometry":{"type":"Polygon","coordinates":[[[101.833,-1.066],[101.854,-1.06],[101.866,-1.065],[101.848,-1.043],[101.873,-1.062],[101.894,-1.063],[101.91,-1.095],[101.933,-1.113],[101.948,-1.103],[101.934,-1.087],[101.946,-1.093],[101.951,-1.071],[101.955,-1.082],[101.973,-1.088],[101.975,-1.075],[101.967,-1.064],[101.934,-1.054],[101.91,-1.02],[101.868,-0.999],[101.826,-1.005],[101.833,-1.066]]]},"properties":{"jenis":"hti","nama":"PT ARANGAN LESTARI","luas":9400,"sk":"660/Kpts-II/1995","tahun":1995}},{"type":"Feature","geometry":{"type":"MultiPolygon","coordinates":[[[[102.048,0.665],[101.949,0.447],[102.043,0.467],[102.157,0.465],[102.252,0.38],[102.291,0.331],[102.353,0.289],[102.347,0.221],[102.374,0.21],[102.408,0.212],[102.425,0.248],[102.44,0.255],[102.426,0.268],[102.459,0.24],[102.488,0.251],[102.502,0.247],[102.536,0.194],[102.57,0.195],[102.611,0.232],[102.695,0.274],[102.711,0.29],[102.714,0.311],[102.718,0.289],[102.758,0.293],[102.887,0.346],[102.874,0.366],[102.904,0.389],[102.826,0.391],[102.798,0.4],[102.796,0.378],[102.75,0.357],[102.724,0.372],[102.607,0.311],[102.447,0.314],[102.421,0.303],[102.377,0.339],[102.357,0.338],[102.322,0.383],[102.318,0.407],[102.266,0.445],[102.314,0.631],[102.247,0.597],[102.189,0.597],[102.18,0.611],[102.165,0.619],[102.156,0.614],[102.156,0.652],[102.048,0.665]]],[[[101.554,-0.21],[101.595,-0.261],[101.584,-0.263],[101.577,-0.277],[101.597,-0.281],[101.625,-0.311],[101.615,-0.299],[101.619,-0.281],[101.632,-0.281],[101.646,-0.293],[101.651,-0.275],[101.659,-0.274],[101.659,-0.259],[101.669,-0.274],[101.67,-0.252],[101.685,-0.251],[101.698,-0.258],[101.706,-0.291],[101.736,-0.306],[101.72,-0.312],[101.719,-0.35],[101.783,-0.353],[101.86,-0.414],[101.881,-0.405],[101.879,-0.382],[101.86,-0.366],[101.868,-0.366],[101.859,-0.346],[101.852,-0.339],[101.849,-0.35],[101.843,-0.348],[101.851,-0.335],[101.834,-0.308],[101.818,-0.313],[101.821,-0.306],[101.812,-0.302],[101.811,-0.309],[101.804,-0.308],[101.82,-0.291],[101.806,-0.286],[101.793,-0.297],[101.784,-0.285],[101.771,-0.293],[101.762,-0.278],[101.774,-0.272],[101.773,-0.264],[101.752,-0.264],[101.756,-0.28],[101.749,-0.283],[101.706,-0.246],[101.686,-0.216],[101.659,-0.247],[101.653,-0.207],[101.625,-0.161],[101.563,-0.118],[101.559,-0.053],[101.525,0.016],[101.34,0.058],[101.385,0.137],[101.35,0.159],[101.334,0.157],[101.341,0.146],[101.325,0.137],[101.335,0.122],[101.327,0.118],[101.33,0.129],[101.321,0.122],[101.32,0.11],[101.311,0.119],[101.313,0.111],[101.293,0.088],[101.286,0.059],[101.269,0.063],[101.245,0.036],[101.265,0.034],[101.268,0.008],[101.278,0.002],[101.264,-0.025],[101.306,-0.058],[101.292,-0.122],[101.303,-0.164],[101.35,-0.224],[101.344,-0.257],[101.349,-0.264],[101.365,-0.264],[101.394,-0.239],[101.382,-0.219],[101.365,-0.135],[101.339,-0.082],[101.347,-0.078],[101.335,-0.047],[101.286,0.009],[101.285,0.046],[101.294,0.055],[101.312,0.055],[101.32,0.037],[101.344,0.028],[101.355,0.003],[101.385,-0.022],[101.388,-0.05],[101.397,-0.048],[101.427,-0.009],[101.532,-0.009],[101.537,-0.038],[101.549,-0.054],[101.554,-0.118],[101.57,-0.131],[101.555,-0.161],[101.555,-0.184],[101.492,-0.18],[101.512,-0.2],[101.54,-0.196],[101.554,-0.21]],[[101.616,-0.259],[101.549,-0.191],[101.568,-0.191],[101.568,-0.165],[101.581,-0.137],[101.62,-0.17],[101.645,-0.216],[101.649,-0.258],[101.631,-0.271],[101.616,-0.259]],[[101.592,-0.133],[101.592,-0.133],[101.592,-0.133],[101.592,-0.133]],[[101.576,-0.122],[101.576,-0.122],[101.576,-0.122],[101.576,-0.122]]],[[[102.274,1.392],[102.232,1.376],[102.233,1.345],[102.216,1.295],[102.231,1.257],[102.257,1.223],[102.252,1.099],[102.289,1.012],[102.327,0.982],[102.362,1.007],[102.36,0.988],[102.373,0.989],[102.389,0.974],[102.399,0.988],[102.421,0.988],[102.421,1.017],[102.373,1.021],[102.345,1.112],[102.287,1.082],[102.279,1.097],[102.286,1.142],[102.309,1.148],[102.31,1.161],[102.301,1.204],[102.256,1.28],[102.241,1.326],[102.306,1.325],[102.32,1.283],[102.368,1.265],[102.404,1.23],[102.405,1.18],[102.379,1.148],[102.406,1.133],[102.407,1.141],[102.42,1.143],[102.417,1.15],[102.428,1.156],[102.43,1.175],[102.415,1.195],[102.421,1.2],[102.423,1.225],[102.408,1.235],[102.41,1.247],[102.383,1.268],[102.374,1.262],[102.373,1.274],[102.3,1.35],[102.292,1.385],[102.274,1.392]]],[[[101.829,-0.582],[101.824,-0.576],[101.824,-0.588],[101.781,-0.588],[101.781,-0.598],[101.665,-0.599],[101.63,-0.625],[101.601,-0.634],[101.577,-0.661],[101.578,-0.676],[101.584,-0.676],[101.58,-0.704],[101.677,-0.724],[101.722,-0.716],[101.736,-0.7],[101.741,-0.706],[101.754,-0.701],[101.838,-0.637],[101.846,-0.608],[101.83,-0.596],[101.829,-0.582]]],[[[101.252,-0.076],[101.226,-0.08],[101.198,-0.098],[101.179,-0.088],[101.168,-0.095],[101.169,-0.11],[101.182,-0.118],[101.176,-0.121],[101.188,-0.144],[101.241,-0.198],[101.23,-0.22],[101.25,-0.23],[101.236,-0.237],[101.25,-0.272],[101.273,-0.285],[101.243,-0.284],[101.223,-0.306],[101.216,-0.3],[101.2,-0.306],[101.215,-0.336],[101.206,-0.361],[101.261,-0.368],[101.29,-0.408],[101.314,-0.364],[101.306,-0.342],[101.322,-0.34],[101.319,-0.33],[101.308,-0.328],[101.323,-0.322],[101.292,-0.323],[101.289,-0.27],[101.278,-0.26],[101.284,-0.241],[101.276,-0.233],[101.293,-0.228],[101.295,-0.219],[101.29,-0.205],[101.281,-0.203],[101.289,-0.196],[101.269,-0.165],[101.254,-0.168],[101.254,-0.118],[101.26,-0.116],[101.252,-0.076]]],[[[101.792,0.94],[101.697,0.967],[101.644,0.913],[101.695,0.867],[101.757,0.828],[101.755,0.804],[101.787,0.8],[101.804,0.82],[101.8,0.8],[101.814,0.797],[101.828,0.801],[101.835,0.885],[101.814,0.94],[101.792,0.94]]],[[[101.963,-0.052],[101.94,-0.057],[101.913,-0.077],[101.896,-0.1],[101.888,-0.135],[101.88,-0.135],[101.861,-0.098],[101.863,-0.135],[102.051,-0.202],[102.047,-0.181],[102.031,-0.165],[102.024,-0.169],[102.026,-0.179],[102.014,-0.183],[101.997,-0.18],[101.984,-0.166],[101.982,-0.157],[102.012,-0.123],[102.008,-0.118],[102.034,-0.119],[101.998,-0.061],[101.963,-0.052]]],[[[102.392,0.749],[102.387,0.752],[102.397,0.732],[102.529,0.659],[102.575,0.689],[102.607,0.68],[102.659,0.681],[102.675,0.694],[102.699,0.676],[102.725,0.69],[102.771,0.668],[102.822,0.67],[102.834,0.66],[102.848,0.662],[102.869,0.696],[102.879,0.696],[102.881,0.708],[102.854,0.72],[102.844,0.703],[102.505,0.688],[102.392,0.749]]],[[[101.574,0.185],[101.525,0.174],[101.494,0.144],[101.659,0.11],[101.615,0.156],[101.574,0.185]]],[[[101.193,0.193],[101.185,0.187],[101.19,0.173],[101.208,0.161],[101.205,0.155],[101.217,0.154],[101.193,0.193]]],[[[101.084,0.272],[101.068,0.272],[101.069,0.261],[101.057,0.259],[101.059,0.249],[101.073,0.248],[101.069,0.256],[101.088,0.255],[101.084,0.272]]]]},"properties":{"jenis":"hti","nama":"PT RIAU ANDALAN PULP & PAPER","luas":338536,"sk":"SK.180/Menhut-II/2013","tahun":2013}},{"type":"Feature","geometry":{"type":"MultiPolygon","coordinates":[[[[101.519,0.898],[101.496,0.851],[101.504,0.841],[101.521,0.845],[101.518,0.837],[101.499,0.831],[101.527,0.811],[101.55,0.82],[101.548,0.807],[101.56,0.795],[101.574,0.806],[101.579,0.828],[101.564,0.856],[101.555,0.855],[101.553,0.872],[101.519,0.898]]],[[[101.315,0.745],[101.301,0.751],[101.283,0.74],[101.273,0.718],[101.257,0.709],[101.26,0.699],[101.267,0.703],[101.284,0.684],[101.289,0.668],[101.313,0.691],[101.355,0.694],[101.367,0.727],[101.363,0.737],[101.327,0.723],[101.315,0.745]]],[[[101.525,1.12],[101.507,1.128],[101.504,1.117],[101.48,1.12],[101.452,1.067],[101.465,1.065],[101.492,1.039],[101.527,1.101],[101.525,1.12]]]]},"properties":{"jenis":"hti","nama":"PT RIAU ABADI LESTARI","luas":12000,"sk":"SK.542/Kpts-II/1997","tahun":1997}},{"type":"Feature","geometry":{"type":"Polygon","coordinates":[[[100.931,1.386],[100.932,1.372],[100.917,1.373],[100.911,1.361],[100.916,1.354],[100.903,1.357],[100.908,1.349],[100.9,1.354],[100.899,1.346],[100.891,1.356],[100.884,1.347],[100.891,1.341],[100.883,1.337],[100.891,1.331],[100.883,1.327],[100.878,1.334],[100.877,1.322],[100.886,1.322],[100.873,1.321],[100.882,1.314],[100.869,1.303],[100.866,1.308],[100.862,1.297],[100.854,1.305],[100.851,1.3],[100.852,1.292],[100.862,1.29],[100.855,1.289],[100.863,1.276],[100.853,1.273],[100.863,1.268],[100.858,1.241],[100.874,1.23],[100.852,1.19],[100.908,1.155],[100.927,1.119],[100.958,1.362],[100.959,1.369],[100.938,1.363],[100.931,1.386]]]},"properties":{"jenis":"hti","nama":"PT BINA DAYA BENTALA","luas":19870,"sk":"SK.555/Menhut-II/2006","tahun":2006}},{"type":"Feature","geometry":{"type":"Polygon","coordinates":[[[101.408,-0.05],[101.402,-0.039],[101.389,-0.05],[101.378,-0.081],[101.397,-0.097],[101.406,-0.087],[101.418,-0.099],[101.418,-0.127],[101.494,-0.111],[101.494,-0.057],[101.408,-0.05]]]},"properties":{"jenis":"hti","nama":"PT WANANUGRAHA BINALESTARI","luas":7465,"sk":"SK.362/Menhut-II/2007","tahun":2007}},{"type":"Feature","geometry":{"type":"Polygon","coordinates":[[[102.972,0.118],[102.958,0.107],[102.95,0.11],[102.928,0.083],[102.963,0.073],[103.021,0.015],[103.125,0.017],[103.13,0.023],[103.133,0.058],[103.008,0.06],[102.972,0.103],[102.981,0.11],[102.972,0.118]]]},"properties":{"jenis":"hti","nama":"PT RIAU INDO AGROPALMA","luas":9570,"sk":"SK.61/Menhut-II/2006","tahun":2006}},{"type":"Feature","geometry":{"type":"MultiPolygon","coordinates":[[[[101.72,1.512],[101.62,1.511],[101.62,1.34],[101.631,1.33],[101.721,1.318],[101.72,1.512]]],[[[102.033,1.272],[102.048,1.303],[102.042,1.33],[101.951,1.412],[101.798,1.304],[102.033,1.272]]]]},"properties":{"jenis":"hti","nama":"PT SEKATO PRATAMA MAKMUR","luas":46062,"sk":"SK.687/Menhut-II/2010","tahun":2010}},{"type":"Feature","geometry":{"type":"MultiPolygon","coordinates":[[[[102.883,0.22],[102.878,0.228],[102.868,0.222],[102.81,0.153],[102.846,0.118],[102.82,0.118],[102.821,0.073],[102.767,0.045],[102.695,0.045],[102.695,0.117],[102.653,0.117],[102.682,0.06],[102.684,-0.065],[102.784,-0.061],[102.775,-0.053],[102.771,-0.012],[102.81,-0.004],[102.854,0.017],[102.861,0.025],[102.859,0.04],[102.911,0.064],[102.95,0.11],[102.958,0.107],[102.982,0.12],[102.975,0.134],[102.956,0.121],[102.881,0.204],[102.889,0.21],[102.883,0.22]]],[[[101.86,1.129],[101.975,1.193],[101.983,1.226],[101.662,1.226],[101.684,1.188],[101.852,1.125],[101.86,1.129]]],[[[101.62,1.46],[101.62,1.511],[101.588,1.511],[101.524,1.456],[101.541,1.459],[101.552,1.447],[101.541,1.426],[101.519,1.428],[101.526,1.416],[101.62,1.347],[101.62,1.46]]]]},"properties":{"jenis":"hti","nama":"PT SATRIA PERKASA AGUNG (SK 244)","luas":77702,"sk":"SK.633/Menhut-II/2009","tahun":2009}},{"type":"Feature","geometry":{"type":"Polygon","coordinates":[[[101.721,1.318],[101.777,1.31],[101.734,1.361],[101.897,1.476],[101.72,1.631],[101.721,1.318]]]},"properties":{"jenis":"hti","nama":"PT BUKIT BATU HUTANI ALAM","luas":33605,"sk":"SK.365/Kpts-II/2003","tahun":2003}},{"type":"Feature","geometry":{"type":"MultiPolygon","coordinates":[[[[104.199,-1.864],[104.179,-1.849],[104.11,-1.852],[104.099,-1.907],[103.868,-1.877],[103.857,-1.889],[103.876,-1.896],[103.879,-1.906],[103.862,-1.931],[103.879,-1.943],[103.877,-1.974],[103.908,-1.975],[103.917,-1.967],[103.931,-1.973],[103.941,-1.962],[103.961,-1.962],[103.957,-1.976],[103.962,-1.984],[103.948,-1.999],[103.959,-2.011],[103.953,-2.024],[103.963,-2.049],[103.952,-2.062],[103.968,-2.075],[103.967,-2.114],[103.996,-2.138],[104.042,-2.152],[104.054,-2.135],[104.047,-2.123],[104.057,-2.118],[104.057,-2.107],[104.036,-2.1],[104.003,-2.006],[104.014,-1.993],[104.032,-1.991],[104.057,-2.021],[104.063,-2],[104.05,-1.993],[104.059,-1.953],[104.218,-1.977],[104.276,-1.976],[104.266,-1.969],[104.273,-1.961],[104.262,-1.941],[104.223,-1.942],[104.234,-1.879],[104.22,-1.883],[104.199,-1.864]]],[[[103.592,-2.016],[103.596,-2.009],[103.564,-2.004],[103.569,-2.04],[103.537,-2.063],[103.544,-2.129],[103.562,-2.134],[103.545,-2.152],[103.581,-2.145],[103.575,-2.111],[103.588,-2.104],[103.606,-2.117],[103.621,-2.104],[103.629,-2.115],[103.632,-2.101],[103.646,-2.091],[103.61,-2.077],[103.626,-2.067],[103.625,-2.055],[103.635,-2.053],[103.639,-2.021],[103.611,-2.011],[103.606,-2.018],[103.592,-2.016]]]]},"properties":{"jenis":"hti","nama":"PT RIMBA HUTANI MAS","luas":67100,"sk":"SK.90/Menhut-II/2007","tahun":2007}},{"type":"Feature","geometry":{"type":"Polygon","coordinates":[[[100.223,1.028],[100.174,1.032],[100.122,1.024],[100.126,1.011],[100.137,1.012],[100.137,0.998],[100.147,0.988],[100.138,0.975],[100.147,0.973],[100.147,0.939],[100.134,0.934],[100.129,0.92],[100.139,0.92],[100.142,0.929],[100.167,0.929],[100.166,0.961],[100.175,0.97],[100.188,0.966],[100.214,0.982],[100.241,0.975],[100.259,0.987],[100.281,0.982],[100.267,0.997],[100.256,0.996],[100.244,1.02],[100.223,1.028]]]},"properties":{"jenis":"hti","nama":"PT SUMATERA SILVA LESTARI","luas":9140,"sk":"82/Kpts-II/2001","tahun":2001}},{"type":"Feature","geometry":{"type":"Polygon","coordinates":[[[99.965,1.456],[99.963,1.465],[99.956,1.463],[99.939,1.451],[99.946,1.445],[99.932,1.446],[99.907,1.428],[99.906,1.414],[99.927,1.396],[99.921,1.385],[99.908,1.387],[99.913,1.372],[99.859,1.357],[99.869,1.35],[99.889,1.354],[99.894,1.341],[99.872,1.342],[99.872,1.334],[99.854,1.326],[99.851,1.349],[99.849,1.329],[99.843,1.329],[99.842,1.362],[99.829,1.366],[99.828,1.333],[99.815,1.319],[99.768,1.364],[99.763,1.329],[99.781,1.291],[99.782,1.273],[99.799,1.282],[99.812,1.274],[99.789,1.255],[99.803,1.235],[99.794,1.229],[99.802,1.201],[99.796,1.193],[99.803,1.182],[99.819,1.182],[99.823,1.159],[99.808,1.154],[99.784,1.118],[99.807,1.118],[99.826,1.09],[99.852,1.086],[99.841,1.095],[99.856,1.1],[99.897,1.069],[99.914,1.077],[99.924,1.065],[99.953,1.078],[99.958,1.056],[99.966,1.066],[99.958,1.08],[99.975,1.083],[99.958,1.091],[99.95,1.112],[100,1.124],[100.011,1.107],[100.015,1.131],[99.962,1.128],[99.942,1.114],[99.938,1.101],[99.915,1.092],[99.897,1.101],[99.896,1.091],[99.889,1.092],[99.882,1.119],[99.891,1.127],[99.904,1.126],[99.906,1.142],[99.872,1.14],[99.869,1.165],[99.886,1.172],[99.849,1.193],[99.81,1.247],[99.831,1.303],[99.909,1.325],[99.959,1.36],[99.979,1.396],[100.005,1.408],[99.995,1.424],[99.981,1.425],[99.965,1.456]]]},"properties":{"jenis":"hti","nama":"PT SUMATERA SILVA LESTARI","luas":33390,"sk":"82/Kpts-II/2001","tahun":2001}},{"type":"Feature","geometry":{"type":"Polygon","coordinates":[[[103.987,-4.099],[103.927,-4.12],[103.916,-4.136],[103.975,-4.236],[103.953,-4.266],[103.992,-4.284],[104.026,-4.282],[104.028,-4.231],[104.015,-4.183],[104.018,-4.177],[104.035,-4.177],[104.034,-4.168],[104.041,-4.168],[104.059,-4.136],[104.045,-4.115],[104.037,-4.122],[104.021,-4.12],[103.987,-4.099]]]},"properties":{"jenis":"hti","nama":"PT LANTABURA MENTARI SEJAHTERA","luas":16120,"sk":"SK.420/Menhut-II/2014","tahun":2014}},{"type":"Feature","geometry":{"type":"Polygon","coordinates":[[[112.646,0.477],[112.602,0.499],[112.576,0.524],[112.532,0.526],[112.509,0.504],[112.445,0.365],[112.428,0.354],[112.417,0.371],[112.419,0.401],[112.447,0.466],[112.379,0.466],[112.382,0.434],[112.375,0.424],[112.344,0.423],[112.306,0.333],[112.321,0.307],[112.321,0.292],[112.297,0.267],[112.285,0.265],[112.276,0.239],[112.279,0.217],[112.295,0.205],[112.317,0.213],[112.332,0.205],[112.344,0.233],[112.367,0.231],[112.363,0.248],[112.38,0.263],[112.366,0.266],[112.362,0.279],[112.41,0.276],[112.404,0.289],[112.414,0.308],[112.408,0.308],[112.408,0.318],[112.432,0.318],[112.475,0.346],[112.461,0.35],[112.461,0.359],[112.485,0.353],[112.496,0.36],[112.545,0.42],[112.505,0.438],[112.507,0.445],[112.53,0.449],[112.502,0.465],[112.506,0.477],[112.517,0.476],[112.522,0.461],[112.555,0.449],[112.584,0.46],[112.587,0.441],[112.63,0.451],[112.633,0.441],[112.61,0.42],[112.617,0.41],[112.636,0.42],[112.662,0.45],[112.646,0.477]]]},"properties":{"jenis":"hti","nama":"PT KAYNA RESOURCES","luas":48190,"sk":"12/1/IUPHHK-HTI/PMDN/2017","tahun":2017}},{"type":"Feature","geometry":{"type":"Polygon","coordinates":[[[109.174,0.68],[109.158,0.679],[109.134,0.639],[109.154,0.632],[109.149,0.61],[109.13,0.587],[109.14,0.587],[109.143,0.573],[109.151,0.574],[109.157,0.589],[109.163,0.579],[109.17,0.585],[109.184,0.613],[109.174,0.68]]]},"properties":{"jenis":"hti","nama":"PT BUMIMAS ALAM MAKMUR","luas":4082,"sk":"22/1/IUPHHK-HTI/PMDN/2016","tahun":2016}},{"type":"Feature","geometry":{"type":"Polygon","coordinates":[[[113.327,-1.112],[113.322,-1.129],[113.186,-1.171],[113.249,-1.218],[113.27,-1.308],[113.299,-1.351],[113.31,-1.355],[113.315,-1.353],[113.309,-1.316],[113.296,-1.29],[113.296,-1.155],[113.336,-1.155],[113.327,-1.112]]]},"properties":{"jenis":"hti","nama":"PT RAMBA ARYA CITRA","luas":13702,"sk":"19/1/IUPHHK-HTI/PMDN/2016","tahun":2016}},{"type":"Feature","geometry":{"type":"MultiPolygon","coordinates":[[[[114.034,-1.728],[114.042,-1.698],[114.029,-1.689],[114.021,-1.706],[114.001,-1.686],[114.006,-1.67],[114.02,-1.666],[114.031,-1.649],[114.043,-1.668],[114.035,-1.684],[114.053,-1.685],[114.052,-1.699],[114.071,-1.719],[114.07,-1.729],[114.09,-1.729],[114.104,-1.799],[114.11,-1.757],[114.092,-1.662],[114.049,-1.583],[114.041,-1.594],[114.036,-1.585],[114.025,-1.585],[114.024,-1.611],[114.004,-1.628],[114.004,-1.641],[113.994,-1.641],[113.993,-1.592],[114.004,-1.587],[114.012,-1.565],[114.023,-1.565],[114.029,-1.58],[114.047,-1.579],[114.034,-1.563],[114.032,-1.489],[114.013,-1.441],[114.031,-1.436],[114.006,-1.436],[114.008,-1.476],[113.998,-1.513],[113.979,-1.533],[113.991,-1.526],[113.997,-1.551],[113.987,-1.557],[113.989,-1.543],[113.978,-1.537],[113.973,-1.557],[113.974,-1.714],[113.984,-1.706],[113.99,-1.721],[114.034,-1.728]]],[[[114.105,-1.864],[114.049,-1.864],[114.046,-1.895],[114.034,-1.906],[114.055,-1.909],[114.068,-1.9],[114.078,-1.909],[114.075,-1.924],[114.084,-1.922],[114.072,-1.89],[114.121,-1.886],[114.105,-1.864]]],[[[114.354,-1.737],[114.354,-1.714],[114.305,-1.714],[114.306,-1.749],[114.292,-1.795],[114.331,-1.751],[114.354,-1.737]]],[[[114.39,-1.719],[114.359,-1.714],[114.357,-1.726],[114.362,-1.735],[114.428,-1.753],[114.425,-1.721],[114.419,-1.727],[114.405,-1.717],[114.39,-1.719]]]]},"properties":{"jenis":"hti","nama":"PT KALTENG GREEN RESOURCES","luas":28075,"sk":"17/1/IUPHHK-HTI/PMDN/2016","tahun":2016}},{"type":"Feature","geometry":{"type":"Polygon","coordinates":[[[113.546,-1.634],[113.504,-1.613],[113.483,-1.589],[113.456,-1.606],[113.46,-1.634],[113.44,-1.628],[113.43,-1.642],[113.428,-1.67],[113.447,-1.687],[113.45,-1.701],[113.435,-1.739],[113.49,-1.787],[113.476,-1.681],[113.502,-1.645],[113.528,-1.655],[113.554,-1.654],[113.584,-1.642],[113.546,-1.634]]]},"properties":{"jenis":"hti","nama":"PT AGRO BORNEO LESTARI","luas":11580,"sk":"12/1/IUPHHK-HTI/PMDN/2017","tahun":2017}},{"type":"Feature","geometry":{"type":"Polygon","coordinates":[[[116.593,0.579],[116.6,0.697],[116.594,0.698],[116.588,0.73],[116.573,0.738],[116.574,0.748],[116.549,0.771],[116.361,0.578],[116.354,0.562],[116.433,0.521],[116.449,0.534],[116.563,0.449],[116.605,0.521],[116.59,0.53],[116.593,0.579]]]},"properties":{"jenis":"hti","nama":"PT INHUTANI I LONG NAH","luas":50259,"sk":"SK.661/Kpts-II/1997","tahun":1997}},{"type":"Feature","geometry":{"type":"MultiPolygon","coordinates":[[[[117.639,2.241],[117.65,2.235],[117.652,2.254],[117.643,2.272],[117.647,2.311],[117.657,2.313],[117.671,2.297],[117.674,2.271],[117.667,2.251],[117.673,2.233],[117.692,2.248],[117.694,2.278],[117.706,2.285],[117.758,2.27],[117.748,2.287],[117.693,2.325],[117.679,2.352],[117.683,2.404],[117.631,2.493],[117.612,2.507],[117.565,2.498],[117.5,2.499],[117.48,2.467],[117.448,2.444],[117.454,2.43],[117.447,2.431],[117.448,2.422],[117.438,2.423],[117.409,2.457],[117.396,2.456],[117.383,2.423],[117.349,2.384],[117.29,2.341],[117.277,2.351],[117.273,2.38],[117.25,2.374],[117.228,2.41],[117.223,2.407],[117.192,2.435],[117.19,2.458],[117.178,2.461],[117.154,2.439],[117.136,2.408],[117.14,2.389],[117.169,2.358],[117.215,2.382],[117.225,2.379],[117.255,2.339],[117.26,2.312],[117.254,2.302],[117.216,2.291],[117.209,2.273],[117.211,2.256],[117.23,2.234],[117.223,2.178],[117.233,2.179],[117.257,2.211],[117.302,2.213],[117.303,2.222],[117.357,2.188],[117.347,2.216],[117.361,2.211],[117.368,2.249],[117.383,2.251],[117.378,2.293],[117.394,2.319],[117.403,2.317],[117.402,2.299],[117.409,2.296],[117.418,2.314],[117.398,2.344],[117.418,2.373],[117.447,2.352],[117.42,2.26],[117.431,2.241],[117.47,2.225],[117.467,2.243],[117.481,2.251],[117.477,2.257],[117.488,2.267],[117.494,2.265],[117.479,2.271],[117.464,2.294],[117.472,2.31],[117.483,2.305],[117.493,2.332],[117.486,2.341],[117.496,2.365],[117.49,2.368],[117.507,2.409],[117.524,2.416],[117.547,2.416],[117.577,2.398],[117.601,2.354],[117.626,2.344],[117.637,2.327],[117.637,2.298],[117.608,2.293],[117.607,2.28],[117.613,2.265],[117.637,2.261],[117.639,2.241]],[[117.639,2.241],[117.639,2.241],[117.639,2.241],[117.639,2.241]]],[[[117.604,2.096],[117.608,2.127],[117.634,2.163],[117.637,2.189],[117.612,2.185],[117.593,2.167],[117.595,2.141],[117.586,2.106],[117.567,2.094],[117.55,2.126],[117.535,2.122],[117.527,2.102],[117.514,2.105],[117.511,2.114],[117.487,2.106],[117.46,2.116],[117.46,2.1],[117.473,2.098],[117.477,2.088],[117.463,2.061],[117.468,2.032],[117.463,2.023],[117.437,2],[117.421,2.018],[117.397,2.009],[117.39,1.994],[117.363,1.998],[117.344,1.98],[117.366,1.946],[117.416,1.955],[117.427,1.964],[117.43,1.982],[117.437,1.982],[117.454,1.958],[117.479,1.951],[117.469,1.946],[117.48,1.941],[117.491,1.964],[117.48,1.995],[117.486,2.015],[117.498,2.025],[117.542,2.02],[117.564,2.003],[117.611,2.008],[117.625,1.994],[117.614,1.993],[117.614,1.974],[117.607,1.966],[117.559,1.97],[117.555,1.938],[117.544,1.926],[117.539,1.862],[117.54,1.833],[117.551,1.824],[117.552,1.808],[117.599,1.794],[117.605,1.782],[117.632,1.791],[117.647,1.786],[117.674,1.8],[117.679,1.816],[117.708,1.85],[117.732,1.851],[117.738,1.896],[117.726,1.928],[117.693,1.935],[117.706,1.991],[117.68,2.014],[117.689,2.033],[117.683,2.048],[117.647,2.023],[117.61,2.027],[117.606,2.035],[117.614,2.039],[117.601,2.05],[117.623,2.059],[117.604,2.096]]],[[[117.852,1.802],[117.852,1.809],[117.836,1.809],[117.821,1.827],[117.834,1.837],[117.809,1.913],[117.783,1.949],[117.769,1.949],[117.786,1.891],[117.781,1.869],[117.794,1.853],[117.77,1.846],[117.766,1.832],[117.812,1.819],[117.82,1.803],[117.789,1.773],[117.783,1.755],[117.79,1.724],[117.767,1.734],[117.767,1.718],[117.775,1.717],[117.799,1.685],[117.816,1.684],[117.854,1.699],[117.925,1.652],[117.937,1.655],[117.941,1.678],[117.934,1.697],[117.946,1.699],[117.977,1.74],[117.966,1.764],[117.944,1.782],[117.871,1.814],[117.868,1.8],[117.884,1.791],[117.881,1.781],[117.907,1.771],[117.905,1.757],[117.929,1.756],[117.907,1.739],[117.922,1.731],[117.915,1.699],[117.901,1.709],[117.892,1.734],[117.873,1.737],[117.831,1.776],[117.842,1.795],[117.855,1.789],[117.852,1.802]]]]},"properties":{"jenis":"hti","nama":"PT TANJUNG REDEB HUTANI","luas":185840,"sk":"2/1/IUPHHK-PB/PMDN/2016","tahun":2016}},{"type":"Feature","geometry":{"type":"MultiPolygon","coordinates":[[[[114.027,-1.729],[113.99,-1.72],[113.998,-1.733],[113.988,-1.755],[113.999,-1.763],[113.998,-1.801],[114.014,-1.803],[114.02,-1.814],[114.011,-1.837],[114.032,-1.833],[114.041,-1.845],[114.036,-1.854],[114.049,-1.863],[114.109,-1.864],[114.09,-1.729],[114.069,-1.729],[114.077,-1.749],[114.084,-1.746],[114.09,-1.756],[114.084,-1.761],[114.066,-1.746],[114.067,-1.759],[114.073,-1.758],[114.079,-1.772],[114.072,-1.782],[114.059,-1.77],[114.057,-1.751],[114.053,-1.766],[114.034,-1.764],[114.027,-1.772],[114.024,-1.766],[114.035,-1.757],[114.02,-1.758],[114.014,-1.747],[114.025,-1.745],[114.025,-1.738],[114.046,-1.744],[114.062,-1.737],[114.027,-1.729]],[[114.042,-1.777],[114.036,-1.788],[114.065,-1.797],[114.066,-1.811],[114.079,-1.812],[114.078,-1.819],[114.059,-1.811],[114.06,-1.818],[114.046,-1.815],[114.055,-1.8],[114.03,-1.783],[114.042,-1.777]],[[114.036,-1.819],[114.022,-1.824],[114.03,-1.815],[114.036,-1.819]]],[[[113.974,-1.857],[113.985,-1.845],[113.986,-1.823],[113.976,-1.81],[113.982,-1.787],[113.979,-1.759],[113.971,-1.75],[113.974,-1.857]]]]},"properties":{"jenis":"hti","nama":"PT RAMANG AGRO LESTARI","luas":13580,"sk":"2/1/IUPHHK-HTI/PMDN/2017","tahun":2017}},{"type":"Feature","geometry":{"type":"Polygon","coordinates":[[[116.705,3.599],[116.684,3.603],[116.662,3.541],[116.658,3.498],[116.676,3.462],[116.687,3.464],[116.665,3.51],[116.664,3.522],[116.673,3.528],[116.689,3.51],[116.705,3.469],[116.72,3.475],[116.726,3.495],[116.719,3.513],[116.725,3.536],[116.737,3.543],[116.747,3.543],[116.736,3.511],[116.757,3.499],[116.766,3.484],[116.856,3.515],[116.875,3.515],[116.884,3.506],[116.88,3.492],[116.928,3.444],[116.928,3.401],[116.947,3.364],[116.945,3.353],[116.923,3.336],[116.917,3.311],[116.935,3.298],[116.945,3.277],[116.959,3.291],[117.017,3.31],[117.022,3.306],[117.011,3.263],[117.043,3.269],[117.052,3.285],[117.066,3.281],[117.059,3.295],[117.047,3.292],[117.048,3.311],[117.023,3.304],[117.013,3.334],[116.978,3.325],[116.977,3.336],[116.961,3.347],[116.963,3.361],[116.983,3.34],[117.007,3.35],[117.019,3.345],[117.033,3.316],[117.047,3.323],[116.988,3.44],[116.995,3.441],[116.992,3.45],[116.965,3.413],[116.951,3.412],[116.955,3.431],[116.991,3.465],[116.945,3.574],[116.908,3.579],[116.909,3.537],[116.929,3.544],[116.914,3.521],[116.892,3.526],[116.869,3.549],[116.829,3.53],[116.824,3.555],[116.806,3.546],[116.778,3.566],[116.757,3.554],[116.772,3.57],[116.749,3.578],[116.739,3.6],[116.705,3.599]],[[116.937,3.523],[116.952,3.525],[116.961,3.512],[116.961,3.493],[116.95,3.48],[116.961,3.447],[116.945,3.449],[116.912,3.484],[116.91,3.508],[116.937,3.523]]]},"properties":{"jenis":"hti","nama":"PT INTRACA HUTANI LESTARI","luas":42050,"sk":"SK.323/Menhut-II/04","tahun":2004}},{"type":"Feature","geometry":{"type":"MultiPolygon","coordinates":[[[[125.155,-1.794],[125.159,-1.76],[125.178,-1.755],[125.178,-1.73],[125.112,-1.779],[125.071,-1.795],[125.043,-1.788],[125.017,-1.762],[125.017,-1.77],[124.997,-1.775],[124.985,-1.756],[124.985,-1.734],[124.96,-1.733],[124.96,-1.743],[124.97,-1.743],[124.97,-1.756],[124.958,-1.756],[124.981,-1.787],[125.015,-1.787],[125.015,-1.807],[125.071,-1.807],[125.081,-1.814],[125.095,-1.833],[125.068,-1.837],[125.086,-1.859],[125.118,-1.854],[125.118,-1.832],[125.126,-1.825],[125.133,-1.826],[125.136,-1.84],[125.123,-1.854],[125.163,-1.856],[125.155,-1.794]]],[[[125.841,-1.815],[125.786,-1.824],[125.748,-1.819],[125.739,-1.832],[125.703,-1.833],[125.699,-1.856],[125.794,-1.855],[125.794,-1.846],[125.825,-1.845],[125.825,-1.837],[125.844,-1.837],[125.844,-1.846],[125.852,-1.846],[125.852,-1.837],[125.864,-1.837],[125.864,-1.819],[125.841,-1.815]]]]},"properties":{"jenis":"hti","nama":"PT MANGOLE TIMBER PRODUCERS","luas":14851,"sk":"191/Kpts-II/1998","tahun":1998}},{"type":"Feature","geometry":{"type":"Polygon","coordinates":[[[126.704,-3.474],[126.742,-3.5],[126.76,-3.525],[126.821,-3.503],[126.832,-3.465],[126.826,-3.458],[126.842,-3.417],[126.88,-3.393],[126.874,-3.373],[126.887,-3.36],[126.894,-3.338],[126.885,-3.345],[126.884,-3.333],[126.879,-3.341],[126.876,-3.334],[126.857,-3.338],[126.86,-3.331],[126.845,-3.318],[126.837,-3.28],[126.812,-3.252],[126.78,-3.288],[126.794,-3.303],[126.709,-3.416],[126.7,-3.454],[126.704,-3.474]]]},"properties":{"jenis":"hti","nama":"PT SENTOSA PRATAMA","luas":32960,"sk":"SK.677/Menhut-II/2011","tahun":2011}},{"type":"Feature","geometry":{"type":"MultiPolygon","coordinates":[[[[127.705,0.819],[127.686,0.819],[127.681,0.803],[127.716,0.732],[127.718,0.762],[127.731,0.772],[127.801,0.747],[127.8,0.766],[127.768,0.78],[127.733,0.818],[127.729,0.812],[127.705,0.812],[127.705,0.819]]],[[[127.825,0.751],[127.809,0.736],[127.829,0.716],[127.858,0.727],[127.844,0.747],[127.825,0.751]]]]},"properties":{"jenis":"hti","nama":"PT NNE PLANTATION","luas":6770,"sk":"SK.312/Menhut-II/2011","tahun":2011}},{"type":"Feature","geometry":{"type":"Polygon","coordinates":[[[128.454,1.006],[128.509,1.006],[128.522,1.02],[128.536,1.021],[128.542,1.042],[128.551,1.037],[128.545,1.034],[128.551,1.026],[128.559,1.027],[128.557,1.052],[128.569,1.062],[128.564,1.079],[128.597,1.083],[128.597,1.069],[128.609,1.056],[128.617,1.076],[128.625,1.073],[128.633,1.084],[128.64,1.084],[128.646,1.066],[128.654,1.08],[128.664,1.08],[128.664,1.1],[128.656,1.104],[128.667,1.112],[128.667,1.138],[128.658,1.164],[128.664,1.213],[128.681,1.236],[128.675,1.253],[128.646,1.235],[128.637,1.244],[128.638,1.237],[128.622,1.239],[128.628,1.186],[128.607,1.162],[128.608,1.15],[128.589,1.153],[128.554,1.107],[128.526,1.112],[128.525,1.068],[128.48,1.063],[128.438,1.02],[128.454,1.006]],[[128.555,1.056],[128.554,1.056],[128.556,1.056],[128.555,1.056]]]},"properties":{"jenis":"hti","nama":"PT KIRANA CAKRAWALA","luas":21265,"sk":"184/Kpts-II/1997","tahun":1997}},{"type":"Feature","geometry":{"type":"MultiPolygon","coordinates":[[[[140.33,-7.473],[140.314,-7.452],[140.297,-7.461],[140.298,-7.471],[140.289,-7.474],[140.285,-7.488],[140.278,-7.48],[140.277,-7.49],[140.265,-7.493],[140.257,-7.507],[140.251,-7.505],[140.257,-7.496],[140.241,-7.506],[140.245,-7.517],[140.257,-7.519],[140.245,-7.522],[140.25,-7.539],[140.26,-7.536],[140.27,-7.545],[140.266,-7.551],[140.252,-7.547],[140.268,-7.557],[140.262,-7.561],[140.278,-7.578],[140.281,-7.567],[140.308,-7.586],[140.306,-7.574],[140.333,-7.572],[140.329,-7.588],[140.338,-7.605],[140.325,-7.622],[140.329,-7.626],[140.176,-7.696],[140.149,-7.733],[140.126,-7.731],[140.117,-7.741],[140.098,-7.733],[140.087,-7.723],[140.088,-7.712],[140.099,-7.704],[140.077,-7.705],[140.065,-7.692],[140.051,-7.711],[140.023,-7.712],[140.024,-7.944],[140.071,-7.944],[140.105,-8.004],[140.104,-7.987],[140.144,-7.918],[140.193,-7.898],[140.217,-7.872],[140.223,-7.848],[140.216,-7.806],[140.244,-7.771],[140.248,-7.704],[140.266,-7.71],[140.303,-7.651],[140.334,-7.668],[140.366,-7.668],[140.41,-7.723],[140.493,-7.723],[140.493,-7.796],[140.525,-7.803],[140.533,-7.772],[140.545,-7.766],[140.506,-7.637],[140.495,-7.633],[140.5,-7.619],[140.494,-7.6],[140.445,-7.609],[140.449,-7.633],[140.426,-7.64],[140.419,-7.563],[140.434,-7.559],[140.429,-7.55],[140.455,-7.529],[140.449,-7.524],[140.403,-7.536],[140.35,-7.49],[140.347,-7.494],[140.358,-7.501],[140.342,-7.512],[140.34,-7.489],[140.322,-7.487],[140.323,-7.48],[140.335,-7.481],[140.33,-7.473]]],[[[140.421,-7.933],[140.388,-7.927],[140.273,-7.928],[140.241,-7.95],[140.208,-7.938],[140.189,-7.944],[140.181,-8.017],[140.229,-8.023],[140.308,-8.055],[140.308,-8.069],[140.283,-8.08],[140.254,-8.161],[140.325,-8.162],[140.334,-8.108],[140.458,-8.137],[140.464,-8.09],[140.426,-8.082],[140.421,-7.933]]],[[[140.591,-8.112],[140.615,-8.053],[140.617,-8.018],[140.556,-8.017],[140.55,-8.077],[140.538,-8.088],[140.528,-8.141],[140.628,-8.153],[140.627,-8.107],[140.607,-8.124],[140.591,-8.112]]],[[[140.492,-7.828],[140.47,-7.811],[140.471,-7.804],[140.448,-7.808],[140.445,-7.871],[140.456,-7.875],[140.465,-7.832],[140.488,-7.84],[140.492,-7.828]]]]},"properties":{"jenis":"hti","nama":"PT SELARAS INTI SEMESTA","luas":169400,"sk":"SK.18/MENHUT-II/2009","tahun":2009}},{"type":"Feature","geometry":{"type":"MultiPolygon","coordinates":[[[[139.541,-7.456],[139.524,-7.439],[139.502,-7.438],[139.462,-7.463],[139.446,-7.512],[139.453,-7.558],[139.474,-7.543],[139.469,-7.534],[139.5,-7.527],[139.507,-7.492],[139.504,-7.521],[139.527,-7.52],[139.548,-7.535],[139.555,-7.51],[139.568,-7.512],[139.566,-7.498],[139.584,-7.488],[139.589,-7.468],[139.632,-7.469],[139.641,-7.482],[139.602,-7.487],[139.606,-7.507],[139.586,-7.521],[139.617,-7.549],[139.621,-7.566],[139.64,-7.568],[139.654,-7.585],[139.664,-7.586],[139.667,-7.591],[139.653,-7.594],[139.656,-7.617],[139.685,-7.614],[139.677,-7.626],[139.697,-7.611],[139.714,-7.613],[139.71,-7.625],[139.687,-7.639],[139.706,-7.677],[139.675,-7.697],[139.679,-7.711],[139.706,-7.731],[139.689,-7.759],[139.693,-7.776],[139.68,-7.775],[139.676,-7.795],[139.697,-7.794],[139.72,-7.815],[139.702,-7.826],[139.695,-7.85],[139.727,-7.885],[139.736,-7.911],[139.718,-7.937],[139.612,-7.951],[139.591,-7.981],[139.767,-7.979],[139.762,-7.499],[139.655,-7.499],[139.654,-7.443],[139.559,-7.44],[139.553,-7.453],[139.541,-7.456]],[[139.736,-7.591],[139.726,-7.582],[139.729,-7.569],[139.757,-7.569],[139.75,-7.588],[139.736,-7.591]],[[139.742,-7.764],[139.737,-7.752],[139.747,-7.75],[139.75,-7.764],[139.742,-7.764]],[[139.61,-7.962],[139.618,-7.961],[139.609,-7.965],[139.616,-7.97],[139.604,-7.973],[139.61,-7.962]],[[139.744,-7.832],[139.743,-7.824],[139.747,-7.825],[139.744,-7.832]]],[[[139.624,-7.697],[139.618,-7.694],[139.572,-7.722],[139.544,-7.712],[139.545,-7.72],[139.538,-7.719],[139.548,-7.725],[139.543,-7.732],[139.583,-7.807],[139.598,-7.807],[139.598,-7.794],[139.614,-7.806],[139.629,-7.806],[139.635,-7.764],[139.624,-7.697]]],[[[139.52,-7.639],[139.533,-7.624],[139.56,-7.619],[139.55,-7.607],[139.542,-7.556],[139.513,-7.546],[139.471,-7.574],[139.501,-7.631],[139.51,-7.643],[139.52,-7.639]]]]},"properties":{"jenis":"hti","nama":"PT WAHANA SAMUDERA SENTOSA","luas":79000,"sk":"SK.880/Menhut-II/2014","tahun":2014}},{"type":"Feature","geometry":{"type":"Polygon","coordinates":[[[133.051,-2.61],[133.16,-2.52],[133.188,-2.507],[133.281,-2.557],[133.305,-2.618],[133.307,-2.642],[133.337,-2.681],[133.34,-2.699],[133.321,-2.714],[133.324,-2.722],[133.302,-2.723],[133.294,-2.776],[133.216,-2.775],[133.183,-2.741],[133.172,-2.715],[133.144,-2.753],[133.161,-2.779],[133.159,-2.796],[133.113,-2.85],[133.127,-2.873],[133.129,-2.91],[133.151,-2.914],[133.163,-2.932],[133.185,-2.93],[133.195,-2.94],[133.209,-2.939],[133.247,-2.962],[133.254,-2.981],[133.268,-2.988],[133.301,-2.984],[133.32,-2.993],[133.368,-2.683],[133.36,-2.615],[133.335,-2.55],[133.305,-2.526],[133.276,-2.478],[133.243,-2.454],[133.177,-2.47],[133.174,-2.48],[133.128,-2.487],[133.098,-2.471],[133.098,-2.461],[133.087,-2.462],[133.046,-2.493],[133.004,-2.557],[132.931,-2.642],[132.941,-2.63],[132.942,-2.64],[132.955,-2.645],[132.95,-2.65],[132.971,-2.637],[132.976,-2.659],[132.989,-2.657],[132.989,-2.666],[132.975,-2.667],[132.981,-2.679],[133.014,-2.638],[133.119,-2.737],[133.119,-2.718],[133.033,-2.623],[133.051,-2.61]]]},"properties":{"jenis":"hti","nama":"PT KESATUAN MAS ABADI","luas":99980,"sk":"SK.818/Menhut-II/2014","tahun":2014}},{"type":"Feature","geometry":{"type":"MultiPolygon","coordinates":[[[[140.255,-7.516],[140.245,-7.517],[140.241,-7.504],[140.257,-7.495],[140.252,-7.505],[140.257,-7.507],[140.265,-7.492],[140.277,-7.49],[140.291,-7.463],[140.277,-7.437],[140.259,-7.444],[140.259,-7.482],[140.088,-7.482],[140.096,-7.445],[140.127,-7.411],[140.127,-7.389],[140.102,-7.389],[140.101,-7.399],[140.084,-7.41],[140.03,-7.38],[140.021,-7.39],[140.021,-7.711],[140.051,-7.711],[140.065,-7.692],[140.077,-7.705],[140.099,-7.704],[140.088,-7.712],[140.087,-7.723],[140.098,-7.733],[140.117,-7.741],[140.126,-7.731],[140.149,-7.733],[140.176,-7.696],[140.329,-7.626],[140.324,-7.622],[140.337,-7.604],[140.329,-7.588],[140.333,-7.573],[140.306,-7.575],[140.308,-7.587],[140.281,-7.567],[140.278,-7.579],[140.261,-7.561],[140.268,-7.557],[140.251,-7.547],[140.269,-7.546],[140.247,-7.534],[140.244,-7.522],[140.255,-7.522],[140.255,-7.516]]],[[[140.322,-7.662],[140.308,-7.651],[140.299,-7.653],[140.264,-7.714],[140.281,-7.714],[140.288,-7.733],[140.296,-7.726],[140.286,-7.717],[140.286,-7.706],[140.308,-7.665],[140.368,-7.689],[140.261,-7.8],[140.322,-7.829],[140.34,-7.811],[140.344,-7.785],[140.374,-7.785],[140.389,-7.749],[140.422,-7.755],[140.442,-7.773],[140.436,-7.79],[140.393,-7.835],[140.291,-7.928],[140.383,-7.927],[140.395,-7.895],[140.436,-7.883],[140.449,-7.888],[140.448,-7.808],[140.493,-7.796],[140.493,-7.723],[140.41,-7.723],[140.366,-7.668],[140.322,-7.662]]],[[[140.258,-7.736],[140.255,-7.728],[140.242,-7.751],[140.24,-7.801],[140.261,-7.768],[140.252,-7.756],[140.258,-7.736]]]]},"properties":{"jenis":"hti","nama":"PT WANAMULIA SUKSES SEJATI UNIT I & II","luas":112245,"sk":"3/1/IUPHHK-HTI/PMDN/2015","tahun":2015}},{"type":"Feature","geometry":{"type":"Polygon","coordinates":[[[113.385,-1.558],[113.306,-1.558],[113.306,-1.58],[113.354,-1.578],[113.368,-1.57],[113.379,-1.577],[113.383,-1.59],[113.377,-1.608],[113.37,-1.609],[113.38,-1.619],[113.419,-1.725],[113.435,-1.739],[113.45,-1.701],[113.426,-1.659],[113.438,-1.629],[113.46,-1.634],[113.457,-1.607],[113.426,-1.585],[113.42,-1.559],[113.385,-1.558]]]},"properties":{"jenis":"hti","nama":"PT SANUR HASTRA MITRA BERSAMA","luas":11550,"sk":"1/1/IUPHHK-HTI/PMDN/2018","tahun":2018}},{"type":"Feature","geometry":{"type":"Polygon","coordinates":[[[140.023,-7.879],[139.764,-7.879],[139.767,-7.979],[139.5,-7.983],[139.502,-8.024],[139.531,-8.036],[139.611,-8.041],[139.693,-8.022],[139.801,-8.014],[139.877,-8.021],[139.917,-8.037],[139.985,-8.045],[140.03,-8.026],[140.045,-7.945],[140.024,-7.944],[140.023,-7.879]]]},"properties":{"jenis":"hti","nama":"PT PLASMA NUFTAH MARIND PAPUA","luas":64050,"sk":"SK.624/Menhut-VI/2009","tahun":2011}},{"type":"Feature","geometry":{"type":"Polygon","coordinates":[[[140.716,-6.152],[140.717,-6.134],[140.701,-6.126],[140.69,-6.137],[140.682,-6.128],[140.687,-6.113],[140.68,-6.107],[140.67,-6.116],[140.664,-6.108],[140.679,-6.095],[140.671,-6.074],[140.688,-6.079],[140.694,-6.059],[140.671,-6.064],[140.665,-6.048],[140.667,-6.042],[140.678,-6.043],[140.674,-6.029],[140.685,-6.016],[140.667,-6.005],[140.67,-6],[140.682,-6.004],[140.684,-5.995],[140.669,-5.986],[140.676,-5.973],[140.668,-5.963],[140.681,-5.958],[140.664,-5.943],[140.684,-5.93],[140.682,-5.916],[140.528,-5.978],[140.48,-6.016],[140.473,-6.042],[140.482,-6.078],[140.475,-6.103],[140.477,-6.134],[140.488,-6.145],[140.529,-6.138],[140.533,-6.171],[140.516,-6.174],[140.522,-6.19],[140.513,-6.201],[140.467,-6.201],[140.456,-6.216],[140.463,-6.233],[140.438,-6.234],[140.493,-6.315],[140.505,-6.35],[140.51,-6.413],[140.529,-6.411],[140.537,-6.423],[140.542,-6.436],[140.531,-6.463],[140.54,-6.471],[140.564,-6.448],[140.554,-6.429],[140.536,-6.415],[140.533,-6.388],[140.546,-6.39],[140.553,-6.378],[140.574,-6.379],[140.589,-6.394],[140.595,-6.38],[140.607,-6.39],[140.62,-6.388],[140.614,-6.361],[140.637,-6.347],[140.645,-6.352],[140.654,-6.323],[140.646,-6.32],[140.64,-6.298],[140.623,-6.297],[140.621,-6.291],[140.646,-6.29],[140.656,-6.307],[140.669,-6.308],[140.675,-6.303],[140.668,-6.285],[140.676,-6.283],[140.684,-6.286],[140.691,-6.304],[140.707,-6.275],[140.692,-6.27],[140.691,-6.264],[140.699,-6.257],[140.711,-6.268],[140.721,-6.263],[140.701,-6.252],[140.719,-6.211],[140.701,-6.189],[140.7,-6.165],[140.711,-6.166],[140.731,-6.192],[140.733,-6.168],[140.728,-6.161],[140.715,-6.162],[140.716,-6.152]],[[140.539,-6.348],[140.542,-6.329],[140.536,-6.319],[140.547,-6.336],[140.56,-6.33],[140.539,-6.357],[140.542,-6.371],[140.534,-6.374],[140.539,-6.348]]]},"properties":{"jenis":"hti","nama":"PT BADE MAKMUR ORISSA","luas":99750,"sk":"16/1/IUPHHK-HTI/PMDN/2017","tahun":2017}},{"type":"Feature","geometry":{"type":"MultiPolygon","coordinates":[[[[115.119,-1.35],[115.031,-1.345],[115.028,-1.359],[115.016,-1.365],[115.006,-1.36],[115.003,-1.346],[114.983,-1.357],[114.976,-1.462],[114.961,-1.489],[114.928,-1.523],[114.919,-1.544],[114.925,-1.562],[114.957,-1.551],[114.978,-1.561],[114.991,-1.549],[114.992,-1.534],[114.978,-1.536],[115.03,-1.51],[115.064,-1.511],[115.047,-1.489],[115.068,-1.493],[115.07,-1.484],[115.089,-1.494],[115.067,-1.511],[115.135,-1.511],[115.14,-1.457],[115.138,-1.446],[115.127,-1.445],[115.131,-1.438],[115.116,-1.435],[115.117,-1.451],[115.104,-1.451],[115.092,-1.469],[115.091,-1.451],[115.067,-1.45],[115.067,-1.43],[115.102,-1.429],[115.091,-1.351],[115.119,-1.35]]],[[[115.058,-1.567],[114.993,-1.562],[114.977,-1.573],[114.949,-1.573],[114.939,-1.596],[114.949,-1.622],[114.936,-1.64],[114.945,-1.642],[114.952,-1.631],[114.968,-1.637],[114.976,-1.626],[114.981,-1.639],[114.965,-1.635],[114.957,-1.648],[114.974,-1.649],[114.99,-1.666],[114.999,-1.62],[114.964,-1.615],[114.964,-1.586],[114.992,-1.585],[115.009,-1.602],[115.004,-1.593],[115.015,-1.598],[115.017,-1.591],[115.018,-1.603],[115.034,-1.592],[115.015,-1.573],[115.023,-1.58],[115.036,-1.573],[115.037,-1.58],[115.04,-1.568],[115.058,-1.567]]]]},"properties":{"jenis":"hti","nama":"PT NUSA LESTARI INDAH","luas":35150,"sk":"6/1/IUPHHK-HTI/PMDN/2018","tahun":2018}},{"type":"Feature","geometry":{"type":"Polygon","coordinates":[[[140.137,-7.108],[140.133,-7.099],[140.131,-7.11],[140.114,-7.11],[139.968,-7.219],[139.889,-7.354],[139.861,-7.444],[139.844,-7.451],[139.844,-7.526],[139.807,-7.526],[139.81,-7.722],[139.998,-7.72],[139.998,-7.672],[139.952,-7.672],[139.953,-7.492],[140.021,-7.492],[140.021,-7.403],[139.989,-7.39],[139.994,-7.368],[140.024,-7.313],[140.071,-7.322],[140.075,-7.274],[140.068,-7.264],[140.044,-7.272],[140.046,-7.24],[140.083,-7.211],[140.113,-7.207],[140.121,-7.228],[140.138,-7.223],[140.143,-7.188],[140.137,-7.108]]]},"properties":{"jenis":"hti","nama":"PT WANAMULIA SUKSES SEJATI UNIT III","luas":99100,"sk":"SK.11/1/IUPHHK-HTI/PMDN/2017","tahun":2017}},{"type":"Feature","geometry":{"type":"Polygon","coordinates":[[[139.864,-7.439],[139.654,-7.43],[139.655,-7.499],[139.762,-7.499],[139.764,-7.879],[140.023,-7.879],[140.023,-7.827],[139.939,-7.827],[139.927,-7.764],[139.962,-7.749],[139.962,-7.721],[139.81,-7.722],[139.807,-7.526],[139.844,-7.526],[139.844,-7.451],[139.856,-7.451],[139.864,-7.439]],[[139.802,-7.834],[139.787,-7.827],[139.791,-7.814],[139.81,-7.822],[139.802,-7.834]]]},"properties":{"jenis":"hti","nama":"PT MEDCOPAPUA ALAM LESTARI","luas":68300,"sk":"SK.2/1/IUPHHK-HTI/PMA/2017","tahun":2017}},{"type":"Feature","geometry":{"type":"Polygon","coordinates":[[[140.366,-6.413],[139.853,-6.409],[139.862,-6.475],[140.344,-6.475],[140.352,-6.45],[140.324,-6.447],[140.32,-6.437],[140.354,-6.428],[140.366,-6.413]]]},"properties":{"jenis":"sawit","nama":"PT. MEGAKARYA JAYA RAYA","luas":39920,"izin":"usaha","status":"Aktif","sk":"525.2/092/TAHUN 2011","grup":"MENARA GRUP","tahun":2011}},{"type":"Feature","geometry":{"type":"Polygon","coordinates":[[[139.889,-6.34],[139.864,-6.34],[139.848,-6.361],[139.862,-6.392],[139.852,-6.409],[140.368,-6.409],[140.369,-6.399],[140.357,-6.396],[140.367,-6.38],[140.356,-6.371],[140.343,-6.371],[140.349,-6.389],[140.344,-6.393],[140.318,-6.391],[140.299,-6.366],[140.3,-6.342],[139.889,-6.34]]]},"properties":{"jenis":"sawit","nama":"PT. KARTIKA CIPTA PRATAMA","luas":39160,"izin":"usaha","status":"Tidak Aktif","sk":"525.2/067/TAHUN 2011","grup":"MENARA GRUP","tahun":2011}},{"type":"Feature","geometry":{"type":"Polygon","coordinates":[[[140.279,-6.258],[139.927,-6.257],[139.926,-6.293],[139.889,-6.34],[140.321,-6.341],[140.301,-6.332],[140.302,-6.326],[140.319,-6.322],[140.317,-6.316],[140.288,-6.321],[140.303,-6.296],[140.29,-6.29],[140.292,-6.262],[140.279,-6.258]]]},"properties":{"jenis":"sawit","nama":"PT. GRAHA KENCANA MULIA","luas":39725,"izin":"usaha","status":"Tidak Aktif","sk":"525.2/078/TAHUN 2011","grup":"MENARA GRUP","tahun":2011}},{"type":"Feature","geometry":{"type":"Polygon","coordinates":[[[140.279,-6.258],[140.283,-6.239],[140.295,-6.233],[140.297,-6.216],[140.274,-6.214],[140.252,-6.175],[140.082,-6.174],[139.924,-6.174],[139.918,-6.196],[139.881,-6.256],[140.279,-6.258]]]},"properties":{"jenis":"sawit","nama":"PT. INDOASIANA LESTARI (Ex. PT. ENERGI SAMUDERA KENCANA)","luas":36096,"izin":"usaha","status":"Aktif","sk":"06/IUP/XII/TAHUN 2021","grup":"Korindo Group","tahun":2021}},{"type":"Feature","geometry":{"type":"Polygon","coordinates":[[[140.453,-6.743],[140.459,-6.765],[140.532,-6.707],[140.528,-6.645],[140.45,-6.581],[140.452,-6.575],[140.433,-6.592],[140.433,-6.615],[140.453,-6.743]]]},"properties":{"jenis":"sawit","nama":"PT. BERKAT CIPTA ABADI BLOK D","luas":28961,"izin":"usaha","status":"Aktif","sk":"03/SK.IUP/KS/TAHUN 2015","grup":"Korindo Group","tahun":2015}},{"type":"Feature","geometry":{"type":"Polygon","coordinates":[[[139.987,-6.621],[140.223,-6.619],[140.278,-6.559],[140.341,-6.605],[140.36,-6.606],[140.347,-6.585],[140.358,-6.567],[140.332,-6.558],[140.353,-6.552],[140.349,-6.537],[139.91,-6.534],[139.914,-6.557],[139.926,-6.57],[139.92,-6.576],[139.92,-6.62],[139.987,-6.621]]]},"properties":{"jenis":"sawit","nama":"PT. BOVEN DIGOEL BUDIDAYA SENTOSA","luas":39190,"izin":"usaha","status":"Tidak Aktif","sk":"12A/SK.IUP/KS/TAHUN 2018","grup":"DIGUL AGRI GRUP","tahun":2018}},{"type":"Feature","geometry":{"type":"Polygon","coordinates":[[[139.865,-6.475],[139.831,-6.475],[139.819,-6.497],[139.791,-6.489],[139.797,-6.528],[139.838,-6.53],[139.883,-6.498],[139.895,-6.499],[139.901,-6.532],[139.912,-6.535],[140.348,-6.537],[140.344,-6.514],[140.365,-6.49],[140.344,-6.475],[139.865,-6.475]]]},"properties":{"jenis":"sawit","nama":"PT. PERKEBUNAN BOVEN DIGOEL SEJAHTERA","luas":39440,"izin":"usaha","status":"Tidak Aktif","sk":"12/SK.IUP/KS/TAHUN 2018","grup":"DIGUL AGRI GRUP","tahun":2018}},{"type":"Feature","geometry":{"type":"MultiPolygon","coordinates":[[[[140.325,-6.645],[140.345,-6.624],[140.287,-6.566],[140.178,-6.677],[140.192,-6.684],[140.178,-6.69],[140.182,-6.713],[140.172,-6.735],[140.188,-6.754],[140.183,-6.77],[140.172,-6.772],[140.166,-6.791],[140.171,-6.799],[140.325,-6.645]]],[[[140.515,-6.532],[140.506,-6.525],[140.478,-6.569],[140.467,-6.553],[140.45,-6.581],[140.583,-6.659],[140.627,-6.587],[140.527,-6.529],[140.515,-6.532]]],[[[140.432,-6.511],[140.425,-6.507],[140.428,-6.527],[140.45,-6.512],[140.432,-6.511]]],[[[140.425,-6.472],[140.429,-6.463],[140.42,-6.432],[140.423,-6.477],[140.425,-6.472]]],[[[140.478,-6.406],[140.42,-6.409],[140.432,-6.463],[140.424,-6.486],[140.438,-6.494],[140.429,-6.506],[140.433,-6.51],[140.445,-6.505],[140.462,-6.514],[140.477,-6.511],[140.515,-6.493],[140.511,-6.434],[140.478,-6.406]]]]},"properties":{"jenis":"sawit","nama":"PT. TUNAS SAWA ERMA","luas":44463,"izin":"usaha","status":"Aktif","sk":"04/SK.IUP/KS/TAHUN 2015","grup":"Korindo Group","tahun":2015}},{"type":"Feature","geometry":{"type":"MultiPolygon","coordinates":[[[[139.732,-3.377],[139.726,-3.386],[139.694,-3.397],[139.703,-3.423],[139.681,-3.439],[139.665,-3.466],[139.698,-3.463],[139.753,-3.48],[139.797,-3.463],[139.78,-3.42],[139.747,-3.377],[139.732,-3.377]]],[[[139.796,-3.469],[139.77,-3.479],[139.762,-3.475],[139.751,-3.496],[139.79,-3.515],[139.788,-3.486],[139.796,-3.469]]],[[[139.745,-3.374],[139.694,-3.348],[139.702,-3.366],[139.699,-3.392],[139.745,-3.374]]]]},"properties":{"jenis":"sawit","nama":"PT. Wira Antara Jayapura","luas":11767,"izin":"usaha","status":"Tidak Aktif","sk":"Nomor : 01/Perubhn.LLKS/2016","grup":"Sinar Mas","tahun":2016}},{"type":"Feature","geometry":{"type":"Polygon","coordinates":[[[140.056,-2.445],[140.022,-2.436],[140.017,-2.443],[139.98,-2.446],[139.986,-2.483],[139.973,-2.482],[139.932,-2.51],[139.897,-2.512],[139.902,-2.535],[139.928,-2.536],[139.941,-2.55],[139.957,-2.543],[140.025,-2.593],[140.023,-2.581],[140.037,-2.58],[140.042,-2.585],[140.036,-2.593],[140.047,-2.583],[140.039,-2.574],[140.062,-2.565],[140.084,-2.57],[140.081,-2.585],[140.097,-2.602],[140.106,-2.596],[140.094,-2.568],[140.137,-2.585],[140.133,-2.58],[140.144,-2.565],[140.174,-2.567],[140.199,-2.603],[140.231,-2.615],[140.235,-2.629],[140.251,-2.64],[140.251,-2.614],[140.284,-2.614],[140.252,-2.587],[140.25,-2.573],[140.19,-2.543],[140.177,-2.506],[140.147,-2.513],[140.138,-2.481],[140.129,-2.486],[140.126,-2.514],[140.118,-2.515],[140.07,-2.467],[140.067,-2.456],[140.074,-2.448],[140.056,-2.445]],[[140.103,-2.529],[140.147,-2.536],[140.147,-2.564],[140.094,-2.559],[140.094,-2.539],[140.103,-2.529]],[[140.218,-2.574],[140.232,-2.57],[140.25,-2.598],[140.23,-2.611],[140.218,-2.574]]]},"properties":{"jenis":"sawit","nama":"PT. Permata Nusa Mandiri","luas":31959,"izin":"usaha","status":"Tidak Aktif","sk":"Nomor : 01/SK.IUP/KS/2014","grup":"Musim Mas","tahun":2014}},{"type":"Feature","geometry":{"type":"MultiPolygon","coordinates":[[[[139.837,-2.398],[139.788,-2.403],[139.785,-2.417],[139.767,-2.426],[139.771,-2.448],[139.82,-2.453],[139.828,-2.476],[139.848,-2.496],[139.883,-2.505],[139.971,-2.476],[139.969,-2.448],[139.985,-2.42],[139.982,-2.398],[139.939,-2.398],[139.95,-2.415],[139.937,-2.398],[139.837,-2.398]]],[[[139.988,-2.442],[140.015,-2.44],[140.017,-2.399],[139.986,-2.398],[139.988,-2.442]]]]},"properties":{"jenis":"sawit","nama":"PT. Rimba Matoa Lestari","luas":22000,"izin":"usaha","status":"Aktif","sk":"Nomor 281.7.2 Tahun 2019","grup":"DTK Opportunity","tahun":2019}},{"type":"Feature","geometry":{"type":"Polygon","coordinates":[[[139.968,-2.894],[139.955,-2.888],[139.94,-2.866],[139.916,-2.858],[139.898,-2.87],[139.899,-2.887],[139.928,-2.923],[139.935,-2.971],[139.951,-2.955],[139.973,-2.952],[139.979,-2.96],[139.999,-2.961],[140.039,-2.999],[140.1,-3.003],[140.12,-3.041],[140.142,-3.037],[140.156,-2.998],[140.104,-2.971],[140.098,-2.961],[140.092,-2.964],[140.093,-2.958],[140.067,-2.966],[139.983,-2.932],[139.991,-2.901],[139.986,-2.894],[139.968,-2.894]]]},"properties":{"jenis":"sawit","nama":"PT. Sinar Kencana Inti Perkasa","luas":14674,"izin":"usaha","status":"Aktif","sk":"Nomor : 985/T/Pertanian/Industri/Perdagangan/2006","grup":"Sinar Mas","tahun":2006}},{"type":"Feature","geometry":{"type":"Polygon","coordinates":[[[140.088,-3.003],[140.039,-2.999],[140.038,-3.018],[140.017,-3.058],[140.03,-3.077],[140.022,-3.087],[140.084,-3.123],[140.078,-3.096],[140.052,-3.063],[140.061,-3.049],[140.092,-3.036],[140.088,-3.003]]]},"properties":{"jenis":"sawit","nama":"PT. Timurjaya Agrokarya yg menjadi PT Sumber Indah Perkasa","luas":5940,"izin":"usaha","status":"Aktif","sk":"Nomor : 04/93/T/Perkebunan/2004","grup":"Sinar Mas","tahun":2004}},{"type":"Feature","geometry":{"type":"Polygon","coordinates":[[[139.666,-3.317],[139.512,-3.291],[139.514,-3.31],[139.498,-3.338],[139.497,-3.369],[139.488,-3.371],[139.492,-3.379],[139.484,-3.389],[139.498,-3.393],[139.542,-3.381],[139.621,-3.462],[139.659,-3.465],[139.68,-3.436],[139.699,-3.424],[139.691,-3.395],[139.698,-3.362],[139.689,-3.343],[139.694,-3.338],[139.69,-3.322],[139.666,-3.317]]]},"properties":{"jenis":"sawit","nama":"PT. Daya Indah Nusantara","luas":28875,"izin":"usaha","status":"Belum Aktif","sk":"Nomor : 03/Perubhn.LLKS/2016","grup":"Musim Mas","tahun":2016}},{"type":"Feature","geometry":{"type":"MultiPolygon","coordinates":[[[[139.545,-3.126],[139.527,-3.125],[139.504,-3.144],[139.497,-3.164],[139.483,-3.169],[139.487,-3.199],[139.514,-3.196],[139.53,-3.216],[139.544,-3.205],[139.554,-3.212],[139.574,-3.179],[139.591,-3.171],[139.545,-3.126]]],[[[139.576,-3.274],[139.557,-3.292],[139.53,-3.285],[139.51,-3.291],[139.666,-3.317],[139.658,-3.294],[139.64,-3.299],[139.628,-3.291],[139.613,-3.297],[139.596,-3.289],[139.595,-3.279],[139.576,-3.274]]],[[[139.611,-3.238],[139.603,-3.238],[139.592,-3.264],[139.578,-3.275],[139.595,-3.277],[139.608,-3.291],[139.636,-3.288],[139.653,-3.296],[139.652,-3.282],[139.611,-3.238]]],[[[139.586,-3.196],[139.566,-3.2],[139.553,-3.214],[139.532,-3.215],[139.548,-3.227],[139.565,-3.268],[139.584,-3.268],[139.6,-3.236],[139.609,-3.234],[139.595,-3.198],[139.586,-3.196]]],[[[139.593,-3.189],[139.592,-3.175],[139.586,-3.173],[139.57,-3.197],[139.594,-3.195],[139.593,-3.189]]],[[[139.534,-3.122],[139.54,-3.121],[139.522,-3.094],[139.501,-3.101],[139.519,-3.125],[139.534,-3.122]]],[[[139.503,-3.116],[139.498,-3.099],[139.513,-3.09],[139.51,-3.065],[139.488,-3.079],[139.498,-3.13],[139.513,-3.132],[139.503,-3.116]]]]},"properties":{"jenis":"sawit","nama":"PT. Wira Antara","luas":18250,"izin":"usaha","status":"Tidak Aktif","sk":"Nomor:02/Perubhn.LLKS/2016","grup":"Sinar Mas","tahun":2016}},{"type":"Feature","geometry":{"type":"Polygon","coordinates":[[[140.629,-2.768],[140.674,-2.771],[140.662,-2.757],[140.629,-2.76],[140.629,-2.768]]]},"properties":{"jenis":"sawit","nama":"PT. Paloway Abady","luas":600,"izin":"usaha","status":"Tidak Aktif","sk":"144 tahun 2008","grup":"Perkebunan Kelapa Sawit","tahun":2008}},{"type":"Feature","geometry":{"type":"Polygon","coordinates":[[[140.646,-3.493],[140.646,-3.526],[140.793,-3.522],[140.804,-3.5],[140.784,-3.46],[140.744,-3.46],[140.726,-3.493],[140.646,-3.493]]]},"properties":{"jenis":"sawit","nama":"PT. Patria Agri Lestari","luas":8100,"izin":"usaha","status":"Tidak Aktif","sk":"03/SK.IUP/KS/2016","grup":"Perkebunan Kelapa Sawit","tahun":2015}},{"type":"Feature","geometry":{"type":"Polygon","coordinates":[[[140.687,-3.33],[140.635,-3.331],[140.636,-3.342],[140.599,-3.346],[140.599,-3.402],[140.626,-3.418],[140.652,-3.412],[140.663,-3.423],[140.679,-3.415],[140.682,-3.42],[140.688,-3.365],[140.746,-3.365],[140.754,-3.404],[140.771,-3.398],[140.771,-3.335],[140.686,-3.342],[140.687,-3.33]]]},"properties":{"jenis":"sawit","nama":"PT. Semarak Agri Lestari","luas":12200,"izin":"usaha","status":"Tidak Aktif","sk":"09/SK.IUP/KS/2017","grup":"Perkebunan Kelapa Sawit","tahun":2017}},{"type":"Feature","geometry":{"type":"Polygon","coordinates":[[[140.74,-3.467],[140.694,-3.47],[140.693,-3.435],[140.759,-3.439],[140.759,-3.408],[140.746,-3.411],[140.733,-3.402],[140.731,-3.412],[140.728,-3.407],[140.719,-3.413],[140.72,-3.421],[140.699,-3.411],[140.691,-3.433],[140.646,-3.436],[140.646,-3.493],[140.726,-3.493],[140.74,-3.467]]]},"properties":{"jenis":"sawit","nama":"PT. Bio Budidaya Nabati","luas":6565,"izin":"usaha","status":"Tidak Aktif","sk":"01/SK.IUP/KS/I/2017","grup":"Perkebunan Kelapa Sawit","tahun":2017}},{"type":"Feature","geometry":{"type":"Polygon","coordinates":[[[140.832,-2.782],[140.793,-2.78],[140.803,-2.786],[140.794,-2.789],[140.8,-2.804],[140.81,-2.806],[140.801,-2.827],[140.818,-2.837],[140.814,-2.857],[140.848,-2.881],[140.873,-2.924],[140.852,-2.94],[140.845,-2.977],[140.855,-2.987],[140.938,-2.988],[140.943,-2.968],[140.936,-2.899],[140.905,-2.868],[140.861,-2.841],[140.859,-2.788],[140.832,-2.782]]]},"properties":{"jenis":"sawit","nama":"PT. Tandan Sawita Papua","luas":18338,"izin":"usaha","status":"Aktif","sk":"107 Tahun 2009","grup":"Rajawali","tahun":2009}},{"type":"Feature","geometry":{"type":"Polygon","coordinates":[[[140.871,-2.925],[140.846,-2.883],[140.833,-2.876],[140.775,-2.877],[140.793,-2.937],[140.809,-2.937],[140.814,-2.922],[140.837,-2.922],[140.848,-2.925],[140.85,-2.952],[140.858,-2.931],[140.871,-2.925]]]},"properties":{"jenis":"sawit","nama":"PT. Victory Cemerlang Indonesia Wood Industry","luas":4855,"izin":"usaha","status":"Tidak Aktif","sk":"01/SK.IUP/KS/2015","grup":"Perkebunan Kelapa Sawit","tahun":2015}},{"type":"Feature","geometry":{"type":"Polygon","coordinates":[[[140.642,-2.827],[140.662,-2.827],[140.677,-2.805],[140.699,-2.806],[140.706,-2.791],[140.7,-2.79],[140.702,-2.801],[140.681,-2.801],[140.669,-2.813],[140.664,-2.812],[140.67,-2.801],[140.64,-2.799],[140.642,-2.827]]]},"properties":{"jenis":"sawit","nama":"PT. Bumi Irian Perkasa (PT. Paloway Abadi)","luas":1000,"izin":"usaha","status":"Tidak Aktif","sk":"525/1899/SET","grup":"Perkebunan Kelapa Sawit","tahun":1999}},{"type":"Feature","geometry":{"type":"Polygon","coordinates":[[[140.749,-7.413],[140.755,-7.405],[140.746,-7.368],[140.695,-7.268],[140.671,-7.268],[140.651,-7.288],[140.627,-7.292],[140.617,-7.304],[140.635,-7.344],[140.614,-7.377],[140.624,-7.407],[140.606,-7.423],[140.59,-7.424],[140.579,-7.452],[140.562,-7.461],[140.585,-7.498],[140.603,-7.495],[140.616,-7.471],[140.647,-7.473],[140.663,-7.455],[140.689,-7.445],[140.711,-7.441],[140.73,-7.451],[140.753,-7.474],[140.756,-7.49],[140.754,-7.507],[140.732,-7.53],[140.734,-7.548],[140.762,-7.581],[140.815,-7.575],[140.868,-7.542],[140.768,-7.459],[140.749,-7.413]]]},"properties":{"jenis":"sawit","nama":"PT. Agrinusa Persada Mulia","luas":39692,"izin":"usaha","status":"Aktif","sk":"02/94/IUP/PMA/2013","grup":"Gama","tahun":2013}},{"type":"Feature","geometry":{"type":"Polygon","coordinates":[[[139.746,-7.311],[139.706,-7.317],[139.634,-7.372],[139.609,-7.366],[139.58,-7.33],[139.553,-7.36],[139.531,-7.368],[139.53,-7.402],[139.539,-7.426],[139.864,-7.436],[139.874,-7.381],[139.87,-7.372],[139.781,-7.372],[139.758,-7.314],[139.746,-7.311]]]},"properties":{"jenis":"sawit","nama":"PT. Dongin Prabhawa","luas":34058,"izin":"usaha","status":"Aktif","sk":"05/SK.IUP-PERUBAHAN/2015","grup":"Korindo","tahun":2015}},{"type":"Feature","geometry":{"type":"Polygon","coordinates":[[[140.562,-6.947],[140.552,-6.933],[140.533,-6.706],[140.491,-6.738],[140.488,-6.918],[140.554,-6.959],[140.562,-6.947]]]},"properties":{"jenis":"sawit","nama":"PT. Berkat Cipta Abadi","luas":14435,"izin":"usaha","status":"Aktif","sk":"03/SK.IUP/KS/2015","grup":"Korindo","tahun":2015}},{"type":"Feature","geometry":{"type":"MultiPolygon","coordinates":[[[[140.958,-6.973],[140.85,-6.974],[140.868,-6.994],[140.877,-6.994],[140.882,-7.009],[140.879,-7.036],[140.858,-7.031],[140.837,-7.041],[140.847,-7.091],[140.801,-7.091],[140.715,-7.074],[140.715,-7.093],[140.851,-7.114],[140.872,-7.143],[140.9,-7.14],[140.972,-7.086],[140.972,-7.005],[140.945,-7.018],[140.942,-6.988],[140.948,-6.98],[140.958,-6.983],[140.958,-6.973]]],[[[140.713,-7.087],[140.713,-7.073],[140.679,-7.059],[140.662,-7.043],[140.654,-7.056],[140.681,-7.079],[140.695,-7.091],[140.713,-7.093],[140.713,-7.087]]],[[[140.844,-6.976],[140.814,-6.975],[140.826,-7.021],[140.836,-7.039],[140.86,-7.029],[140.875,-7.035],[140.88,-7.001],[140.866,-6.995],[140.855,-6.976],[140.844,-6.976]]],[[[140.552,-6.992],[140.544,-6.953],[140.46,-6.901],[140.47,-6.993],[140.556,-6.996],[140.552,-6.992]]]]},"properties":{"jenis":"sawit","nama":"PT. Bio Inti Agrindo","luas":34195,"izin":"usaha","status":"Aktif","sk":"05/SK.IUP/Perubahan/2019","grup":"Posco International","tahun":2019}},{"type":"Feature","geometry":{"type":"Polygon","coordinates":[[[140.464,-7.477],[140.505,-7.479],[140.483,-7.517],[140.445,-7.554],[140.451,-7.561],[140.444,-7.562],[140.508,-7.604],[140.526,-7.592],[140.535,-7.554],[140.559,-7.545],[140.569,-7.501],[140.578,-7.494],[140.549,-7.451],[140.576,-7.433],[140.584,-7.413],[140.617,-7.403],[140.603,-7.368],[140.615,-7.365],[140.63,-7.339],[140.611,-7.29],[140.672,-7.254],[140.705,-7.259],[140.699,-7.238],[140.671,-7.245],[140.623,-7.241],[140.58,-7.259],[140.583,-7.279],[140.564,-7.325],[140.537,-7.343],[140.537,-7.357],[140.488,-7.441],[140.463,-7.453],[140.464,-7.477]]]},"properties":{"jenis":"sawit","nama":"PT. Agriprima Cipta Persada","luas":34869,"izin":"usaha","status":"Aktif","sk":"03/94/IUP/PMA/2013","grup":"Gama","tahun":2013}},{"type":"Feature","geometry":{"type":"Polygon","coordinates":[[[140.749,-7.241],[140.734,-7.227],[140.703,-7.231],[140.716,-7.316],[140.746,-7.368],[140.758,-7.441],[140.768,-7.459],[140.814,-7.494],[140.827,-7.489],[140.822,-7.453],[140.794,-7.435],[140.789,-7.423],[140.77,-7.416],[140.779,-7.385],[140.773,-7.374],[140.798,-7.358],[140.793,-7.334],[140.804,-7.322],[140.811,-7.344],[140.826,-7.348],[140.829,-7.341],[140.816,-7.323],[140.821,-7.311],[140.83,-7.305],[140.846,-7.309],[140.861,-7.288],[140.846,-7.276],[140.835,-7.29],[140.824,-7.288],[140.786,-7.272],[140.749,-7.241]]]},"properties":{"jenis":"sawit","nama":"PT. Internusa Jaya Sejahtera","luas":18587,"izin":"usaha","status":"Aktif","sk":"04/SK.IUP/KS/2014","grup":"Indonusa","tahun":2014}},{"type":"Feature","geometry":{"type":"Polygon","coordinates":[[[140.741,-6.716],[140.812,-6.968],[140.969,-6.969],[140.966,-6.921],[140.933,-6.921],[140.9,-6.881],[140.793,-6.713],[140.741,-6.716]]]},"properties":{"jenis":"sawit","nama":"PT. Papua Agro Lestari","luas":32347,"izin":"usaha","status":"Aktif","sk":"05/SK.IUP/SK/2015","grup":"Korindo","tahun":2014}},{"type":"Feature","geometry":{"type":"Polygon","coordinates":[[[135.323,-4.411],[135.331,-4.397],[135.327,-4.39],[135.35,-4.395],[135.344,-4.382],[135.367,-4.394],[135.351,-4.371],[135.359,-4.367],[135.355,-4.357],[135.333,-4.365],[135.321,-4.353],[135.321,-4.37],[135.308,-4.371],[135.3,-4.362],[135.307,-4.339],[135.328,-4.337],[135.331,-4.328],[135.351,-4.334],[135.351,-4.315],[135.362,-4.299],[135.383,-4.293],[135.332,-4.244],[135.32,-4.267],[135.306,-4.261],[135.293,-4.266],[135.285,-4.251],[135.272,-4.251],[135.278,-4.244],[135.265,-4.233],[135.267,-4.223],[135.252,-4.228],[135.248,-4.209],[135.273,-4.16],[135.193,-4.151],[135.187,-4.171],[135.196,-4.18],[135.185,-4.196],[135.24,-4.23],[135.243,-4.267],[135.228,-4.296],[135.127,-4.377],[135.125,-4.391],[135.131,-4.393],[135.135,-4.379],[135.148,-4.381],[135.149,-4.403],[135.168,-4.405],[135.166,-4.416],[135.184,-4.441],[135.196,-4.445],[135.273,-4.432],[135.27,-4.426],[135.283,-4.43],[135.293,-4.412],[135.323,-4.411]]]},"properties":{"jenis":"sawit","nama":"PT TUNAS AGUNG SEJAHTERA","luas":39500,"izin":"usaha","status":"AKTIF","sk":"06/SK.IUP/KS/2015","grup":"SALIM","tahun":2015}},{"type":"Feature","geometry":{"type":"Polygon","coordinates":[[[136.602,-4.284],[136.59,-4.321],[136.574,-4.333],[136.569,-4.352],[136.579,-4.366],[136.581,-4.395],[136.546,-4.428],[136.547,-4.441],[136.534,-4.442],[136.529,-4.45],[136.536,-4.453],[136.526,-4.458],[136.53,-4.469],[136.516,-4.475],[136.519,-4.49],[136.51,-4.495],[136.522,-4.497],[136.51,-4.514],[136.515,-4.531],[136.683,-4.527],[136.679,-4.509],[136.689,-4.504],[136.691,-4.488],[136.682,-4.491],[136.684,-4.482],[136.67,-4.468],[136.662,-4.476],[136.658,-4.45],[136.681,-4.433],[136.665,-4.426],[136.657,-4.413],[136.668,-4.398],[136.69,-4.398],[136.715,-4.383],[136.731,-4.324],[136.707,-4.296],[136.663,-4.306],[136.662,-4.284],[136.644,-4.252],[136.602,-4.284]]]},"properties":{"jenis":"sawit","nama":"PT PUSAKA AGRO LESTARI","luas":39000,"izin":"usaha","status":"AKTIF","sk":"No.143 Tahun 2008","grup":"NOBLE PLANTATION Pte Ltd","tahun":2008}},{"type":"Feature","geometry":{"type":"Polygon","coordinates":[[[135.294,-3.491],[135.302,-3.443],[135.314,-3.44],[135.314,-3.427],[135.306,-3.425],[135.305,-3.386],[135.235,-3.375],[135.2,-3.382],[135.167,-3.372],[135.17,-3.405],[135.183,-3.415],[135.167,-3.446],[135.18,-3.478],[135.191,-3.454],[135.206,-3.455],[135.231,-3.484],[135.236,-3.501],[135.262,-3.515],[135.276,-3.512],[135.294,-3.491]]]},"properties":{"jenis":"sawit","nama":"PT. Nabire Baru","luas":17000,"izin":"usaha","status":"Aktif","sk":"Nomor 71 Tahun 2012","grup":"Goodhope Asia Holdings Limited","tahun":2012}},{"type":"Feature","geometry":{"type":"Polygon","coordinates":[[[135.094,-3.359],[135.088,-3.346],[135.071,-3.336],[135.069,-3.414],[135.081,-3.445],[135.09,-3.449],[135.101,-3.439],[135.106,-3.447],[135.114,-3.433],[135.127,-3.432],[135.17,-3.462],[135.167,-3.446],[135.183,-3.415],[135.17,-3.405],[135.167,-3.372],[135.113,-3.382],[135.098,-3.373],[135.094,-3.359]]]},"properties":{"jenis":"sawit","nama":"PT. Sariwana Adi Perkasa","luas":8950,"izin":"usaha","status":"Aktif","sk":"Nomor 72 Tahun 2012","grup":"Goodhope Asia Holdings Limited","tahun":2014}},{"type":"Feature","geometry":{"type":"Polygon","coordinates":[[[136.341,-3.009],[136.355,-2.949],[136.339,-2.944],[136.328,-2.917],[136.294,-2.919],[136.289,-2.91],[136.297,-2.905],[136.288,-2.901],[136.292,-2.885],[136.278,-2.886],[136.283,-2.874],[136.273,-2.89],[136.265,-2.89],[136.272,-2.879],[136.259,-2.87],[136.264,-2.853],[136.253,-2.859],[136.244,-2.854],[136.252,-2.866],[136.242,-2.865],[136.236,-2.914],[136.22,-2.926],[136.203,-2.927],[136.158,-2.889],[136.143,-2.852],[136.13,-2.852],[136.101,-2.875],[136.094,-2.87],[136.111,-2.837],[136.138,-2.834],[136.151,-2.82],[136.12,-2.805],[136.114,-2.785],[136.079,-2.842],[136.077,-2.833],[136.063,-2.828],[136.048,-2.841],[136.049,-2.831],[136.042,-2.836],[136.037,-2.831],[136.038,-2.844],[136.022,-2.845],[135.988,-2.87],[135.991,-2.877],[136.018,-2.882],[136.022,-2.907],[136.074,-2.93],[136.09,-2.956],[136.125,-2.928],[136.172,-2.942],[136.174,-2.974],[136.259,-3.034],[136.304,-3.035],[136.328,-3.01],[136.341,-3.009]]]},"properties":{"jenis":"sawit","nama":"PT. Sawit Makmur Abadi","luas":40000,"izin":"usaha","status":"Tidak Aktif","sk":"Nomor 89 Tahun 2014","tahun":2014}},{"type":"Feature","geometry":{"type":"Polygon","coordinates":[[[139.439,-3.073],[139.437,-3.067],[139.418,-3.077],[139.403,-3.07],[139.411,-3.131],[139.44,-3.171],[139.444,-3.2],[139.457,-3.192],[139.462,-3.202],[139.481,-3.201],[139.481,-3.191],[139.473,-3.188],[139.48,-3.185],[139.477,-3.165],[139.497,-3.156],[139.508,-3.133],[139.495,-3.121],[139.488,-3.079],[139.461,-3.081],[139.439,-3.073]],[[139.443,-3.109],[139.452,-3.115],[139.439,-3.125],[139.443,-3.109]]]},"properties":{"jenis":"sawit","nama":"PT. Daya Indah Nusantara","luas":10160,"izin":"usaha","status":"Belum Aktif","sk":"Nomor : 04/Perubhn.LLKS/2016","grup":"Musim Mas","tahun":2016}},{"type":"Feature","geometry":{"type":"Polygon","coordinates":[[[140.218,-6.623],[139.987,-6.621],[140.004,-6.686],[140.034,-6.749],[140.186,-6.749],[140.172,-6.734],[140.18,-6.716],[140.177,-6.691],[140.19,-6.684],[140.177,-6.681],[140.179,-6.667],[140.218,-6.623]]]},"properties":{"jenis":"sawit","nama":"PT. Digoel Agri Jaya & PT. Digoel Agri Mandiri PERKEB BODI ABADI (EX. PT. USAHA NABATI TERPADU)","luas":37010,"izin":"lokasi","status":"Tidak Aktif","sk":"522.2/693.14/BUP/2015 (EX.661/696/BUP/2015)","grup":"DIGOEL AGRI GRUP","tahun":2015}},{"type":"Feature","geometry":{"type":"Polygon","coordinates":[[[140.247,-6.475],[140.296,-6.475],[140.29,-6.41],[139.853,-6.409],[139.864,-6.475],[140.247,-6.475]]]},"properties":{"jenis":"sawit","nama":"PT. MEGAKARYA JAYA RAYA","luas":34130,"izin":"lokasi","status":"Aktif","sk":"660/01/TAHUN 2019","grup":"MENARA GRUP","tahun":2019}},{"type":"Feature","geometry":{"type":"Polygon","coordinates":[[[139.889,-6.34],[139.864,-6.34],[139.848,-6.361],[139.862,-6.392],[139.852,-6.409],[140.368,-6.409],[140.369,-6.399],[140.357,-6.396],[140.367,-6.38],[140.356,-6.371],[140.343,-6.371],[140.349,-6.389],[140.344,-6.393],[140.318,-6.391],[140.299,-6.366],[140.3,-6.342],[139.889,-6.34]]]},"properties":{"jenis":"sawit","nama":"PT. KARTIKA CIPTA PRATAMA","luas":39338,"izin":"lokasi","status":"Tidak Aktif","sk":"661/697/BUP/2015","grup":"MENARA GRUP","tahun":2015}},{"type":"Feature","geometry":{"type":"Polygon","coordinates":[[[140.279,-6.258],[139.927,-6.257],[139.926,-6.293],[139.889,-6.34],[140.321,-6.341],[140.301,-6.332],[140.302,-6.326],[140.319,-6.322],[140.317,-6.316],[140.288,-6.321],[140.303,-6.296],[140.29,-6.29],[140.292,-6.262],[140.279,-6.258]]]},"properties":{"jenis":"sawit","nama":"PT. GRAHA KENCANA MULIA","luas":39478,"izin":"lokasi","status":"Tidak Aktif","sk":"661/698/BUP/2015","grup":"MENARA GRUP","tahun":2015}},{"type":"Feature","geometry":{"type":"Polygon","coordinates":[[[140.279,-6.258],[140.283,-6.239],[140.295,-6.233],[140.297,-6.216],[140.274,-6.214],[140.252,-6.175],[140.082,-6.174],[139.924,-6.174],[139.918,-6.196],[139.881,-6.256],[140.279,-6.258]]]},"properties":{"jenis":"sawit","nama":"PT. INDOASIANA LESTARI (Ex. PT. ENERGI SAMUDERA KENCANA)","luas":39190,"izin":"lokasi","status":"Aktif","sk":"522.2/731/BUP/2017 (EX. 661/694/BUP/2015)","grup":"INDOASIANA GRUP","tahun":2017}},{"type":"Feature","geometry":{"type":"Polygon","coordinates":[[[140.344,-6.475],[139.83,-6.475],[139.819,-6.496],[139.79,-6.49],[139.794,-6.506],[139.813,-6.504],[139.823,-6.517],[139.895,-6.499],[139.901,-6.532],[140.348,-6.537],[140.343,-6.516],[140.367,-6.49],[140.344,-6.475]]]},"properties":{"jenis":"sawit","nama":"PT. PERKEBUNAN BOVENDIGOEL SEJAHTERA (PT. TRIMEGAH KARYA UTAMA)","luas":39190,"izin":"lokasi","status":"Aktif","sk":"522.2/693.11/BUP/2015 (EX. 114 TAHUN 2007)","grup":"DIGOEL AGRI GRUP","tahun":2015}},{"type":"Feature","geometry":{"type":"MultiPolygon","coordinates":[[[[140.419,-6.229],[140.412,-6.22],[140.382,-6.26],[140.391,-6.281],[140.378,-6.304],[140.405,-6.337],[140.417,-6.381],[140.483,-6.357],[140.495,-6.335],[140.483,-6.292],[140.463,-6.273],[140.445,-6.268],[140.432,-6.234],[140.419,-6.229]]],[[[140.504,-6.349],[140.495,-6.32],[140.496,-6.336],[140.485,-6.356],[140.504,-6.349]]],[[[140.431,-6.226],[140.414,-6.211],[140.413,-6.222],[140.433,-6.234],[140.446,-6.267],[140.463,-6.272],[140.481,-6.29],[140.431,-6.226]]]]},"properties":{"jenis":"sawit","nama":"PT. INDOAGRO DAYA ADIMULIA (EX. PT. WAHANA AGRI KARYA)","luas":14234,"izin":"lokasi","status":"Aktif","sk":"660/001/IL/TAHUN 2019 (EX. 525/522/BUP/2017)","grup":"IJS GRUP","tahun":2019}},{"type":"Feature","geometry":{"type":"Polygon","coordinates":[[[139.912,-6.535],[139.925,-6.573],[139.968,-6.591],[139.987,-6.621],[140.218,-6.623],[140.278,-6.558],[140.341,-6.605],[140.36,-6.606],[140.347,-6.586],[140.358,-6.567],[140.332,-6.558],[140.353,-6.552],[140.349,-6.537],[139.912,-6.535]]]},"properties":{"jenis":"sawit","nama":"PT. BOVENDIGOEL BUDIDAYA SENTOSA (PT. MANUNGGAL SUKSES MANDIRI)","luas":39440,"izin":"lokasi","status":"Aktif","sk":"522.2/693.6/BUP/2015 (EX. 108 TAHUN 2007)","grup":"DIGOEL AGRI GRUP","tahun":2015}},{"type":"Feature","geometry":{"type":"Polygon","coordinates":[[[140.428,-6.558],[140.448,-6.543],[140.429,-6.536],[140.447,-6.536],[140.452,-6.515],[140.454,-6.535],[140.476,-6.555],[140.49,-6.545],[140.477,-6.523],[140.525,-6.53],[140.518,-6.518],[140.505,-6.35],[140.415,-6.369],[140.428,-6.558]]]},"properties":{"jenis":"sawit","nama":"PT. TUNAS SAWA ERMA BLOK E","luas":20000,"izin":"lokasi","status":"Aktif","sk":"525.26/316/BUP/2012","grup":"Korindo Grup","tahun":2012}},{"type":"Feature","geometry":{"type":"Polygon","coordinates":[[[140.225,-6.746],[140.29,-6.682],[140.243,-6.633],[140.208,-6.668],[140.239,-6.701],[140.211,-6.73],[140.225,-6.746]]]},"properties":{"jenis":"sawit","nama":"PT. TUNAS SAWA ERMA BLOK B UJUNG KIA","luas":5000,"izin":"lokasi","status":"Aktif","sk":"522.2/177/BUP/2015","grup":"Korindo Grup","tahun":2015}},{"type":"Feature","geometry":{"type":"Polygon","coordinates":[[[140.287,-6.685],[140.347,-6.626],[140.287,-6.566],[140.228,-6.625],[140.287,-6.685]]]},"properties":{"jenis":"sawit","nama":"PT. TUNAS SAWA ERMA BLOK B","luas":11000,"izin":"lokasi","status":"Aktif","sk":"6/2009","grup":"Korindo Grup","tahun":2009}},{"type":"Feature","geometry":{"type":"Polygon","coordinates":[[[140.534,-6.644],[140.532,-6.736],[140.587,-6.83],[140.661,-6.78],[140.613,-6.708],[140.628,-6.586],[140.508,-6.524],[140.487,-6.556],[140.47,-6.548],[140.45,-6.581],[140.535,-6.632],[140.534,-6.644]]]},"properties":{"jenis":"sawit","nama":"PT. TUNAS SAWA ERMA BLOK A","luas":38250,"izin":"lokasi","status":"Aktif","sk":"500/872/BPN","grup":"Korindo Grup","tahun":1996}},{"type":"Feature","geometry":{"type":"Polygon","coordinates":[[[140.459,-6.762],[140.534,-6.707],[140.529,-6.647],[140.45,-6.584],[140.453,-6.578],[140.433,-6.592],[140.437,-6.661],[140.459,-6.762]]]},"properties":{"jenis":"sawit","nama":"PT. BERKAT CIPTA ABADI BLOK D","luas":14545,"izin":"lokasi","status":"Aktif","sk":"522.2/12/BUP/2014","grup":"Korindo Grup","tahun":2014}},{"type":"Feature","geometry":{"type":"Polygon","coordinates":[[[140.088,-3.003],[140.039,-2.999],[140.038,-3.018],[140.017,-3.058],[140.03,-3.077],[140.022,-3.087],[140.084,-3.123],[140.078,-3.096],[140.052,-3.063],[140.061,-3.049],[140.092,-3.036],[140.088,-3.003]]]},"properties":{"jenis":"sawit","nama":"PT. Timurjaya Agrokarya yg menjadi PT Sumber Indah Perkasa","luas":7386,"izin":"lokasi","status":"aktif","sk":"Nomor : 540-81/013/BPN","grup":"Sinar Mas","tahun":1996}},{"type":"Feature","geometry":{"type":"MultiPolygon","coordinates":[[[[140.081,-3.121],[140.022,-3.087],[140.03,-3.077],[140.017,-3.058],[140.032,-3.016],[139.958,-3.102],[139.945,-3.133],[139.956,-3.144],[139.947,-3.16],[139.994,-3.161],[139.984,-3.201],[139.955,-3.222],[139.961,-3.247],[139.985,-3.28],[140.007,-3.278],[139.998,-3.247],[140.007,-3.236],[140.038,-3.232],[140.033,-3.194],[140.015,-3.17],[140.011,-3.148],[140.052,-3.153],[140.074,-3.14],[140.125,-3.155],[140.135,-3.147],[140.121,-3.146],[140.126,-3.124],[140.091,-3.118],[140.071,-3.086],[140.081,-3.121]]],[[[139.974,-3.024],[140.019,-2.999],[139.971,-2.998],[139.974,-3.024]]]]},"properties":{"jenis":"sawit","nama":"PT Sumber Indah Perkasa","luas":20325,"izin":"lokasi","status":"Aktif","sk":"Nomor 221 Tahun 2011","grup":"Sinar Mas","tahun":2011}},{"type":"Feature","geometry":{"type":"Polygon","coordinates":[[[140.042,-2.956],[139.983,-2.932],[139.991,-2.901],[139.986,-2.894],[139.957,-2.89],[139.94,-2.866],[139.916,-2.858],[139.898,-2.87],[139.899,-2.887],[139.928,-2.923],[139.935,-2.971],[139.951,-2.955],[139.973,-2.952],[139.979,-2.96],[140.01,-2.968],[140.025,-2.99],[140.031,-2.956],[140.042,-2.956]]]},"properties":{"jenis":"sawit","nama":"PT. Agropanca Modern yg menjadi Sinar Kencana Inti Perkasa","luas":7385,"izin":"lokasi","status":"aktif","sk":"540-81/013/BPN","grup":"Sinar Mas","tahun":1996}},{"type":"Feature","geometry":{"type":"Polygon","coordinates":[[[140.042,-2.956],[140.031,-2.956],[140.025,-2.99],[140.039,-2.999],[140.096,-3.001],[140.108,-3.01],[140.12,-3.041],[140.142,-3.037],[140.156,-2.998],[140.104,-2.971],[140.098,-2.961],[140.092,-2.964],[140.093,-2.958],[140.074,-2.967],[140.042,-2.956]]]},"properties":{"jenis":"sawit","nama":"PT. Agrointim Respati Menjadi PT. Sinar Kencana Inti Perkasa","luas":7402,"izin":"lokasi","status":"Aktif","sk":"540-81/012/BPN","grup":"Sinar Mas","tahun":1996}},{"type":"Feature","geometry":{"type":"MultiPolygon","coordinates":[[[[139.947,-2.413],[139.939,-2.402],[139.911,-2.398],[139.807,-2.398],[139.79,-2.43],[139.815,-2.452],[139.838,-2.458],[139.838,-2.48],[139.883,-2.478],[139.883,-2.499],[139.892,-2.5],[139.893,-2.48],[139.947,-2.475],[139.948,-2.464],[139.972,-2.464],[139.971,-2.439],[139.985,-2.42],[139.981,-2.402],[139.941,-2.402],[139.947,-2.413]]],[[[139.807,-2.443],[139.79,-2.431],[139.775,-2.43],[139.774,-2.449],[139.813,-2.452],[139.807,-2.443]]],[[[139.993,-2.441],[140.015,-2.44],[140.017,-2.406],[139.986,-2.406],[139.993,-2.441]]]]},"properties":{"jenis":"sawit","nama":"PT. Rimba Matoa Lestari","luas":22000,"izin":"lokasi","status":"Aktif","sk":"Nomor 1 Tahun 2008","tahun":2008}},{"type":"Feature","geometry":{"type":"MultiPolygon","coordinates":[[[[139.732,-3.377],[139.726,-3.386],[139.694,-3.397],[139.703,-3.423],[139.681,-3.439],[139.665,-3.466],[139.698,-3.463],[139.753,-3.48],[139.797,-3.463],[139.78,-3.42],[139.747,-3.377],[139.732,-3.377]]],[[[139.796,-3.469],[139.77,-3.479],[139.762,-3.475],[139.751,-3.496],[139.79,-3.515],[139.788,-3.486],[139.796,-3.469]]],[[[139.745,-3.374],[139.694,-3.348],[139.702,-3.366],[139.699,-3.392],[139.745,-3.374]]]]},"properties":{"jenis":"sawit","nama":"PT. Wira Antara Jayapura","luas":11768,"izin":"lokasi","status":"Tidak Aktif","sk":"Nomor 188.4/373 Tahun 2016","grup":"Sinar Mas","tahun":2016}},{"type":"Feature","geometry":{"type":"Polygon","coordinates":[[[139.666,-3.317],[139.512,-3.291],[139.514,-3.31],[139.498,-3.338],[139.497,-3.369],[139.488,-3.371],[139.492,-3.379],[139.484,-3.389],[139.498,-3.393],[139.542,-3.381],[139.621,-3.462],[139.659,-3.465],[139.68,-3.436],[139.699,-3.424],[139.691,-3.395],[139.698,-3.362],[139.689,-3.343],[139.694,-3.338],[139.69,-3.322],[139.666,-3.317]]]},"properties":{"jenis":"sawit","nama":"PT. Daya Indah Nusantara","luas":29278,"izin":"lokasi","status":"Aktif","sk":"Nomor : 01/SK-IL/BP2T-PM/2015","grup":"Musim Mas","tahun":2015}},{"type":"Feature","geometry":{"type":"Polygon","coordinates":[[[140.056,-2.445],[140.022,-2.436],[140.017,-2.443],[139.98,-2.446],[139.986,-2.483],[139.973,-2.482],[139.932,-2.51],[139.897,-2.512],[139.902,-2.535],[139.928,-2.536],[139.941,-2.55],[139.957,-2.543],[140.025,-2.593],[140.023,-2.581],[140.037,-2.58],[140.042,-2.585],[140.036,-2.593],[140.047,-2.583],[140.039,-2.574],[140.062,-2.565],[140.084,-2.57],[140.081,-2.585],[140.097,-2.602],[140.106,-2.596],[140.094,-2.568],[140.137,-2.585],[140.133,-2.58],[140.144,-2.565],[140.174,-2.567],[140.199,-2.603],[140.231,-2.615],[140.235,-2.629],[140.251,-2.64],[140.251,-2.614],[140.284,-2.614],[140.252,-2.587],[140.25,-2.573],[140.19,-2.543],[140.177,-2.506],[140.147,-2.513],[140.138,-2.481],[140.129,-2.486],[140.126,-2.514],[140.118,-2.515],[140.07,-2.467],[140.067,-2.456],[140.074,-2.448],[140.056,-2.445]],[[140.103,-2.529],[140.147,-2.536],[140.147,-2.564],[140.094,-2.559],[140.094,-2.539],[140.103,-2.529]],[[140.218,-2.574],[140.232,-2.57],[140.25,-2.598],[140.23,-2.611],[140.218,-2.574]]]},"properties":{"jenis":"sawit","nama":"PT. Permata Nusa Mandiri","luas":32000,"izin":"lokasi","status":"Tidak Aktif","sk":"188.4/371 Tahun 2017","grup":"Musim Mas","tahun":2017}},{"type":"Feature","geometry":{"type":"MultiPolygon","coordinates":[[[[139.545,-3.126],[139.527,-3.125],[139.504,-3.144],[139.497,-3.164],[139.483,-3.169],[139.487,-3.199],[139.514,-3.196],[139.53,-3.216],[139.544,-3.205],[139.554,-3.212],[139.574,-3.179],[139.591,-3.171],[139.545,-3.126]]],[[[139.576,-3.274],[139.557,-3.292],[139.53,-3.285],[139.51,-3.291],[139.666,-3.317],[139.658,-3.294],[139.64,-3.299],[139.628,-3.291],[139.613,-3.297],[139.596,-3.289],[139.595,-3.279],[139.576,-3.274]]],[[[139.611,-3.238],[139.603,-3.238],[139.592,-3.264],[139.578,-3.275],[139.595,-3.277],[139.608,-3.291],[139.636,-3.288],[139.653,-3.296],[139.652,-3.282],[139.611,-3.238]]],[[[139.586,-3.196],[139.566,-3.2],[139.553,-3.214],[139.532,-3.215],[139.548,-3.227],[139.565,-3.268],[139.584,-3.268],[139.6,-3.236],[139.609,-3.234],[139.595,-3.198],[139.586,-3.196]]],[[[139.593,-3.189],[139.592,-3.175],[139.586,-3.173],[139.57,-3.197],[139.594,-3.195],[139.593,-3.189]]],[[[139.534,-3.122],[139.54,-3.121],[139.522,-3.094],[139.501,-3.101],[139.519,-3.125],[139.534,-3.122]]],[[[139.503,-3.116],[139.498,-3.099],[139.513,-3.09],[139.51,-3.065],[139.488,-3.079],[139.498,-3.13],[139.513,-3.132],[139.503,-3.116]]]]},"properties":{"jenis":"sawit","nama":"PT. Wira Antara Umbron","luas":18251,"izin":"lokasi","status":"Tidak Aktif","sk":"Nomor 188-4/372 Tahun 2016","grup":"Sinar Mas"}},{"type":"Feature","geometry":{"type":"MultiPolygon","coordinates":[[[[140.216,-2.87],[140.21,-2.861],[140.192,-2.861],[140.173,-2.833],[140.151,-2.822],[140.151,-2.833],[140.137,-2.843],[140.152,-2.855],[140.144,-2.863],[140.17,-2.865],[140.186,-2.891],[140.172,-2.889],[140.164,-2.878],[140.152,-2.88],[140.178,-2.899],[140.188,-2.897],[140.189,-2.912],[140.199,-2.911],[140.208,-2.925],[140.229,-2.929],[140.231,-2.917],[140.224,-2.924],[140.2,-2.906],[140.208,-2.889],[140.224,-2.891],[140.211,-2.879],[140.216,-2.87]]],[[[140.267,-2.95],[140.26,-2.951],[140.257,-2.967],[140.25,-2.955],[140.246,-2.965],[140.244,-2.955],[140.238,-2.967],[140.23,-2.968],[140.229,-2.958],[140.218,-2.96],[140.213,-2.951],[140.204,-2.974],[140.213,-2.974],[140.216,-2.988],[140.253,-2.978],[140.26,-2.99],[140.298,-2.993],[140.296,-2.967],[140.279,-2.966],[140.278,-2.956],[140.267,-2.95]]],[[[140.089,-2.781],[140.084,-2.786],[140.104,-2.801],[140.099,-2.825],[140.128,-2.824],[140.128,-2.817],[140.118,-2.812],[140.124,-2.805],[140.117,-2.81],[140.115,-2.803],[140.129,-2.79],[140.107,-2.797],[140.089,-2.781]]],[[[140.056,-2.835],[140.045,-2.841],[140.057,-2.848],[140.06,-2.841],[140.085,-2.843],[140.132,-2.864],[140.108,-2.837],[140.056,-2.835]]],[[[140.062,-2.783],[140.058,-2.774],[140.048,-2.776],[140.061,-2.788],[140.062,-2.783]]],[[[140.071,-2.779],[140.074,-2.787],[140.08,-2.791],[140.071,-2.779]]],[[[140.215,-2.872],[140.216,-2.87],[140.216,-2.87],[140.215,-2.872]]]]},"properties":{"jenis":"sawit","nama":"PT Perkebunan Purni Jaya Grup","luas":8563,"izin":"lokasi","status":"Tidak Aktif","sk":"Nomor : 503/36/DPM-PTSP/2017","tahun":2017}},{"type":"Feature","geometry":{"type":"Polygon","coordinates":[[[140.642,-2.827],[140.662,-2.827],[140.677,-2.805],[140.699,-2.806],[140.706,-2.791],[140.7,-2.79],[140.702,-2.801],[140.681,-2.801],[140.669,-2.813],[140.664,-2.812],[140.67,-2.801],[140.64,-2.799],[140.642,-2.827]]]},"properties":{"jenis":"sawit","nama":"PT. Bumi Irian Perkasa (PT. Paloway Abadi)","luas":985,"izin":"lokasi","status":"Tidak Aktif","sk":"525/330/SET","grup":"Perkebunan Kelapa Sawit"}},{"type":"Feature","geometry":{"type":"Polygon","coordinates":[[[140.629,-2.768],[140.674,-2.771],[140.662,-2.757],[140.629,-2.76],[140.629,-2.768]]]},"properties":{"jenis":"sawit","nama":"PT. Paloway Abadi; PT.BIP, PT. Sakti Perkasa","luas":535,"izin":"lokasi","status":"Tidak Aktif","sk":"SK.560-81/002-004/BPN","grup":"Perkebunan Kelapa Sawit","tahun":1998}},{"type":"Feature","geometry":{"type":"Polygon","coordinates":[[[140.646,-3.493],[140.646,-3.526],[140.793,-3.522],[140.804,-3.5],[140.784,-3.46],[140.744,-3.46],[140.726,-3.493],[140.646,-3.493]]]},"properties":{"jenis":"sawit","nama":"PT. Patria Agri Lestari","luas":8100,"izin":"lokasi","status":"Tidak Aktif","sk":"60 Tahun 2015","grup":"Perkebunan Kelapa Sawit","tahun":2015}},{"type":"Feature","geometry":{"type":"Polygon","coordinates":[[[140.687,-3.33],[140.635,-3.331],[140.636,-3.342],[140.599,-3.346],[140.599,-3.402],[140.626,-3.418],[140.652,-3.412],[140.663,-3.423],[140.679,-3.415],[140.682,-3.42],[140.688,-3.365],[140.746,-3.365],[140.754,-3.404],[140.771,-3.398],[140.771,-3.335],[140.686,-3.342],[140.687,-3.33]]]},"properties":{"jenis":"sawit","nama":"PT. Semarak Agri Lestari","luas":12206,"izin":"lokasi","status":"Tidak Aktif","sk":"59 Tahun 2015","grup":"Perkebunan Kelapa Sawit","tahun":2015}},{"type":"Feature","geometry":{"type":"Polygon","coordinates":[[[140.752,-2.754],[140.736,-2.753],[140.722,-2.777],[140.748,-2.788],[140.752,-2.754]]]},"properties":{"jenis":"sawit","nama":"PT. Agro Utama Papua","luas":831,"izin":"lokasi","status":"Tidak Aktif","sk":"503/259/BUP","grup":"Perkebunan Kelapa Sawit","tahun":2012}},{"type":"Feature","geometry":{"type":"Polygon","coordinates":[[[140.74,-3.467],[140.694,-3.47],[140.693,-3.435],[140.759,-3.439],[140.759,-3.408],[140.746,-3.411],[140.733,-3.402],[140.731,-3.412],[140.728,-3.407],[140.719,-3.413],[140.72,-3.421],[140.699,-3.411],[140.691,-3.433],[140.646,-3.436],[140.646,-3.493],[140.726,-3.493],[140.74,-3.467]]]},"properties":{"jenis":"sawit","nama":"PT. Bio Budidaya Nabati","luas":6562,"izin":"lokasi","status":"Tidak Aktif","sk":"136 Tahun 2016","grup":"Perkebunan Kelapa Sawit","tahun":2016}},{"type":"Feature","geometry":{"type":"Polygon","coordinates":[[[140.832,-2.782],[140.793,-2.78],[140.803,-2.786],[140.794,-2.789],[140.8,-2.804],[140.81,-2.806],[140.801,-2.827],[140.818,-2.837],[140.814,-2.857],[140.848,-2.881],[140.873,-2.924],[140.852,-2.94],[140.845,-2.977],[140.855,-2.987],[140.938,-2.988],[140.943,-2.968],[140.936,-2.899],[140.905,-2.868],[140.861,-2.841],[140.859,-2.788],[140.832,-2.782]]]},"properties":{"jenis":"sawit","nama":"PT. Tandan Sawita Papua","luas":18219,"izin":"lokasi","status":"Aktif","sk":"76 Tahun 2014","grup":"Rajawali","tahun":2014}},{"type":"Feature","geometry":{"type":"MultiPolygon","coordinates":[[[[140.933,-2.893],[140.935,-2.867],[140.913,-2.84],[140.862,-2.829],[140.861,-2.84],[140.877,-2.856],[140.905,-2.868],[140.933,-2.893]],[[140.909,-2.861],[140.903,-2.86],[140.906,-2.857],[140.909,-2.861]]],[[[140.855,-2.987],[140.855,-3.013],[140.866,-3.014],[140.864,-3.004],[140.933,-3.009],[140.945,-3.018],[140.944,-3.002],[140.932,-3],[140.936,-2.988],[140.855,-2.987]]]]},"properties":{"jenis":"sawit","nama":"PT. Purni Papua Perkasa Jaya","luas":4539,"izin":"lokasi","status":"Tidak Aktif","sk":"23 Tahun 2014","grup":"Perkebunan Kelapa Sawit","tahun":2014}},{"type":"Feature","geometry":{"type":"Polygon","coordinates":[[[140.871,-2.925],[140.846,-2.883],[140.833,-2.876],[140.775,-2.877],[140.793,-2.937],[140.809,-2.937],[140.814,-2.922],[140.837,-2.922],[140.848,-2.925],[140.85,-2.952],[140.858,-2.931],[140.871,-2.925]]]},"properties":{"jenis":"sawit","nama":"PT. Victory Cemerlang Indonesia Wood Industry","luas":4889,"izin":"lokasi","status":"Tidak Aktif","sk":"93 Tahun 2013","grup":"Perkebunan Kelapa Sawit","tahun":2013}},{"type":"Feature","geometry":{"type":"Polygon","coordinates":[[[139.141,-5.926],[139.126,-5.951],[139.088,-5.935],[139.089,-5.971],[139.067,-5.977],[139.066,-5.986],[139.089,-5.989],[139.101,-6.002],[139.127,-6.051],[139.147,-6.116],[139.16,-6.122],[139.351,-6.122],[139.299,-6.105],[139.219,-6.095],[139.197,-6.082],[139.206,-6.067],[139.193,-6.071],[139.181,-6.024],[139.181,-5.961],[139.141,-5.926]]]},"properties":{"jenis":"sawit","nama":"PT. SAWIT MURNI SEJAHTERA","luas":20725,"izin":"lokasi","status":"Tidak Aktif","sk":"503/198/BUPATI/IX/2015","tahun":2015}},{"type":"Feature","geometry":{"type":"Polygon","coordinates":[[[139.145,-6.128],[139.142,-6.198],[139.176,-6.196],[139.184,-6.217],[139.226,-6.236],[139.246,-6.211],[139.241,-6.183],[139.276,-6.173],[139.302,-6.186],[139.323,-6.233],[139.467,-6.232],[139.439,-6.161],[139.413,-6.122],[139.16,-6.122],[139.145,-6.128]]]},"properties":{"jenis":"sawit","nama":"PT. PUTRA PALMA CEMERLANG","luas":33775,"izin":"lokasi","status":"Tidak Aktif","sk":"503/195/BUPATI/IX/2015","grup":"PT. PPC","tahun":2015}},{"type":"Feature","geometry":{"type":"Polygon","coordinates":[[[140.802,-6.975],[140.969,-6.973],[140.966,-6.914],[140.935,-6.914],[140.885,-6.866],[140.881,-6.831],[140.785,-6.697],[140.72,-6.7],[140.802,-6.975]]]},"properties":{"jenis":"sawit","nama":"PT. Papua Agro Lestari","luas":39800,"izin":"lokasi","status":"Aktif","sk":"665 tahun 2013","grup":"Korindo","tahun":2013}},{"type":"Feature","geometry":{"type":"Polygon","coordinates":[[[140.705,-7.259],[140.672,-7.254],[140.611,-7.29],[140.63,-7.339],[140.615,-7.365],[140.603,-7.368],[140.617,-7.403],[140.584,-7.413],[140.576,-7.433],[140.549,-7.451],[140.578,-7.494],[140.613,-7.464],[140.633,-7.469],[140.654,-7.447],[140.669,-7.447],[140.679,-7.436],[140.695,-7.442],[140.706,-7.437],[140.742,-7.461],[140.747,-7.474],[140.747,-7.495],[140.719,-7.528],[140.738,-7.567],[140.759,-7.577],[140.817,-7.571],[140.868,-7.542],[140.785,-7.474],[140.759,-7.444],[140.746,-7.368],[140.716,-7.316],[140.705,-7.259]]]},"properties":{"jenis":"sawit","nama":"PT. Agrinusa Persada Mulia","luas":40000,"izin":"lokasi","status":"Aktif","sk":"91 tahun 2013","grup":"Agro Mandiri Semesta","tahun":2013}},{"type":"Feature","geometry":{"type":"Polygon","coordinates":[[[139.531,-7.368],[139.53,-7.402],[139.54,-7.426],[139.864,-7.436],[139.874,-7.381],[139.87,-7.372],[139.781,-7.372],[139.758,-7.314],[139.746,-7.311],[139.706,-7.317],[139.634,-7.372],[139.609,-7.366],[139.58,-7.33],[139.553,-7.36],[139.531,-7.368]]]},"properties":{"jenis":"sawit","nama":"PT. Dongin Prabhawa","luas":39800,"izin":"lokasi","status":"Aktif","sk":"252 tahun 2010","grup":"Korindo","tahun":2010}},{"type":"Feature","geometry":{"type":"Polygon","coordinates":[[[140.671,-7.158],[140.68,-7.153],[140.701,-7.175],[140.702,-7.187],[140.699,-7.197],[140.677,-7.208],[140.675,-7.235],[140.648,-7.244],[140.653,-7.245],[140.698,-7.238],[140.701,-7.208],[140.736,-7.21],[140.692,-7.084],[140.654,-7.06],[140.641,-7.088],[140.625,-7.08],[140.599,-7.097],[140.568,-7.094],[140.605,-7.121],[140.618,-7.12],[140.622,-7.14],[140.649,-7.159],[140.651,-7.178],[140.674,-7.169],[140.671,-7.158]]]},"properties":{"jenis":"sawit","nama":"PT. Ulilin Agro Lestari","luas":12538,"izin":"lokasi","status":"Tidak Aktif","sk":"321 Tahun 2014","tahun":2014}},{"type":"Feature","geometry":{"type":"Polygon","coordinates":[[[140.701,-7.208],[140.699,-7.238],[140.716,-7.316],[140.746,-7.368],[140.759,-7.444],[140.811,-7.494],[140.842,-7.484],[140.824,-7.471],[140.825,-7.435],[140.806,-7.412],[140.806,-7.369],[140.83,-7.357],[140.828,-7.337],[140.819,-7.332],[140.823,-7.32],[140.845,-7.315],[140.862,-7.296],[140.863,-7.283],[140.84,-7.27],[140.836,-7.236],[140.823,-7.219],[140.701,-7.208]]]},"properties":{"jenis":"sawit","nama":"PT. Internusa Jaya Sejahtera","luas":18587,"izin":"lokasi","status":"Aktif","sk":"339 Tahun 2013","tahun":2013}},{"type":"Feature","geometry":{"type":"MultiPolygon","coordinates":[[[[140.958,-6.973],[140.814,-6.975],[140.85,-7.08],[140.847,-7.091],[140.801,-7.091],[140.715,-7.074],[140.679,-7.059],[140.662,-7.043],[140.654,-7.056],[140.695,-7.091],[140.851,-7.114],[140.872,-7.143],[140.887,-7.146],[140.972,-7.086],[140.972,-7.005],[140.945,-7.018],[140.942,-6.988],[140.948,-6.98],[140.958,-6.983],[140.958,-6.973]]],[[[140.552,-6.992],[140.554,-6.98],[140.547,-6.974],[140.554,-6.959],[140.46,-6.901],[140.47,-6.993],[140.556,-6.996],[140.552,-6.992]]]]},"properties":{"jenis":"sawit","nama":"PT. Bio Inti Agrindo","luas":36401,"izin":"lokasi","status":"Aktif","sk":"258 tahun 2010","grup":"Posco International","tahun":2010}},{"type":"Feature","geometry":{"type":"Polygon","coordinates":[[[140.467,-6.899],[140.583,-6.963],[140.604,-6.99],[140.574,-6.639],[140.466,-6.729],[140.467,-6.899]]]},"properties":{"jenis":"sawit","nama":"PT. Berkat Cipta Abadi","luas":40000,"izin":"lokasi","status":"Aktif","sk":"253 tahun 2010","grup":"Korindo","tahun":2010}},{"type":"Feature","geometry":{"type":"Polygon","coordinates":[[[140.508,-7.604],[140.526,-7.592],[140.535,-7.554],[140.559,-7.545],[140.569,-7.501],[140.578,-7.494],[140.549,-7.451],[140.576,-7.433],[140.584,-7.413],[140.617,-7.403],[140.603,-7.368],[140.615,-7.365],[140.63,-7.339],[140.611,-7.29],[140.672,-7.254],[140.705,-7.259],[140.699,-7.238],[140.671,-7.245],[140.623,-7.241],[140.58,-7.259],[140.583,-7.279],[140.564,-7.325],[140.537,-7.343],[140.537,-7.357],[140.488,-7.441],[140.463,-7.453],[140.463,-7.477],[140.505,-7.479],[140.483,-7.517],[140.445,-7.554],[140.451,-7.561],[140.444,-7.562],[140.508,-7.604]]]},"properties":{"jenis":"sawit","nama":"PT. Agriprima Cipta Persada","luas":33540,"izin":"lokasi","status":"Aktif","sk":"6 Tahun 2013","tahun":2013}},{"type":"Feature","geometry":{"type":"Polygon","coordinates":[[[135.185,-4.196],[135.24,-4.23],[135.243,-4.267],[135.228,-4.296],[135.127,-4.377],[135.126,-4.392],[135.135,-4.379],[135.148,-4.381],[135.149,-4.403],[135.168,-4.405],[135.166,-4.416],[135.184,-4.441],[135.196,-4.445],[135.273,-4.432],[135.27,-4.426],[135.283,-4.43],[135.298,-4.41],[135.321,-4.415],[135.331,-4.397],[135.327,-4.39],[135.35,-4.395],[135.344,-4.382],[135.353,-4.382],[135.367,-4.397],[135.359,-4.375],[135.351,-4.371],[135.359,-4.367],[135.355,-4.357],[135.333,-4.365],[135.321,-4.353],[135.316,-4.374],[135.3,-4.358],[135.309,-4.349],[135.307,-4.339],[135.328,-4.337],[135.33,-4.328],[135.351,-4.334],[135.351,-4.315],[135.362,-4.299],[135.383,-4.293],[135.332,-4.244],[135.32,-4.267],[135.306,-4.261],[135.293,-4.266],[135.285,-4.251],[135.272,-4.251],[135.278,-4.244],[135.265,-4.233],[135.267,-4.223],[135.252,-4.228],[135.248,-4.209],[135.273,-4.16],[135.193,-4.151],[135.187,-4.171],[135.196,-4.18],[135.185,-4.196]]]},"properties":{"jenis":"sawit","nama":"PT TUNAS AGUNG SEJAHTERA","luas":40000,"izin":"lokasi","status":"Aktif","sk":"1 TAHUN 2017","grup":"SALIM","tahun":2017}},{"type":"Feature","geometry":{"type":"Polygon","coordinates":[[[136.66,-4.293],[136.644,-4.252],[136.602,-4.284],[136.59,-4.321],[136.574,-4.333],[136.569,-4.352],[136.579,-4.366],[136.581,-4.395],[136.546,-4.428],[136.547,-4.441],[136.534,-4.442],[136.529,-4.45],[136.536,-4.453],[136.526,-4.458],[136.53,-4.469],[136.516,-4.475],[136.519,-4.49],[136.51,-4.495],[136.522,-4.497],[136.51,-4.514],[136.515,-4.531],[136.683,-4.527],[136.679,-4.509],[136.689,-4.504],[136.691,-4.488],[136.682,-4.491],[136.684,-4.482],[136.67,-4.468],[136.662,-4.476],[136.658,-4.45],[136.681,-4.433],[136.665,-4.426],[136.657,-4.413],[136.668,-4.398],[136.69,-4.398],[136.715,-4.383],[136.731,-4.324],[136.707,-4.296],[136.663,-4.306],[136.66,-4.293]]]},"properties":{"jenis":"sawit","nama":"PT PUSAKA AGRO LESTARI","luas":39000,"izin":"lokasi","status":"AKTIF","sk":"36 TAHUN 2007","grup":"NOBLE PLANTATION Pte Ltd","tahun":2007}},{"type":"Feature","geometry":{"type":"MultiPolygon","coordinates":[[[[136.829,-4.314],[136.782,-4.319],[136.782,-4.329],[136.729,-4.33],[136.731,-4.346],[136.718,-4.384],[136.686,-4.403],[136.669,-4.398],[136.67,-4.41],[136.661,-4.405],[136.658,-4.414],[136.684,-4.434],[136.677,-4.444],[136.661,-4.447],[136.665,-4.474],[136.673,-4.467],[136.674,-4.477],[136.687,-4.481],[136.683,-4.489],[136.694,-4.485],[136.694,-4.501],[136.681,-4.509],[136.688,-4.529],[136.675,-4.532],[136.677,-4.561],[136.683,-4.539],[136.701,-4.516],[136.716,-4.547],[136.721,-4.516],[136.712,-4.522],[136.705,-4.513],[136.715,-4.515],[136.749,-4.424],[136.767,-4.406],[136.8,-4.403],[136.8,-4.367],[136.833,-4.363],[136.833,-4.341],[136.821,-4.332],[136.829,-4.314]]],[[[136.832,-4.504],[136.833,-4.497],[136.81,-4.496],[136.81,-4.504],[136.799,-4.504],[136.794,-4.514],[136.795,-4.529],[136.822,-4.531],[136.821,-4.552],[136.833,-4.552],[136.833,-4.533],[136.826,-4.529],[136.833,-4.527],[136.832,-4.504]]],[[[136.833,-4.457],[136.833,-4.45],[136.785,-4.446],[136.771,-4.471],[136.805,-4.46],[136.833,-4.468],[136.833,-4.457]]]]},"properties":{"jenis":"sawit","nama":"PT PRIMA SARANA GRAHA","luas":40000,"izin":"lokasi","status":"Tidak Aktif","sk":"201 TAHUN 2012","tahun":2012}},{"type":"Feature","geometry":{"type":"Polygon","coordinates":[[[135.094,-3.359],[135.088,-3.346],[135.071,-3.336],[135.069,-3.414],[135.081,-3.445],[135.09,-3.449],[135.101,-3.439],[135.106,-3.447],[135.114,-3.433],[135.127,-3.432],[135.17,-3.462],[135.167,-3.446],[135.183,-3.415],[135.17,-3.405],[135.167,-3.372],[135.113,-3.382],[135.098,-3.373],[135.094,-3.359]]]},"properties":{"jenis":"sawit","nama":"PT. Sariwana Adi Perkasa","luas":8950,"izin":"lokasi","status":"Aktif","sk":"Nomor 72 Tahun 2012","grup":"Goodhope Asia Holdings Limited","tahun":2012}},{"type":"Feature","geometry":{"type":"Polygon","coordinates":[[[136.341,-3.009],[136.355,-2.949],[136.339,-2.944],[136.328,-2.917],[136.294,-2.919],[136.289,-2.91],[136.297,-2.905],[136.288,-2.901],[136.292,-2.885],[136.278,-2.886],[136.283,-2.874],[136.273,-2.89],[136.265,-2.89],[136.272,-2.879],[136.259,-2.87],[136.264,-2.853],[136.253,-2.859],[136.244,-2.854],[136.252,-2.866],[136.242,-2.865],[136.236,-2.914],[136.22,-2.926],[136.203,-2.927],[136.158,-2.889],[136.143,-2.852],[136.13,-2.852],[136.101,-2.875],[136.094,-2.87],[136.111,-2.837],[136.138,-2.834],[136.151,-2.82],[136.12,-2.805],[136.114,-2.785],[136.079,-2.842],[136.077,-2.833],[136.063,-2.828],[136.048,-2.841],[136.049,-2.831],[136.042,-2.836],[136.037,-2.831],[136.038,-2.844],[136.022,-2.845],[135.988,-2.87],[135.991,-2.877],[136.018,-2.882],[136.022,-2.907],[136.074,-2.93],[136.09,-2.956],[136.125,-2.928],[136.172,-2.942],[136.174,-2.974],[136.259,-3.034],[136.304,-3.035],[136.328,-3.01],[136.341,-3.009]]]},"properties":{"jenis":"sawit","nama":"PT. Sawit Makmur Abadi","luas":40000,"izin":"lokasi","status":"Tidak Aktif","sk":"Nomor 89 Tahun 2014","tahun":2014}},{"type":"Feature","geometry":{"type":"Polygon","coordinates":[[[135.294,-3.491],[135.302,-3.443],[135.314,-3.44],[135.314,-3.427],[135.306,-3.425],[135.305,-3.386],[135.235,-3.375],[135.2,-3.382],[135.167,-3.372],[135.17,-3.405],[135.183,-3.415],[135.167,-3.446],[135.18,-3.478],[135.191,-3.454],[135.206,-3.455],[135.231,-3.484],[135.236,-3.501],[135.262,-3.515],[135.276,-3.512],[135.294,-3.491]]]},"properties":{"jenis":"sawit","nama":"PT. Nabire Baru","luas":17000,"izin":"lokasi","status":"Aktif","sk":"Nomor 71 Tahun 2012","grup":"Goodhope Asia Holdings Limited","tahun":2012}},{"type":"Feature","geometry":{"type":"Polygon","coordinates":[[[139.439,-3.073],[139.437,-3.067],[139.418,-3.077],[139.403,-3.07],[139.411,-3.131],[139.44,-3.171],[139.444,-3.2],[139.457,-3.192],[139.462,-3.202],[139.481,-3.201],[139.481,-3.191],[139.473,-3.188],[139.48,-3.185],[139.477,-3.165],[139.497,-3.156],[139.508,-3.133],[139.495,-3.121],[139.488,-3.079],[139.461,-3.081],[139.439,-3.073]],[[139.443,-3.109],[139.452,-3.115],[139.439,-3.125],[139.443,-3.109]]]},"properties":{"jenis":"sawit","nama":"PT. Daya Indah Nusantara","luas":10160,"izin":"lokasi","status":"3","sk":"Nomor : 188.4/207/Tahun 2016","grup":"Musim Mas","tahun":2016}},{"type":"Feature","geometry":{"type":"Polygon","coordinates":[[[139.009,-1.996],[138.985,-1.99],[138.979,-2.027],[139.01,-2.078],[139.001,-2.111],[139.033,-2.121],[139.059,-2.097],[139.074,-2.099],[139.082,-2.11],[139.101,-2.093],[139.179,-2.136],[139.197,-2.162],[139.334,-2.243],[139.336,-2.234],[139.342,-2.238],[139.342,-2.215],[139.348,-2.217],[139.354,-2.205],[139.343,-2.199],[139.353,-2.164],[139.326,-2.146],[139.265,-2.133],[139.241,-2.112],[139.156,-2.093],[139.075,-2.029],[139.034,-2.002],[139.009,-1.996]]]},"properties":{"jenis":"sawit","nama":"PT. Gaharu Prima Lestari","luas":30000,"izin":"lokasi","status":"3","sk":"Nomor : 03 Tahun 2011","grup":"Agri Sentani","tahun":2011}},{"type":"Feature","geometry":{"type":"MultiPolygon","coordinates":[[[[115.917,-0.285],[115.909,-0.291],[115.891,-0.285],[115.888,-0.292],[115.881,-0.317],[115.881,-0.4],[115.929,-0.392],[115.929,-0.376],[115.945,-0.378],[115.943,-0.39],[115.954,-0.399],[115.961,-0.387],[115.979,-0.396],[115.988,-0.381],[116.08,-0.378],[116.079,-0.33],[116.05,-0.33],[116.05,-0.321],[115.973,-0.323],[115.929,-0.284],[115.922,-0.291],[115.917,-0.285]],[[115.891,-0.317],[115.896,-0.312],[115.907,-0.323],[115.894,-0.334],[115.906,-0.356],[115.897,-0.361],[115.901,-0.381],[115.885,-0.391],[115.891,-0.317]],[[116.011,-0.347],[116.013,-0.345],[116.012,-0.349],[116.011,-0.347]],[[116.014,-0.348],[116.017,-0.349],[116.014,-0.35],[116.014,-0.348]],[[116.037,-0.36],[116.037,-0.356],[116.043,-0.356],[116.037,-0.36]],[[116.055,-0.357],[116.062,-0.36],[116.057,-0.361],[116.055,-0.357]],[[116.063,-0.359],[116.063,-0.358],[116.064,-0.357],[116.063,-0.359]],[[116.012,-0.369],[116.009,-0.363],[116.014,-0.366],[116.012,-0.369]],[[116.033,-0.369],[116.037,-0.374],[116.03,-0.373],[116.033,-0.369]]],[[[116.002,-0.374],[116.003,-0.376],[116.004,-0.372],[116.002,-0.374]]]]},"properties":{"jenis":"sawit","nama":"PT. Mahakam Hijau Makmur","luas":14700,"izin":"lokasi","status":"aktif","sk":"525.29/K.647/2012","grup":"CT Agro Group","tahun":2012}},{"type":"Feature","geometry":{"type":"Polygon","coordinates":[[[115.916,-0.651],[115.917,-0.616],[115.899,-0.605],[115.914,-0.701],[115.894,-0.701],[115.894,-0.689],[115.864,-0.689],[115.865,-0.713],[115.914,-0.713],[115.916,-0.701],[115.98,-0.701],[115.98,-0.695],[116.041,-0.691],[116.035,-0.663],[116.034,-0.671],[116.002,-0.671],[116,-0.627],[115.942,-0.627],[115.946,-0.64],[115.934,-0.652],[115.916,-0.651]]]},"properties":{"jenis":"sawit","nama":"PT. Munte Waniq Jaya Perkasa","luas":9790,"izin":"lokasi","status":"aktif","sk":"525.29/K.1017/2011","grup":"TSH Resources Berhad","tahun":2011}},{"type":"Feature","geometry":{"type":"Polygon","coordinates":[[[115.738,-0.453],[115.726,-0.459],[115.72,-0.474],[115.724,-0.49],[115.713,-0.502],[115.712,-0.531],[115.722,-0.571],[115.771,-0.593],[115.754,-0.614],[115.768,-0.609],[115.775,-0.592],[115.768,-0.585],[115.785,-0.551],[115.847,-0.575],[115.848,-0.554],[115.785,-0.519],[115.785,-0.493],[115.802,-0.498],[115.801,-0.492],[115.785,-0.487],[115.791,-0.481],[115.746,-0.465],[115.738,-0.453]]]},"properties":{"jenis":"sawit","nama":"PT. Palmulya Selaras Abadi","luas":11582,"izin":"lokasi","sk":"666.5.525.29/K.30/2017","tahun":2017}},{"type":"Feature","geometry":{"type":"Polygon","coordinates":[[[115.865,-0.793],[115.915,-0.793],[115.915,-0.713],[115.863,-0.713],[115.865,-0.793]]]},"properties":{"jenis":"sawit","nama":"PT. Perkebunan Sentawar Membangun","luas":5084,"izin":"lokasi","status":"aktif","sk":"525.26/K.1179/2012","grup":"TSH Resources Berhad","tahun":2012}},{"type":"Feature","geometry":{"type":"MultiPolygon","coordinates":[[[[116.076,-0.38],[116.029,-0.379],[115.98,-0.427],[115.973,-0.464],[115.963,-0.464],[115.953,-0.483],[115.936,-0.492],[116.003,-0.497],[116.004,-0.56],[116.08,-0.56],[116.08,-0.542],[116.07,-0.54],[116.055,-0.49],[116.08,-0.465],[116.11,-0.449],[116.093,-0.436],[116.093,-0.38],[116.076,-0.38]]],[[[116.244,-0.595],[116.244,-0.569],[116.163,-0.569],[116.164,-0.626],[116.19,-0.626],[116.19,-0.617],[116.226,-0.616],[116.226,-0.607],[116.244,-0.595]]],[[[116.269,-0.531],[116.109,-0.531],[116.109,-0.634],[116.145,-0.636],[116.145,-0.626],[116.164,-0.626],[116.163,-0.569],[116.252,-0.568],[116.252,-0.56],[116.269,-0.559],[116.269,-0.531]]],[[[115.917,-0.47],[115.93,-0.433],[115.9,-0.432],[115.875,-0.465],[115.865,-0.471],[115.822,-0.462],[115.797,-0.492],[115.858,-0.531],[115.917,-0.47]]]]},"properties":{"jenis":"sawit","nama":"PT. PP London Sumatra Indonesia Tbk","luas":41500,"izin":"lokasi","status":"aktif","sk":"660/K.267 TAHUN 2002; 660/K.269 TAHUN 2002; 660/K.","grup":"Indoagri","tahun":2002}},{"type":"Feature","geometry":{"type":"Polygon","coordinates":[[[116.063,-0.56],[116.027,-0.561],[116.027,-0.57],[116.063,-0.57],[116.063,-0.56]]]},"properties":{"jenis":"sawit","nama":"PT. PP London Sumatra Indonesia Tbk","luas":4296,"izin":"lokasi","status":"aktif","sk":"525.29/K.985/2015","grup":"Indoagri","tahun":2015}},{"type":"Feature","geometry":{"type":"Polygon","coordinates":[[[116.378,-0.629],[116.318,-0.537],[116.29,-0.527],[116.261,-0.503],[116.219,-0.503],[116.219,-0.55],[116.271,-0.55],[116.271,-0.611],[116.296,-0.611],[116.317,-0.694],[116.314,-0.724],[116.302,-0.725],[116.302,-0.747],[116.292,-0.747],[116.292,-0.758],[116.319,-0.737],[116.327,-0.709],[116.378,-0.629]]]},"properties":{"jenis":"sawit","nama":"PT. Putra Bongan Jaya","luas":16640,"izin":"lokasi","status":"aktif","sk":"525.26/K.1087/2007","tahun":2007}},{"type":"Feature","geometry":{"type":"Polygon","coordinates":[[[115.803,-0.239],[115.769,-0.28],[115.777,-0.294],[115.79,-0.294],[115.79,-0.309],[115.774,-0.309],[115.774,-0.317],[115.789,-0.315],[115.803,-0.35],[115.815,-0.341],[115.815,-0.325],[115.825,-0.325],[115.825,-0.308],[115.85,-0.308],[115.852,-0.302],[115.84,-0.296],[115.843,-0.279],[115.833,-0.27],[115.841,-0.257],[115.837,-0.243],[115.803,-0.239]]]},"properties":{"jenis":"sawit","nama":"PT. Bhumi Inti Lestari","luas":6098,"izin":"lokasi","sk":"525.26/K.1105/2010","tahun":2010}},{"type":"Feature","geometry":{"type":"MultiPolygon","coordinates":[[[[115.866,-0.833],[115.864,-0.748],[115.781,-0.748],[115.785,-0.824],[115.824,-0.833],[115.817,-0.847],[115.824,-0.917],[115.869,-0.917],[115.866,-0.833]]],[[[115.821,-0.913],[115.812,-0.845],[115.819,-0.835],[115.78,-0.826],[115.777,-0.813],[115.767,-0.916],[115.821,-0.913]]]]},"properties":{"jenis":"sawit","nama":"PT. Borneo Citra Persada Jaya","luas":18952,"izin":"lokasi","status":"aktif","sk":"525.29/K.437/2016","grup":"Borneo Agri Group","tahun":2016}},{"type":"Feature","geometry":{"type":"Polygon","coordinates":[[[115.86,-0.532],[115.785,-0.493],[115.785,-0.519],[115.848,-0.554],[115.852,-0.683],[115.894,-0.689],[115.894,-0.701],[115.914,-0.701],[115.898,-0.594],[115.919,-0.59],[115.933,-0.622],[115.946,-0.572],[115.917,-0.557],[115.909,-0.538],[115.89,-0.528],[115.902,-0.507],[115.884,-0.5],[115.86,-0.532]]]},"properties":{"jenis":"sawit","nama":"PT. Anekareksa International Corporation","luas":16256,"izin":"lokasi","status":"aktif","sk":"525.26/K.767/2010","tahun":2010}},{"type":"Feature","geometry":{"type":"Polygon","coordinates":[[[115.851,-0.614],[115.848,-0.576],[115.785,-0.551],[115.768,-0.585],[115.775,-0.592],[115.768,-0.609],[115.75,-0.618],[115.754,-0.633],[115.777,-0.652],[115.769,-0.657],[115.781,-0.749],[115.864,-0.749],[115.863,-0.682],[115.851,-0.684],[115.851,-0.614]]]},"properties":{"jenis":"sawit","nama":"PT. Borneo Citra Persada Mandiri","luas":18911,"izin":"lokasi","status":"aktif","sk":"525.29/K.438/2016","grup":"Borneo Agri Group","tahun":2016}},{"type":"Feature","geometry":{"type":"MultiPolygon","coordinates":[[[[115.565,-0.389],[115.574,-0.414],[115.6,-0.414],[115.618,-0.447],[115.616,-0.466],[115.637,-0.459],[115.626,-0.406],[115.6,-0.388],[115.6,-0.394],[115.565,-0.389]]],[[[115.656,-0.459],[115.654,-0.466],[115.636,-0.462],[115.626,-0.468],[115.697,-0.485],[115.701,-0.469],[115.682,-0.469],[115.682,-0.461],[115.673,-0.46],[115.67,-0.469],[115.656,-0.459]]],[[[115.677,-0.404],[115.635,-0.422],[115.64,-0.459],[115.682,-0.457],[115.677,-0.404]]]]},"properties":{"jenis":"sawit","nama":"PT. Borneo Persada Energy Jaya","luas":594472,"izin":"lokasi","status":"aktif","sk":"525.26/K.551/2013","grup":"First Resources Group","tahun":2013}},{"type":"Feature","geometry":{"type":"Polygon","coordinates":[[[116.114,-0.549],[116.12,-0.549],[116.12,-0.535],[116.087,-0.535],[116.093,-0.561],[116.067,-0.561],[116.067,-0.572],[116.041,-0.572],[116.041,-0.591],[116.011,-0.591],[116.011,-0.622],[115.928,-0.622],[116,-0.627],[116.002,-0.671],[116.034,-0.671],[116.034,-0.645],[116.08,-0.645],[116.08,-0.629],[116.114,-0.629],[116.114,-0.549]]]},"properties":{"jenis":"sawit","nama":"PT. Borneo Surya Mining Jaya","luas":11210,"izin":"lokasi","status":"aktif","sk":"525.26/K.039a/2013","grup":"First Resources Group","tahun":2013}},{"type":"Feature","geometry":{"type":"MultiPolygon","coordinates":[[[[115.626,-0.468],[115.617,-0.47],[115.626,-0.481],[115.612,-0.494],[115.632,-0.5],[115.632,-0.523],[115.647,-0.547],[115.643,-0.636],[115.631,-0.679],[115.652,-0.68],[115.662,-0.662],[115.665,-0.597],[115.677,-0.573],[115.692,-0.57],[115.697,-0.485],[115.626,-0.468]]],[[[115.618,-0.467],[115.618,-0.447],[115.6,-0.414],[115.584,-0.414],[115.585,-0.464],[115.539,-0.464],[115.508,-0.5],[115.517,-0.495],[115.52,-0.508],[115.551,-0.5],[115.614,-0.5],[115.61,-0.488],[115.618,-0.484],[115.618,-0.467]]]]},"properties":{"jenis":"sawit","nama":"PT. Citra Agro Kencana","luas":1600107,"izin":"lokasi","status":"aktif","sk":"525.26/K.543/2013","grup":"First Resources Group","tahun":2013}},{"type":"Feature","geometry":{"type":"MultiPolygon","coordinates":[[[[115.87,-0.954],[115.869,-0.918],[115.768,-0.917],[115.757,-0.964],[115.85,-0.978],[115.854,-0.985],[115.861,-0.983],[115.87,-0.954]]],[[[115.759,-0.992],[115.761,-0.974],[115.753,-0.974],[115.727,-0.998],[115.754,-1.008],[115.731,-1.028],[115.735,-1.057],[115.728,-1.057],[115.71,-1.024],[115.696,-1.049],[115.667,-1.038],[115.673,-1.057],[115.696,-1.056],[115.727,-1.086],[115.744,-1.094],[115.75,-1.09],[115.742,-1.081],[115.757,-1.064],[115.76,-1.038],[115.782,-1.024],[115.759,-0.992]]]]},"properties":{"jenis":"sawit","nama":"PT. Citra Palma Pertiwi","luas":14203,"izin":"lokasi","status":"aktif","sk":"525.29/K.439/2016","grup":"Borneo Agri Group","tahun":2016}},{"type":"Feature","geometry":{"type":"MultiPolygon","coordinates":[[[[115.88,-0.533],[115.899,-0.533],[115.89,-0.528],[115.899,-0.507],[115.875,-0.507],[115.864,-0.535],[115.832,-0.514],[115.81,-0.519],[115.81,-0.536],[115.848,-0.554],[115.852,-0.683],[115.861,-0.682],[115.862,-0.551],[115.854,-0.547],[115.88,-0.533]]],[[[115.938,-0.564],[115.926,-0.558],[115.924,-0.566],[115.911,-0.567],[115.911,-0.584],[115.926,-0.584],[115.931,-0.617],[115.92,-0.59],[115.898,-0.594],[115.9,-0.604],[115.931,-0.627],[115.946,-0.572],[115.938,-0.564]]]]},"properties":{"jenis":"sawit","nama":"PT. Anekareksa International","luas":6432,"izin":"lokasi","status":"aktif","sk":"525.29/K.022/2017","tahun":2017}},{"type":"Feature","geometry":{"type":"Polygon","coordinates":[[[115.632,-0.5],[115.551,-0.5],[115.52,-0.508],[115.517,-0.502],[115.517,-0.517],[115.506,-0.517],[115.483,-0.606],[115.46,-0.633],[115.462,-0.649],[115.48,-0.651],[115.489,-0.6],[115.508,-0.592],[115.569,-0.592],[115.579,-0.563],[115.632,-0.524],[115.632,-0.5]]]},"properties":{"jenis":"sawit","nama":"PT. Ketapang Hijau Lestari","luas":12416,"izin":"lokasi","status":"aktif","sk":"525.29/K.619/2011","tahun":2011}},{"type":"Feature","geometry":{"type":"MultiPolygon","coordinates":[[[[115.979,-0.748],[115.972,-0.744],[115.948,-0.759],[115.978,-0.762],[115.988,-0.821],[115.987,-0.878],[115.963,-0.915],[115.966,-0.926],[115.972,-0.937],[116.033,-0.938],[116.047,-0.923],[116.076,-0.847],[116.015,-0.846],[116.014,-0.782],[115.999,-0.782],[115.998,-0.769],[115.984,-0.765],[115.979,-0.748]]],[[[115.948,-0.914],[115.914,-0.921],[115.911,-0.953],[115.886,-0.977],[115.913,-0.982],[115.959,-0.971],[115.959,-0.943],[115.973,-0.935],[115.965,-0.917],[115.948,-0.914]]],[[[115.931,-0.744],[115.919,-0.735],[115.919,-0.762],[115.946,-0.762],[115.95,-0.753],[115.931,-0.744]]],[[[115.981,-0.704],[115.921,-0.705],[115.919,-0.733],[115.951,-0.752],[115.971,-0.742],[115.983,-0.745],[115.981,-0.704]]]]},"properties":{"jenis":"sawit","nama":"PT. Borneo Citra Persada Abadi","luas":19830,"izin":"lokasi","status":"aktif","sk":"525.29/K.436/2016","grup":"Borneo Agri Group","tahun":2016}},{"type":"Feature","geometry":{"type":"Polygon","coordinates":[[[115.674,-0.951],[115.672,-0.941],[115.615,-0.962],[115.606,-0.951],[115.599,-0.958],[115.654,-0.995],[115.666,-1.036],[115.686,-1.044],[115.703,-1.015],[115.688,-1.019],[115.695,-0.989],[115.692,-0.978],[115.674,-0.978],[115.674,-0.951]]]},"properties":{"jenis":"sawit","nama":"PT. Dana Palma Sejahtera","luas":4748,"izin":"lokasi","status":"aktif","sk":"593.41/517/DPMPTSP-III/IV/2019","tahun":2019}},{"type":"Feature","geometry":{"type":"Polygon","coordinates":[[[116.125,-0.443],[116.119,-0.442],[116.12,-0.454],[116.084,-0.465],[116.078,-0.486],[116.059,-0.495],[116.074,-0.542],[116.087,-0.542],[116.087,-0.536],[116.219,-0.537],[116.219,-0.499],[116.202,-0.498],[116.204,-0.511],[116.191,-0.516],[116.189,-0.499],[116.147,-0.505],[116.121,-0.491],[116.12,-0.479],[116.137,-0.473],[116.145,-0.461],[116.141,-0.445],[116.125,-0.443]]]},"properties":{"jenis":"sawit","nama":"PT. Delta Utama Resoruces","luas":9855,"izin":"lokasi","status":"aktif","sk":"525.29/K.973/2011","tahun":2011}},{"type":"Feature","geometry":{"type":"Polygon","coordinates":[[[115.871,-0.982],[115.91,-0.941],[115.915,-0.793],[115.865,-0.793],[115.87,-0.954],[115.858,-0.986],[115.871,-0.982]]]},"properties":{"jenis":"sawit","nama":"PT. Ketapang Agro Lestari","luas":9271,"izin":"lokasi","status":"aktif","sk":"525.29/K.1181/2012","grup":"First Resources Group","tahun":2012}},{"type":"Feature","geometry":{"type":"MultiPolygon","coordinates":[[[[115.701,0.035],[115.669,0.034],[115.649,0.002],[115.637,0.002],[115.645,-0.001],[115.646,-0.012],[115.605,-0.041],[115.609,-0.053],[115.633,-0.057],[115.633,-0.072],[115.657,-0.07],[115.666,-0.06],[115.657,-0.051],[115.648,-0.053],[115.646,-0.046],[115.658,-0.039],[115.679,-0.053],[115.677,-0.033],[115.666,-0.025],[115.667,-0.008],[115.686,0.003],[115.716,-0.022],[115.717,-0.074],[115.754,-0.038],[115.769,-0.038],[115.758,-0.006],[115.701,0.035]],[[115.64,-0.036],[115.637,-0.023],[115.646,-0.03],[115.64,-0.036]]],[[[115.367,0.285],[115.366,0.293],[115.358,0.269],[115.364,0.261],[115.359,0.231],[115.367,0.22],[115.362,0.213],[115.344,0.215],[115.329,0.201],[115.329,0.186],[115.345,0.201],[115.42,0.214],[115.42,0.247],[115.392,0.247],[115.388,0.276],[115.367,0.285]]]]},"properties":{"jenis":"sawit","nama":"PT. Fangiono Agro Plantation","luas":13925,"izin":"lokasi","status":"aktif","sk":"525.29/K.793a/2012","tahun":2012}},{"type":"Feature","geometry":{"type":"MultiPolygon","coordinates":[[[[115.933,-0.208],[115.91,-0.204],[115.873,-0.227],[115.967,-0.253],[116.005,-0.226],[116.004,-0.21],[115.933,-0.208]]],[[[116.027,-0.269],[116.038,-0.225],[116.035,-0.212],[116.007,-0.23],[116.007,-0.272],[116.027,-0.269]]]]},"properties":{"jenis":"sawit","nama":"PT. Ketapang Hijau Lestari","luas":6065,"izin":"lokasi","status":"aktif","sk":"525.29/K.587/2011","tahun":2011}},{"type":"Feature","geometry":{"type":"MultiPolygon","coordinates":[[[[116.289,-0.614],[116.258,-0.614],[116.261,-0.644],[116.237,-0.67],[116.241,-0.689],[116.252,-0.684],[116.247,-0.695],[116.298,-0.707],[116.313,-0.687],[116.289,-0.614]]],[[[116.267,-0.76],[116.262,-0.75],[116.262,-0.775],[116.271,-0.776],[116.267,-0.76]]],[[[116.259,-0.728],[116.262,-0.728],[116.259,-0.726],[116.259,-0.728]]],[[[116.206,-0.719],[116.181,-0.708],[116.184,-0.743],[116.175,-0.765],[116.2,-0.769],[116.195,-0.725],[116.207,-0.725],[116.206,-0.719]]],[[[116.23,-0.617],[116.191,-0.617],[116.191,-0.627],[116.146,-0.626],[116.151,-0.676],[116.215,-0.674],[116.216,-0.665],[116.229,-0.658],[116.23,-0.617]]]]},"properties":{"jenis":"sawit","nama":"PT. Farinda Bersaudara","luas":17085,"izin":"lokasi","status":"aktif","sk":"525.26/K.9794/2007","grup":"TSH Resources Berhad","tahun":2007}},{"type":"Feature","geometry":{"type":"Polygon","coordinates":[[[115.569,-0.592],[115.508,-0.592],[115.487,-0.62],[115.486,-0.651],[115.437,-0.643],[115.425,-0.628],[115.418,-0.63],[115.419,-0.645],[115.441,-0.679],[115.462,-0.686],[115.489,-0.709],[115.539,-0.725],[115.582,-0.728],[115.578,-0.711],[115.526,-0.709],[115.502,-0.653],[115.554,-0.654],[115.561,-0.644],[115.573,-0.657],[115.605,-0.652],[115.569,-0.592]]]},"properties":{"jenis":"sawit","nama":"PT. Harapan Rimba Raya","luas":12000,"izin":"lokasi","status":"aktif","sk":"525.26/K.669/2007","grup":"THA Group","tahun":2007}},{"type":"Feature","geometry":{"type":"MultiPolygon","coordinates":[[[[115.403,0.274],[115.399,0.279],[115.385,0.274],[115.392,0.247],[115.42,0.247],[115.42,0.215],[115.45,0.206],[115.476,0.18],[115.494,0.129],[115.494,0.053],[115.505,0.021],[115.521,0.023],[115.522,0.089],[115.527,0.108],[115.543,0.108],[115.543,0.146],[115.522,0.157],[115.516,0.143],[115.505,0.143],[115.505,0.157],[115.52,0.157],[115.51,0.183],[115.517,0.198],[115.489,0.203],[115.47,0.221],[115.443,0.221],[115.445,0.254],[115.463,0.247],[115.473,0.258],[115.403,0.274]]],[[[115.548,0.254],[115.541,0.27],[115.519,0.27],[115.519,0.252],[115.473,0.252],[115.462,0.245],[115.445,0.251],[115.442,0.243],[115.49,0.208],[115.504,0.212],[115.506,0.205],[115.526,0.205],[115.531,0.222],[115.553,0.222],[115.553,0.231],[115.562,0.231],[115.562,0.243],[115.549,0.244],[115.548,0.254]]],[[[115.425,0.313],[115.441,0.341],[115.442,0.359],[115.396,0.359],[115.407,0.334],[115.398,0.323],[115.399,0.31],[115.414,0.311],[115.419,0.304],[115.399,0.294],[115.403,0.275],[115.415,0.272],[115.425,0.313]]]]},"properties":{"jenis":"sawit","nama":"PT. Intitama Perkebunan Prima","luas":18998,"izin":"lokasi","sk":"525.29/K.025b/2013","tahun":2013}},{"type":"Feature","geometry":{"type":"Polygon","coordinates":[[[115.763,-0.889],[115.684,-0.889],[115.667,-0.917],[115.599,-0.958],[115.657,-0.999],[115.691,-0.981],[115.695,-1.005],[115.714,-0.99],[115.725,-0.999],[115.753,-0.972],[115.768,-0.902],[115.769,-0.889],[115.763,-0.889]],[[115.758,-0.923],[115.763,-0.919],[115.754,-0.953],[115.741,-0.949],[115.758,-0.923]]]},"properties":{"jenis":"sawit","nama":"PT. Kaltim Hijau Makmur","luas":1453385,"izin":"lokasi","status":"aktif","sk":"525.29/K.1095/2016","grup":"CT Agro Group","tahun":2016}},{"type":"Feature","geometry":{"type":"Polygon","coordinates":[[[115.785,-0.046],[115.754,-0.038],[115.754,-0.087],[115.777,-0.087],[115.777,-0.12],[115.79,-0.12],[115.79,-0.141],[115.811,-0.141],[115.811,-0.219],[115.856,-0.219],[115.856,-0.26],[115.93,-0.26],[115.93,-0.27],[115.963,-0.269],[115.963,-0.278],[116.007,-0.278],[116.007,-0.224],[115.967,-0.253],[115.873,-0.227],[115.913,-0.202],[115.913,-0.191],[115.9,-0.191],[115.9,-0.139],[115.837,-0.139],[115.837,-0.125],[115.785,-0.046]]]},"properties":{"jenis":"sawit","nama":"PT. Kedap Sayaaq Dua","luas":20000,"izin":"lokasi","status":"aktif","sk":"525.26/K.797/2006","tahun":2006}},{"type":"Feature","geometry":{"type":"MultiPolygon","coordinates":[[[[115.621,-0.246],[115.585,-0.183],[115.594,-0.235],[115.586,-0.256],[115.53,-0.274],[115.527,-0.3],[115.534,-0.308],[115.517,-0.331],[115.526,-0.352],[115.516,-0.371],[115.522,-0.38],[115.541,-0.373],[115.547,-0.383],[115.567,-0.387],[115.574,-0.324],[115.597,-0.285],[115.594,-0.279],[115.579,-0.281],[115.577,-0.271],[115.596,-0.261],[115.605,-0.273],[115.621,-0.246]],[[115.536,-0.298],[115.54,-0.288],[115.553,-0.299],[115.536,-0.298]]],[[[115.558,-0.063],[115.582,-0.043],[115.587,-0.025],[115.557,-0.025],[115.538,-0.042],[115.54,-0.064],[115.478,-0.1],[115.468,-0.081],[115.447,-0.072],[115.447,-0.086],[115.432,-0.086],[115.467,-0.109],[115.391,-0.141],[115.378,-0.171],[115.56,-0.08],[115.558,-0.063]],[[115.397,-0.16],[115.402,-0.149],[115.434,-0.134],[115.397,-0.16]]]]},"properties":{"jenis":"sawit","nama":"PT. Kalimantan Agro Abadi","luas":16780,"izin":"lokasi","status":"aktif","sk":"525.29/K.2385/2015","tahun":2015}},{"type":"Feature","geometry":{"type":"MultiPolygon","coordinates":[[[[115.942,-0.147],[115.931,-0.149],[115.93,-0.164],[115.891,-0.19],[115.903,-0.201],[115.946,-0.208],[116.018,-0.208],[116.018,-0.181],[115.942,-0.147]]],[[[116.076,-0.219],[116.063,-0.194],[116.046,-0.216],[116.038,-0.221],[116.035,-0.213],[116.013,-0.227],[116.013,-0.252],[116.035,-0.274],[116.076,-0.232],[116.076,-0.219]]],[[[115.898,-0.18],[115.926,-0.162],[115.928,-0.141],[115.872,-0.115],[115.847,-0.141],[115.888,-0.185],[115.898,-0.18]]],[[[115.832,0.043],[115.819,0.034],[115.812,0.039],[115.771,0.03],[115.745,-0.001],[115.761,-0.016],[115.772,0.011],[115.818,0.019],[115.808,0.019],[115.808,0.026],[115.825,0.022],[115.835,0.028],[115.832,0.043]]],[[[115.699,0.045],[115.674,0.045],[115.669,0.034],[115.701,0.035],[115.743,0.001],[115.756,0.023],[115.775,0.032],[115.774,0.039],[115.756,0.037],[115.736,0.022],[115.699,0.045]]],[[[115.823,0.042],[115.828,0.045],[115.776,0.038],[115.823,0.042]]]]},"properties":{"jenis":"sawit","nama":"PT. Kalimantan Agro Makmur","luas":17836,"izin":"lokasi","status":"aktif","sk":"525.29/K.440/2016","grup":"Borneo Agri Group","tahun":2016}},{"type":"Feature","geometry":{"type":"MultiPolygon","coordinates":[[[[115.707,-0.889],[115.769,-0.889],[115.779,-0.707],[115.763,-0.673],[115.752,-0.615],[115.733,-0.624],[115.699,-0.624],[115.738,-0.711],[115.728,-0.75],[115.758,-0.736],[115.768,-0.76],[115.753,-0.775],[115.725,-0.768],[115.722,-0.83],[115.703,-0.861],[115.703,-0.87],[115.717,-0.879],[115.707,-0.889]]],[[[115.701,-0.887],[115.7,-0.863],[115.684,-0.889],[115.707,-0.889],[115.701,-0.887]]]]},"properties":{"jenis":"sawit","nama":"PT. Kutai Agro Lestari","luas":1597655,"izin":"lokasi","status":"aktif","sk":"525.29/K.1096/2016","grup":"CT Agro Group","tahun":2016}},{"type":"Feature","geometry":{"type":"MultiPolygon","coordinates":[[[[115.612,-0.079],[115.569,-0.079],[115.57,-0.124],[115.609,-0.131],[115.623,-0.105],[115.612,-0.079]]],[[[115.629,-0.237],[115.625,-0.232],[115.652,-0.231],[115.645,-0.218],[115.636,-0.229],[115.611,-0.23],[115.623,-0.242],[115.622,-0.256],[115.63,-0.256],[115.629,-0.237]]],[[[115.553,-0.13],[115.522,-0.13],[115.522,-0.149],[115.553,-0.149],[115.553,-0.13]]]]},"properties":{"jenis":"sawit","nama":"PT. Lembah Sawit Subur","luas":4004,"izin":"lokasi","status":"aktif","sk":"525.29/K.649/2012","grup":"CT Agro Group","tahun":2012}},{"type":"Feature","geometry":{"type":"Polygon","coordinates":[[[115.449,-0.163],[115.438,-0.145],[115.376,-0.174],[115.378,-0.196],[115.419,-0.196],[115.421,-0.243],[115.357,-0.237],[115.348,-0.225],[115.328,-0.219],[115.312,-0.273],[115.41,-0.261],[115.501,-0.209],[115.486,-0.193],[115.502,-0.184],[115.482,-0.148],[115.449,-0.163]]]},"properties":{"jenis":"sawit","nama":"PT. Wahana Anugerah Lestari","luas":11730,"izin":"lokasi","status":"aktif","sk":"800/985.a/DPMPTSP-TU/IX/2018","tahun":2018}},{"type":"Feature","geometry":{"type":"MultiPolygon","coordinates":[[[[115.881,-0.333],[115.85,-0.333],[115.85,-0.383],[115.833,-0.383],[115.833,-0.4],[115.817,-0.4],[115.817,-0.425],[115.756,-0.433],[115.766,-0.458],[115.795,-0.479],[115.785,-0.487],[115.801,-0.492],[115.825,-0.46],[115.859,-0.466],[115.862,-0.473],[115.896,-0.432],[115.928,-0.435],[115.917,-0.468],[115.889,-0.494],[115.908,-0.504],[115.928,-0.471],[115.966,-0.466],[115.977,-0.428],[115.997,-0.414],[115.997,-0.4],[115.881,-0.4],[115.881,-0.333]]],[[[115.732,-0.368],[115.687,-0.368],[115.687,-0.448],[115.695,-0.454],[115.727,-0.455],[115.751,-0.413],[115.762,-0.386],[115.732,-0.368]]]]},"properties":{"jenis":"sawit","nama":"PT. Maha Karya Bersama","luas":24638,"izin":"lokasi","status":"aktif","sk":"525.29/K.1125/2013","grup":"First Resources Group","tahun":2013}},{"type":"Feature","geometry":{"type":"Polygon","coordinates":[[[116.384,-0.636],[116.378,-0.629],[116.327,-0.709],[116.319,-0.737],[116.292,-0.758],[116.292,-0.747],[116.302,-0.747],[116.302,-0.725],[116.314,-0.724],[116.315,-0.716],[116.287,-0.716],[116.287,-0.747],[116.279,-0.755],[116.268,-0.804],[116.286,-0.798],[116.294,-0.757],[116.321,-0.735],[116.343,-0.699],[116.358,-0.696],[116.376,-0.703],[116.385,-0.696],[116.383,-0.674],[116.396,-0.651],[116.384,-0.636]]]},"properties":{"jenis":"sawit","nama":"PT. Putra Bongan Jaya","luas":4460,"izin":"lokasi","status":"aktif","sk":"525.29/K.64/2017","tahun":2017}},{"type":"Feature","geometry":{"type":"MultiPolygon","coordinates":[[[[115.785,-0.05],[115.769,-0.038],[115.754,-0.038],[115.743,-0.052],[115.75,-0.056],[115.741,-0.069],[115.754,-0.087],[115.771,-0.083],[115.78,-0.089],[115.768,-0.124],[115.76,-0.126],[115.769,-0.13],[115.78,-0.117],[115.785,-0.134],[115.803,-0.145],[115.794,-0.154],[115.821,-0.17],[115.834,-0.153],[115.841,-0.165],[115.835,-0.187],[115.866,-0.162],[115.785,-0.05]]],[[[115.91,-0.204],[115.879,-0.178],[115.879,-0.221],[115.856,-0.22],[115.856,-0.26],[115.89,-0.26],[115.89,-0.232],[115.873,-0.227],[115.91,-0.204]]],[[[115.589,0.224],[115.584,0.25],[115.574,0.25],[115.562,0.246],[115.554,0.222],[115.531,0.222],[115.526,0.168],[115.534,0.146],[115.58,0.146],[115.58,0.155],[115.594,0.155],[115.589,0.224]]]]},"properties":{"jenis":"sawit","nama":"PT. Putra Utama Lestari","luas":16989,"izin":"lokasi","sk":"525.29/K.1099/2015","tahun":2015}},{"type":"Feature","geometry":{"type":"Polygon","coordinates":[[[115.483,-0.533],[115.483,-0.567],[115.467,-0.567],[115.467,-0.583],[115.427,-0.609],[115.421,-0.622],[115.418,-0.63],[115.427,-0.628],[115.437,-0.643],[115.462,-0.649],[115.46,-0.633],[115.483,-0.606],[115.502,-0.533],[115.483,-0.533]]]},"properties":{"jenis":"sawit","nama":"PT. Rimba Rayatama Jaya","luas":3998,"izin":"lokasi","status":"aktif","sk":"525.29/K.763/2011","grup":"THA Group","tahun":2011}},{"type":"Feature","geometry":{"type":"Polygon","coordinates":[[[115.598,-0.079],[115.598,-0.028],[115.615,-0.008],[115.566,-0.008],[115.56,-0.024],[115.587,-0.025],[115.587,-0.031],[115.583,-0.043],[115.558,-0.061],[115.561,-0.079],[115.438,-0.145],[115.449,-0.163],[115.482,-0.148],[115.502,-0.184],[115.486,-0.193],[115.501,-0.209],[115.522,-0.196],[115.522,-0.13],[115.57,-0.13],[115.569,-0.079],[115.598,-0.079]]]},"properties":{"jenis":"sawit","nama":"PT. Sendawar Agro Subur","luas":10300,"izin":"lokasi","sk":"525.29/K.1118/2016","tahun":2016}},{"type":"Feature","geometry":{"type":"MultiPolygon","coordinates":[[[[116.106,-0.782],[116.088,-0.729],[116.081,-0.749],[116.094,-0.784],[116.126,-0.785],[116.175,-0.766],[116.152,-0.762],[116.106,-0.782]]],[[[116.26,-0.72],[116.253,-0.721],[116.25,-0.736],[116.26,-0.72]]],[[[116.193,-0.694],[116.179,-0.706],[116.192,-0.706],[116.203,-0.717],[116.193,-0.694]]],[[[116.169,-0.705],[116.173,-0.677],[116.167,-0.677],[116.169,-0.705]]]]},"properties":{"jenis":"sawit","nama":"KSU. Sawit Mitra Bongan Jempang","luas":2059,"izin":"lokasi","status":"aktif","sk":"525.29/K.70/2017","tahun":2017}},{"type":"Feature","geometry":{"type":"Polygon","coordinates":[[[116.123,-0.65],[116.126,-0.635],[116.109,-0.633],[116.111,-0.647],[116.08,-0.649],[116.075,-0.668],[116.071,-0.7],[116.087,-0.723],[116.107,-0.785],[116.172,-0.749],[116.167,-0.678],[116.147,-0.677],[116.121,-0.69],[116.115,-0.651],[116.12,-0.657],[116.123,-0.65]]]},"properties":{"jenis":"sawit","nama":"PT. Teguh Swakarsa Sejahtera","luas":17000,"izin":"lokasi","status":"aktif","sk":"58/PKT/BPN-16.3/UM-50/IX-1996","grup":"TSH Resources Berhad","tahun":1996}},{"type":"Feature","geometry":{"type":"Polygon","coordinates":[[[116.797,-0.287],[116.786,-0.269],[116.798,-0.24],[116.768,-0.24],[116.766,-0.318],[116.778,-0.34],[116.758,-0.349],[116.76,-0.425],[116.798,-0.447],[116.801,-0.47],[116.783,-0.507],[116.834,-0.495],[116.861,-0.477],[116.881,-0.358],[116.889,-0.35],[116.889,-0.332],[116.807,-0.326],[116.808,-0.309],[116.829,-0.29],[116.797,-0.287]],[[116.839,-0.333],[116.845,-0.336],[116.844,-0.353],[116.806,-0.413],[116.794,-0.421],[116.775,-0.414],[116.777,-0.395],[116.77,-0.389],[116.792,-0.353],[116.839,-0.333]]]},"properties":{"jenis":"sawit","nama":"PT. MAHAKAM SAWIT PLANTATION","luas":19500,"izin":"lokasi","sk":"122/DPN.K/IL.122/XI-2008","tahun":2008}},{"type":"Feature","geometry":{"type":"MultiPolygon","coordinates":[[[[117.019,-0.326],[116.999,-0.288],[116.969,-0.315],[116.94,-0.327],[116.889,-0.332],[116.861,-0.476],[116.897,-0.456],[116.944,-0.461],[116.957,-0.426],[116.931,-0.41],[116.936,-0.381],[116.975,-0.375],[117.02,-0.345],[117.046,-0.36],[117.056,-0.326],[117.019,-0.326]]],[[[116.972,-0.242],[116.951,-0.243],[116.95,-0.262],[116.935,-0.263],[116.935,-0.279],[116.923,-0.279],[116.92,-0.314],[116.962,-0.298],[116.985,-0.271],[116.987,-0.243],[116.972,-0.242]]]]},"properties":{"jenis":"sawit","nama":"PT. MALAYA SAWIT KHATULISTIWA","luas":19000,"izin":"lokasi","sk":"121/DPN.K/IL.121/XI-2008","tahun":2008}},{"type":"Feature","geometry":{"type":"Polygon","coordinates":[[[116.23,0.047],[116.189,0.067],[116.149,0.073],[116.134,0.066],[116.153,0.019],[116.242,-0.011],[116.325,-0.074],[116.365,-0.079],[116.365,-0.051],[116.417,-0.051],[116.413,-0.001],[116.362,0.045],[116.339,0.022],[116.292,0.019],[116.23,0.047]]]},"properties":{"jenis":"sawit","nama":"PT. MANUNGGAL ADI JAYA","luas":20000,"izin":"lokasi","status":"Aktif","sk":"19/DPN.K/IL.19/IV-2008","tahun":2008}},{"type":"Feature","geometry":{"type":"MultiPolygon","coordinates":[[[[117.129,-0.988],[117.116,-0.974],[117.123,-0.95],[117.157,-0.949],[117.191,-0.922],[117.184,-0.869],[117.158,-0.87],[117.147,-0.916],[117.068,-0.973],[117.064,-0.996],[117.129,-0.988]]],[[[117.007,-1.033],[117.013,-1.021],[117.001,-1.011],[116.975,-1.013],[116.936,-1.082],[116.979,-1.1],[117.007,-1.033]],[[116.953,-1.075],[116.96,-1.052],[116.982,-1.038],[116.981,-1.074],[116.953,-1.075]]],[[[116.939,-1.06],[116.965,-1.004],[116.941,-1.011],[116.929,-1.061],[116.911,-1.064],[116.917,-1.08],[116.939,-1.06]]]]},"properties":{"jenis":"sawit","nama":"PT. ALAM JAYA PERSADA","luas":13500,"izin":"lokasi","status":"Aktif","sk":"45/DPtn/UM-44/XII-2005","tahun":2005}},{"type":"Feature","geometry":{"type":"MultiPolygon","coordinates":[[[[116.185,0.073],[116.131,0.083],[116.125,0.063],[116.134,0.058],[116.139,0.073],[116.189,0.067],[116.248,0.044],[116.185,0.073]]],[[[116.303,0.028],[116.283,0.028],[116.25,0.043],[116.281,0.021],[116.312,0.019],[116.303,0.028]]]]},"properties":{"jenis":"sawit","nama":"PT. MANUNGGAL ADI JAYA","luas":1400,"izin":"lokasi","status":"Aktif","sk":"590/525.29/19/A.Ptn","tahun":2013}},{"type":"Feature","geometry":{"type":"Polygon","coordinates":[[[117.345,-0.508],[117.361,-0.495],[117.38,-0.458],[117.241,-0.458],[117.241,-0.498],[117.308,-0.561],[117.347,-0.561],[117.365,-0.522],[117.327,-0.522],[117.345,-0.508]]]},"properties":{"jenis":"sawit","nama":"PT. MITRA BANGGA UTAMA","luas":12095,"izin":"lokasi","status":"Aktif","sk":"22/DPN.K/IL-22/IV-2008","tahun":2008}},{"type":"Feature","geometry":{"type":"MultiPolygon","coordinates":[[[[116.831,-0.283],[116.805,-0.273],[116.818,-0.255],[116.82,-0.232],[116.836,-0.226],[116.847,-0.184],[116.823,-0.144],[116.805,-0.134],[116.791,-0.14],[116.777,-0.164],[116.82,-0.222],[116.805,-0.229],[116.792,-0.269],[116.804,-0.284],[116.831,-0.283]]],[[[116.912,-0.318],[116.918,-0.318],[116.919,-0.297],[116.869,-0.297],[116.853,-0.302],[116.85,-0.314],[116.912,-0.318]]],[[[116.831,-0.283],[116.839,-0.29],[116.834,-0.296],[116.841,-0.293],[116.841,-0.272],[116.831,-0.283]]],[[[116.839,-0.32],[116.847,-0.314],[116.829,-0.314],[116.829,-0.323],[116.839,-0.32]]],[[[116.833,-0.3],[116.833,-0.297],[116.83,-0.3],[116.833,-0.3]]]]},"properties":{"jenis":"sawit","nama":"PT. MUARA KAMAN SAWIT SEJAHTERA","luas":7568,"izin":"lokasi","sk":"590/525.29/025/A.Ptn","tahun":2009}},{"type":"Feature","geometry":{"type":"Polygon","coordinates":[[[116.837,0.191],[116.836,0.225],[116.813,0.193],[116.813,0.166],[116.842,0.149],[116.842,0.129],[116.889,0.129],[116.889,0.111],[116.98,0.111],[116.977,0.125],[116.95,0.153],[116.951,0.166],[116.849,0.166],[116.837,0.191]]]},"properties":{"jenis":"sawit","nama":"PT. AGRI EASTBORNEO KENCANA","luas":12000,"izin":"lokasi","status":"Aktif","sk":"63/DPN.K/IL-51/X-2006","tahun":2006}},{"type":"Feature","geometry":{"type":"Polygon","coordinates":[[[116.989,0.111],[116.89,0.111],[116.89,-0.055],[116.963,-0.055],[116.969,0.032],[116.989,0.111]]]},"properties":{"jenis":"sawit","nama":"PT. KHALEDA AGRO PRIMA MALINDO","luas":20000,"izin":"lokasi","status":"Aktif","sk":"50/DPN.K/IL-48/VIII-2006","tahun":2006}},{"type":"Feature","geometry":{"type":"Polygon","coordinates":[[[116.93,-0.579],[116.93,-0.667],[117,-0.667],[117,-0.653],[117.065,-0.653],[117.066,-0.607],[117.047,-0.607],[117.015,-0.588],[117.007,-0.57],[117.014,-0.523],[116.991,-0.523],[116.985,-0.475],[116.963,-0.475],[116.963,-0.499],[116.974,-0.525],[116.939,-0.546],[116.93,-0.579]]]},"properties":{"jenis":"sawit","nama":"PT. KOTA BANGUN PLANTATION","luas":18000,"izin":"lokasi","sk":"120/DPN.K/IL-120/XI-2008","tahun":2008}},{"type":"Feature","geometry":{"type":"Polygon","coordinates":[[[116.368,0.087],[116.339,0.113],[116.291,0.112],[116.298,0.109],[116.295,0.086],[116.124,0.085],[116.123,0.072],[116.131,0.083],[116.185,0.074],[116.283,0.028],[116.327,0.027],[116.35,0.047],[116.368,0.087]]]},"properties":{"jenis":"sawit","nama":"PT. AGRO BUMI KALTIM","luas":11600,"izin":"lokasi","status":"Aktif","sk":"590/525.29/26.A.Ptn","tahun":2013}},{"type":"Feature","geometry":{"type":"Polygon","coordinates":[[[116.377,0.054],[116.38,0.067],[116.396,0.069],[116.402,0.095],[116.412,0.095],[116.375,0.134],[116.365,0.129],[116.364,0.103],[116.358,0.098],[116.369,0.089],[116.371,0.054],[116.377,0.054]]]},"properties":{"jenis":"sawit","nama":"PT. AGRO BUMI KALTIM","luas":2824,"izin":"lokasi","sk":"590/525.29/023/A.Ptn","tahun":2014}},{"type":"Feature","geometry":{"type":"Polygon","coordinates":[[[116.889,-0.02],[116.889,0.128],[116.839,0.128],[116.788,0.073],[116.796,-0.007],[116.83,-0.034],[116.848,-0.034],[116.889,-0.061],[116.889,-0.02]]]},"properties":{"jenis":"sawit","nama":"PT. AGROJAYA TIRTA KENCANA","luas":20000,"izin":"lokasi","status":"Aktif","sk":"62/DPN.K/IL-60/X/2006","tahun":2006}},{"type":"Feature","geometry":{"type":"MultiPolygon","coordinates":[[[[116.606,-0.343],[116.611,-0.338],[116.591,-0.315],[116.59,-0.292],[116.558,-0.293],[116.558,-0.343],[116.532,-0.371],[116.538,-0.377],[116.546,-0.37],[116.556,-0.373],[116.59,-0.346],[116.606,-0.343]]],[[[116.668,-0.242],[116.634,-0.242],[116.619,-0.253],[116.598,-0.255],[116.592,-0.266],[116.599,-0.275],[116.624,-0.272],[116.626,-0.289],[116.656,-0.268],[116.668,-0.242]]],[[[116.651,-0.232],[116.638,-0.223],[116.616,-0.234],[116.595,-0.226],[116.574,-0.247],[116.59,-0.264],[116.602,-0.248],[116.617,-0.252],[116.63,-0.24],[116.654,-0.24],[116.651,-0.232]]]]},"properties":{"jenis":"sawit","nama":"PT. KOTA BANGUN SAWIT SEJAHTERA","luas":7500,"izin":"lokasi","sk":"590/525.29/027/A.Ptn","tahun":2009}},{"type":"Feature","geometry":{"type":"MultiPolygon","coordinates":[[[[117.392,-0.51],[117.373,-0.506],[117.351,-0.561],[117.33,-0.577],[117.348,-0.579],[117.379,-0.559],[117.383,-0.547],[117.41,-0.538],[117.406,-0.533],[117.387,-0.54],[117.399,-0.513],[117.392,-0.51]],[[117.383,-0.526],[117.381,-0.526],[117.381,-0.524],[117.383,-0.526]],[[117.386,-0.546],[117.379,-0.54],[117.385,-0.54],[117.386,-0.546]],[[117.377,-0.553],[117.373,-0.557],[117.372,-0.555],[117.377,-0.553]]],[[[117.42,-0.525],[117.429,-0.515],[117.419,-0.504],[117.421,-0.52],[117.412,-0.531],[117.42,-0.525]]],[[[117.372,-0.506],[117.362,-0.509],[117.361,-0.521],[117.372,-0.506]]],[[[117.414,-0.518],[117.409,-0.508],[117.405,-0.519],[117.414,-0.518]]],[[[117.403,-0.53],[117.403,-0.517],[117.397,-0.531],[117.403,-0.53]]],[[[117.42,-0.521],[117.407,-0.524],[117.415,-0.527],[117.42,-0.521]]],[[[117.404,-0.527],[117.403,-0.531],[117.409,-0.531],[117.404,-0.527]]],[[[117.338,-0.569],[117.321,-0.57],[117.329,-0.577],[117.338,-0.569]]]]},"properties":{"jenis":"sawit","nama":"PT. ANDALAS AGRIPALMA MANDIRI","luas":2995,"izin":"lokasi","status":"Aktif","sk":"590/525.29/015/A.Ptn","tahun":2014}},{"type":"Feature","geometry":{"type":"Polygon","coordinates":[[[116.841,0.149],[116.81,0.167],[116.81,0.212],[116.771,0.164],[116.778,0.147],[116.814,0.143],[116.818,0.129],[116.793,0.115],[116.783,0.101],[116.762,0.098],[116.76,0.074],[116.768,0.074],[116.772,0.062],[116.763,0.048],[116.767,0.028],[116.757,0.018],[116.758,-0.007],[116.766,0.003],[116.775,0],[116.79,0.009],[116.788,0.074],[116.841,0.131],[116.841,0.149]]]},"properties":{"jenis":"sawit","nama":"PT. ANDRA KARYA UTAMA","luas":7500,"izin":"lokasi","status":"Aktif","sk":"54/DPN.K/IL-54/VII-2008","tahun":2008}},{"type":"Feature","geometry":{"type":"Polygon","coordinates":[[[116.678,-0.319],[116.641,-0.348],[116.647,-0.363],[116.621,-0.338],[116.612,-0.345],[116.619,-0.35],[116.615,-0.362],[116.592,-0.382],[116.592,-0.394],[116.653,-0.394],[116.649,-0.362],[116.658,-0.367],[116.67,-0.362],[116.674,-0.345],[116.713,-0.35],[116.678,-0.319]]]},"properties":{"jenis":"sawit","nama":"PT. KUTAI AGRO JAYA","luas":4300,"izin":"lokasi","status":"Aktif","sk":"590/525/008/A.Ptn","tahun":2009}},{"type":"Feature","geometry":{"type":"MultiPolygon","coordinates":[[[[116.722,-0.367],[116.73,-0.367],[116.716,-0.35],[116.704,-0.358],[116.704,-0.374],[116.655,-0.374],[116.654,-0.396],[116.644,-0.396],[116.644,-0.423],[116.759,-0.423],[116.757,-0.376],[116.737,-0.371],[116.737,-0.389],[116.722,-0.389],[116.722,-0.367]]],[[[116.672,-0.293],[116.653,-0.271],[116.593,-0.314],[116.614,-0.338],[116.644,-0.328],[116.655,-0.321],[116.655,-0.307],[116.669,-0.302],[116.677,-0.313],[116.701,-0.314],[116.697,-0.303],[116.672,-0.293]]],[[[116.635,-0.353],[116.674,-0.314],[116.622,-0.339],[116.635,-0.353]]],[[[116.72,-0.344],[116.7,-0.321],[116.704,-0.334],[116.729,-0.353],[116.731,-0.364],[116.758,-0.373],[116.758,-0.35],[116.749,-0.353],[116.728,-0.338],[116.72,-0.344]]],[[[116.596,-0.406],[116.606,-0.405],[116.607,-0.395],[116.595,-0.395],[116.595,-0.366],[116.61,-0.347],[116.579,-0.379],[116.579,-0.423],[116.592,-0.423],[116.596,-0.406]]]]},"properties":{"jenis":"sawit","nama":"PT. BAHTERA BAHAGIA","luas":13000,"izin":"lokasi","status":"Aktif","sk":"139/DPN.K/IL-139/XII/2008","tahun":2008}},{"type":"Feature","geometry":{"type":"Polygon","coordinates":[[[117,0.177],[117,0.206],[117.016,0.207],[117.007,0.215],[116.992,0.218],[116.958,0.209],[116.959,0.202],[116.966,0.204],[116.951,0.198],[116.963,0.177],[117,0.177]],[[116.984,0.197],[116.976,0.193],[116.976,0.197],[116.984,0.197]]]},"properties":{"jenis":"sawit","nama":"PT. BEKACAK HIMBA BAHARI","luas":19437,"izin":"lokasi","status":"Aktif","sk":"590/525.29/005/A.Ptn","tahun":2012}},{"type":"Feature","geometry":{"type":"MultiPolygon","coordinates":[[[[117.096,-0.752],[117.096,-0.669],[117.113,-0.642],[117.07,-0.606],[117.07,-0.657],[117.011,-0.657],[117.007,-0.677],[117.024,-0.736],[117.024,-0.768],[117.071,-0.768],[117.082,-0.785],[117.096,-0.785],[117.096,-0.752]]],[[[117.193,-0.835],[117.149,-0.835],[117.137,-0.855],[117.119,-0.853],[117.108,-0.881],[117.118,-0.882],[117.119,-0.923],[117.065,-0.928],[117.052,-0.948],[117.022,-0.951],[117.009,-0.961],[117.008,-0.983],[117.035,-0.994],[117.065,-0.959],[117.062,-0.954],[117.074,-0.946],[117.088,-0.963],[117.157,-0.915],[117.169,-0.882],[117.193,-0.882],[117.193,-0.835]]]]},"properties":{"jenis":"sawit","nama":"PT. KUTAI INTI UTAMA","luas":21000,"izin":"lokasi","sk":"30/DPN.K/IL.3-/V-2008","tahun":2008}},{"type":"Feature","geometry":{"type":"MultiPolygon","coordinates":[[[[116.422,-0.047],[116.426,-0.026],[116.417,-0.02],[116.417,-0.051],[116.365,-0.051],[116.37,-0.089],[116.387,-0.089],[116.394,-0.113],[116.416,-0.136],[116.409,-0.141],[116.433,-0.168],[116.47,-0.168],[116.477,-0.195],[116.515,-0.178],[116.51,-0.173],[116.497,-0.18],[116.49,-0.168],[116.496,-0.161],[116.479,-0.161],[116.488,-0.144],[116.476,-0.139],[116.474,-0.129],[116.444,-0.129],[116.442,-0.134],[116.427,-0.124],[116.427,-0.11],[116.413,-0.106],[116.402,-0.072],[116.435,-0.072],[116.422,-0.047]]],[[[116.511,-0.149],[116.474,-0.114],[116.465,-0.083],[116.469,-0.124],[116.495,-0.143],[116.483,-0.158],[116.5,-0.156],[116.5,-0.173],[116.509,-0.167],[116.518,-0.176],[116.528,-0.166],[116.511,-0.149]]],[[[116.537,-0.178],[116.529,-0.167],[116.519,-0.176],[116.532,-0.181],[116.525,-0.197],[116.536,-0.193],[116.553,-0.203],[116.575,-0.198],[116.601,-0.216],[116.572,-0.189],[116.537,-0.178]]],[[[116.545,-0.211],[116.518,-0.199],[116.522,-0.185],[116.515,-0.179],[116.478,-0.196],[116.507,-0.209],[116.507,-0.229],[116.524,-0.237],[116.572,-0.229],[116.591,-0.216],[116.566,-0.205],[116.555,-0.214],[116.545,-0.211]]]]},"properties":{"jenis":"sawit","nama":"PT. BINA GRAHA UTAMA MAKMUR","luas":15000,"izin":"lokasi","status":"Aktif","sk":"590/525.29/009/A.Ptn","tahun":2009}},{"type":"Feature","geometry":{"type":"MultiPolygon","coordinates":[[[[117.076,-0.017],[117.069,0.01],[117.077,0.047],[117.049,0.046],[117.044,-0.025],[117.061,-0.026],[117.065,-0.035],[117.056,-0.058],[117.047,-0.04],[117.038,-0.047],[117.05,-0.092],[117.024,-0.106],[117.01,-0.124],[117.002,-0.143],[117.018,-0.151],[117.04,-0.111],[117.068,-0.099],[117.083,-0.023],[117.076,-0.017]]],[[[117.015,-0.165],[117.005,-0.15],[116.985,-0.148],[116.986,-0.169],[117.028,-0.178],[117.029,-0.189],[117.086,-0.189],[117.104,-0.216],[117.119,-0.216],[117.119,-0.163],[117.106,-0.171],[117.023,-0.171],[117.015,-0.165]]]]},"properties":{"jenis":"sawit","nama":"PT. ANUGERAH UREA SAKTI","luas":10500,"izin":"lokasi","status":"Aktif","sk":"59/DPN.K/IL-57/IX-2006","tahun":2006}},{"type":"Feature","geometry":{"type":"Polygon","coordinates":[[[116.869,-0.062],[116.834,-0.051],[116.807,-0.057],[116.769,-0.082],[116.732,-0.087],[116.721,-0.119],[116.738,-0.133],[116.761,-0.135],[116.77,-0.118],[116.794,-0.123],[116.824,-0.108],[116.864,-0.155],[116.887,-0.145],[116.87,-0.11],[116.888,-0.098],[116.889,-0.06],[116.874,-0.052],[116.869,-0.062]]]},"properties":{"jenis":"sawit","nama":"PT. SAWIT KALTIM LESTARI","luas":12000,"izin":"lokasi","status":"Aktif","sk":"61/DPN.K/IL-59/X-2006","tahun":2006}},{"type":"Feature","geometry":{"type":"MultiPolygon","coordinates":[[[[116.096,0.618],[116.077,0.617],[116.073,0.607],[116.06,0.611],[116.035,0.59],[116.042,0.58],[116.036,0.569],[116.046,0.566],[116.04,0.557],[116.045,0.537],[116.058,0.519],[116.028,0.513],[116.027,0.499],[116.038,0.495],[116.048,0.501],[116.057,0.495],[116.082,0.52],[116.111,0.517],[116.159,0.534],[116.155,0.562],[116.086,0.581],[116.115,0.61],[116.096,0.618]]],[[[116.029,0.625],[116.001,0.636],[115.979,0.635],[115.969,0.627],[115.986,0.62],[115.985,0.61],[115.97,0.601],[115.975,0.588],[116.012,0.582],[116.019,0.585],[116.017,0.597],[116.036,0.593],[116.06,0.616],[116.073,0.613],[116.071,0.629],[116.029,0.625]]],[[[115.964,0.613],[115.95,0.625],[115.923,0.609],[115.934,0.591],[115.959,0.575],[115.958,0.543],[115.978,0.556],[116.005,0.548],[116.014,0.558],[116.009,0.579],[115.999,0.574],[115.989,0.587],[115.973,0.584],[115.967,0.603],[115.983,0.619],[115.968,0.623],[115.964,0.613]]],[[[116.031,0.572],[116.014,0.566],[116.015,0.557],[116.003,0.545],[115.972,0.552],[115.96,0.533],[116.043,0.534],[116.031,0.572]]]]},"properties":{"jenis":"sawit","nama":"PT. SAWIT KHATULISTIWA PLANTATIONS","luas":20000,"izin":"lokasi","sk":"29/DPN.K/IL-29/V-2009","tahun":2008}},{"type":"Feature","geometry":{"type":"MultiPolygon","coordinates":[[[[116.087,0.435],[116.075,0.441],[116.081,0.423],[116.075,0.413],[116.061,0.427],[116.047,0.411],[116.071,0.374],[116.111,0.383],[116.12,0.371],[116.141,0.369],[116.144,0.353],[116.15,0.353],[116.159,0.381],[116.144,0.383],[116.116,0.416],[116.104,0.414],[116.107,0.431],[116.1,0.441],[116.087,0.435]]],[[[116.041,0.533],[115.96,0.533],[115.975,0.5],[115.967,0.44],[115.973,0.4],[115.987,0.409],[115.987,0.529],[116.048,0.529],[116.041,0.533]]],[[[116.171,0.339],[116.159,0.368],[116.147,0.34],[116.151,0.323],[116.172,0.32],[116.17,0.299],[116.183,0.296],[116.164,0.278],[116.172,0.271],[116.193,0.277],[116.2,0.294],[116.171,0.339]]],[[[116.101,0.287],[116.078,0.324],[116.082,0.345],[116.044,0.354],[116.039,0.34],[116.085,0.286],[116.101,0.287]]]]},"properties":{"jenis":"sawit","nama":"PT. ENGGANG ALAM SAWITA","luas":12277,"izin":"lokasi","status":"Aktif","sk":"70/DPN.K/IL-70/VIII-2008","tahun":2008}},{"type":"Feature","geometry":{"type":"Polygon","coordinates":[[[116.878,0.222],[116.878,0.269],[116.913,0.277],[116.913,0.329],[116.888,0.329],[116.841,0.254],[116.842,0.198],[116.861,0.17],[116.963,0.17],[116.954,0.19],[116.95,0.186],[116.953,0.196],[116.9,0.189],[116.912,0.192],[116.899,0.197],[116.906,0.202],[116.918,0.198],[116.97,0.211],[116.97,0.219],[116.942,0.219],[116.942,0.246],[116.93,0.247],[116.929,0.26],[116.917,0.26],[116.906,0.219],[116.878,0.222]]]},"properties":{"jenis":"sawit","nama":"PT. HAMPARAN SENTOSA","luas":12548,"izin":"lokasi","status":"Aktif","sk":"590/525.29/006/A.Ptn","tahun":2012}},{"type":"Feature","geometry":{"type":"Polygon","coordinates":[[[116.489,-0.387],[116.458,-0.387],[116.458,-0.396],[116.413,-0.396],[116.413,-0.436],[116.39,-0.436],[116.39,-0.559],[116.351,-0.559],[116.351,-0.572],[116.4,-0.654],[116.51,-0.446],[116.51,-0.414],[116.489,-0.414],[116.489,-0.387]]]},"properties":{"jenis":"sawit","nama":"PT. JAYA MANDIRI SUKSES","luas":21000,"izin":"lokasi","status":"Aktif","sk":"18/DPN.K/IL-18/IV-2008","tahun":2008}},{"type":"Feature","geometry":{"type":"MultiPolygon","coordinates":[[[[116.418,-0.562],[116.378,-0.629],[116.392,-0.652],[116.409,-0.66],[116.426,-0.605],[116.428,-0.572],[116.418,-0.562]],[[116.409,-0.587],[116.415,-0.587],[116.416,-0.623],[116.388,-0.641],[116.389,-0.623],[116.4,-0.614],[116.409,-0.587]]],[[[116.425,-0.562],[116.424,-0.562],[116.424,-0.563],[116.425,-0.562]]],[[[116.422,-0.552],[116.418,-0.551],[116.42,-0.553],[116.422,-0.552]]],[[[116.441,-0.539],[116.425,-0.562],[116.44,-0.549],[116.441,-0.539]]],[[[116.392,-0.496],[116.412,-0.504],[116.4,-0.496],[116.392,-0.496]]]]},"properties":{"jenis":"sawit","nama":"PT. JAYA MANDIRI SUKSES","luas":229617,"izin":"lokasi","status":"Aktif","sk":"590/525.29/003/A.Ptn","tahun":2014}},{"type":"Feature","geometry":{"type":"Polygon","coordinates":[[[117.261,-0.186],[117.262,-0.207],[117.232,-0.285],[117.239,-0.294],[117.239,-0.327],[117.383,-0.324],[117.383,-0.208],[117.261,-0.186]]]},"properties":{"jenis":"sawit","nama":"PT. KALPATARU SAWIT PLANTATION","luas":20000,"izin":"lokasi","sk":"123/DPN.K/IL-123/XI-2008","tahun":2008}},{"type":"Feature","geometry":{"type":"MultiPolygon","coordinates":[[[[117.399,-0.011],[117.386,0],[117.357,0],[117.34,-0.067],[117.317,-0.1],[117.291,-0.104],[117.3,-0.155],[117.257,-0.174],[117.26,-0.186],[117.31,-0.2],[117.358,-0.2],[117.371,-0.168],[117.363,-0.133],[117.386,-0.074],[117.435,-0.071],[117.436,-0.025],[117.399,-0.011]]],[[[117.239,0.022],[117.21,-0.007],[117.196,-0.055],[117.205,-0.057],[117.24,-0.031],[117.253,-0.005],[117.271,0.002],[117.283,0.016],[117.275,0.021],[117.243,0.015],[117.239,0.022]]]]},"properties":{"jenis":"sawit","nama":"PT. KUTAI SAWIT PLANTATION","luas":20000,"izin":"lokasi","sk":"124/DPN.K/IL.124/XI-2008","tahun":2008}},{"type":"Feature","geometry":{"type":"MultiPolygon","coordinates":[[[[117.09,-0.751],[117.084,-0.751],[117.075,-0.795],[117.087,-0.802],[117.087,-0.812],[117.103,-0.812],[117.118,-0.783],[117.09,-0.783],[117.09,-0.751]]],[[[117.025,-0.725],[117.017,-0.725],[117.011,-0.759],[117.025,-0.759],[117.025,-0.725]]]]},"properties":{"jenis":"sawit","nama":"PT. MULA PERSADA RAYA","luas":1805,"izin":"lokasi","status":"Aktif","sk":"590/525.29/020/A.Ptn","tahun":2012}},{"type":"Feature","geometry":{"type":"MultiPolygon","coordinates":[[[[116.82,-0.581],[116.768,-0.583],[116.763,-0.593],[116.77,-0.636],[116.794,-0.623],[116.797,-0.61],[116.827,-0.608],[116.82,-0.581]]],[[[116.881,-0.584],[116.869,-0.58],[116.869,-0.588],[116.862,-0.588],[116.863,-0.607],[116.833,-0.608],[116.847,-0.638],[116.843,-0.625],[116.87,-0.622],[116.87,-0.609],[116.881,-0.609],[116.881,-0.584]]]]},"properties":{"jenis":"sawit","nama":"PT. NIAGAMAS GEMILANG","luas":4078,"izin":"lokasi","status":"Aktif","sk":"590/525.29/20/A.Ptn","tahun":2013}},{"type":"Feature","geometry":{"type":"Polygon","coordinates":[[[116.862,-0.588],[116.821,-0.588],[116.82,-0.534],[116.844,-0.527],[116.844,-0.52],[116.86,-0.52],[116.86,-0.509],[116.794,-0.509],[116.792,-0.569],[116.761,-0.587],[116.77,-0.637],[116.801,-0.619],[116.81,-0.665],[116.852,-0.665],[116.847,-0.633],[116.872,-0.633],[116.9,-0.648],[116.927,-0.642],[116.927,-0.576],[116.901,-0.576],[116.868,-0.548],[116.869,-0.588],[116.862,-0.588]]]},"properties":{"jenis":"sawit","nama":"PT. NIAGAMAS GEMILANG","luas":16500,"izin":"lokasi","status":"Aktif","sk":"31/DPN.K/IL.31/V-2008","tahun":2008}},{"type":"Feature","geometry":{"type":"Polygon","coordinates":[[[117.143,-0.673],[117.142,-0.638],[117.12,-0.638],[117.121,-0.653],[117.101,-0.682],[117.114,-0.706],[117.113,-0.718],[117.096,-0.737],[117.096,-0.783],[117.232,-0.782],[117.247,-0.763],[117.251,-0.744],[117.247,-0.715],[117.223,-0.736],[117.226,-0.712],[117.249,-0.711],[117.262,-0.68],[117.168,-0.681],[117.154,-0.694],[117.143,-0.694],[117.143,-0.673]],[[117.186,-0.726],[117.187,-0.731],[117.184,-0.731],[117.186,-0.726]],[[117.179,-0.769],[117.192,-0.758],[117.192,-0.775],[117.179,-0.775],[117.179,-0.769]]]},"properties":{"jenis":"sawit","nama":"PT. PERKEBUNAN KALTIM UTAMA I","luas":17000,"izin":"lokasi","status":"Aktif","sk":"06/DPtn/UM-06/V-2005","tahun":2005}},{"type":"Feature","geometry":{"type":"Polygon","coordinates":[[[116.203,0.393],[116.203,0.379],[116.367,0.229],[116.372,0.241],[116.203,0.393]]]},"properties":{"jenis":"sawit","nama":"PT. PERSADA BANGUN JAYA","luas":3050,"izin":"lokasi","status":"Aktif","sk":"590/525.29/02/A.Ptn","tahun":2013}},{"type":"Feature","geometry":{"type":"Polygon","coordinates":[[[116.179,0.413],[116.16,0.534],[116.148,0.53],[116.155,0.424],[116.173,0.418],[116.179,0.403],[116.179,0.413]]]},"properties":{"jenis":"sawit","nama":"PT. PERSADA BANGUN JAYA","luas":2345,"izin":"lokasi","sk":"590/525.29/036/A.Ptn","tahun":2012}},{"type":"Feature","geometry":{"type":"MultiPolygon","coordinates":[[[[116.736,-0.191],[116.696,-0.191],[116.683,-0.204],[116.655,-0.201],[116.652,-0.212],[116.633,-0.214],[116.653,-0.235],[116.67,-0.235],[116.657,-0.271],[116.7,-0.294],[116.706,-0.31],[116.7,-0.32],[116.719,-0.344],[116.728,-0.338],[116.749,-0.353],[116.772,-0.346],[116.777,-0.337],[116.766,-0.318],[116.767,-0.262],[116.755,-0.274],[116.755,-0.238],[116.736,-0.237],[116.736,-0.191]]],[[[116.557,-0.341],[116.556,-0.304],[116.519,-0.304],[116.522,-0.371],[116.471,-0.369],[116.471,-0.405],[116.501,-0.404],[116.557,-0.341]]],[[[116.689,-0.171],[116.674,-0.17],[116.668,-0.194],[116.682,-0.173],[116.689,-0.178],[116.689,-0.171]]]]},"properties":{"jenis":"sawit","nama":"PT. PRIMA MITRAJAYA MANDIRI","luas":21500,"izin":"lokasi","status":"Aktif","sk":"47/DPN.K/IL-46/VI-2007","tahun":2007}},{"type":"Feature","geometry":{"type":"Polygon","coordinates":[[[116.182,0.393],[116.188,0.412],[116.165,0.433],[116.167,0.55],[116.146,0.562],[116.13,0.544],[116.081,0.523],[116.08,0.401],[116.143,0.387],[116.154,0.365],[116.168,0.37],[116.182,0.393]]]},"properties":{"jenis":"sawit","nama":"PT. REA KALTIM PLANTATIONS","luas":17500,"izin":"lokasi","sk":"04/BPN-44.3/UM-91/X-2001","tahun":2001}},{"type":"Feature","geometry":{"type":"MultiPolygon","coordinates":[[[[117.283,-0.749],[117.26,-0.736],[117.263,-0.743],[117.244,-0.78],[117.281,-0.789],[117.283,-0.749]]],[[[117.253,-0.761],[117.262,-0.743],[117.248,-0.728],[117.253,-0.761]]],[[[117.272,-0.723],[117.255,-0.727],[117.259,-0.735],[117.275,-0.738],[117.272,-0.723]]]]},"properties":{"jenis":"sawit","nama":"PT. SANDIKA DARMA ABADI","luas":2263,"izin":"lokasi","status":"Aktif","sk":"590/525.29/17/A.Ptn","tahun":2013}},{"type":"Feature","geometry":{"type":"Polygon","coordinates":[[[116.149,0.513],[116.149,0.523],[116.13,0.526],[116.112,0.513],[116.084,0.517],[116.064,0.506],[116.058,0.493],[116.08,0.472],[116.093,0.443],[116.105,0.438],[116.108,0.418],[116.146,0.382],[116.159,0.383],[116.177,0.404],[116.155,0.424],[116.149,0.513]]]},"properties":{"jenis":"sawit","nama":"PT. SASANA YUDHA BHAKTI","luas":10710,"izin":"lokasi","status":"Aktif","sk":"590/525.29/007/A.Ptn","tahun":2009}},{"type":"Feature","geometry":{"type":"Polygon","coordinates":[[[116.159,0.227],[116.158,0.2],[116.197,0.185],[116.24,0.138],[116.245,0.149],[116.235,0.175],[116.311,0.152],[116.342,0.152],[116.202,0.224],[116.159,0.227]]]},"properties":{"jenis":"sawit","nama":"PT. SASANA YUDHA BHAKTI","luas":6000,"izin":"lokasi","sk":"27/DPtn/UM-24/IX-2003","tahun":2004}},{"type":"Feature","geometry":{"type":"Polygon","coordinates":[[[116.581,0.128],[116.574,0.145],[116.54,0.102],[116.548,0.014],[116.7,0.017],[116.668,0.096],[116.598,0.096],[116.581,0.128]]]},"properties":{"jenis":"sawit","nama":"PT. SAWIT GOLDEN PRIMA","luas":16000,"izin":"lokasi","status":"Aktif","sk":"590/525.29/018/A.Ptn","tahun":2012}},{"type":"Feature","geometry":{"type":"Polygon","coordinates":[[[116.904,-0.183],[116.894,-0.156],[116.88,-0.149],[116.863,-0.157],[116.862,-0.188],[116.882,-0.201],[116.863,-0.233],[116.901,-0.256],[116.911,-0.254],[116.921,-0.232],[116.909,-0.231],[116.91,-0.199],[117,-0.2],[116.99,-0.268],[117.009,-0.265],[117.035,-0.31],[117.046,-0.302],[117.065,-0.302],[117.083,-0.327],[117.083,-0.337],[117.066,-0.349],[117.063,-0.378],[117.05,-0.385],[117.025,-0.379],[117.023,-0.406],[117.036,-0.419],[117.071,-0.4],[117.087,-0.4],[117.094,-0.358],[117.086,-0.346],[117.088,-0.329],[117.102,-0.283],[117.096,-0.273],[117.112,-0.24],[117.122,-0.239],[117.121,-0.227],[117.108,-0.232],[117.096,-0.224],[117.088,-0.234],[117.076,-0.234],[117.07,-0.223],[117.053,-0.215],[117.046,-0.194],[117.027,-0.193],[117.02,-0.18],[116.997,-0.174],[116.966,-0.185],[116.94,-0.161],[116.926,-0.162],[116.916,-0.183],[116.904,-0.183]]]},"properties":{"jenis":"sawit","nama":"PT. SAWIT KHATULISTIWA PLANTATIONS","luas":21000,"izin":"lokasi","sk":"119/DPN.K/IL-119/XI-2008","tahun":2008}},{"type":"Feature","geometry":{"type":"Polygon","coordinates":[[[116.897,0.015],[116.9,0.11],[116.89,0.108],[116.89,-0.054],[116.9,-0.041],[116.9,-0.015],[116.926,-0.015],[116.926,0.011],[116.897,0.015]]]},"properties":{"jenis":"sawit","nama":"PT. SAWIT PRIMA SAKTI","luas":3250,"izin":"lokasi","status":"Aktif","sk":"590/525.29/012/A.Ptn","tahun":2009}},{"type":"Feature","geometry":{"type":"MultiPolygon","coordinates":[[[[116.644,-0.36],[116.631,-0.35],[116.61,-0.366],[116.607,-0.407],[116.594,-0.411],[116.594,-0.424],[116.579,-0.424],[116.579,-0.438],[116.623,-0.453],[116.648,-0.438],[116.681,-0.432],[116.681,-0.425],[116.644,-0.425],[116.644,-0.386],[116.669,-0.386],[116.669,-0.363],[116.655,-0.352],[116.644,-0.36]]],[[[116.826,-0.127],[116.821,-0.114],[116.796,-0.129],[116.768,-0.125],[116.757,-0.155],[116.732,-0.147],[116.723,-0.152],[116.725,-0.161],[116.769,-0.173],[116.775,-0.194],[116.805,-0.226],[116.817,-0.218],[116.775,-0.163],[116.79,-0.139],[116.804,-0.133],[116.819,-0.138],[116.85,-0.185],[116.84,-0.221],[116.863,-0.231],[116.879,-0.2],[116.862,-0.192],[116.859,-0.157],[116.826,-0.127]]],[[[116.72,-0.119],[116.726,-0.095],[116.717,-0.094],[116.705,-0.113],[116.708,-0.126],[116.726,-0.135],[116.731,-0.145],[116.759,-0.149],[116.763,-0.136],[116.738,-0.134],[116.72,-0.119]]]]},"properties":{"jenis":"sawit","nama":"PT. TEGUH JAYAPRIMA ABADI","luas":13550,"izin":"lokasi","status":"Aktif","sk":"100/DPN.K/IL-100/X-2008","tahun":2008}},{"type":"Feature","geometry":{"type":"MultiPolygon","coordinates":[[[[117.508,-0.03],[117.5,0.019],[117.441,0.019],[117.437,-0.016],[117.441,-0.035],[117.452,-0.044],[117.469,-0.049],[117.508,-0.03]]],[[[117.405,-0.21],[117.382,-0.222],[117.383,-0.321],[117.407,-0.321],[117.408,-0.296],[117.42,-0.294],[117.405,-0.21]]],[[[117.425,-0.174],[117.436,-0.164],[117.417,-0.16],[117.412,-0.227],[117.427,-0.19],[117.425,-0.174]]],[[[117.414,-0.159],[117.411,-0.163],[117.413,-0.164],[117.414,-0.159]]],[[[117.378,-0.15],[117.374,-0.16],[117.383,-0.165],[117.374,-0.169],[117.361,-0.202],[117.382,-0.202],[117.385,-0.221],[117.405,-0.208],[117.413,-0.166],[117.378,-0.15]]],[[[117.436,-0.11],[117.425,-0.11],[117.417,-0.159],[117.436,-0.163],[117.448,-0.139],[117.446,-0.126],[117.461,-0.111],[117.436,-0.11]]],[[[117.419,-0.11],[117.409,-0.097],[117.394,-0.126],[117.38,-0.117],[117.378,-0.147],[117.414,-0.159],[117.419,-0.11]]],[[[117.424,-0.082],[117.419,-0.093],[117.424,-0.109],[117.424,-0.082]]],[[[117.454,-0.055],[117.439,-0.041],[117.435,-0.071],[117.429,-0.072],[117.454,-0.072],[117.454,-0.091],[117.466,-0.087],[117.494,-0.045],[117.454,-0.055]]]]},"properties":{"jenis":"sawit","nama":"PT. SUBUR SAWIT PLATINUM","luas":17495,"izin":"lokasi","status":"Aktif","sk":"590/525.29/019/A.Ptn","tahun":2012}},{"type":"Feature","geometry":{"type":"Polygon","coordinates":[[[116.757,-0.594],[116.76,-0.603],[116.735,-0.603],[116.729,-0.619],[116.723,-0.612],[116.716,-0.625],[116.732,-0.635],[116.74,-0.632],[116.738,-0.611],[116.749,-0.61],[116.757,-0.62],[116.766,-0.612],[116.757,-0.594]]]},"properties":{"jenis":"sawit","nama":"PT. SUKSES BINA ALAM","luas":870,"izin":"lokasi","sk":"590/525.29/23.A.Ptn","tahun":2013}},{"type":"Feature","geometry":{"type":"MultiPolygon","coordinates":[[[[116.518,-0.369],[116.518,-0.347],[116.41,-0.372],[116.41,-0.391],[116.43,-0.391],[116.41,-0.394],[116.41,-0.432],[116.417,-0.435],[116.417,-0.396],[116.458,-0.396],[116.458,-0.387],[116.471,-0.387],[116.471,-0.374],[116.518,-0.374],[116.518,-0.369]]],[[[116.301,-0.527],[116.301,-0.45],[116.27,-0.45],[116.255,-0.497],[116.286,-0.523],[116.301,-0.527]]],[[[116.387,-0.455],[116.368,-0.435],[116.368,-0.497],[116.317,-0.497],[116.317,-0.513],[116.378,-0.513],[116.378,-0.504],[116.386,-0.504],[116.387,-0.455]]]]},"properties":{"jenis":"sawit","nama":"PT. SURYA BUMI TUNGGAL PERKASA","luas":9432,"izin":"lokasi","status":"Aktif","sk":"590/525.29/007/A.Ptn","tahun":2014}},{"type":"Feature","geometry":{"type":"Polygon","coordinates":[[[116.763,-0.173],[116.7,-0.173],[116.698,-0.183],[116.737,-0.191],[116.739,-0.237],[116.791,-0.236],[116.793,-0.226],[116.765,-0.194],[116.763,-0.173]]]},"properties":{"jenis":"sawit","nama":"PT. TEGUH JAYAPRIMA ABADI","luas":5100,"izin":"lokasi","sk":"101/DPN.K/IL-101/X-2008","tahun":2008}},{"type":"Feature","geometry":{"type":"Polygon","coordinates":[[[117.381,-0.338],[117.302,-0.339],[117.301,-0.458],[117.382,-0.459],[117.381,-0.338]]]},"properties":{"jenis":"sawit","nama":"PT. TRITUNGGAL SENTRA BUANA","luas":12000,"izin":"lokasi","status":"Aktif","sk":"46/DPtn/UM-41/XII-2004","tahun":2004}},{"type":"Feature","geometry":{"type":"MultiPolygon","coordinates":[[[[117.385,-0.353],[117.382,-0.389],[117.399,-0.392],[117.409,-0.373],[117.385,-0.353]]],[[[117.396,-0.394],[117.382,-0.398],[117.382,-0.424],[117.399,-0.425],[117.39,-0.417],[117.402,-0.406],[117.396,-0.394]]]]},"properties":{"jenis":"sawit","nama":"PT. TRITUNGGAL SENTRA BUANA","luas":1384,"izin":"lokasi","status":"Aktif","sk":"590/525.29/24/A.Ptn","tahun":2013}},{"type":"Feature","geometry":{"type":"Polygon","coordinates":[[[116.769,-0.082],[116.759,-0.094],[116.759,-0.118],[116.787,-0.118],[116.786,-0.069],[116.769,-0.082]]]},"properties":{"jenis":"sawit","nama":"KOPERASI BINA TANI SAWIT LESTARI","luas":1155,"izin":"lokasi","status":"Aktif","sk":"590/525.29/20/A.Ptn","tahun":2009}},{"type":"Feature","geometry":{"type":"Polygon","coordinates":[[[116.881,0.17],[116.855,0.165],[116.918,0.17],[116.881,0.17]]]},"properties":{"jenis":"sawit","nama":"KOPERASI BINA TANI MENAMANG KIWA","luas":300,"izin":"lokasi","status":"Aktif","sk":"003/IL.BID.I/VI/2015/BP2T","tahun":2015}},{"type":"Feature","geometry":{"type":"MultiPolygon","coordinates":[[[[116.767,-0.619],[116.761,-0.622],[116.762,-0.639],[116.745,-0.648],[116.76,-0.651],[116.775,-0.637],[116.767,-0.619]]],[[[116.744,-0.632],[116.727,-0.64],[116.73,-0.647],[116.745,-0.647],[116.744,-0.632]]],[[[116.804,-0.664],[116.809,-0.663],[116.803,-0.63],[116.804,-0.664]]],[[[116.787,-0.633],[116.789,-0.627],[116.779,-0.634],[116.787,-0.633]]],[[[116.763,-0.595],[116.758,-0.594],[116.765,-0.606],[116.763,-0.595]]]]},"properties":{"jenis":"sawit","nama":"KOPERASI PEGAWAI REPUBLIK INDONESIA AROMA","luas":786,"izin":"lokasi","status":"Aktif","sk":"590/525.29/008/A.Ptn","tahun":2012}},{"type":"Feature","geometry":{"type":"MultiPolygon","coordinates":[[[[116.676,-0.269],[116.672,-0.256],[116.657,-0.271],[116.663,-0.284],[116.704,-0.306],[116.7,-0.294],[116.679,-0.287],[116.676,-0.277],[116.687,-0.274],[116.687,-0.267],[116.676,-0.269]]],[[[116.676,-0.248],[116.671,-0.246],[116.68,-0.257],[116.676,-0.248]]]]},"properties":{"jenis":"sawit","nama":"KOPERASI PERKEBUNAN KELAPA SAWIT MAJU MEMBANGUN","luas":800,"izin":"lokasi","status":"Aktif","sk":"590/525.29/16/A.Ptn","tahun":2013}},{"type":"Feature","geometry":{"type":"Polygon","coordinates":[[[116.889,-0.107],[116.929,-0.094],[116.902,-0.058],[116.89,-0.068],[116.889,-0.107]]]},"properties":{"jenis":"sawit","nama":"KOPERASI SAWIT SENDOWAN","luas":1500,"izin":"lokasi","status":"Aktif","sk":"590/525.29/015/A.Ptn","tahun":2010}},{"type":"Feature","geometry":{"type":"Polygon","coordinates":[[[117,0.126],[117,0.177],[116.963,0.177],[116.963,0.148],[116.975,0.144],[116.994,0.119],[117,0.126]]]},"properties":{"jenis":"sawit","nama":"KOPERASI SAWIT SENDOWAN","luas":2000,"izin":"lokasi","status":"Aktif","sk":"590/525.29/012/A.Ptn","tahun":2012}},{"type":"Feature","geometry":{"type":"MultiPolygon","coordinates":[[[[117.361,-0.506],[117.329,-0.497],[117.33,-0.507],[117.352,-0.512],[117.34,-0.548],[117.349,-0.546],[117.353,-0.528],[117.361,-0.528],[117.361,-0.506]]],[[[117.346,-0.48],[117.344,-0.481],[117.344,-0.481],[117.346,-0.48]]],[[[117.335,-0.468],[117.335,-0.463],[117.333,-0.467],[117.335,-0.468]]],[[[117.366,-0.459],[117.334,-0.459],[117.345,-0.462],[117.336,-0.477],[117.349,-0.476],[117.366,-0.459]]]]},"properties":{"jenis":"sawit","nama":"PT. TRITUNGGAL SENTRA BUANA","luas":1020,"izin":"lokasi","status":"Aktif","sk":"590/525.29/016/A.Ptn","tahun":2014}},{"type":"Feature","geometry":{"type":"Polygon","coordinates":[[[116.464,0.06],[116.451,0.083],[116.451,0.105],[116.48,0.112],[116.48,0.163],[116.411,0.163],[116.411,0.13],[116.382,0.106],[116.381,0.061],[116.372,0.043],[116.435,-0.013],[116.435,-0.072],[116.403,-0.072],[116.439,-0.122],[116.464,-0.111],[116.464,0.06]]]},"properties":{"jenis":"sawit","nama":"PT. TUNAS PRIMA SEJAHTERA","luas":20000,"izin":"lokasi","status":"Aktif","sk":"99/DPN.K/IL-99/X-2008","tahun":2008}},{"type":"Feature","geometry":{"type":"MultiPolygon","coordinates":[[[[116.022,0.403],[115.983,0.399],[115.982,0.346],[116.03,0.346],[116.056,0.32],[116.075,0.286],[116.103,0.288],[116.081,0.325],[116.079,0.339],[116.088,0.348],[116.091,0.338],[116.11,0.343],[116.127,0.329],[116.15,0.285],[116.174,0.292],[116.143,0.328],[116.136,0.365],[116.105,0.364],[116.093,0.373],[116.07,0.369],[116.044,0.397],[116.022,0.403]]],[[[116.085,0.435],[116.074,0.441],[116.081,0.423],[116.077,0.414],[116.071,0.413],[116.061,0.427],[116.047,0.411],[116.071,0.374],[116.111,0.383],[116.119,0.371],[116.141,0.369],[116.144,0.353],[116.152,0.353],[116.16,0.38],[116.144,0.383],[116.116,0.415],[116.103,0.414],[116.107,0.431],[116.1,0.441],[116.085,0.435]]]]},"properties":{"jenis":"sawit","nama":"PT. TUNAS SEJATI ABADI","luas":16000,"izin":"lokasi","sk":"65/DPN.K/IL-63/X-2006","tahun":2006}},{"type":"Feature","geometry":{"type":"MultiPolygon","coordinates":[[[[116.89,-0.154],[116.877,-0.126],[116.85,-0.141],[116.863,-0.156],[116.862,-0.177],[116.869,-0.188],[116.869,-0.167],[116.881,-0.167],[116.881,-0.178],[116.889,-0.178],[116.889,-0.167],[116.902,-0.169],[116.911,-0.145],[116.943,-0.145],[116.918,-0.129],[116.9,-0.14],[116.899,-0.157],[116.894,-0.149],[116.893,-0.161],[116.89,-0.154]]],[[[116.899,-0.184],[116.881,-0.184],[116.881,-0.192],[116.886,-0.196],[116.899,-0.184]]],[[[116.991,-0.177],[116.97,-0.18],[116.97,-0.193],[116.991,-0.193],[116.991,-0.177]]],[[[117.108,-0.17],[117.108,-0.162],[117.102,-0.17],[117.03,-0.175],[117.027,-0.165],[117.011,-0.165],[117.011,-0.175],[117.025,-0.181],[117.108,-0.179],[117.108,-0.17]]],[[[116.986,-0.16],[116.991,-0.155],[116.979,-0.152],[116.98,-0.162],[116.986,-0.16]]],[[[116.978,-0.161],[116.977,-0.152],[116.955,-0.147],[116.959,-0.16],[116.978,-0.161]]]]},"properties":{"jenis":"sawit","nama":"PT. TUNAS SEJATI ABADI","luas":4300,"izin":"lokasi","sk":"590/525.29/13/A.Ptn","tahun":2013}},{"type":"Feature","geometry":{"type":"MultiPolygon","coordinates":[[[[116.761,-0.349],[116.743,-0.348],[116.742,-0.364],[116.761,-0.364],[116.761,-0.349]]],[[[116.732,-0.344],[116.725,-0.341],[116.726,-0.347],[116.732,-0.344]]]]},"properties":{"jenis":"sawit","nama":"KOPERASI SAWIT ETAM BERSAMA","luas":400,"izin":"lokasi","status":"Aktif","sk":"590/525.29/006/A.Ptn","tahun":2011}},{"type":"Feature","geometry":{"type":"Polygon","coordinates":[[[116.888,0.127],[116.84,0.128],[116.84,0.108],[116.888,0.109],[116.887,-0.02],[116.89,0.11],[116.899,0.111],[116.898,0.119],[116.887,0.119],[116.888,0.127]]]},"properties":{"jenis":"sawit","nama":"KOPERASI BINA TANI SAWIT SEDULANG","luas":1600,"izin":"lokasi","sk":"590/525.29/018/A.Ptn","tahun":2009}},{"type":"Feature","geometry":{"type":"MultiPolygon","coordinates":[[[[116.659,-0.329],[116.657,-0.324],[116.619,-0.339],[116.647,-0.363],[116.641,-0.348],[116.659,-0.329]]],[[[116.715,-0.351],[116.706,-0.352],[116.715,-0.381],[116.723,-0.361],[116.715,-0.351]]],[[[116.7,-0.349],[116.701,-0.349],[116.686,-0.35],[116.7,-0.349]]],[[[116.678,-0.345],[116.665,-0.363],[116.684,-0.35],[116.678,-0.345]]],[[[116.615,-0.362],[116.619,-0.35],[116.612,-0.345],[116.6,-0.352],[116.601,-0.372],[116.615,-0.362]]]]},"properties":{"jenis":"sawit","nama":"PT. KUTAI AGRO JAYA","luas":1413,"izin":"lokasi","status":"Aktif","sk":"590/525.29/020/A.Ptn","tahun":2014}},{"type":"Feature","geometry":{"type":"MultiPolygon","coordinates":[[[[116.634,-0.132],[116.616,-0.11],[116.607,-0.111],[116.601,-0.135],[116.618,-0.183],[116.615,-0.196],[116.602,-0.202],[116.588,-0.189],[116.581,-0.194],[116.616,-0.226],[116.626,-0.211],[116.626,-0.187],[116.64,-0.179],[116.667,-0.182],[116.668,-0.161],[116.678,-0.139],[116.666,-0.126],[116.634,-0.132]]],[[[116.548,-0.175],[116.529,-0.167],[116.537,-0.178],[116.569,-0.187],[116.573,-0.177],[116.548,-0.175]]],[[[116.734,-0.13],[116.721,-0.108],[116.741,-0.077],[116.718,-0.085],[116.705,-0.113],[116.715,-0.134],[116.727,-0.132],[116.729,-0.146],[116.757,-0.15],[116.734,-0.13]]]]},"properties":{"jenis":"sawit","nama":"PT. BANGUN BINA PERKASA","luas":7000,"izin":"lokasi","sk":"590/525.29/15.1/A.Ptn","tahun":2013}},{"type":"Feature","geometry":{"type":"Polygon","coordinates":[[[116.179,-0.113],[116.154,-0.12],[116.133,-0.116],[116.171,-0.128],[116.191,-0.121],[116.226,-0.125],[116.268,-0.17],[116.269,-0.144],[116.23,-0.097],[116.194,-0.099],[116.179,-0.113]]]},"properties":{"jenis":"sawit","nama":"PT. MITRA ULAM KALTIM","luas":3400,"izin":"lokasi","sk":"590/525.29/018/A.Ptn","tahun":2014}},{"type":"Feature","geometry":{"type":"Polygon","coordinates":[[[116.213,-0.16],[116.156,-0.14],[116.137,-0.166],[116.099,-0.184],[116.152,-0.207],[116.162,-0.198],[116.199,-0.19],[116.213,-0.16]]]},"properties":{"jenis":"sawit","nama":"PT. SINAR SENDAWAR SAKTI","luas":4900,"izin":"lokasi","sk":"590/525.29/017/A.Ptn","tahun":2014}},{"type":"Feature","geometry":{"type":"Polygon","coordinates":[[[116.193,-0.122],[116.185,-0.15],[116.256,-0.176],[116.261,-0.17],[116.227,-0.137],[116.217,-0.152],[116.215,-0.124],[116.193,-0.122]]]},"properties":{"jenis":"sawit","nama":"KSU. ENGGELAM MANDIRI","luas":1800,"izin":"lokasi","sk":"590/525.29/25/A.Ptn","tahun":2014}},{"type":"Feature","geometry":{"type":"MultiPolygon","coordinates":[[[[116.412,-0.587],[116.389,-0.623],[116.388,-0.641],[116.416,-0.623],[116.412,-0.587]]],[[[116.429,-0.561],[116.425,-0.563],[116.426,-0.567],[116.429,-0.561]]],[[[116.433,-0.55],[116.432,-0.557],[116.439,-0.551],[116.433,-0.55]]],[[[116.443,-0.539],[116.44,-0.549],[116.446,-0.543],[116.443,-0.539]]]]},"properties":{"jenis":"sawit","nama":"KOPERASI PERKEBUNAN AGUNG BAYA","luas":98166,"izin":"lokasi","status":"Aktif","sk":"590/525.29/004/A.Ptn","tahun":2014}},{"type":"Feature","geometry":{"type":"MultiPolygon","coordinates":[[[[117.2,0.766],[117.2,0.75],[117.281,0.71],[117.282,0.732],[117.28,0.72],[117.2,0.766]]],[[[117.356,0.667],[117.347,0.657],[117.319,0.666],[117.313,0.656],[117.381,0.656],[117.356,0.667]]],[[[117.285,0.684],[117.277,0.693],[117.276,0.67],[117.263,0.666],[117.286,0.666],[117.285,0.684]]],[[[117.214,0.693],[117.2,0.694],[117.2,0.687],[117.212,0.687],[117.214,0.693]]],[[[117.223,0.699],[117.211,0.706],[117.207,0.697],[117.229,0.689],[117.223,0.699]]],[[[117.222,0.71],[117.2,0.707],[117.2,0.696],[117.21,0.695],[117.207,0.701],[117.215,0.707],[117.23,0.689],[117.25,0.689],[117.25,0.703],[117.226,0.702],[117.222,0.71]]]]},"properties":{"jenis":"sawit","izin":"lokasi","status":"Aktif"}},{"type":"Feature","geometry":{"type":"Polygon","coordinates":[[[117.145,0.728],[117.168,0.798],[117.159,0.806],[117.14,0.746],[117.145,0.728]]]},"properties":{"jenis":"sawit","izin":"lokasi","status":"Aktif"}},{"type":"Feature","geometry":{"type":"Polygon","coordinates":[[[117.158,0.705],[117.143,0.73],[117.132,0.695],[117.15,0.683],[117.142,0.666],[117.162,0.652],[117.162,0.623],[117.177,0.62],[117.185,0.635],[117.173,0.633],[117.165,0.643],[117.163,0.667],[117.178,0.667],[117.158,0.705]]]},"properties":{"jenis":"sawit","izin":"lokasi","status":"Aktif"}},{"type":"Feature","geometry":{"type":"Polygon","coordinates":[[[117.2,0.766],[117.178,0.78],[117.168,0.8],[117.145,0.728],[117.171,0.687],[117.2,0.688],[117.2,0.766]]]},"properties":{"jenis":"sawit","izin":"lokasi","status":"Aktif"}},{"type":"Feature","geometry":{"type":"Polygon","coordinates":[[[117.263,0.666],[117.208,0.667],[117.205,0.641],[117.219,0.607],[117.27,0.591],[117.279,0.573],[117.304,0.562],[117.325,0.559],[117.325,0.592],[117.375,0.601],[117.375,0.617],[117.391,0.617],[117.391,0.633],[117.405,0.633],[117.405,0.656],[117.313,0.656],[117.308,0.666],[117.263,0.666]]]},"properties":{"jenis":"sawit","izin":"lokasi","status":"Aktif"}},{"type":"Feature","geometry":{"type":"Polygon","coordinates":[[[117.853,1.1],[117.854,1.169],[117.792,1.117],[117.803,1.088],[117.756,1.088],[117.756,1.05],[117.823,1.05],[117.823,1.1],[117.853,1.1]]]},"properties":{"jenis":"sawit","izin":"lokasi","status":"Aktif"}},{"type":"Feature","geometry":{"type":"Polygon","coordinates":[[[117.174,0.667],[117.163,0.666],[117.171,0.636],[117.189,0.643],[117.174,0.667]]]},"properties":{"jenis":"sawit","izin":"lokasi","status":"Aktif"}},{"type":"Feature","geometry":{"type":"Polygon","coordinates":[[[117.379,0.77],[117.37,0.779],[117.37,0.667],[117.395,0.658],[117.395,0.76],[117.388,0.778],[117.379,0.77]]]},"properties":{"jenis":"sawit","izin":"lokasi","status":"Aktif"}},{"type":"Feature","geometry":{"type":"Polygon","coordinates":[[[116.644,0.79],[116.631,0.79],[116.632,0.766],[116.625,0.758],[116.649,0.764],[116.651,0.79],[116.644,0.79]]]},"properties":{"jenis":"sawit","izin":"lokasi","status":"Aktif"}},{"type":"Feature","geometry":{"type":"MultiPolygon","coordinates":[[[[116.787,0.398],[116.787,0.413],[116.773,0.413],[116.774,0.394],[116.791,0.388],[116.794,0.394],[116.787,0.398]]],[[[116.852,0.271],[116.855,0.293],[116.846,0.309],[116.852,0.271]]],[[[116.846,0.314],[116.845,0.316],[116.846,0.311],[116.846,0.314]]],[[[116.836,0.346],[116.834,0.328],[116.845,0.316],[116.845,0.343],[116.836,0.346]]]]},"properties":{"jenis":"sawit","izin":"lokasi","status":"Aktif"}},{"type":"Feature","geometry":{"type":"Polygon","coordinates":[[[116.735,0.39],[116.737,0.36],[116.76,0.343],[116.766,0.326],[116.783,0.318],[116.777,0.286],[116.793,0.236],[116.779,0.23],[116.769,0.208],[116.775,0.205],[116.766,0.2],[116.769,0.16],[116.831,0.238],[116.855,0.276],[116.855,0.293],[116.84,0.33],[116.781,0.327],[116.735,0.39]]]},"properties":{"jenis":"sawit","izin":"lokasi","status":"Aktif"}},{"type":"Feature","geometry":{"type":"Polygon","coordinates":[[[116.858,0.343],[116.845,0.346],[116.848,0.31],[116.871,0.307],[116.863,0.298],[116.859,0.305],[116.855,0.277],[116.887,0.329],[116.858,0.343]]]},"properties":{"jenis":"sawit","izin":"lokasi","status":"Aktif"}},{"type":"Feature","geometry":{"type":"Polygon","coordinates":[[[117.708,1.217],[117.708,1.327],[117.653,1.327],[117.653,1.217],[117.708,1.217]]]},"properties":{"jenis":"sawit","izin":"lokasi","status":"Aktif"}},{"type":"Feature","geometry":{"type":"Polygon","coordinates":[[[116.847,0.419],[116.835,0.419],[116.835,0.379],[116.82,0.379],[116.822,0.36],[116.83,0.346],[116.882,0.346],[116.881,0.357],[116.863,0.355],[116.855,0.366],[116.846,0.366],[116.847,0.419]]]},"properties":{"jenis":"sawit","izin":"lokasi","status":"Aktif"}},{"type":"Feature","geometry":{"type":"MultiPolygon","coordinates":[[[[116.6,0.275],[116.574,0.291],[116.535,0.177],[116.512,0.139],[116.525,0.145],[116.525,0.12],[116.567,0.173],[116.597,0.122],[116.65,0.122],[116.683,0.154],[116.679,0.16],[116.686,0.163],[116.671,0.167],[116.667,0.178],[116.654,0.171],[116.652,0.187],[116.633,0.201],[116.641,0.21],[116.625,0.217],[116.63,0.227],[116.618,0.251],[116.624,0.255],[116.63,0.248],[116.633,0.253],[116.6,0.275]]],[[[116.622,0.279],[116.625,0.295],[116.612,0.302],[116.588,0.309],[116.576,0.3],[116.574,0.292],[116.626,0.258],[116.625,0.272],[116.631,0.27],[116.635,0.278],[116.622,0.279]]],[[[116.588,0.347],[116.576,0.301],[116.588,0.309],[116.606,0.305],[116.608,0.334],[116.588,0.347]]]]},"properties":{"jenis":"sawit","izin":"lokasi","status":"Aktif"}},{"type":"Feature","geometry":{"type":"Polygon","coordinates":[[[116.77,0.451],[116.728,0.453],[116.707,0.417],[116.71,0.402],[116.735,0.39],[116.781,0.327],[116.84,0.33],[116.822,0.366],[116.798,0.366],[116.797,0.383],[116.774,0.394],[116.775,0.427],[116.748,0.426],[116.751,0.43],[116.74,0.436],[116.753,0.447],[116.765,0.437],[116.762,0.429],[116.772,0.429],[116.777,0.447],[116.77,0.451]]]},"properties":{"jenis":"sawit","izin":"lokasi","status":"Aktif"}},{"type":"Feature","geometry":{"type":"Polygon","coordinates":[[[116.478,0.491],[116.444,0.535],[116.366,0.564],[116.355,0.562],[116.353,0.552],[116.367,0.54],[116.378,0.51],[116.387,0.51],[116.392,0.499],[116.42,0.5],[116.463,0.45],[116.478,0.491]]]},"properties":{"jenis":"sawit","izin":"lokasi","status":"Aktif"}},{"type":"Feature","geometry":{"type":"Polygon","coordinates":[[[116.812,0.483],[116.803,0.484],[116.803,0.501],[116.771,0.4],[116.835,0.379],[116.835,0.419],[116.801,0.419],[116.803,0.457],[116.812,0.457],[116.812,0.483]]]},"properties":{"jenis":"sawit","izin":"lokasi","status":"Aktif"}},{"type":"Feature","geometry":{"type":"Polygon","coordinates":[[[116.68,0.578],[116.675,0.59],[116.614,0.591],[116.621,0.48],[116.599,0.455],[116.738,0.459],[116.73,0.48],[116.744,0.484],[116.731,0.49],[116.739,0.502],[116.719,0.507],[116.719,0.534],[116.738,0.555],[116.762,0.542],[116.786,0.566],[116.768,0.57],[116.757,0.59],[116.726,0.59],[116.692,0.556],[116.68,0.578]]]},"properties":{"jenis":"sawit","izin":"lokasi","status":"Aktif"}},{"type":"Feature","geometry":{"type":"Polygon","coordinates":[[[116.813,0.616],[116.806,0.642],[116.798,0.641],[116.789,0.587],[116.801,0.581],[116.731,0.508],[116.746,0.502],[116.732,0.494],[116.745,0.485],[116.732,0.481],[116.739,0.458],[116.721,0.459],[116.716,0.453],[116.787,0.453],[116.821,0.543],[116.854,0.582],[116.851,0.615],[116.846,0.577],[116.823,0.585],[116.813,0.616]]]},"properties":{"jenis":"sawit","izin":"lokasi","status":"Aktif"}},{"type":"Feature","geometry":{"type":"MultiPolygon","coordinates":[[[[116.634,0.636],[116.634,0.642],[116.619,0.631],[116.619,0.618],[116.652,0.616],[116.641,0.63],[116.646,0.633],[116.634,0.636]]],[[[116.618,0.479],[116.62,0.486],[116.615,0.485],[116.618,0.479]]],[[[116.645,0.611],[116.637,0.608],[116.635,0.591],[116.653,0.591],[116.649,0.599],[116.655,0.6],[116.645,0.601],[116.645,0.611]]],[[[116.625,0.614],[116.613,0.613],[116.614,0.591],[116.633,0.591],[116.638,0.612],[116.625,0.614]]],[[[116.615,0.616],[116.62,0.635],[116.613,0.636],[116.615,0.616]]],[[[116.634,0.661],[116.622,0.662],[116.632,0.643],[116.634,0.661]]],[[[116.606,0.666],[116.612,0.638],[116.63,0.642],[116.618,0.652],[116.621,0.663],[116.606,0.666]]],[[[116.624,0.668],[116.627,0.677],[116.619,0.686],[116.624,0.668]]],[[[116.615,0.688],[116.605,0.687],[116.604,0.669],[116.617,0.666],[116.615,0.688]]],[[[116.609,0.69],[116.605,0.694],[116.605,0.69],[116.609,0.69]]]]},"properties":{"jenis":"sawit","izin":"lokasi","status":"Aktif"}},{"type":"Feature","geometry":{"type":"Polygon","coordinates":[[[116.689,0.735],[116.657,0.72],[116.658,0.709],[116.647,0.708],[116.647,0.714],[116.639,0.709],[116.649,0.682],[116.667,0.682],[116.689,0.735]]]},"properties":{"jenis":"sawit","izin":"lokasi","status":"Aktif"}},{"type":"Feature","geometry":{"type":"Polygon","coordinates":[[[116.714,0.663],[116.683,0.717],[116.657,0.662],[116.602,0.696],[116.611,0.661],[116.614,0.591],[116.757,0.59],[116.714,0.663]]]},"properties":{"jenis":"sawit","izin":"lokasi","status":"Aktif"}},{"type":"Feature","geometry":{"type":"MultiPolygon","coordinates":[[[[116.863,0.708],[116.864,0.718],[116.845,0.716],[116.834,0.709],[116.829,0.688],[116.838,0.688],[116.841,0.676],[116.856,0.676],[116.863,0.708]]],[[[116.841,0.646],[116.825,0.629],[116.826,0.606],[116.851,0.606],[116.841,0.646]]],[[[116.841,0.651],[116.824,0.647],[116.826,0.63],[116.838,0.648],[116.845,0.647],[116.841,0.651]]],[[[116.842,0.656],[116.839,0.654],[116.843,0.651],[116.842,0.656]]],[[[116.844,0.657],[116.846,0.649],[116.849,0.658],[116.844,0.657]]],[[[116.855,0.672],[116.844,0.671],[116.845,0.659],[116.855,0.672]]],[[[116.84,0.717],[116.81,0.717],[116.812,0.697],[116.824,0.695],[116.829,0.711],[116.84,0.717]]]]},"properties":{"jenis":"sawit","izin":"lokasi","status":"Aktif"}},{"type":"Feature","geometry":{"type":"Polygon","coordinates":[[[117.148,1.324],[117.15,1.351],[117.115,1.373],[117.121,1.321],[117.104,1.321],[117.098,1.288],[117.123,1.288],[117.132,1.24],[117.15,1.253],[117.148,1.324]]]},"properties":{"jenis":"sawit","izin":"lokasi","status":"Aktif"}},{"type":"Feature","geometry":{"type":"MultiPolygon","coordinates":[[[[116.811,0.799],[116.804,0.772],[116.809,0.718],[116.849,0.72],[116.814,0.754],[116.821,0.787],[116.811,0.799]]],[[[116.819,0.83],[116.819,0.84],[116.814,0.83],[116.806,0.835],[116.813,0.83],[116.811,0.801],[116.825,0.808],[116.819,0.83]]]]},"properties":{"jenis":"sawit","izin":"lokasi","status":"Aktif"}},{"type":"Feature","geometry":{"type":"MultiPolygon","coordinates":[[[[116.916,1.178],[116.916,1.186],[116.909,1.181],[116.918,1.164],[116.901,1.145],[116.892,1.145],[116.892,1.135],[116.94,1.135],[116.94,1.183],[116.916,1.178]]],[[[116.981,1.176],[116.955,1.171],[116.955,1.134],[116.968,1.135],[116.968,1.154],[116.991,1.17],[116.981,1.176]]],[[[116.965,1.182],[116.96,1.198],[116.951,1.183],[116.964,1.177],[116.965,1.182]]]]},"properties":{"jenis":"sawit","izin":"lokasi","status":"Aktif"}},{"type":"Feature","geometry":{"type":"Polygon","coordinates":[[[117.056,1.114],[117.017,1.173],[116.965,1.172],[116.965,1.114],[116.969,1.099],[116.987,1.098],[116.99,1.067],[117.019,1.066],[117.056,1.104],[117.056,1.114]]]},"properties":{"jenis":"sawit","izin":"lokasi","status":"Aktif"}},{"type":"Feature","geometry":{"type":"Polygon","coordinates":[[[116.842,0.86],[116.858,0.879],[116.848,0.875],[116.845,0.895],[116.868,0.902],[116.863,0.917],[116.86,0.909],[116.836,0.909],[116.822,0.86],[116.842,0.86]]]},"properties":{"jenis":"sawit","izin":"lokasi","status":"Aktif"}},{"type":"Feature","geometry":{"type":"MultiPolygon","coordinates":[[[[116.859,0.796],[116.831,0.792],[116.836,0.745],[116.823,0.745],[116.849,0.718],[116.866,0.718],[116.859,0.796]]],[[[116.884,0.875],[116.866,0.875],[116.866,0.862],[116.846,0.867],[116.847,0.855],[116.848,0.863],[116.854,0.862],[116.851,0.848],[116.838,0.848],[116.839,0.832],[116.83,0.832],[116.836,0.8],[116.858,0.797],[116.863,0.835],[116.884,0.875]]]]},"properties":{"jenis":"sawit","izin":"lokasi","status":"Aktif"}},{"type":"Feature","geometry":{"type":"Polygon","coordinates":[[[117.25,0.575],[117.25,0.568],[117.267,0.56],[117.271,0.543],[117.325,0.544],[117.315,0.564],[117.302,0.559],[117.293,0.57],[117.274,0.574],[117.268,0.59],[117.241,0.601],[117.228,0.599],[117.246,0.589],[117.25,0.575]]]},"properties":{"jenis":"sawit","izin":"lokasi","status":"Aktif"}},{"type":"Feature","geometry":{"type":"MultiPolygon","coordinates":[[[[117.112,1.36],[117.112,1.372],[117.1,1.351],[117.028,1.352],[117.004,1.299],[117.025,1.294],[117.035,1.324],[117.101,1.324],[117.095,1.304],[117.101,1.304],[117.112,1.36]]],[[[117.148,1.324],[117.145,1.231],[117.157,1.243],[117.17,1.308],[117.163,1.305],[117.148,1.324]]]]},"properties":{"jenis":"sawit","izin":"lokasi","status":"Aktif"}},{"type":"Feature","geometry":{"type":"MultiPolygon","coordinates":[[[[116.744,1.366],[116.709,1.321],[116.715,1.318],[116.709,1.326],[116.727,1.341],[116.785,1.314],[116.83,1.333],[116.855,1.321],[116.864,1.326],[116.898,1.302],[116.897,1.296],[116.928,1.284],[116.965,1.253],[116.989,1.271],[117.021,1.334],[116.983,1.278],[116.941,1.312],[116.843,1.363],[116.802,1.339],[116.785,1.337],[116.744,1.366]]],[[[117.067,1.093],[117.075,1.109],[117.064,1.134],[117.051,1.124],[117.053,1.093],[117.016,1.069],[117.014,1.045],[116.997,1.034],[117.004,1.008],[117.004,1.028],[117.029,1.043],[117.03,1.076],[117.048,1.076],[117.067,1.093]]],[[[117.018,1.174],[117.016,1.173],[117.019,1.172],[117.018,1.174]]],[[[117.028,1.176],[117.019,1.172],[117.038,1.169],[117.028,1.176]]],[[[116.715,1.317],[116.714,1.317],[116.715,1.317],[116.715,1.317]]],[[[116.706,1.311],[116.699,1.326],[116.678,1.302],[116.674,1.284],[116.696,1.311],[116.714,1.316],[116.706,1.311]]],[[[116.739,1.36],[116.742,1.366],[116.722,1.359],[116.7,1.327],[116.702,1.312],[116.714,1.318],[116.708,1.327],[116.739,1.36]]]]},"properties":{"jenis":"sawit","izin":"lokasi","status":"Aktif"}},{"type":"Feature","geometry":{"type":"Polygon","coordinates":[[[117.185,0.635],[117.192,0.61],[117.218,0.598],[117.219,0.607],[117.198,0.611],[117.185,0.635]]]},"properties":{"jenis":"sawit","izin":"lokasi","status":"Aktif"}},{"type":"Feature","geometry":{"type":"Polygon","coordinates":[[[116.91,1.288],[116.892,1.298],[116.892,1.266],[116.899,1.267],[116.906,1.287],[116.91,1.273],[116.933,1.27],[116.924,1.26],[116.934,1.255],[116.94,1.235],[116.961,1.23],[116.943,1.212],[116.959,1.204],[116.96,1.216],[116.978,1.225],[116.974,1.251],[116.91,1.288]],[[116.915,1.285],[116.915,1.279],[116.911,1.285],[116.915,1.285]]]},"properties":{"jenis":"sawit","izin":"lokasi","status":"Aktif"}},{"type":"Feature","geometry":{"type":"MultiPolygon","coordinates":[[[[116.689,0.81],[116.671,0.81],[116.668,0.79],[116.651,0.79],[116.649,0.764],[116.628,0.758],[116.64,0.756],[116.628,0.749],[116.628,0.738],[116.634,0.722],[116.648,0.73],[116.644,0.715],[116.688,0.735],[116.697,0.752],[116.688,0.763],[116.694,0.777],[116.685,0.783],[116.693,0.795],[116.695,0.81],[116.689,0.81]]],[[[116.623,0.755],[116.618,0.687],[116.623,0.684],[116.621,0.698],[116.629,0.709],[116.637,0.707],[116.625,0.72],[116.623,0.755]]]]},"properties":{"jenis":"sawit","izin":"lokasi","status":"Tidak Aktif"}},{"type":"Feature","geometry":{"type":"Polygon","coordinates":[[[117.296,0.79],[117.294,0.795],[117.284,0.777],[117.279,0.781],[117.286,0.774],[117.286,0.735],[117.319,0.733],[117.32,0.777],[117.296,0.79]]]},"properties":{"jenis":"sawit","izin":"lokasi","status":"Aktif"}},{"type":"Feature","geometry":{"type":"Polygon","coordinates":[[[117.145,0.92],[117.125,0.929],[117.126,0.909],[117.133,0.907],[117.133,0.914],[117.141,0.907],[117.145,0.92]]]},"properties":{"jenis":"sawit","izin":"lokasi","status":"Aktif"}},{"type":"Feature","geometry":{"type":"Polygon","coordinates":[[[117.231,0.901],[117.217,0.887],[117.237,0.891],[117.232,0.858],[117.219,0.858],[117.222,0.828],[117.231,0.819],[117.271,0.886],[117.231,0.901]]]},"properties":{"jenis":"sawit","izin":"lokasi","status":"Aktif"}},{"type":"Feature","geometry":{"type":"Polygon","coordinates":[[[117.237,0.891],[117.217,0.887],[117.22,0.86],[117.232,0.858],[117.237,0.891]]]},"properties":{"jenis":"sawit","izin":"lokasi","status":"Tidak Aktif"}},{"type":"Feature","geometry":{"type":"MultiPolygon","coordinates":[[[[117.12,0.87],[117.112,0.85],[117.142,0.835],[117.154,0.819],[117.162,0.836],[117.156,0.85],[117.12,0.87]]],[[[117.29,0.858],[117.278,0.875],[117.312,0.819],[117.3,0.812],[117.3,0.802],[117.321,0.803],[117.318,0.815],[117.338,0.808],[117.338,0.814],[117.312,0.824],[117.29,0.858]]]]},"properties":{"jenis":"sawit","izin":"lokasi","status":"Aktif"}},{"type":"Feature","geometry":{"type":"Polygon","coordinates":[[[118.208,0.941],[118.199,0.905],[118.264,0.9],[118.267,0.91],[118.312,0.906],[118.312,0.936],[118.208,0.941]]]},"properties":{"jenis":"sawit","izin":"lokasi","status":"Aktif"}},{"type":"Feature","geometry":{"type":"Polygon","coordinates":[[[117.125,0.915],[117.116,0.921],[117.097,0.87],[117.134,0.868],[117.155,0.851],[117.163,0.834],[117.197,0.897],[117.145,0.921],[117.141,0.907],[117.149,0.9],[117.149,0.884],[117.139,0.885],[117.137,0.912],[117.126,0.909],[117.125,0.915]]]},"properties":{"jenis":"sawit","izin":"lokasi","status":"Aktif"}},{"type":"Feature","geometry":{"type":"MultiPolygon","coordinates":[[[[117.079,0.894],[117.042,0.894],[117.048,0.887],[117.043,0.886],[117.046,0.874],[117.068,0.874],[117.079,0.894]]],[[[117.063,0.939],[117.057,0.942],[117.052,0.907],[117.069,0.907],[117.076,0.94],[117.063,0.939]]]]},"properties":{"jenis":"sawit","izin":"lokasi","status":"Aktif"}},{"type":"Feature","geometry":{"type":"Polygon","coordinates":[[[116.981,0.864],[117.009,0.845],[117.071,0.854],[117.068,0.874],[117.046,0.874],[117.039,0.865],[116.981,0.864]]]},"properties":{"jenis":"sawit","izin":"lokasi","status":"Aktif"}},{"type":"Feature","geometry":{"type":"MultiPolygon","coordinates":[[[[118.655,0.875],[118.633,0.859],[118.634,0.851],[118.649,0.848],[118.65,0.86],[118.675,0.86],[118.676,0.869],[118.655,0.875]]],[[[118.631,0.859],[118.633,0.873],[118.619,0.867],[118.619,0.849],[118.631,0.859]]],[[[118.65,0.876],[118.644,0.878],[118.633,0.861],[118.65,0.876]]],[[[118.637,0.867],[118.643,0.878],[118.636,0.874],[118.637,0.867]]]]},"properties":{"jenis":"sawit","izin":"lokasi","status":"Aktif"}},{"type":"Feature","geometry":{"type":"MultiPolygon","coordinates":[[[[118.619,0.867],[118.589,0.853],[118.577,0.819],[118.533,0.835],[118.536,0.817],[118.524,0.817],[118.53,0.832],[118.517,0.825],[118.511,0.832],[118.488,0.834],[118.5,0.822],[118.543,0.81],[118.57,0.816],[118.59,0.811],[118.62,0.839],[118.603,0.856],[118.62,0.845],[118.619,0.867]],[[118.515,0.824],[118.517,0.82],[118.507,0.821],[118.515,0.824]]],[[[118.65,0.86],[118.65,0.848],[118.669,0.86],[118.65,0.86]]]]},"properties":{"jenis":"sawit","izin":"lokasi","status":"Aktif"}},{"type":"Feature","geometry":{"type":"Polygon","coordinates":[[[118.236,0.941],[118.241,0.999],[118.223,1.005],[118.231,0.999],[118.209,0.942],[118.236,0.941]]]},"properties":{"jenis":"sawit","izin":"lokasi","status":"Aktif"}},{"type":"Feature","geometry":{"type":"Polygon","coordinates":[[[118.266,0.985],[118.241,0.999],[118.236,0.941],[118.312,0.936],[118.314,0.946],[118.339,0.943],[118.337,0.903],[118.441,0.892],[118.436,0.931],[118.448,0.94],[118.353,0.962],[118.344,0.956],[118.266,0.985]]]},"properties":{"jenis":"sawit","izin":"lokasi","status":"Aktif"}},{"type":"Feature","geometry":{"type":"Polygon","coordinates":[[[118.897,0.883],[118.905,0.902],[118.867,0.901],[118.786,0.832],[118.731,0.833],[118.713,0.855],[118.693,0.866],[118.669,0.869],[118.669,0.859],[118.705,0.837],[118.708,0.816],[118.726,0.824],[118.758,0.807],[118.793,0.813],[118.798,0.809],[118.791,0.802],[118.823,0.829],[118.849,0.874],[118.863,0.88],[118.886,0.873],[118.897,0.883]]]},"properties":{"jenis":"sawit","izin":"lokasi","status":"Aktif"}},{"type":"Feature","geometry":{"type":"MultiPolygon","coordinates":[[[[116.674,0.908],[116.669,0.911],[116.672,0.883],[116.685,0.855],[116.689,0.882],[116.68,0.888],[116.687,0.894],[116.68,0.902],[116.688,0.906],[116.674,0.908]]],[[[116.689,0.855],[116.692,0.882],[116.687,0.868],[116.689,0.855]]],[[[116.686,0.916],[116.682,0.946],[116.669,0.913],[116.686,0.916]]],[[[116.694,0.923],[116.69,0.958],[116.683,0.939],[116.691,0.922],[116.684,0.896],[116.689,0.894],[116.682,0.888],[116.69,0.884],[116.694,0.923]]],[[[116.699,0.948],[116.696,0.967],[116.693,0.962],[116.699,0.948]]],[[[116.701,0.966],[116.701,0.976],[116.698,0.971],[116.701,0.966]]]]},"properties":{"jenis":"sawit","izin":"lokasi","status":"Aktif"}},{"type":"Feature","geometry":{"type":"Polygon","coordinates":[[[117.584,1.358],[117.572,1.362],[117.553,1.351],[117.542,1.322],[117.567,1.268],[117.585,1.268],[117.584,1.358]]]},"properties":{"jenis":"sawit","izin":"lokasi","status":"Aktif"}},{"type":"Feature","geometry":{"type":"Polygon","coordinates":[[[116.741,0.888],[116.703,0.984],[116.686,0.828],[116.665,0.83],[116.671,0.81],[116.726,0.81],[116.758,0.874],[116.751,0.886],[116.741,0.888]]]},"properties":{"jenis":"sawit","izin":"lokasi","status":"Aktif"}},{"type":"Feature","geometry":{"type":"Polygon","coordinates":[[[116.722,0.94],[116.733,0.94],[116.734,0.955],[116.725,0.955],[116.712,0.988],[116.704,0.984],[116.722,0.94]]]},"properties":{"jenis":"sawit","izin":"lokasi","status":"Aktif"}},{"type":"Feature","geometry":{"type":"Polygon","coordinates":[[[118.43,0.844],[118.383,0.888],[118.321,0.883],[118.321,0.85],[118.342,0.839],[118.343,0.817],[118.365,0.807],[118.414,0.822],[118.412,0.832],[118.423,0.842],[118.434,0.836],[118.43,0.844]]]},"properties":{"jenis":"sawit","izin":"lokasi","status":"Aktif"}},{"type":"Feature","geometry":{"type":"Polygon","coordinates":[[[118.205,0.92],[118.141,0.913],[118.139,0.904],[118.152,0.884],[118.283,0.86],[118.285,0.874],[118.321,0.853],[118.321,0.883],[118.383,0.888],[118.43,0.844],[118.444,0.853],[118.466,0.84],[118.479,0.844],[118.471,0.848],[118.478,0.856],[118.468,0.876],[118.472,0.893],[118.464,0.896],[118.465,0.905],[118.441,0.918],[118.441,0.892],[118.267,0.91],[118.264,0.9],[118.199,0.905],[118.205,0.92]]]},"properties":{"jenis":"sawit","izin":"lokasi","status":"Aktif"}},{"type":"Feature","geometry":{"type":"MultiPolygon","coordinates":[[[[117.054,0.947],[117.011,0.977],[116.987,0.944],[116.998,0.939],[116.998,0.92],[117.012,0.921],[117.012,0.91],[116.96,0.912],[116.946,0.896],[116.977,0.864],[117.04,0.865],[117.048,0.887],[117.036,0.915],[117.052,0.908],[117.059,0.944],[117.054,0.947]]],[[[116.976,0.92],[116.986,0.92],[116.986,0.934],[116.976,0.932],[116.976,0.92]]],[[[117.098,0.942],[117.076,0.94],[117.07,0.924],[117.069,0.908],[117.082,0.908],[117.086,0.896],[117.116,0.935],[117.098,0.942]]]]},"properties":{"jenis":"sawit","izin":"lokasi","status":"Aktif"}},{"type":"Feature","geometry":{"type":"Polygon","coordinates":[[[118.223,0.992],[118.17,1.017],[118.132,0.97],[118.139,0.922],[118.157,0.921],[118.167,0.932],[118.206,0.926],[118.208,0.959],[118.223,0.992]]]},"properties":{"jenis":"sawit","izin":"lokasi","status":"Aktif"}},{"type":"Feature","geometry":{"type":"MultiPolygon","coordinates":[[[[116.995,0.988],[116.979,0.988],[116.979,0.955],[116.988,0.945],[117.003,0.988],[116.995,0.988]]],[[[116.968,0.976],[116.967,0.987],[116.975,0.93],[116.983,0.939],[116.968,0.959],[116.968,0.976]]]]},"properties":{"jenis":"sawit","izin":"lokasi","status":"Aktif"}},{"type":"Feature","geometry":{"type":"MultiPolygon","coordinates":[[[[117.006,0.955],[116.988,0.946],[116.996,0.941],[116.993,0.931],[117.011,0.916],[117.01,0.927],[117.026,0.939],[117.023,0.912],[117.031,0.912],[117.049,0.946],[117.011,0.945],[117.006,0.955]]],[[[117.015,0.928],[117.01,0.925],[117.014,0.913],[117.015,0.928]]],[[[116.983,0.94],[116.974,0.923],[116.98,0.919],[116.993,0.922],[116.983,0.94]]]]},"properties":{"jenis":"sawit","izin":"lokasi","status":"Aktif"}},{"type":"Feature","geometry":{"type":"MultiPolygon","coordinates":[[[[118.096,0.955],[118.074,0.948],[118.083,0.942],[118.09,0.946],[118.1,0.936],[118.083,0.926],[118.076,0.935],[118.06,0.936],[118.058,0.923],[118.064,0.922],[118.056,0.915],[118.114,0.901],[118.139,0.904],[118.141,0.913],[118.124,0.913],[118.124,0.942],[118.109,0.942],[118.112,0.95],[118.096,0.955]],[[118.071,0.925],[118.071,0.918],[118.067,0.924],[118.071,0.925]],[[118.125,0.907],[118.129,0.908],[118.128,0.903],[118.125,0.907]]],[[[118.071,0.905],[118.065,0.907],[118.152,0.883],[118.146,0.898],[118.122,0.891],[118.117,0.899],[118.071,0.905]]]]},"properties":{"jenis":"sawit","izin":"lokasi","status":"Aktif"}},{"type":"Feature","geometry":{"type":"Polygon","coordinates":[[[118.135,1.033],[118.108,1.026],[118.096,1],[118.136,0.975],[118.17,1.017],[118.135,1.033]]]},"properties":{"jenis":"sawit","izin":"lokasi","status":"Aktif"}},{"type":"Feature","geometry":{"type":"Polygon","coordinates":[[[116.803,1.03],[116.8,1.039],[116.773,1.039],[116.772,1.015],[116.731,1.016],[116.731,1.035],[116.704,1.034],[116.634,0.922],[116.67,0.865],[116.746,0.861],[116.768,0.881],[116.84,1.03],[116.803,1.03]]]},"properties":{"jenis":"sawit","izin":"lokasi","status":"Aktif"}},{"type":"Feature","geometry":{"type":"Polygon","coordinates":[[[118.031,1.011],[118.026,1.019],[118.026,1.009],[118.015,1.006],[118.01,0.969],[118.021,0.953],[118.042,0.954],[118.054,0.944],[118.074,0.961],[118.1,0.964],[118.112,0.95],[118.129,0.967],[118.113,0.978],[118.095,0.975],[118.099,1.006],[118.086,0.995],[118.089,0.98],[118.073,0.98],[118.083,0.97],[118.04,0.965],[118.031,1.011]]]},"properties":{"jenis":"sawit","izin":"lokasi","status":"Aktif"}},{"type":"Feature","geometry":{"type":"Polygon","coordinates":[[[118.086,0.97],[118.082,0.987],[118.097,1.014],[118.123,1.02],[118.129,1.042],[118.032,1.07],[118.04,0.979],[118.05,0.97],[118.086,0.97]]]},"properties":{"jenis":"sawit","izin":"lokasi","status":"Aktif"}},{"type":"Feature","geometry":{"type":"MultiPolygon","coordinates":[[[[116.773,1.039],[116.77,1.052],[116.739,1.058],[116.738,1.077],[116.682,1.041],[116.693,1.021],[116.704,1.034],[116.731,1.035],[116.731,1.016],[116.772,1.015],[116.773,1.039]]],[[[116.69,1.022],[116.682,1.035],[116.686,1.048],[116.676,1.043],[116.677,1.032],[116.69,1.022]]]]},"properties":{"jenis":"sawit","izin":"lokasi","status":"Aktif"}},{"type":"Feature","geometry":{"type":"Polygon","coordinates":[[[117.768,1.145],[117.756,1.158],[117.744,1.145],[117.719,1.142],[117.727,1.12],[117.665,1.12],[117.658,1.101],[117.669,1.1],[117.681,1.004],[117.667,0.987],[117.683,1.009],[117.709,1.014],[117.705,1.022],[117.691,1.023],[117.69,1.091],[117.775,1.11],[117.791,1.126],[117.791,1.136],[117.768,1.145]]]},"properties":{"jenis":"sawit","izin":"lokasi","status":"Aktif"}},{"type":"Feature","geometry":{"type":"MultiPolygon","coordinates":[[[[117.882,1.132],[117.867,1.128],[117.866,1.121],[117.881,1.118],[117.871,1.103],[117.866,1.071],[117.874,1.076],[117.883,1.059],[117.901,1.064],[117.904,1.057],[117.904,1.065],[117.894,1.062],[117.883,1.072],[117.891,1.117],[117.882,1.132]]],[[[117.863,0.996],[117.852,1],[117.858,0.98],[117.878,0.977],[117.866,0.98],[117.863,0.996]]],[[[117.826,1.054],[117.812,1.05],[117.812,1.042],[117.823,1.042],[117.826,1.054]]],[[[117.873,1.047],[117.871,1.056],[117.868,1.038],[117.876,1.034],[117.865,1.03],[117.866,1.022],[117.903,1.004],[117.882,0.982],[117.907,0.982],[117.884,0.983],[117.906,1.006],[117.881,1.017],[117.875,1.028],[117.882,1.039],[117.873,1.047]]],[[[117.918,1.049],[117.905,1.057],[117.914,1.053],[117.897,1.045],[117.923,1.034],[117.928,1.041],[117.918,1.049]]]]},"properties":{"jenis":"sawit","izin":"lokasi","status":"Tidak Aktif"}},{"type":"Feature","geometry":{"type":"MultiPolygon","coordinates":[[[[117.835,1.095],[117.835,1.105],[117.823,1.098],[117.823,1.087],[117.809,1.087],[117.815,1.08],[117.805,1.07],[117.819,1.062],[117.819,1.051],[117.83,1.06],[117.835,1.095]]],[[[117.864,0.977],[117.863,0.974],[117.875,0.975],[117.864,0.977]]],[[[117.853,0.982],[117.847,0.974],[117.859,0.974],[117.853,0.982]]],[[[117.922,0.996],[117.905,0.988],[117.907,0.982],[117.923,0.982],[117.922,0.996]]],[[[117.844,1.021],[117.842,1.018],[117.845,1.019],[117.844,1.021]]],[[[117.85,1.026],[117.842,1.027],[117.842,1.025],[117.85,1.026]]],[[[117.827,1.031],[117.827,0.999],[117.856,0.986],[117.847,1.003],[117.839,1],[117.827,1.009],[117.845,1.023],[117.827,1.031]]],[[[117.849,1.03],[117.845,1.031],[117.843,1.026],[117.849,1.03]]],[[[117.876,1.031],[117.871,1.029],[117.875,1.029],[117.876,1.031]]],[[[117.869,1.049],[117.87,1.052],[117.867,1.05],[117.869,1.049]]],[[[117.862,1.072],[117.858,1.062],[117.865,1.062],[117.868,1.052],[117.873,1.063],[117.862,1.072]]],[[[117.858,1.112],[117.854,1.12],[117.843,1.11],[117.858,1.112]]],[[[117.871,1.119],[117.867,1.127],[117.858,1.076],[117.881,1.117],[117.871,1.119]]]]},"properties":{"jenis":"sawit","izin":"lokasi","status":"Tidak Aktif"}},{"type":"Feature","geometry":{"type":"Polygon","coordinates":[[[117.827,1.024],[117.827,1.042],[117.811,1.042],[117.811,1.005],[117.827,0.999],[117.827,1.024]]]},"properties":{"jenis":"sawit","izin":"lokasi","status":"Aktif"}},{"type":"Feature","geometry":{"type":"MultiPolygon","coordinates":[[[[117.847,0.991],[117.842,0.993],[117.837,0.937],[117.825,0.937],[117.826,0.921],[117.846,0.927],[117.858,0.917],[117.948,0.963],[117.948,0.976],[117.92,0.982],[117.847,0.974],[117.847,0.991]]],[[[117.944,0.997],[117.922,0.998],[117.923,0.991],[117.944,0.997]]]]},"properties":{"jenis":"sawit","izin":"lokasi","status":"Aktif"}},{"type":"Feature","geometry":{"type":"Polygon","coordinates":[[[117.773,1.068],[117.773,1.076],[117.758,1.076],[117.759,1.043],[117.811,1.043],[117.811,1.05],[117.822,1.05],[117.81,1.07],[117.785,1.063],[117.773,1.068]]]},"properties":{"jenis":"sawit","izin":"lokasi","status":"Aktif"}},{"type":"Feature","geometry":{"type":"Polygon","coordinates":[[[117.811,1.042],[117.759,1.042],[117.761,1.034],[117.749,1.037],[117.731,1.016],[117.77,0.972],[117.783,1.015],[117.811,1.005],[117.811,1.042]]]},"properties":{"jenis":"sawit","izin":"lokasi","status":"Aktif"}},{"type":"Feature","geometry":{"type":"Polygon","coordinates":[[[117.802,1.088],[117.792,1.116],[117.831,1.156],[117.792,1.196],[117.762,1.164],[117.796,1.131],[117.773,1.108],[117.732,1.093],[117.697,1.091],[117.697,1.024],[117.713,1.012],[117.721,1.019],[117.729,1.014],[117.749,1.037],[117.757,1.031],[117.763,1.037],[117.756,1.088],[117.802,1.088]]]},"properties":{"jenis":"sawit","izin":"lokasi","status":"Aktif"}},{"type":"Feature","geometry":{"type":"Polygon","coordinates":[[[117.804,1.165],[117.785,1.164],[117.783,1.147],[117.791,1.136],[117.815,1.149],[117.804,1.165]]]},"properties":{"jenis":"sawit","izin":"lokasi","status":"Aktif"}},{"type":"Feature","geometry":{"type":"Polygon","coordinates":[[[118.17,1.017],[118.229,0.99],[118.231,0.999],[118.223,1.005],[118.235,1.003],[118.24,0.985],[118.347,0.956],[118.29,0.988],[118.076,1.067],[118.129,1.05],[118.126,1.032],[118.144,1.032],[118.17,1.017]]]},"properties":{"jenis":"sawit","izin":"lokasi","status":"Aktif"}},{"type":"Feature","geometry":{"type":"Polygon","coordinates":[[[117.06,1.076],[117.043,1.076],[117.066,1.057],[117.06,1.076]]]},"properties":{"jenis":"sawit","izin":"lokasi","status":"Tidak Aktif"}},{"type":"Feature","geometry":{"type":"Polygon","coordinates":[[[117.72,1.258],[117.707,1.252],[117.706,1.218],[117.721,1.22],[117.72,1.258]]]},"properties":{"jenis":"sawit","izin":"lokasi","status":"Aktif"}},{"type":"Feature","geometry":{"type":"Polygon","coordinates":[[[117.65,1.267],[117.633,1.263],[117.617,1.247],[117.594,1.249],[117.594,1.232],[117.575,1.231],[117.58,1.251],[117.575,1.252],[117.569,1.229],[117.583,1.219],[117.611,1.241],[117.648,1.226],[117.65,1.267]]]},"properties":{"jenis":"sawit","izin":"lokasi","status":"Aktif"}},{"type":"Feature","geometry":{"type":"MultiPolygon","coordinates":[[[[117.716,1.323],[117.699,1.337],[117.702,1.326],[117.743,1.303],[117.716,1.323]]],[[[117.672,1.328],[117.652,1.328],[117.651,1.324],[117.672,1.328]]],[[[117.687,1.337],[117.685,1.328],[117.687,1.328],[117.687,1.337]]]]},"properties":{"jenis":"sawit","izin":"lokasi","status":"Aktif"}},{"type":"Feature","geometry":{"type":"Polygon","coordinates":[[[117.756,1.302],[117.745,1.304],[117.746,1.259],[117.76,1.269],[117.766,1.295],[117.774,1.297],[117.756,1.302]]]},"properties":{"jenis":"sawit","izin":"lokasi","status":"Aktif"}},{"type":"Feature","geometry":{"type":"Polygon","coordinates":[[[117.669,1.344],[117.656,1.348],[117.649,1.325],[117.711,1.321],[117.711,1.252],[117.72,1.262],[117.748,1.255],[117.75,1.303],[117.7,1.332],[117.7,1.348],[117.669,1.344]]]},"properties":{"jenis":"sawit","izin":"lokasi","status":"Aktif"}},{"type":"Feature","geometry":{"type":"MultiPolygon","coordinates":[[[[116.5,0.855],[116.494,0.854],[116.497,0.84],[116.487,0.848],[116.475,0.844],[116.476,0.829],[116.458,0.819],[116.465,0.815],[116.43,0.766],[116.457,0.736],[116.47,0.706],[116.455,0.759],[116.516,0.85],[116.505,0.847],[116.506,0.854],[116.5,0.855]]],[[[116.522,0.871],[116.512,0.881],[116.496,0.866],[116.488,0.848],[116.493,0.84],[116.495,0.857],[116.506,0.855],[116.506,0.848],[116.517,0.851],[116.514,0.858],[116.523,0.862],[116.513,0.868],[116.522,0.871]]],[[[116.52,0.929],[116.51,0.937],[116.516,0.945],[116.49,0.945],[116.497,0.925],[116.488,0.925],[116.484,0.913],[116.494,0.895],[116.502,0.901],[116.5,0.889],[116.509,0.892],[116.523,0.873],[116.514,0.868],[116.523,0.862],[116.515,0.858],[116.518,0.849],[116.549,0.852],[116.529,0.876],[116.535,0.881],[116.506,0.904],[116.512,0.91],[116.504,0.915],[116.52,0.929]]]]},"properties":{"jenis":"sawit","izin":"lokasi","status":"Tidak Aktif"}},{"type":"Feature","geometry":{"type":"MultiPolygon","coordinates":[[[[116.511,1.021],[116.509,1.027],[116.488,1.012],[116.479,1.023],[116.471,1.02],[116.466,0.999],[116.459,1.003],[116.442,0.978],[116.498,0.956],[116.5,0.97],[116.512,0.972],[116.51,0.989],[116.518,0.99],[116.511,1.021]]],[[[116.515,0.988],[116.509,0.983],[116.513,0.972],[116.501,0.969],[116.498,0.956],[116.488,0.954],[116.487,0.947],[116.516,0.945],[116.537,0.957],[116.533,0.967],[116.525,0.961],[116.515,0.988]]]]},"properties":{"jenis":"sawit","izin":"lokasi","status":"Aktif"}},{"type":"Feature","geometry":{"type":"Polygon","coordinates":[[[116.475,0.709],[116.552,0.77],[116.596,0.819],[116.579,0.863],[116.521,0.863],[116.454,0.759],[116.475,0.709]]]},"properties":{"jenis":"sawit","izin":"lokasi","status":"Aktif"}},{"type":"Feature","geometry":{"type":"Polygon","coordinates":[[[116.5,0.72],[116.5,0.729],[116.475,0.709],[116.478,0.702],[116.5,0.72]]]},"properties":{"jenis":"sawit","izin":"lokasi","status":"Aktif"}},{"type":"Feature","geometry":{"type":"MultiPolygon","coordinates":[[[[116.748,0.605],[116.694,0.698],[116.739,0.613],[116.729,0.6],[116.734,0.591],[116.749,0.596],[116.756,0.591],[116.748,0.605]]],[[[116.691,0.701],[116.683,0.717],[116.682,0.713],[116.691,0.701]]]]},"properties":{"jenis":"sawit","izin":"lokasi","status":"Aktif"}},{"type":"Feature","geometry":{"type":"Polygon","coordinates":[[[116.669,0.815],[116.664,0.836],[116.656,0.838],[116.627,0.826],[116.616,0.811],[116.596,0.819],[116.553,0.771],[116.579,0.736],[116.595,0.698],[116.657,0.662],[116.639,0.708],[116.649,0.718],[116.632,0.765],[116.631,0.79],[116.668,0.79],[116.669,0.815]]]},"properties":{"jenis":"sawit","izin":"lokasi","status":"Aktif"}},{"type":"Feature","geometry":{"type":"MultiPolygon","coordinates":[[[[116.527,0.722],[116.513,0.724],[116.496,0.709],[116.509,0.692],[116.532,0.68],[116.54,0.718],[116.527,0.722]]],[[[116.503,0.644],[116.504,0.646],[116.502,0.641],[116.503,0.644]]],[[[116.525,0.664],[116.516,0.662],[116.513,0.652],[116.525,0.664]]],[[[116.48,0.674],[116.47,0.669],[116.486,0.646],[116.498,0.639],[116.516,0.654],[116.515,0.663],[116.48,0.674]]],[[[116.483,0.675],[116.483,0.678],[116.481,0.676],[116.483,0.675]]],[[[116.511,0.69],[116.513,0.676],[116.499,0.668],[116.526,0.663],[116.534,0.681],[116.523,0.68],[116.511,0.69]]]]},"properties":{"jenis":"sawit","izin":"lokasi","status":"Tidak Aktif"}},{"type":"Feature","geometry":{"type":"MultiPolygon","coordinates":[[[[116.524,0.482],[116.511,0.471],[116.635,0.394],[116.635,0.384],[116.643,0.386],[116.641,0.397],[116.66,0.392],[116.671,0.402],[116.662,0.403],[116.66,0.419],[116.685,0.419],[116.674,0.455],[116.599,0.455],[116.588,0.449],[116.563,0.468],[116.534,0.459],[116.55,0.468],[116.551,0.476],[116.533,0.473],[116.524,0.482]],[[116.638,0.4],[116.643,0.405],[116.645,0.405],[116.638,0.4]]],[[[116.687,0.443],[116.685,0.455],[116.675,0.455],[116.681,0.449],[116.677,0.437],[116.686,0.435],[116.687,0.443]]],[[[116.355,0.562],[116.341,0.56],[116.337,0.477],[116.353,0.476],[116.346,0.449],[116.368,0.528],[116.353,0.552],[116.355,0.562]]]]},"properties":{"jenis":"sawit","izin":"lokasi","status":"Aktif"}},{"type":"Feature","geometry":{"type":"Polygon","coordinates":[[[116.437,0.4],[116.403,0.44],[116.382,0.45],[116.399,0.439],[116.404,0.422],[116.414,0.42],[116.42,0.406],[116.437,0.4]]]},"properties":{"jenis":"sawit","izin":"lokasi","status":"Aktif"}},{"type":"Feature","geometry":{"type":"Polygon","coordinates":[[[116.463,0.45],[116.42,0.5],[116.392,0.499],[116.368,0.528],[116.348,0.448],[116.388,0.451],[116.437,0.4],[116.463,0.45]]]},"properties":{"jenis":"sawit","izin":"lokasi","status":"Aktif"}},{"type":"Feature","geometry":{"type":"Polygon","coordinates":[[[116.498,0.48],[116.508,0.491],[116.531,0.491],[116.466,0.534],[116.451,0.527],[116.498,0.48]]]},"properties":{"jenis":"sawit","izin":"lokasi","status":"Tidak Aktif"}},{"type":"Feature","geometry":{"type":"Polygon","coordinates":[[[116.513,0.469],[116.478,0.491],[116.442,0.398],[116.464,0.4],[116.482,0.392],[116.498,0.4],[116.526,0.376],[116.53,0.363],[116.567,0.359],[116.6,0.342],[116.622,0.316],[116.636,0.32],[116.641,0.329],[116.633,0.324],[116.632,0.341],[116.641,0.347],[116.633,0.344],[116.626,0.359],[116.631,0.355],[116.637,0.366],[116.632,0.393],[116.513,0.469]]]},"properties":{"jenis":"sawit","izin":"lokasi","status":"Aktif"}},{"type":"Feature","geometry":{"type":"Polygon","coordinates":[[[116.89,0.997],[116.892,0.897],[116.932,0.928],[116.941,0.907],[116.96,0.918],[116.976,0.937],[116.976,0.951],[116.968,0.951],[116.965,0.961],[116.965,0.988],[116.937,0.988],[116.937,0.997],[116.89,0.997]]]},"properties":{"jenis":"sawit","izin":"lokasi","status":"Aktif"}},{"type":"Feature","geometry":{"type":"MultiPolygon","coordinates":[[[[118.014,1.227],[118.007,1.222],[118.008,1.2],[118.03,1.195],[118.014,1.227]]],[[[118.011,1.227],[117.99,1.244],[118.006,1.224],[118.011,1.227]]]]},"properties":{"jenis":"sawit","izin":"lokasi","status":"Aktif"}},{"type":"Feature","geometry":{"type":"Polygon","coordinates":[[[117.791,1.126],[117.778,1.113],[117.775,1.094],[117.788,1.095],[117.785,1.107],[117.796,1.117],[117.791,1.126]]]},"properties":{"jenis":"sawit","izin":"lokasi","status":"Aktif"}},{"type":"Feature","geometry":{"type":"MultiPolygon","coordinates":[[[[117.921,0.867],[117.882,0.871],[117.882,0.847],[117.864,0.847],[117.874,0.828],[117.912,0.838],[117.922,0.829],[117.931,0.835],[117.931,0.812],[117.985,0.781],[118.018,0.783],[118.016,0.831],[118.005,0.871],[117.921,0.867]]],[[[117.833,0.859],[117.829,0.865],[117.834,0.82],[117.864,0.819],[117.866,0.812],[117.871,0.837],[117.857,0.847],[117.857,0.856],[117.833,0.859]]],[[[117.857,0.866],[117.829,0.866],[117.832,0.86],[117.857,0.856],[117.857,0.866]]]]},"properties":{"jenis":"sawit","izin":"lokasi","status":"Aktif"}},{"type":"Feature","geometry":{"type":"Polygon","coordinates":[[[117.888,1.464],[117.843,1.469],[117.843,1.456],[117.83,1.456],[117.834,1.405],[117.853,1.361],[117.869,1.42],[117.876,1.426],[117.887,1.422],[117.887,1.43],[117.907,1.43],[117.907,1.45],[117.888,1.464]]]},"properties":{"jenis":"sawit","izin":"lokasi","status":"Aktif"}},{"type":"Feature","geometry":{"type":"MultiPolygon","coordinates":[[[[117.767,0.913],[117.742,0.925],[117.742,0.854],[117.751,0.86],[117.744,0.86],[117.745,0.883],[117.769,0.896],[117.758,0.9],[117.767,0.913]]],[[[117.764,0.93],[117.763,0.952],[117.742,0.951],[117.742,0.928],[117.76,0.926],[117.769,0.915],[117.764,0.93]]]]},"properties":{"jenis":"sawit","izin":"lokasi","status":"Aktif"}},{"type":"Feature","geometry":{"type":"MultiPolygon","coordinates":[[[[117.624,0.736],[117.601,0.745],[117.601,0.73],[117.621,0.73],[117.621,0.684],[117.658,0.655],[117.666,0.638],[117.663,0.622],[117.672,0.615],[117.701,0.627],[117.696,0.638],[117.687,0.638],[117.665,0.626],[117.667,0.641],[117.683,0.651],[117.705,0.626],[117.713,0.637],[117.711,0.696],[117.702,0.701],[117.711,0.697],[117.72,0.731],[117.667,0.736],[117.66,0.722],[117.639,0.721],[117.623,0.723],[117.624,0.736]],[[117.705,0.702],[117.706,0.7],[117.704,0.7],[117.705,0.702]]],[[[117.662,0.645],[117.658,0.65],[117.664,0.641],[117.662,0.645]]],[[[117.655,0.655],[117.638,0.672],[117.637,0.655],[117.655,0.655]]],[[[117.634,0.675],[117.621,0.683],[117.621,0.675],[117.634,0.675]]],[[[117.646,0.745],[117.607,0.745],[117.629,0.735],[117.646,0.735],[117.646,0.745]]]]},"properties":{"jenis":"sawit","izin":"lokasi","status":"Aktif"}},{"type":"Feature","geometry":{"type":"Polygon","coordinates":[[[118.007,1.125],[118.007,1.151],[117.967,1.166],[117.982,1.158],[117.977,1.129],[118.007,1.125]]]},"properties":{"jenis":"sawit","izin":"lokasi","status":"Aktif"}},{"type":"Feature","geometry":{"type":"MultiPolygon","coordinates":[[[[116.703,1.228],[116.695,1.241],[116.67,1.238],[116.669,1.207],[116.688,1.17],[116.697,1.173],[116.693,1.185],[116.711,1.199],[116.715,1.194],[116.705,1.217],[116.718,1.229],[116.703,1.228]]],[[[116.676,1.198],[116.677,1.193],[116.679,1.193],[116.676,1.198]]]]},"properties":{"jenis":"sawit","izin":"lokasi","status":"Aktif"}},{"type":"Feature","geometry":{"type":"Polygon","coordinates":[[[116.94,0.929],[116.892,0.897],[116.903,0.894],[116.939,0.927],[116.952,0.907],[116.956,0.917],[116.949,0.914],[116.94,0.929]]]},"properties":{"jenis":"sawit","izin":"lokasi","status":"Aktif"}},{"type":"Feature","geometry":{"type":"MultiPolygon","coordinates":[[[[116.958,1.043],[116.946,1.04],[116.951,0.989],[116.993,0.988],[116.99,1.021],[117.002,1.04],[116.958,1.043]]],[[[116.936,1.042],[116.9,1.034],[116.901,0.997],[116.937,0.997],[116.942,0.988],[116.936,1.042]]]]},"properties":{"jenis":"sawit","izin":"lokasi","status":"Aktif"}},{"type":"Feature","geometry":{"type":"MultiPolygon","coordinates":[[[[116.658,0.984],[116.658,0.974],[116.669,0.969],[116.671,1.09],[116.687,1.098],[116.67,1.133],[116.554,1.147],[116.547,1.132],[116.551,1.117],[116.544,1.113],[116.546,1.093],[116.556,1.086],[116.569,1.085],[116.615,1.109],[116.637,1.102],[116.628,1.058],[116.632,1.004],[116.616,0.977],[116.593,0.967],[116.602,0.959],[116.613,0.961],[116.63,0.989],[116.669,0.95],[116.669,0.968],[116.658,0.974],[116.658,0.984]],[[116.656,0.985],[116.654,0.992],[116.658,0.998],[116.656,0.985]],[[116.657,0.985],[116.658,0.984],[116.657,0.984],[116.657,0.985]]],[[[116.55,1.127],[116.548,1.137],[116.536,1.118],[116.546,1.094],[116.55,1.127]]]]},"properties":{"jenis":"sawit","izin":"lokasi","status":"Tidak Aktif"}},{"type":"Feature","geometry":{"type":"MultiPolygon","coordinates":[[[[117.658,0.833],[117.658,0.867],[117.642,0.867],[117.642,0.833],[117.658,0.833]]],[[[117.683,0.883],[117.683,0.917],[117.675,0.917],[117.675,0.883],[117.683,0.883]]]]},"properties":{"jenis":"sawit","izin":"lokasi","status":"Aktif"}},{"type":"Feature","geometry":{"type":"Polygon","coordinates":[[[117.533,0.941],[117.521,0.919],[117.479,0.927],[117.468,0.921],[117.463,0.936],[117.424,0.915],[117.461,0.833],[117.467,0.855],[117.492,0.85],[117.492,0.867],[117.5,0.867],[117.5,0.875],[117.545,0.875],[117.6,0.933],[117.6,0.95],[117.608,0.95],[117.608,0.983],[117.604,1.006],[117.583,1.023],[117.583,1],[117.539,1],[117.526,0.983],[117.533,0.941]]]},"properties":{"jenis":"sawit","izin":"lokasi","status":"Aktif"}},{"type":"Feature","geometry":{"type":"MultiPolygon","coordinates":[[[[117.988,1.246],[117.977,1.257],[117.954,1.264],[117.954,1.243],[117.984,1.243],[117.984,1.225],[118.005,1.225],[118.005,1.201],[117.978,1.209],[117.978,1.2],[117.955,1.187],[117.961,1.169],[117.98,1.163],[117.977,1.187],[117.999,1.202],[118.007,1.199],[118.011,1.207],[118.004,1.229],[117.988,1.246]]],[[[118.026,1.195],[118.008,1.198],[118.032,1.19],[118.026,1.195]]]]},"properties":{"jenis":"sawit","izin":"lokasi","status":"Aktif"}},{"type":"Feature","geometry":{"type":"Polygon","coordinates":[[[117.978,1.209],[117.886,1.188],[117.894,1.182],[117.894,1.161],[117.904,1.158],[117.904,1.139],[117.927,1.139],[117.931,1.135],[117.924,1.126],[117.988,1.124],[117.975,1.132],[117.982,1.161],[117.963,1.167],[117.954,1.179],[117.958,1.192],[117.978,1.2],[117.978,1.209]]]},"properties":{"jenis":"sawit","izin":"lokasi","status":"Aktif"}},{"type":"Feature","geometry":{"type":"Polygon","coordinates":[[[117.353,0.748],[117.348,0.762],[117.335,0.767],[117.337,0.692],[117.349,0.694],[117.353,0.748]]]},"properties":{"jenis":"sawit","izin":"lokasi","status":"Aktif"}},{"type":"Feature","geometry":{"type":"Polygon","coordinates":[[[117.868,1.288],[117.886,1.301],[117.818,1.301],[117.814,1.271],[117.843,1.271],[117.86,1.233],[117.875,1.251],[117.859,1.252],[117.859,1.264],[117.882,1.26],[117.889,1.268],[117.855,1.284],[117.868,1.288]]]},"properties":{"jenis":"sawit","izin":"lokasi","status":"Aktif"}},{"type":"Feature","geometry":{"type":"Polygon","coordinates":[[[117.954,1.26],[117.911,1.288],[117.859,1.288],[117.855,1.284],[117.889,1.268],[117.86,1.233],[117.843,1.271],[117.815,1.271],[117.808,1.25],[117.827,1.252],[117.829,1.235],[117.841,1.232],[117.843,1.211],[117.893,1.214],[117.892,1.233],[117.915,1.243],[117.915,1.238],[117.932,1.238],[117.929,1.199],[117.973,1.21],[118.005,1.201],[118.005,1.225],[117.984,1.225],[117.984,1.243],[117.954,1.243],[117.954,1.26]]]},"properties":{"jenis":"sawit","izin":"lokasi","status":"Aktif"}},{"type":"Feature","geometry":{"type":"MultiPolygon","coordinates":[[[[117.824,1.405],[117.816,1.392],[117.815,1.33],[117.824,1.405]]],[[[117.834,1.41],[117.831,1.4],[117.838,1.398],[117.834,1.41]]],[[[117.901,1.43],[117.887,1.427],[117.897,1.423],[117.901,1.43]]],[[[117.819,1.442],[117.822,1.406],[117.825,1.415],[117.83,1.408],[117.834,1.422],[117.825,1.423],[117.825,1.443],[117.819,1.442]]],[[[117.827,1.444],[117.825,1.428],[117.83,1.428],[117.827,1.444]]],[[[117.828,1.452],[117.826,1.446],[117.83,1.446],[117.828,1.452]]],[[[117.896,1.461],[117.888,1.464],[117.91,1.441],[117.91,1.454],[117.896,1.461]]],[[[117.825,1.453],[117.816,1.465],[117.821,1.444],[117.825,1.453]]],[[[117.834,1.464],[117.826,1.464],[117.826,1.455],[117.843,1.456],[117.834,1.464]]],[[[117.879,1.469],[117.877,1.47],[117.876,1.469],[117.879,1.469]]],[[[117.861,1.47],[117.852,1.469],[117.866,1.469],[117.861,1.47]]],[[[117.841,1.471],[117.85,1.469],[117.849,1.471],[117.841,1.471]]],[[[117.842,1.475],[117.839,1.475],[117.847,1.472],[117.842,1.475]]],[[[117.825,1.469],[117.839,1.485],[117.816,1.476],[117.825,1.456],[117.825,1.469]]]]},"properties":{"jenis":"sawit","izin":"lokasi","status":"Aktif"}},{"type":"Feature","geometry":{"type":"MultiPolygon","coordinates":[[[[117.815,1.276],[117.82,1.33],[117.816,1.33],[117.815,1.276]]],[[[117.808,1.427],[117.793,1.427],[117.821,1.417],[117.821,1.427],[117.808,1.427]]]]},"properties":{"jenis":"sawit","izin":"lokasi","status":"Tidak Aktif"}},{"type":"Feature","geometry":{"type":"MultiPolygon","coordinates":[[[[117.844,1.565],[117.835,1.608],[117.843,1.513],[117.828,1.485],[117.839,1.485],[117.853,1.502],[117.845,1.562],[117.852,1.558],[117.844,1.565]]],[[[117.587,1.215],[117.578,1.185],[117.559,1.167],[117.587,1.183],[117.583,1.19],[117.595,1.212],[117.587,1.215]]],[[[117.777,1.454],[117.78,1.46],[117.774,1.46],[117.769,1.452],[117.733,1.45],[117.726,1.44],[117.764,1.439],[117.777,1.454]]],[[[117.636,1.445],[117.645,1.49],[117.627,1.475],[117.614,1.441],[117.636,1.445]]],[[[117.837,1.511],[117.832,1.56],[117.817,1.572],[117.825,1.526],[117.837,1.511]]]]},"properties":{"jenis":"sawit","izin":"lokasi","status":"Aktif"}},{"type":"Feature","geometry":{"type":"Polygon","coordinates":[[[117.767,1.212],[117.746,1.212],[117.723,1.178],[117.699,1.178],[117.709,1.132],[117.72,1.143],[117.744,1.145],[117.783,1.187],[117.767,1.203],[117.767,1.212]]]},"properties":{"jenis":"sawit","izin":"lokasi","status":"Tidak Aktif"}},{"type":"Feature","geometry":{"type":"Polygon","coordinates":[[[116.78,1.315],[116.74,1.342],[116.724,1.34],[116.672,1.285],[116.667,1.266],[116.708,1.287],[116.762,1.259],[116.807,1.284],[116.891,1.257],[116.938,1.215],[116.958,1.227],[116.938,1.236],[116.929,1.249],[116.933,1.254],[116.922,1.261],[116.923,1.273],[116.891,1.266],[116.891,1.296],[116.85,1.321],[116.854,1.327],[116.827,1.335],[116.78,1.315]]]},"properties":{"jenis":"sawit","izin":"lokasi","status":"Aktif"}},{"type":"Feature","geometry":{"type":"MultiPolygon","coordinates":[[[[117.556,0.733],[117.548,0.732],[117.545,0.712],[117.567,0.717],[117.559,0.705],[117.544,0.703],[117.582,0.704],[117.621,0.684],[117.588,0.709],[117.595,0.73],[117.565,0.731],[117.567,0.722],[117.556,0.733]]],[[[117.638,0.672],[117.633,0.654],[117.65,0.65],[117.65,0.6],[117.637,0.6],[117.638,0.582],[117.659,0.582],[117.659,0.592],[117.652,0.592],[117.658,0.65],[117.637,0.655],[117.638,0.672]]],[[[117.636,0.674],[117.633,0.675],[117.633,0.674],[117.636,0.674]]],[[[117.586,0.702],[117.539,0.7],[117.6,0.692],[117.6,0.683],[117.617,0.683],[117.617,0.667],[117.63,0.667],[117.621,0.683],[117.586,0.702]]],[[[117.537,0.719],[117.525,0.717],[117.536,0.705],[117.537,0.719]]],[[[117.532,0.701],[117.536,0.704],[117.517,0.722],[117.517,0.7],[117.532,0.701]]],[[[117.613,0.729],[117.597,0.73],[117.588,0.713],[117.621,0.692],[117.621,0.73],[117.613,0.729]]],[[[117.562,0.73],[117.56,0.729],[117.564,0.726],[117.562,0.73]]],[[[117.523,0.719],[117.517,0.733],[117.517,0.723],[117.523,0.719]]],[[[117.56,0.732],[117.559,0.733],[117.559,0.731],[117.56,0.732]]],[[[117.54,0.733],[117.523,0.732],[117.525,0.72],[117.54,0.733]]]]},"properties":{"jenis":"sawit","izin":"lokasi","status":"Aktif"}},{"type":"Feature","geometry":{"type":"Polygon","coordinates":[[[117.56,1.226],[117.542,1.246],[117.456,1.202],[117.506,1.157],[117.524,1.154],[117.545,1.17],[117.553,1.208],[117.571,1.211],[117.583,1.203],[117.587,1.216],[117.564,1.232],[117.56,1.226]]]},"properties":{"jenis":"sawit","izin":"lokasi","status":"Aktif"}},{"type":"Feature","geometry":{"type":"Polygon","coordinates":[[[118.231,1.252],[118.224,1.256],[118.221,1.246],[118.196,1.243],[118.209,1.202],[118.222,1.199],[118.225,1.186],[118.251,1.175],[118.261,1.187],[118.274,1.186],[118.373,1.152],[118.38,1.24],[118.368,1.243],[118.351,1.186],[118.309,1.205],[118.286,1.205],[118.231,1.252]]]},"properties":{"jenis":"sawit","izin":"lokasi","status":"Aktif"}},{"type":"Feature","geometry":{"type":"Polygon","coordinates":[[[118.519,1.024],[118.512,1.017],[118.492,1.017],[118.468,0.999],[118.49,0.981],[118.489,0.967],[118.496,0.97],[118.507,0.96],[118.511,0.974],[118.531,0.974],[118.52,0.984],[118.536,0.99],[118.537,1.006],[118.519,1.024]]]},"properties":{"jenis":"sawit","izin":"lokasi","status":"Aktif"}},{"type":"Feature","geometry":{"type":"MultiPolygon","coordinates":[[[[118.505,0.914],[118.492,0.93],[118.467,0.942],[118.477,0.916],[118.505,0.914]]],[[[118.552,0.959],[118.493,0.954],[118.543,0.948],[118.552,0.959]]],[[[118.491,0.965],[118.487,0.967],[118.484,0.958],[118.516,0.957],[118.491,0.965]]]]},"properties":{"jenis":"sawit","izin":"lokasi","status":"Aktif"}},{"type":"Feature","geometry":{"type":"MultiPolygon","coordinates":[[[[118.893,1.037],[118.881,1.036],[118.866,1.011],[118.907,1.013],[118.925,1.03],[118.893,1.037]]],[[[118.936,1.018],[118.942,1.029],[118.927,1.031],[118.91,1.013],[118.935,1.011],[118.936,1.018]]],[[[118.981,1.028],[118.959,1.028],[118.953,1.006],[118.98,0.997],[118.973,1.008],[118.981,1.028]]],[[[118.951,1.032],[118.94,1.025],[118.937,1.01],[118.952,1.007],[118.951,1.032]]]]},"properties":{"jenis":"sawit","izin":"lokasi","status":"Aktif"}},{"type":"Feature","geometry":{"type":"Polygon","coordinates":[[[118.916,1.041],[118.893,1.037],[118.942,1.029],[118.951,1.036],[118.916,1.041]]]},"properties":{"jenis":"sawit","izin":"lokasi","status":"Aktif"}},{"type":"Feature","geometry":{"type":"Polygon","coordinates":[[[116.85,0.606],[116.851,0.615],[116.813,0.619],[116.823,0.585],[116.846,0.577],[116.85,0.606]]]},"properties":{"jenis":"sawit","izin":"lokasi","status":"Aktif"}},{"type":"Feature","geometry":{"type":"MultiPolygon","coordinates":[[[[118.203,0.916],[118.164,0.916],[118.146,0.906],[118.195,0.903],[118.203,0.916]]],[[[118.145,0.913],[118.141,0.902],[118.147,0.903],[118.145,0.913]]],[[[118.188,0.9],[118.191,0.901],[118.184,0.901],[118.188,0.9]]],[[[118.176,0.9],[118.159,0.898],[118.152,0.884],[118.174,0.879],[118.176,0.9]]],[[[118.155,0.899],[118.144,0.899],[118.146,0.898],[118.155,0.899]]],[[[118.193,0.885],[118.188,0.892],[118.196,0.879],[118.193,0.885]]],[[[118.195,0.875],[118.182,0.888],[118.179,0.878],[118.195,0.875]]]]},"properties":{"jenis":"sawit","izin":"lokasi","status":"Aktif"}},{"type":"Feature","geometry":{"type":"MultiPolygon","coordinates":[[[[117.882,1.056],[117.872,1.057],[117.873,1.044],[117.879,1.046],[117.882,1.039],[117.875,1.028],[117.888,1.026],[117.89,1.019],[117.881,1.017],[117.906,1.006],[117.896,0.989],[117.909,0.992],[117.92,1.001],[117.918,1.012],[117.882,1.056]]],[[[117.907,0.983],[117.903,0.993],[117.886,0.984],[117.907,0.983]]]]},"properties":{"jenis":"sawit","izin":"lokasi","status":"Aktif"}},{"type":"Feature","geometry":{"type":"Polygon","coordinates":[[[117.617,1.252],[117.618,1.293],[117.653,1.293],[117.653,1.323],[117.584,1.358],[117.585,1.25],[117.573,1.252],[117.569,1.228],[117.595,1.228],[117.595,1.247],[117.617,1.246],[117.617,1.252]]]},"properties":{"jenis":"sawit","izin":"lokasi","status":"Aktif"}},{"type":"Feature","geometry":{"type":"Polygon","coordinates":[[[117.338,0.809],[117.339,0.674],[117.359,0.674],[117.359,0.778],[117.367,0.789],[117.38,0.769],[117.389,0.779],[117.396,0.761],[117.395,0.656],[117.425,0.659],[117.425,0.666],[117.433,0.666],[117.433,0.699],[117.442,0.699],[117.442,0.733],[117.45,0.733],[117.45,0.749],[117.458,0.749],[117.467,0.783],[117.475,0.783],[117.475,0.807],[117.338,0.809]]]},"properties":{"jenis":"sawit","izin":"lokasi","status":"Aktif"}},{"type":"Feature","geometry":{"type":"Polygon","coordinates":[[[116.821,1.26],[116.821,1.269],[116.67,1.32],[116.671,1.257],[116.689,1.257],[116.689,1.207],[116.673,1.207],[116.658,1.181],[116.688,1.153],[116.697,1.162],[116.697,1.145],[116.754,1.143],[116.753,1.1],[116.818,1.1],[116.821,1.26]]]},"properties":{"jenis":"sawit","izin":"lokasi","status":"Aktif"}},{"type":"Feature","geometry":{"type":"Polygon","coordinates":[[[118.03,1.019],[118.023,1.025],[118.023,1.078],[118.015,1.095],[118.032,1.11],[118.021,1.128],[118.01,1.111],[117.931,1.112],[117.998,1.058],[118.005,0.988],[118.015,0.988],[118.015,1.006],[118.03,1.019]]]},"properties":{"jenis":"sawit","izin":"lokasi","status":"Aktif"}},{"type":"Feature","geometry":{"type":"Polygon","coordinates":[[[116.706,1.284],[116.665,1.263],[116.673,1.248],[116.675,1.259],[116.686,1.254],[116.695,1.262],[116.688,1.247],[116.695,1.233],[116.727,1.227],[116.725,1.211],[116.847,1.21],[116.847,1.241],[116.779,1.271],[116.758,1.257],[116.706,1.284]]]},"properties":{"jenis":"sawit","izin":"lokasi","status":"Aktif"}},{"type":"Feature","geometry":{"type":"Polygon","coordinates":[[[116.884,1.14],[116.922,1.229],[116.891,1.257],[116.807,1.284],[116.785,1.275],[116.865,1.242],[116.865,1.217],[116.831,1.158],[116.848,1.139],[116.884,1.14]]]},"properties":{"jenis":"sawit","izin":"lokasi","status":"Aktif"}},{"type":"Feature","geometry":{"type":"Polygon","coordinates":[[[117.74,1.257],[117.721,1.259],[117.721,1.216],[117.797,1.195],[117.822,1.169],[117.854,1.169],[117.854,1.141],[117.877,1.131],[117.887,1.148],[117.9,1.15],[117.887,1.162],[117.887,1.179],[117.861,1.184],[117.835,1.228],[117.818,1.214],[117.796,1.244],[117.782,1.237],[117.77,1.249],[117.74,1.257]]]},"properties":{"jenis":"sawit","izin":"lokasi","status":"Aktif"}},{"type":"Feature","geometry":{"type":"Polygon","coordinates":[[[117.007,1.298],[116.97,1.255],[116.976,1.248],[117.005,1.254],[117.018,1.285],[117.008,1.285],[117.007,1.298]]]},"properties":{"jenis":"sawit","izin":"lokasi","status":"Aktif"}},{"type":"Feature","geometry":{"type":"MultiPolygon","coordinates":[[[[116.866,0.718],[116.833,0.709],[116.828,0.69],[116.819,0.688],[116.831,0.675],[116.825,0.664],[116.831,0.651],[116.823,0.647],[116.825,0.606],[116.852,0.606],[116.842,0.637],[116.862,0.684],[116.866,0.718]]],[[[116.843,0.718],[116.81,0.718],[116.814,0.679],[116.806,0.63],[116.813,0.619],[116.82,0.619],[116.82,0.647],[116.828,0.654],[116.822,0.664],[116.827,0.675],[116.816,0.689],[116.843,0.718]]]]},"properties":{"jenis":"sawit","izin":"lokasi","status":"Aktif"}},{"type":"Feature","geometry":{"type":"Polygon","coordinates":[[[117.768,1.293],[117.737,1.3],[117.737,1.267],[117.767,1.267],[117.772,1.243],[117.785,1.236],[117.799,1.241],[117.816,1.216],[117.833,1.227],[117.823,1.233],[117.821,1.246],[117.801,1.247],[117.808,1.266],[117.793,1.27],[117.791,1.292],[117.768,1.293]]]},"properties":{"jenis":"sawit","izin":"lokasi","status":"Aktif"}},{"type":"Feature","geometry":{"type":"Polygon","coordinates":[[[117.287,0.853],[117.267,0.879],[117.26,0.867],[117.268,0.857],[117.263,0.85],[117.282,0.832],[117.276,0.818],[117.28,0.814],[117.251,0.804],[117.284,0.777],[117.295,0.796],[117.305,0.788],[117.305,0.799],[117.294,0.808],[117.297,0.822],[117.281,0.844],[117.281,0.853],[117.287,0.853]]]},"properties":{"jenis":"sawit","izin":"lokasi","status":"Aktif"}},{"type":"Feature","geometry":{"type":"MultiPolygon","coordinates":[[[[117.256,0.834],[117.247,0.831],[117.248,0.818],[117.232,0.82],[117.253,0.805],[117.28,0.814],[117.273,0.828],[117.265,0.826],[117.265,0.834],[117.256,0.834]]],[[[117.29,0.853],[117.271,0.885],[117.288,0.853],[117.29,0.853]]],[[[117.271,0.844],[117.26,0.867],[117.246,0.83],[117.237,0.828],[117.265,0.835],[117.266,0.826],[117.273,0.828],[117.278,0.82],[117.282,0.832],[117.271,0.844]]],[[[117.24,0.833],[117.239,0.832],[117.24,0.832],[117.24,0.833]]],[[[117.243,0.828],[117.236,0.826],[117.245,0.826],[117.243,0.828]]]]},"properties":{"jenis":"sawit","izin":"lokasi","status":"Aktif"}},{"type":"Feature","geometry":{"type":"MultiPolygon","coordinates":[[[[116.691,0.589],[116.661,0.584],[116.672,0.522],[116.719,0.525],[116.72,0.508],[116.731,0.505],[116.766,0.55],[116.738,0.552],[116.732,0.527],[116.714,0.53],[116.713,0.557],[116.693,0.56],[116.691,0.589]],[[116.669,0.561],[116.667,0.557],[116.666,0.561],[116.669,0.561]]],[[[116.773,0.566],[116.756,0.59],[116.741,0.59],[116.743,0.56],[116.768,0.56],[116.768,0.552],[116.777,0.561],[116.773,0.566]]],[[[116.662,0.569],[116.662,0.59],[116.642,0.59],[116.647,0.576],[116.662,0.569]]]]},"properties":{"jenis":"sawit","izin":"lokasi","status":"Aktif"}},{"type":"Feature","geometry":{"type":"MultiPolygon","coordinates":[[[[118.794,0.835],[118.866,0.9],[118.834,0.884],[118.794,0.84],[118.752,0.834],[118.794,0.835]]],[[[118.736,0.832],[118.74,0.834],[118.734,0.834],[118.736,0.832]]]]},"properties":{"jenis":"sawit","izin":"lokasi","status":"Aktif"}},{"type":"Feature","geometry":{"type":"Polygon","coordinates":[[[116.793,0.911],[116.821,0.969],[116.726,0.81],[116.695,0.81],[116.685,0.783],[116.694,0.777],[116.688,0.763],[116.697,0.752],[116.681,0.719],[116.771,0.57],[116.696,0.715],[116.793,0.911]]]},"properties":{"jenis":"sawit","izin":"lokasi","status":"Aktif"}},{"type":"Feature","geometry":{"type":"Polygon","coordinates":[[[117.731,1.016],[117.726,1.022],[117.683,1.008],[117.67,0.986],[117.701,0.985],[117.701,0.951],[117.804,0.952],[117.804,1.007],[117.783,1.015],[117.77,0.972],[117.731,1.016]]]},"properties":{"jenis":"sawit","izin":"lokasi","status":"Aktif"}},{"type":"Feature","geometry":{"type":"Polygon","coordinates":[[[117.863,0.974],[117.847,0.974],[117.847,0.991],[117.783,1.015],[117.761,0.943],[117.768,0.915],[117.789,0.91],[117.846,0.927],[117.858,0.917],[117.948,0.963],[117.949,0.998],[117.922,0.998],[117.923,0.982],[117.882,0.982],[117.863,0.974]]]},"properties":{"jenis":"sawit","izin":"lokasi","status":"Aktif"}},{"type":"Feature","geometry":{"type":"Polygon","coordinates":[[[116.843,1.035],[116.782,0.911],[116.821,0.969],[116.82,0.926],[116.82,0.941],[116.839,0.941],[116.839,0.923],[116.857,0.923],[116.852,0.941],[116.868,0.96],[116.854,0.996],[116.853,1.03],[116.843,1.035]]]},"properties":{"jenis":"sawit","izin":"lokasi","status":"Aktif"}},{"type":"Feature","geometry":{"type":"Polygon","coordinates":[[[116.694,1.254],[116.694,1.263],[116.686,1.254],[116.676,1.26],[116.67,1.238],[116.697,1.241],[116.688,1.248],[116.694,1.254]]]},"properties":{"jenis":"sawit","izin":"lokasi","status":"Aktif"}},{"type":"Feature","geometry":{"type":"Polygon","coordinates":[[[116.377,-1.393],[116.367,-1.395],[116.369,-1.451],[116.377,-1.447],[116.377,-1.393]]]},"properties":{"jenis":"sawit","nama":"KOPERASI SINAR HARAPAN JAYA","luas":600,"izin":"lokasi","status":"Aktif","sk":"503/04/PEM-SILP/IV/2012 (Perpanjangan)","grup":"Tidak ada","tahun":2012}},{"type":"Feature","geometry":{"type":"MultiPolygon","coordinates":[[[[116.305,-2.258],[116.27,-2.261],[116.269,-2.269],[116.302,-2.283],[116.31,-2.275],[116.307,-2.263],[116.315,-2.263],[116.305,-2.258]]],[[[116.275,-2.312],[116.269,-2.31],[116.265,-2.337],[116.295,-2.336],[116.295,-2.317],[116.275,-2.312]]]]},"properties":{"jenis":"sawit","nama":"KOPERASI BINA TANI LESTARI","luas":1600,"izin":"lokasi","status":"Aktif","sk":"503/14/PEM-SILP/VI/2011","grup":"Tidak ada","tahun":2011}},{"type":"Feature","geometry":{"type":"Polygon","coordinates":[[[116.413,-1.311],[116.368,-1.312],[116.417,-1.313],[116.413,-1.311]]]},"properties":{"jenis":"sawit","nama":"KOPERASI MUFAKAT TAKA","luas":90,"izin":"lokasi","status":"Aktif","sk":"503/03/BID-3.1/VII/2018","grup":"Tidak ada","tahun":2018}},{"type":"Feature","geometry":{"type":"Polygon","coordinates":[[[116.387,-2.214],[116.362,-2.17],[116.344,-2.168],[116.332,-2.182],[116.343,-2.192],[116.339,-2.198],[116.373,-2.218],[116.387,-2.214]]]},"properties":{"jenis":"sawit","nama":"PT. AGRO INTI KENCANAMAS","luas":2000,"izin":"lokasi","status":"Aktif","sk":"460.1/144/BPN.44.4/2005","grup":"Tidak ada","tahun":2005}},{"type":"Feature","geometry":{"type":"Polygon","coordinates":[[[116.339,-2.198],[116.328,-2.193],[116.267,-2.208],[116.266,-2.23],[116.257,-2.23],[116.255,-2.271],[116.283,-2.273],[116.282,-2.32],[116.346,-2.32],[116.375,-2.304],[116.351,-2.301],[116.354,-2.236],[116.368,-2.215],[116.339,-2.198]],[[116.297,-2.238],[116.312,-2.243],[116.307,-2.258],[116.293,-2.258],[116.297,-2.238]]]},"properties":{"jenis":"sawit","nama":"PT. AGRO INTI KENCANAMAS","luas":12000,"izin":"lokasi","status":"Aktif","sk":"460.1/147/BPN.44.4/2005","grup":"Tidak ada","tahun":2005}},{"type":"Feature","geometry":{"type":"MultiPolygon","coordinates":[[[[116.102,-2.046],[116.091,-2.051],[116.112,-2.053],[116.112,-2.046],[116.102,-2.046]]],[[[116.092,-2.02],[116.086,-2.023],[116.09,-2.03],[116.092,-2.02]]]]},"properties":{"jenis":"sawit","nama":"PT. BERLIAN AGROSUBUR SEJAHTERA","luas":200,"izin":"lokasi","status":"Aktif","sk":"503/02/PEM-SILP/II/2012","grup":"Tidak ada","tahun":2012}},{"type":"Feature","geometry":{"type":"Polygon","coordinates":[[[116.453,-1.99],[116.359,-1.993],[116.35,-1.998],[116.35,-2.011],[116.322,-2.017],[116.322,-2.03],[116.338,-2.03],[116.338,-2.047],[116.349,-2.047],[116.372,-2.075],[116.384,-2.075],[116.454,-2.018],[116.453,-1.99]]]},"properties":{"jenis":"sawit","nama":"PT. BORNEO INDAH MARJAYA","luas":10311,"izin":"lokasi","status":"Aktif","sk":"503/07/PEM-SILP/V/2010","grup":"Astra Internastional","tahun":2010}},{"type":"Feature","geometry":{"type":"Polygon","coordinates":[[[116.307,-2.13],[116.32,-2.068],[116.31,-2.068],[116.309,-2.094],[116.283,-2.094],[116.307,-2.13]]]},"properties":{"jenis":"sawit","nama":"PT. LANGGAI AGRINDO AGUNG","luas":1805,"izin":"lokasi","status":"Aktif","sk":"503/15/PEM-SILP/X/2010","grup":"Tidak ada","tahun":2010}},{"type":"Feature","geometry":{"type":"Polygon","coordinates":[[[116.381,-2.34],[116.365,-2.334],[116.335,-2.343],[116.381,-2.36],[116.381,-2.34]]]},"properties":{"jenis":"sawit","nama":"PT. LANGGENG MUARA MAKMUR","luas":795,"izin":"lokasi","status":"Aktif","sk":"460,1/24/BPN-PSR/1995","grup":"Minamas Group","tahun":1995}},{"type":"Feature","geometry":{"type":"MultiPolygon","coordinates":[[[[116.176,-1.435],[116.165,-1.436],[116.162,-1.451],[116.173,-1.466],[116.163,-1.46],[116.154,-1.464],[116.171,-1.476],[116.147,-1.479],[116.147,-1.487],[116.152,-1.48],[116.182,-1.483],[116.183,-1.489],[116.16,-1.487],[116.156,-1.5],[116.162,-1.488],[116.18,-1.494],[116.186,-1.487],[116.186,-1.495],[116.197,-1.49],[116.195,-1.505],[116.202,-1.509],[116.201,-1.482],[116.188,-1.487],[116.172,-1.477],[116.176,-1.435]]],[[[116.152,-1.448],[116.152,-1.441],[116.147,-1.452],[116.152,-1.448]]]]},"properties":{"jenis":"sawit","nama":"PT. BORNEO UTAMA BERKAT SETIA (dh.PT. BIS)","luas":1300,"izin":"lokasi","status":"Aktif","sk":"NIB : 8120000782343 (OSS)","grup":"Tidak ada","tahun":2019}},{"type":"Feature","geometry":{"type":"Polygon","coordinates":[[[115.966,-2.078],[115.951,-2.021],[115.933,-2.028],[115.946,-2.072],[115.938,-2.081],[115.949,-2.086],[115.945,-2.096],[115.934,-2.095],[115.94,-2.138],[115.969,-2.151],[116.018,-2.154],[116.021,-2.074],[116.004,-2.072],[116.003,-2.081],[115.966,-2.078]]]},"properties":{"jenis":"sawit","nama":"PT. BUMI MULIA MAKMUR LESTARI","luas":8257,"izin":"lokasi","status":"Aktif","sk":"503/12/PEM-SILP/VI/2011","grup":"Tidak ada","tahun":2011}},{"type":"Feature","geometry":{"type":"MultiPolygon","coordinates":[[[[116.305,-2.02],[116.295,-2.019],[116.289,-2.041],[116.319,-2.04],[116.335,-2.049],[116.336,-2.031],[116.32,-2.031],[116.32,-2.019],[116.305,-2.02]]],[[[116.279,-2.045],[116.289,-2.035],[116.274,-2.034],[116.27,-2.046],[116.279,-2.045]]],[[[116.292,-2.024],[116.284,-2.023],[116.289,-2.029],[116.292,-2.024]]]]},"properties":{"jenis":"sawit","nama":"PT. BUMI PASIR AGRINDO","luas":1290,"izin":"lokasi","status":"Aktif","sk":"503/04/PEM-SILP/IV/2015 (Perpanjangan)","grup":"Tidak ada","tahun":2015}},{"type":"Feature","geometry":{"type":"Polygon","coordinates":[[[116.457,-1.356],[116.457,-1.346],[116.419,-1.36],[116.419,-1.354],[116.325,-1.399],[116.332,-1.41],[116.377,-1.393],[116.377,-1.474],[116.406,-1.464],[116.426,-1.444],[116.427,-1.384],[116.435,-1.384],[116.437,-1.365],[116.457,-1.356]]]},"properties":{"jenis":"sawit","nama":"PT. GAWI MAKMUR KALIMANTAN","luas":8850,"izin":"lokasi","status":"Aktif","sk":"593.41/12/T.PRAJA-SILP/X/2008","grup":"Wing's","tahun":2008}},{"type":"Feature","geometry":{"type":"MultiPolygon","coordinates":[[[[116.158,-2.07],[116.129,-2.074],[116.147,-2.079],[116.145,-2.095],[116.111,-2.113],[116.114,-2.134],[116.128,-2.134],[116.132,-2.117],[116.16,-2.116],[116.159,-2.09],[116.238,-2.089],[116.238,-2.083],[116.196,-2.084],[116.199,-2.074],[116.158,-2.07]]],[[[116.129,-2.031],[116.131,-2.061],[116.217,-2.069],[116.189,-2.035],[116.158,-2.044],[116.153,-2.036],[116.134,-2.037],[116.129,-2.031]]],[[[116.301,-2.145],[116.311,-2.13],[116.282,-2.08],[116.244,-2.083],[116.243,-2.089],[116.269,-2.089],[116.301,-2.145]]]]},"properties":{"jenis":"sawit","nama":"PT. PRADIKSI GUNATAMA","luas":6000,"izin":"lokasi","status":"Aktif","sk":"460.1/64/BPN-PSR/1997","grup":"Jhonlin","tahun":1997}},{"type":"Feature","geometry":{"type":"Polygon","coordinates":[[[116.353,-1.385],[116.419,-1.354],[116.418,-1.313],[116.301,-1.313],[116.283,-1.324],[116.283,-1.343],[116.296,-1.356],[116.29,-1.389],[116.279,-1.398],[116.283,-1.406],[116.298,-1.405],[116.308,-1.394],[116.319,-1.394],[116.318,-1.405],[116.353,-1.385]]]},"properties":{"jenis":"sawit","nama":"PT. MUARATOYU SUBUR LESTARI","luas":11255,"izin":"lokasi","status":"Aktif","sk":"06/T.PRAJA/SILP/V/2008","grup":"Triputra Agro Persada","tahun":2008}},{"type":"Feature","geometry":{"type":"MultiPolygon","coordinates":[[[[116.413,-1.901],[116.438,-1.901],[116.433,-1.884],[116.384,-1.883],[116.383,-1.875],[116.374,-1.875],[116.375,-1.917],[116.412,-1.917],[116.413,-1.901]]],[[[116.1,-2.023],[116.089,-2.028],[116.098,-2.041],[116.1,-2.023]]],[[[116.054,-2.025],[116.069,-2.024],[116.07,-2.006],[116.05,-2.005],[116.054,-2.025]]]]},"properties":{"jenis":"sawit","nama":"PTP. NUSANTARA XIII","luas":2638,"izin":"lokasi","status":"Aktif","sk":"503/12/PEM-SILPVII/2012 (Perpanjangan)","grup":"BUMN","tahun":2012}},{"type":"Feature","geometry":{"type":"MultiPolygon","coordinates":[[[[116.163,-1.423],[116.184,-1.396],[116.177,-1.402],[116.167,-1.395],[116.163,-1.388],[116.171,-1.386],[116.153,-1.369],[116.169,-1.327],[116.144,-1.316],[116.13,-1.327],[116.14,-1.337],[116.135,-1.361],[116.106,-1.402],[116.127,-1.407],[116.127,-1.397],[116.163,-1.397],[116.163,-1.423]]],[[[116.163,-1.423],[116.145,-1.426],[116.145,-1.446],[116.129,-1.471],[116.117,-1.462],[116.112,-1.49],[116.119,-1.493],[116.163,-1.423]]],[[[115.967,-1.236],[115.956,-1.237],[115.959,-1.252],[115.947,-1.261],[115.951,-1.272],[115.97,-1.264],[115.962,-1.246],[115.967,-1.236]]],[[[116.12,-1.293],[116.113,-1.28],[116.123,-1.304],[116.126,-1.295],[116.12,-1.293]]]]},"properties":{"jenis":"sawit","nama":"PT. INDO KENCANA AGRI","luas":4703,"izin":"lokasi","status":"Belum Aktif","sk":"503/08/PEM-SILP/X/2015","grup":"Tidak ada","tahun":2015}},{"type":"Feature","geometry":{"type":"MultiPolygon","coordinates":[[[[116.031,-2.083],[116.049,-2.107],[116.048,-2.125],[116.063,-2.129],[116.074,-2.11],[116.067,-2.103],[116.067,-2.072],[116.044,-2.066],[116.043,-2.084],[116.031,-2.083]]],[[[116.03,-2.077],[116.022,-2.071],[116.031,-2.083],[116.03,-2.077]]]]},"properties":{"jenis":"sawit","nama":"PT. PUCUK JAYA","luas":1842,"izin":"lokasi","status":"Aktif","sk":"503/10/PEM-SILP/VI/2010","grup":"Tidak ada","tahun":2010}},{"type":"Feature","geometry":{"type":"Polygon","coordinates":[[[115.987,-1.849],[115.96,-1.857],[115.954,-1.881],[115.944,-1.881],[115.949,-1.887],[115.939,-1.896],[115.931,-1.939],[115.972,-1.931],[115.996,-1.884],[115.999,-1.86],[115.987,-1.849]]]},"properties":{"jenis":"sawit","nama":"PT. INDOKARYA GEMA SAKTI","luas":5000,"izin":"lokasi","status":"Tidak Aktif","sk":"188.44/05/BKPMD-AGR/VIII/1988","grup":"BUMN","tahun":1988}},{"type":"Feature","geometry":{"type":"Polygon","coordinates":[[[116.31,-2.068],[116.32,-2.068],[116.317,-2.124],[116.339,-2.105],[116.337,-2.083],[116.323,-2.058],[116.309,-2.057],[116.31,-2.068]]]},"properties":{"jenis":"sawit","nama":"PT. LANGGAI AGRINDO AGUNG","luas":132812,"izin":"lokasi","status":"Aktif","sk":"503/04/PEM-SILP/III/2011","grup":"Tidak ada","tahun":2011}},{"type":"Feature","geometry":{"type":"MultiPolygon","coordinates":[[[[116.078,-2.046],[116.045,-2.053],[116.044,-2.066],[116.061,-2.066],[116.061,-2.055],[116.078,-2.055],[116.078,-2.046]]],[[[116.057,-2.231],[116.036,-2.226],[116.036,-2.243],[116.049,-2.243],[116.057,-2.231]]]]},"properties":{"jenis":"sawit","nama":"PT. PUCUK JAYA","luas":77178,"izin":"lokasi","status":"Aktif","sk":"503/16/PEM-SILP/X/2010","grup":"Tidak ada","tahun":2010}},{"type":"Feature","geometry":{"type":"Polygon","coordinates":[[[116.396,-2.34],[116.381,-2.34],[116.381,-2.36],[116.422,-2.375],[116.422,-2.35],[116.396,-2.34]]]},"properties":{"jenis":"sawit","nama":"PT. LANGGENG MUARA MAKMUR","luas":116222,"izin":"lokasi","status":"Aktif","sk":"503/05/PEM-SILP/IV/2015","grup":"Minamas Group","tahun":2015}},{"type":"Feature","geometry":{"type":"Polygon","coordinates":[[[116.079,-2.012],[116.074,-2.005],[116.062,-2.008],[116.047,-2.028],[116.03,-2.022],[116.046,-2.029],[116.045,-2.053],[116.078,-2.043],[116.079,-2.012]]]},"properties":{"jenis":"sawit","nama":"PTP. NUSANTARA XIII","luas":1300,"izin":"lokasi","status":"Aktif","sk":"593.41/08/T.PRAJA-SILP/VI/2008","grup":"BUMN","tahun":2008}},{"type":"Feature","geometry":{"type":"Polygon","coordinates":[[[116.431,-1.384],[116.43,-1.362],[116.303,-1.421],[116.311,-1.402],[116.274,-1.417],[116.263,-1.391],[116.233,-1.39],[116.23,-1.402],[116.217,-1.397],[116.21,-1.404],[116.217,-1.418],[116.139,-1.51],[116.223,-1.551],[116.433,-1.458],[116.431,-1.384]]]},"properties":{"jenis":"sawit","nama":"PTP. NUSANTARA XIII","luas":35000,"izin":"lokasi","status":"Aktif","sk":"021/DA/1982","grup":"BUMN","tahun":1982}},{"type":"Feature","geometry":{"type":"Polygon","coordinates":[[[116.22,-1.376],[116.215,-1.371],[116.175,-1.403],[116.182,-1.416],[116.187,-1.412],[116.19,-1.42],[116.196,-1.415],[116.203,-1.421],[116.201,-1.427],[116.185,-1.421],[116.187,-1.49],[116.222,-1.49],[116.216,-1.454],[116.237,-1.454],[116.237,-1.407],[116.249,-1.406],[116.249,-1.393],[116.237,-1.394],[116.22,-1.376]]]},"properties":{"jenis":"sawit","nama":"PT. PELITA MAKMUR NIAGA","luas":7000,"izin":"lokasi","status":"Aktif","sk":"14/T.PRAJA/SILP/XI/2007","grup":"CAA","tahun":2008}},{"type":"Feature","geometry":{"type":"Polygon","coordinates":[[[116.351,-1.986],[116.341,-1.981],[116.341,-1.998],[116.359,-1.993],[116.351,-1.986]]]},"properties":{"jenis":"sawit","nama":"PT. PERMATA BUANA EKSPRESSINDO","luas":230,"izin":"lokasi","status":"Aktif","sk":"12/T.PRAJA/SILP/X/2006","grup":"Tidak ada","tahun":2006}},{"type":"Feature","geometry":{"type":"Polygon","coordinates":[[[116.269,-2.089],[116.159,-2.09],[116.16,-2.116],[116.132,-2.117],[116.128,-2.138],[116.214,-2.195],[116.243,-2.19],[116.307,-2.155],[116.269,-2.089]]]},"properties":{"jenis":"sawit","nama":"PT. PRADIKSI GUNATAMA","luas":15000,"izin":"lokasi","status":"Aktif","sk":"460.1/51/BPN-PSR/1997","grup":"Jhonlin","tahun":1997}},{"type":"Feature","geometry":{"type":"Polygon","coordinates":[[[116.364,-1.399],[116.332,-1.41],[116.326,-1.401],[116.314,-1.405],[116.3,-1.418],[116.323,-1.411],[116.323,-1.426],[116.308,-1.443],[116.32,-1.451],[116.336,-1.45],[116.349,-1.438],[116.354,-1.444],[116.362,-1.435],[116.364,-1.399]]]},"properties":{"jenis":"sawit","nama":"PT. MALINDO AGRO PLANTATION","luas":2500,"izin":"lokasi","status":"Aktif","sk":"503/11/PEM-SILP/VI/2010","grup":"Tidak ada","tahun":2010}},{"type":"Feature","geometry":{"type":"Polygon","coordinates":[[[116.408,-2.328],[116.407,-2.317],[116.38,-2.317],[116.381,-2.34],[116.422,-2.35],[116.422,-2.375],[116.547,-2.409],[116.548,-2.379],[116.564,-2.374],[116.575,-2.33],[116.489,-2.338],[116.48,-2.328],[116.408,-2.328]]]},"properties":{"jenis":"sawit","nama":"PT. MULTI JAYANTARA ABADI","luas":12000,"izin":"lokasi","status":"Aktif","sk":"593.41/11/T,PRAJA-SILP/IX/2008","grup":"Teladan Prima Group","tahun":2008}},{"type":"Feature","geometry":{"type":"Polygon","coordinates":[[[116.023,-2.073],[116.018,-2.156],[116.03,-2.156],[116.03,-2.178],[116.042,-2.183],[116.055,-2.212],[116.079,-2.218],[116.095,-2.186],[116.084,-2.183],[116.088,-2.11],[116.074,-2.11],[116.063,-2.129],[116.048,-2.125],[116.049,-2.107],[116.023,-2.073]]]},"properties":{"jenis":"sawit","nama":"PT. MULTI MAKMUR MITRA ALAM","luas":7835,"izin":"lokasi","status":"Aktif","sk":"503/13/PEM-SILP/VII/2012","grup":"Tidak ada","tahun":2012}},{"type":"Feature","geometry":{"type":"Polygon","coordinates":[[[116.373,-1.488],[116.379,-1.487],[116.379,-1.449],[116.366,-1.453],[116.36,-1.483],[116.361,-1.491],[116.373,-1.488]]]},"properties":{"jenis":"sawit","nama":"PTP. NUSANTARA XIII","luas":650,"izin":"lokasi","status":"Aktif","sk":"460.1/150/BPN-44.4/2005","grup":"BUMN","tahun":2005}},{"type":"Feature","geometry":{"type":"Polygon","coordinates":[[[116.142,-1.995],[116.133,-1.985],[116.083,-1.986],[116.082,-2.013],[116.118,-2.03],[116.125,-2.021],[116.149,-2.018],[116.171,-1.997],[116.142,-1.995]]]},"properties":{"jenis":"sawit","nama":"PTP. NUSANTARA XIII","luas":3000,"izin":"lokasi","status":"Aktif","sk":"460.1/90/BPN-PSR/1999","grup":"BUMN","tahun":1999}},{"type":"Feature","geometry":{"type":"MultiPolygon","coordinates":[[[[116.265,-1.389],[116.264,-1.35],[116.231,-1.349],[116.193,-1.369],[116.163,-1.404],[116.211,-1.423],[116.217,-1.417],[116.21,-1.404],[116.217,-1.397],[116.23,-1.402],[116.233,-1.39],[116.251,-1.395],[116.265,-1.389]]],[[[116.233,-1.456],[116.209,-1.459],[116.201,-1.49],[116.211,-1.49],[116.217,-1.462],[116.233,-1.465],[116.233,-1.456]]],[[[116.255,-1.451],[116.241,-1.454],[116.24,-1.465],[116.264,-1.47],[116.258,-1.466],[116.263,-1.451],[116.255,-1.451]]],[[[116.234,-1.423],[116.224,-1.419],[116.224,-1.424],[116.234,-1.423]]],[[[116.246,-1.396],[116.238,-1.395],[116.238,-1.398],[116.246,-1.396]]],[[[116.389,-1.389],[116.379,-1.393],[116.374,-1.407],[116.366,-1.489],[116.39,-1.48],[116.389,-1.389]]]]},"properties":{"jenis":"sawit","nama":"PTP. NUSANTARA XIII","luas":7400,"izin":"lokasi","status":"Aktif","sk":"460.1/98/BPN-16.4/1999","grup":"BUMN","tahun":1999}},{"type":"Feature","geometry":{"type":"MultiPolygon","coordinates":[[[[116.374,-1.875],[116.367,-1.869],[116.345,-1.883],[116.342,-1.912],[116.356,-1.941],[116.357,-1.915],[116.375,-1.917],[116.374,-1.875]]],[[[116.454,-1.93],[116.44,-1.883],[116.433,-1.884],[116.44,-1.936],[116.454,-1.938],[116.454,-1.93]]]]},"properties":{"jenis":"sawit","nama":"PTP. NUSANTARA XIII","luas":1784,"izin":"lokasi","status":"Aktif","sk":"503/08/PEM-ILP/X/2013 (Perpanjangan)","grup":"BUMN","tahun":2013}},{"type":"Feature","geometry":{"type":"MultiPolygon","coordinates":[[[[116.413,-2.248],[116.387,-2.223],[116.375,-2.264],[116.36,-2.282],[116.37,-2.299],[116.353,-2.3],[116.343,-2.329],[116.36,-2.329],[116.385,-2.312],[116.406,-2.317],[116.408,-2.297],[116.381,-2.28],[116.396,-2.254],[116.413,-2.256],[116.413,-2.248]]],[[[115.982,-1.825],[115.952,-1.838],[115.949,-1.89],[115.986,-1.841],[115.982,-1.825]]],[[[115.967,-1.983],[115.969,-1.971],[115.981,-1.963],[115.966,-1.938],[115.949,-1.951],[115.958,-1.974],[115.95,-1.988],[115.965,-1.999],[115.952,-2.006],[115.956,-2.019],[115.99,-1.989],[115.967,-1.989],[115.967,-1.983]]],[[[116.065,-1.988],[116.03,-1.988],[116.03,-2.022],[116.047,-2.028],[116.054,-2.006],[116.085,-2.008],[116.081,-1.988],[116.065,-1.988]]],[[[116.269,-2.313],[116.267,-2.301],[116.255,-2.299],[116.254,-2.335],[116.268,-2.338],[116.269,-2.313]]],[[[116.323,-2.336],[116.295,-2.318],[116.295,-2.34],[116.345,-2.347],[116.358,-2.335],[116.323,-2.336]]]]},"properties":{"jenis":"sawit","nama":"PT. NUSA LESTARI","luas":927139,"izin":"lokasi","status":"Aktif","sk":"503/04/PEM-SILP/XII/2013","grup":"IMC Group","tahun":2013}},{"type":"Feature","geometry":{"type":"Polygon","coordinates":[[[116.444,-1.9],[116.43,-1.873],[116.408,-1.882],[116.408,-1.917],[116.355,-1.917],[116.355,-1.996],[116.445,-1.996],[116.451,-1.934],[116.444,-1.9]]]},"properties":{"jenis":"sawit","nama":"PT. PALMA PLANTANSINDO","luas":10000,"izin":"lokasi","status":"Aktif","sk":"503/01/PEM-SILP/II/2009","grup":"Astra Internastional","tahun":2009}},{"type":"Feature","geometry":{"type":"Polygon","coordinates":[[[115.914,-1.51],[115.887,-1.5],[115.886,-1.513],[115.873,-1.518],[115.803,-1.515],[115.799,-1.522],[115.816,-1.542],[115.782,-1.552],[115.766,-1.516],[115.745,-1.518],[115.739,-1.564],[115.809,-1.624],[115.811,-1.653],[115.819,-1.656],[115.826,-1.68],[115.817,-1.699],[115.829,-1.718],[115.848,-1.698],[115.827,-1.67],[115.845,-1.635],[115.862,-1.635],[115.886,-1.609],[115.881,-1.562],[115.914,-1.539],[115.914,-1.51]]]},"properties":{"jenis":"sawit","nama":"PT. TRIMADU MURNI ASRI","luas":20000,"izin":"lokasi","status":"Tidak Aktif","sk":"503/04/DPMPTSP-3/29 (Perpanjangan)","grup":"Tidak ada","tahun":2018}},{"type":"Feature","geometry":{"type":"Polygon","coordinates":[[[116.11,-2.094],[116.119,-2.072],[116.101,-2.078],[116.11,-2.094]]]},"properties":{"jenis":"sawit","nama":"PT. TRUBUS BAO RAYA","luas":350,"izin":"lokasi","status":"Aktif","sk":"02/T.PRAJA-SILP/I/2007","grup":"Tidak ada","tahun":2007}},{"type":"Feature","geometry":{"type":"MultiPolygon","coordinates":[[[[116.07,-2.024],[116.049,-2.028],[116.07,-2.031],[116.07,-2.024]]],[[[116.098,-2.041],[116.088,-2.03],[116.091,-2.046],[116.098,-2.041]]]]},"properties":{"jenis":"sawit","nama":"PTP. NUSANTARA XIII","luas":259,"izin":"lokasi","status":"Aktif","sk":"503/11/PEM-SILP/VII/2012","grup":"BUMN","tahun":2012}},{"type":"Feature","geometry":{"type":"MultiPolygon","coordinates":[[[[115.8,-1.557],[115.787,-1.555],[115.783,-1.569],[115.769,-1.558],[115.748,-1.579],[115.764,-1.603],[115.797,-1.602],[115.8,-1.557]]],[[[115.85,-1.508],[115.826,-1.508],[115.833,-1.523],[115.858,-1.528],[115.867,-1.513],[115.85,-1.508]]],[[[115.913,-1.509],[115.899,-1.505],[115.893,-1.527],[115.885,-1.523],[115.891,-1.534],[115.879,-1.537],[115.883,-1.549],[115.895,-1.552],[115.913,-1.539],[115.913,-1.509]]]]},"properties":{"jenis":"sawit","nama":"PTP. NUSANTARA XIII","luas":3176,"izin":"lokasi","status":"Aktif","sk":"503/02/PEM-SILP/VIII/2014","grup":"BUMN","tahun":2014}},{"type":"Feature","geometry":{"type":"Polygon","coordinates":[[[116.251,-2.031],[116.24,-2.024],[116.224,-2.051],[116.222,-2.067],[116.234,-2.075],[116.246,-2.075],[116.27,-2.052],[116.27,-2.033],[116.251,-2.031]]]},"properties":{"jenis":"sawit","nama":"PTP. NUSANTARA XIII","luas":2000,"izin":"lokasi","status":"Aktif","sk":"503/05/PEM-SILP/V/2009","grup":"BUMN","tahun":2009}},{"type":"Feature","geometry":{"type":"Polygon","coordinates":[[[116.088,-2.042],[116.079,-2.011],[116.078,-2.042],[116.088,-2.042]]]},"properties":{"jenis":"sawit","nama":"PTP. NUSANTARA XIII","luas":230,"izin":"lokasi","status":"Aktif","sk":"503/07/PEM-SILP/IX/2009","grup":"BUMN","tahun":2009}},{"type":"Feature","geometry":{"type":"MultiPolygon","coordinates":[[[[116.173,-1.963],[116.118,-1.961],[116.117,-1.979],[116.065,-1.978],[116.062,-2.046],[116.115,-2.047],[116.115,-2.029],[116.171,-2.03],[116.173,-1.963]]],[[[116.089,-1.905],[116.091,-1.896],[116.07,-1.9],[116.07,-1.943],[116.083,-1.932],[116.114,-1.925],[116.126,-1.934],[116.152,-1.921],[116.164,-1.929],[116.166,-1.917],[116.177,-1.912],[116.167,-1.899],[116.159,-1.912],[116.137,-1.915],[116.126,-1.925],[116.112,-1.917],[116.098,-1.922],[116.089,-1.905]]]]},"properties":{"jenis":"sawit","nama":"PTP. NUSANTARA XIII","luas":11500,"izin":"lokasi","status":"Aktif","sk":"065/590-XII/UM-38/1988","grup":"BUMN","tahun":1988}},{"type":"Feature","geometry":{"type":"MultiPolygon","coordinates":[[[[116.218,-1.689],[116.298,-1.623],[116.259,-1.568],[116.197,-1.61],[116.168,-1.619],[116.135,-1.774],[116.119,-1.789],[116.097,-1.874],[116.193,-1.874],[116.218,-1.689]]],[[[116.114,-1.769],[116.143,-1.661],[116.147,-1.616],[116.223,-1.551],[116.124,-1.503],[116.024,-1.822],[116.114,-1.769]]]]},"properties":{"jenis":"sawit","nama":"PTP. NUSANTARA XIII","luas":52000,"izin":"lokasi","status":"Aktif","sk":"09/DA/1981","grup":"BUMN","tahun":1981}},{"type":"Feature","geometry":{"type":"MultiPolygon","coordinates":[[[[116.315,-1.489],[116.315,-1.474],[116.288,-1.475],[116.282,-1.494],[116.252,-1.491],[116.252,-1.511],[116.263,-1.526],[116.284,-1.517],[116.299,-1.526],[116.315,-1.515],[116.315,-1.489]]],[[[116.323,-1.53],[116.306,-1.527],[116.279,-1.556],[116.323,-1.53]]],[[[116.372,-1.502],[116.33,-1.519],[116.336,-1.524],[116.372,-1.502]]],[[[116.356,-1.482],[116.36,-1.463],[116.338,-1.481],[116.331,-1.476],[116.341,-1.499],[116.323,-1.497],[116.323,-1.517],[116.354,-1.503],[116.356,-1.482]]]]},"properties":{"jenis":"sawit","nama":"PT. SAHABAT SAWIT SEJAHTERA","luas":5628,"izin":"lokasi","status":"Tidak Aktif","sk":"503/01/PEM-SILP/I/2015 (Perpanjangan III)","grup":"Tidak ada","tahun":2015}},{"type":"Feature","geometry":{"type":"Polygon","coordinates":[[[116.325,-1.872],[116.314,-1.877],[116.315,-1.896],[116.303,-1.882],[116.274,-1.892],[116.263,-1.917],[116.269,-1.922],[116.289,-1.901],[116.311,-1.91],[116.33,-1.908],[116.333,-1.878],[116.325,-1.872]]]},"properties":{"jenis":"sawit","nama":"PT. BORNEO INTAN PASIFIC","luas":1824,"izin":"lokasi","status":"Tidak Aktif","sk":"503/008/BID-3.3/IX/2017","grup":"Tidak ada","tahun":2017}},{"type":"Feature","geometry":{"type":"Polygon","coordinates":[[[116.345,-1.94],[116.334,-1.916],[116.314,-1.922],[116.288,-1.913],[116.296,-1.925],[116.289,-1.931],[116.28,-1.923],[116.255,-1.933],[116.251,-1.969],[116.27,-1.969],[116.27,-1.94],[116.345,-1.94]]]},"properties":{"jenis":"sawit","nama":"PT. SULING CONSOLIDATED AGENCY","luas":24288,"izin":"lokasi","status":"Tidak Aktif","sk":"503/02/PEM-SILP/X/2016","grup":"Tidak ada","tahun":2016}},{"type":"Feature","geometry":{"type":"MultiPolygon","coordinates":[[[[116.244,-2.284],[116.205,-2.282],[116.199,-2.29],[116.177,-2.282],[116.175,-2.295],[116.244,-2.305],[116.244,-2.284]]],[[[116.179,-2.278],[116.175,-2.273],[116.175,-2.281],[116.179,-2.278]]],[[[116.248,-2.298],[116.247,-2.305],[116.214,-2.308],[116.236,-2.309],[116.238,-2.326],[116.254,-2.331],[116.255,-2.3],[116.248,-2.298]]],[[[116.153,-2.314],[116.117,-2.322],[116.04,-2.319],[116.044,-2.327],[116.088,-2.327],[116.082,-2.334],[116.105,-2.327],[116.117,-2.335],[116.123,-2.325],[116.153,-2.314]]]]},"properties":{"jenis":"sawit","nama":"PT. CIPTA BERKAH NUSANTARA","luas":295675,"izin":"lokasi","status":"Belum Aktif","sk":"NIB. 9120306162345","grup":"Tidak ada","tahun":2020}},{"type":"Feature","geometry":{"type":"Polygon","coordinates":[[[116.026,-1.846],[116.002,-1.844],[115.996,-1.85],[115.999,-1.902],[116.007,-1.902],[116.006,-1.912],[115.984,-1.913],[115.967,-1.938],[115.972,-1.95],[115.997,-1.95],[115.998,-1.959],[115.984,-1.959],[115.972,-1.97],[115.965,-1.99],[115.99,-1.988],[115.99,-2.022],[116.03,-2.028],[116.03,-1.987],[116.076,-1.988],[116.075,-1.971],[116.088,-1.987],[116.091,-1.962],[116.075,-1.954],[116.077,-1.965],[116.024,-1.964],[116.024,-1.95],[116.034,-1.958],[116.042,-1.954],[116.032,-1.947],[116.044,-1.934],[116.035,-1.939],[116.024,-1.923],[116.049,-1.923],[116.049,-1.909],[116.036,-1.847],[116.026,-1.846]]]},"properties":{"jenis":"sawit","nama":"PT. ANUGERAH ABADI MULTI USAHA","luas":12300,"izin":"lokasi","status":"Aktif","sk":"503/1669.1/DPMPTSP-3/29 (Perubahan)","grup":"CAA","tahun":2018}},{"type":"Feature","geometry":{"type":"Polygon","coordinates":[[[116.014,-2.251],[116.014,-2.2],[116.001,-2.197],[115.997,-2.179],[115.964,-2.147],[115.936,-2.146],[115.937,-2.168],[115.985,-2.187],[115.99,-2.276],[115.996,-2.28],[116.004,-2.27],[116.014,-2.277],[116.014,-2.289],[116.036,-2.294],[116.056,-2.261],[116.058,-2.231],[116.036,-2.221],[116.035,-2.254],[116.024,-2.261],[116.014,-2.251]]]},"properties":{"jenis":"sawit","nama":"PT. SARASWANTI SAWIT MAKMUR","luas":6000,"izin":"lokasi","status":"Aktif","sk":"07/T.PRAJA-SILP/VII/2007","grup":"Tidak ada","tahun":2007}},{"type":"Feature","geometry":{"type":"MultiPolygon","coordinates":[[[[116.17,-1.415],[116.161,-1.412],[116.153,-1.45],[116.138,-1.477],[116.127,-1.47],[116.078,-1.551],[116.055,-1.619],[116.063,-1.628],[116.056,-1.632],[116.081,-1.632],[116.078,-1.57],[116.123,-1.57],[116.122,-1.539],[116.098,-1.539],[116.117,-1.495],[116.138,-1.504],[116.128,-1.532],[116.137,-1.524],[116.153,-1.524],[116.144,-1.478],[116.163,-1.449],[116.163,-1.432],[116.183,-1.431],[116.183,-1.422],[116.17,-1.415]]],[[[116.278,-1.339],[116.256,-1.335],[116.253,-1.347],[116.249,-1.343],[116.217,-1.367],[116.232,-1.388],[116.282,-1.388],[116.275,-1.361],[116.292,-1.356],[116.278,-1.339]]]]},"properties":{"jenis":"sawit","nama":"PT. AGRO INTI MANDIRI","luas":9000,"izin":"lokasi","status":"Tidak Aktif","sk":"503/02/PEM-SILP/I/2015 (Perpanjangan)","grup":"Tidak ada","tahun":2015}},{"type":"Feature","geometry":{"type":"MultiPolygon","coordinates":[[[[115.8,-1.684],[115.767,-1.675],[115.722,-1.684],[115.7,-1.707],[115.696,-1.742],[115.717,-1.718],[115.766,-1.702],[115.826,-1.791],[115.8,-1.684]]],[[[115.766,-1.648],[115.696,-1.644],[115.674,-1.663],[115.666,-1.708],[115.68,-1.714],[115.709,-1.672],[115.766,-1.66],[115.766,-1.648]]]]},"properties":{"jenis":"sawit","nama":"PT. AMALIA HANI SEJAHTERA","luas":10000,"izin":"lokasi","status":"Tidak Aktif","sk":"503/05/PEM-SILP/XII/2013 (Perpanjangan I)","grup":"Tidak ada","tahun":2013}},{"type":"Feature","geometry":{"type":"Polygon","coordinates":[[[116.046,-2.194],[116.03,-2.182],[116.03,-2.148],[115.973,-2.152],[115.985,-2.158],[116.001,-2.197],[116.014,-2.197],[116.014,-2.251],[116.024,-2.261],[116.035,-2.254],[116.036,-2.221],[116.049,-2.228],[116.058,-2.22],[116.046,-2.194]]]},"properties":{"jenis":"sawit","nama":"PT. PUCUK JAYA","luas":4775,"izin":"lokasi","status":"Aktif","sk":"593.41/23/T.PRAJA/XII/2008","grup":"Tidak ada","tahun":2008}},{"type":"Feature","geometry":{"type":"Polygon","coordinates":[[[116.132,-2.142],[116.128,-2.199],[116.099,-2.243],[116.14,-2.244],[116.15,-2.262],[116.165,-2.261],[116.165,-2.268],[116.255,-2.266],[116.257,-2.214],[116.332,-2.182],[116.358,-2.194],[116.365,-2.184],[116.313,-2.161],[116.272,-2.183],[116.212,-2.197],[116.182,-2.17],[116.157,-2.163],[116.132,-2.142]]]},"properties":{"jenis":"sawit","nama":"PT. SENABANGUN ANEKA PERTIWI","luas":15000,"izin":"lokasi","status":"Aktif","sk":"469.1/153/BPN-44.4/1995","grup":"Jhonlin","tahun":1995}},{"type":"Feature","geometry":{"type":"MultiPolygon","coordinates":[[[[116.327,-2.031],[116.327,-2.024],[116.276,-2.024],[116.276,-2.037],[116.262,-2.037],[116.262,-2.024],[116.24,-2.024],[116.252,-2.032],[116.252,-2.04],[116.244,-2.04],[116.243,-2.056],[116.209,-2.051],[116.226,-2.073],[116.243,-2.077],[116.283,-2.044],[116.33,-2.049],[116.344,-2.063],[116.349,-2.092],[116.352,-2.081],[116.359,-2.083],[116.35,-2.094],[116.354,-2.106],[116.411,-2.06],[116.363,-2.06],[116.353,-2.041],[116.327,-2.031]]],[[[116.347,-2.189],[116.357,-2.175],[116.338,-2.169],[116.33,-2.136],[116.318,-2.136],[116.314,-2.169],[116.347,-2.189]]],[[[116.3,-2.054],[116.278,-2.053],[116.238,-2.086],[116.275,-2.083],[116.312,-2.134],[116.346,-2.111],[116.33,-2.058],[116.3,-2.054]]]]},"properties":{"jenis":"sawit","nama":"PT. SINAR ALAM NIAGA RAYA","luas":13100,"izin":"lokasi","status":"Tidak Aktif","sk":"05/T.PRAJA-SILP/VI/2007","grup":"Tidak ada","tahun":2007}},{"type":"Feature","geometry":{"type":"Polygon","coordinates":[[[102.121,1.587],[102.066,1.606],[102.066,1.532],[102.08,1.532],[102.063,1.505],[102.047,1.519],[102.068,1.497],[102.065,1.504],[102.083,1.532],[102.099,1.532],[102.099,1.551],[102.121,1.551],[102.121,1.587]]]},"properties":{"jenis":"sawit","nama":"PT. MESKOM AGRO SARIMAS","luas":4500,"izin":"lokasi","status":"Aktif","sk":"No. 631 Tahun 2003","tahun":2003}},{"type":"Feature","geometry":{"type":"Polygon","coordinates":[[[101.362,1.457],[101.348,1.466],[101.312,1.446],[101.317,1.438],[101.275,1.4],[101.254,1.367],[101.268,1.33],[101.271,1.295],[101.28,1.287],[101.273,1.275],[101.311,1.274],[101.313,1.369],[101.329,1.415],[101.362,1.457]]]},"properties":{"jenis":"sawit","nama":"PT. MURINIWOOD INDAH INDUSTRY","luas":8000,"izin":"lokasi","status":"Aktif","sk":"No. 45-401/PGT/IL/XI/1998","tahun":1998}},{"type":"Feature","geometry":{"type":"Polygon","coordinates":[[[102.011,1.373],[102.051,1.312],[102.076,1.319],[102.078,1.307],[102.066,1.297],[102.098,1.301],[102.123,1.325],[102.115,1.358],[102.104,1.367],[102.08,1.377],[102.075,1.37],[102.022,1.394],[102.011,1.373]]]},"properties":{"jenis":"sawit","nama":"PT. RIAU MAKMUR SENTOSA (PT. SURYA DUMAI AGRINDO)","luas":8200,"izin":"lokasi","status":"Aktif","sk":"No. 147 Tahun 2004","tahun":2004}},{"type":"Feature","geometry":{"type":"MultiPolygon","coordinates":[[[[101.45,1.93],[101.418,1.933],[101.41,1.916],[101.426,1.9],[101.408,1.903],[101.407,1.894],[101.426,1.853],[101.435,1.853],[101.428,1.842],[101.43,1.805],[101.443,1.8],[101.464,1.805],[101.44,1.863],[101.447,1.918],[101.437,1.915],[101.45,1.93]]],[[[101.505,1.766],[101.467,1.801],[101.435,1.782],[101.473,1.755],[101.483,1.753],[101.497,1.765],[101.516,1.754],[101.505,1.766]]]]},"properties":{"jenis":"sawit","nama":"PT. SARPINDO GRAHA SAWIT TANI (PT.PRIATAMA RIAU)","luas":6000,"izin":"lokasi","status":"Aktif","sk":"No. 28-X/IL/PGT/1995","tahun":1995}},{"type":"Feature","geometry":{"type":"MultiPolygon","coordinates":[[[[103.384,-0.394],[103.34,-0.377],[103.331,-0.377],[103.327,-0.386],[103.415,-0.426],[103.39,-0.441],[103.408,-0.494],[103.424,-0.505],[103.418,-0.494],[103.418,-0.453],[103.448,-0.449],[103.49,-0.467],[103.544,-0.478],[103.582,-0.446],[103.508,-0.404],[103.481,-0.408],[103.48,-0.393],[103.459,-0.4],[103.432,-0.39],[103.384,-0.394]]],[[[103.296,-0.426],[103.313,-0.417],[103.299,-0.389],[103.308,-0.364],[103.243,-0.345],[103.223,-0.368],[103.252,-0.451],[103.296,-0.426]]]]},"properties":{"jenis":"sawit","nama":"PT. HIJAU LINGKUNGAN SAWIT INDAH","luas":18550,"izin":"lokasi","status":"Aktif","sk":"503/BP2MPD-IL/X/2013/09","tahun":2012}},{"type":"Feature","geometry":{"type":"Polygon","coordinates":[[[103.489,-0.329],[103.568,-0.316],[103.602,-0.328],[103.581,-0.359],[103.587,-0.37],[103.622,-0.372],[103.678,-0.338],[103.715,-0.332],[103.717,-0.323],[103.68,-0.305],[103.65,-0.3],[103.654,-0.274],[103.645,-0.277],[103.641,-0.266],[103.6,-0.261],[103.597,-0.247],[103.62,-0.248],[103.614,-0.235],[103.551,-0.231],[103.52,-0.258],[103.511,-0.277],[103.533,-0.271],[103.528,-0.298],[103.489,-0.329]]]},"properties":{"jenis":"sawit","nama":"PT. INDOGREEN JAYA ABADI","luas":17877,"izin":"lokasi","status":"Aktif","sk":"503/BP2MPD-IL/XI/2012/12","tahun":2012}},{"type":"Feature","geometry":{"type":"MultiPolygon","coordinates":[[[[103.194,-0.138],[103.134,-0.177],[103.117,-0.216],[103.151,-0.261],[103.204,-0.256],[103.217,-0.235],[103.217,-0.209],[103.212,-0.197],[103.203,-0.196],[103.201,-0.138],[103.194,-0.138]]],[[[103.011,-0.37],[103.006,-0.276],[102.981,-0.292],[102.965,-0.353],[103.011,-0.37]]]]},"properties":{"jenis":"sawit","nama":"PT. ROYALE KUMALA INDONESIA","luas":13624,"izin":"lokasi","status":"Aktif","sk":"503/BP2MPD-IL/X/2012/10","tahun":2012}},{"type":"Feature","geometry":{"type":"MultiPolygon","coordinates":[[[[103.313,-0.61],[103.249,-0.597],[103.253,-0.627],[103.263,-0.625],[103.294,-0.649],[103.315,-0.652],[103.344,-0.601],[103.313,-0.61]]],[[[103.203,-0.654],[103.202,-0.644],[103.167,-0.648],[103.154,-0.656],[103.158,-0.681],[103.201,-0.682],[103.203,-0.654]]],[[[103.37,-0.65],[103.342,-0.642],[103.346,-0.651],[103.335,-0.662],[103.259,-0.685],[103.258,-0.691],[103.355,-0.668],[103.396,-0.673],[103.39,-0.657],[103.37,-0.656],[103.37,-0.65]]],[[[103.292,-0.65],[103.27,-0.631],[103.252,-0.629],[103.249,-0.659],[103.313,-0.654],[103.292,-0.65]]],[[[103.402,-0.634],[103.416,-0.622],[103.409,-0.61],[103.392,-0.613],[103.36,-0.636],[103.388,-0.641],[103.402,-0.634]]]]},"properties":{"jenis":"sawit","nama":"PT. INDOMANIS LESTARI","luas":10086,"izin":"lokasi","status":"Tidak Aktif","sk":"503/BP2MPD-IL/XI/2013/15","tahun":2013}},{"type":"Feature","geometry":{"type":"Polygon","coordinates":[[[102.968,-0.349],[102.983,-0.291],[103.009,-0.271],[103.009,-0.254],[102.969,-0.275],[102.938,-0.341],[102.968,-0.349]]]},"properties":{"jenis":"sawit","nama":"PT. SETIA AGRINDO MANDIRI 1","luas":3000,"izin":"lokasi","status":"Aktif","sk":"503/BP2MPD-IL/V/2013/07","tahun":2013}},{"type":"Feature","geometry":{"type":"Polygon","coordinates":[[[103.234,0.065],[103.234,0.044],[103.26,0.06],[103.26,0.04],[103.271,0.04],[103.29,0.021],[103.29,0.038],[103.346,0.053],[103.339,0.059],[103.352,0.061],[103.355,0.075],[103.364,0.057],[103.371,0.068],[103.39,0.059],[103.419,0.06],[103.408,0.07],[103.458,0.06],[103.442,0.075],[103.457,0.076],[103.46,0.084],[103.439,0.121],[103.334,0.117],[103.342,0.115],[103.343,0.1],[103.309,0.097],[103.302,0.087],[103.284,0.091],[103.288,0.083],[103.28,0.078],[103.26,0.076],[103.244,0.06],[103.234,0.065]]]},"properties":{"jenis":"sawit","nama":"PT. KELOLA SAWIT MAKMUR","luas":12800,"izin":"lokasi","status":"ILOK telah berakhir","sk":"503/BP2MPD-IL/V/2013/06","tahun":2013}},{"type":"Feature","geometry":{"type":"Polygon","coordinates":[[[103.282,-0.729],[103.278,-0.715],[103.246,-0.697],[103.252,-0.722],[103.275,-0.743],[103.275,-0.761],[103.241,-0.716],[103.113,-0.716],[103.113,-0.754],[103.319,-0.783],[103.358,-0.8],[103.411,-0.777],[103.482,-0.772],[103.459,-0.752],[103.451,-0.76],[103.418,-0.751],[103.397,-0.756],[103.389,-0.741],[103.371,-0.762],[103.371,-0.743],[103.383,-0.736],[103.378,-0.73],[103.384,-0.724],[103.375,-0.718],[103.373,-0.725],[103.359,-0.727],[103.355,-0.719],[103.345,-0.72],[103.338,-0.737],[103.292,-0.739],[103.282,-0.729]]]},"properties":{"jenis":"sawit","nama":"PT. KERETA KUDA KENCANA","luas":19435,"izin":"lokasi","status":"Tidak Aktif","sk":"503/BP2MPD-IL/XII/2012/13","tahun":2012}},{"type":"Feature","geometry":{"type":"Polygon","coordinates":[[[102.905,-0.483],[103.004,-0.41],[103.011,-0.37],[102.936,-0.342],[102.915,-0.391],[102.877,-0.425],[102.875,-0.456],[102.894,-0.456],[102.894,-0.492],[102.905,-0.483]]]},"properties":{"jenis":"sawit","nama":"PT. SETIA AGRINDO MANDIRI","luas":12550,"izin":"lokasi","status":"Aktif","sk":"503/BP2MPD-IL/VIII/2012/06","tahun":2012}},{"type":"Feature","geometry":{"type":"Polygon","coordinates":[[[102.725,-0.858],[102.732,-0.86],[102.727,-0.872],[102.738,-0.871],[102.739,-0.881],[102.748,-0.855],[102.728,-0.846],[102.725,-0.858]]]},"properties":{"jenis":"sawit","nama":"PT. SIMASSAWIT ALIANTAN","luas":5427,"izin":"lokasi","status":"Aktif","sk":"503/DPMPTSP-IL/III/2018/1","tahun":2018}},{"type":"Feature","geometry":{"type":"Polygon","coordinates":[[[103.224,-0.519],[103.219,-0.51],[103.203,-0.519],[103.192,-0.51],[103.171,-0.512],[103.174,-0.52],[103.161,-0.532],[103.161,-0.599],[103.201,-0.587],[103.199,-0.572],[103.21,-0.569],[103.232,-0.574],[103.253,-0.599],[103.32,-0.61],[103.378,-0.575],[103.331,-0.579],[103.317,-0.587],[103.302,-0.561],[103.264,-0.56],[103.281,-0.544],[103.266,-0.538],[103.264,-0.519],[103.224,-0.519]]]},"properties":{"jenis":"sawit","nama":"PT. ISTANA RATU MAS","luas":12690,"izin":"lokasi","status":"Tidak Aktif","sk":"503/BP2MPD-IL/X/2012/08","tahun":2012}},{"type":"Feature","geometry":{"type":"Polygon","coordinates":[[[103.083,-0.14],[103.082,-0.208],[103.11,-0.197],[103.11,-0.22],[103.124,-0.215],[103.138,-0.178],[103.192,-0.139],[103.083,-0.14]]]},"properties":{"jenis":"sawit","nama":"PT. CITRA PALMA KENCANA","luas":5903,"izin":"lokasi","status":"Aktif","sk":"503/BP2MPD-IL/I/2013/02","tahun":2013}},{"type":"Feature","geometry":{"type":"MultiPolygon","coordinates":[[[[103.364,-0.452],[103.315,-0.453],[103.313,-0.467],[103.285,-0.472],[103.283,-0.465],[103.257,-0.466],[103.211,-0.478],[103.237,-0.517],[103.281,-0.52],[103.308,-0.545],[103.344,-0.55],[103.347,-0.542],[103.313,-0.503],[103.342,-0.503],[103.342,-0.481],[103.371,-0.481],[103.364,-0.452]]],[[[103.196,-0.462],[103.202,-0.454],[103.242,-0.447],[103.209,-0.403],[103.117,-0.47],[103.151,-0.49],[103.164,-0.525],[103.173,-0.521],[103.172,-0.51],[103.21,-0.506],[103.194,-0.488],[103.175,-0.493],[103.183,-0.477],[103.174,-0.467],[103.196,-0.462]]],[[[103.365,-0.403],[103.331,-0.387],[103.348,-0.417],[103.369,-0.412],[103.399,-0.429],[103.399,-0.436],[103.415,-0.427],[103.365,-0.403]]]]},"properties":{"jenis":"sawit","nama":"PT. KRISNA KERETA KENCANA","luas":17769,"izin":"lokasi","status":"Aktif","sk":"503/BP2MPD-IL/X/2012/07","tahun":2012}},{"type":"Feature","geometry":{"type":"Polygon","coordinates":[[[103.62,0.339],[103.62,0.32],[103.641,0.32],[103.641,0.278],[103.617,0.277],[103.624,0.248],[103.638,0.255],[103.665,0.312],[103.676,0.312],[103.714,0.267],[103.711,0.263],[103.7,0.273],[103.699,0.248],[103.717,0.245],[103.734,0.229],[103.749,0.195],[103.745,0.189],[103.698,0.2],[103.654,0.197],[103.616,0.212],[103.617,0.184],[103.708,0.127],[103.709,0.108],[103.722,0.111],[103.722,0.064],[103.777,0.074],[103.759,0.194],[103.725,0.27],[103.709,0.295],[103.68,0.318],[103.62,0.339]]]},"properties":{"jenis":"sawit","nama":"PT. OSCAR INVESTAMA","luas":18200,"izin":"lokasi","status":"Aktif","sk":"503/BP2MPD-IL/IV/2013/05","tahun":2013}},{"type":"Feature","geometry":{"type":"Polygon","coordinates":[[[103.561,0.081],[103.509,0.099],[103.515,0.059],[103.543,0.061],[103.563,0.03],[103.572,0.04],[103.586,0.04],[103.598,0.019],[103.602,0.027],[103.609,0.017],[103.622,0.018],[103.635,0.01],[103.647,0.018],[103.641,0.008],[103.649,-0.001],[103.657,0.009],[103.663,-0.004],[103.666,0.006],[103.68,-0.018],[103.701,-0.019],[103.687,0.082],[103.563,0.065],[103.561,0.081]]]},"properties":{"jenis":"sawit","nama":"PT. RIAU SAWITINDO ABADI","luas":12600,"izin":"lokasi","status":"Aktif","sk":"503/BP2MPD-IL/X/2013/12","tahun":2013}},{"type":"Feature","geometry":{"type":"Polygon","coordinates":[[[102.704,-0.698],[102.709,-0.736],[102.79,-0.726],[102.789,-0.688],[102.737,-0.687],[102.737,-0.698],[102.704,-0.698]]]},"properties":{"jenis":"sawit","nama":"PT. PANCUR SAWIT MAS","luas":4000,"izin":"lokasi","status":"ILOK telah berakhir","sk":"503/BP2MPD-IL/III/2013/03","tahun":2013}},{"type":"Feature","geometry":{"type":"Polygon","coordinates":[[[103.164,0.057],[103.151,0.053],[103.133,0.022],[103.142,0.017],[103.164,0.057]]]},"properties":{"jenis":"sawit","nama":"KOPERASI KONSUMEN RINDANG BENUA","luas":50254,"izin":"lokasi","status":"Aktif","sk":"503/DPMPTSP-IL/VI/2018/4","tahun":2018}},{"type":"Feature","geometry":{"type":"Polygon","coordinates":[[[102.565,-0.658],[102.558,-0.659],[102.551,-0.679],[102.56,-0.69],[102.569,-0.692],[102.57,-0.663],[102.594,-0.685],[102.6,-0.679],[102.565,-0.658]]]},"properties":{"jenis":"sawit","nama":"PT. Sawit Inti Raya 2","luas":835,"izin":"lokasi","status":"Aktif","sk":"38 D TAHUN 2007 (Revisi)","tahun":2007}},{"type":"Feature","geometry":{"type":"MultiPolygon","coordinates":[[[[102.054,-0.765],[102.041,-0.757],[102.03,-0.771],[102.02,-0.765],[102.01,-0.772],[102.02,-0.783],[102.026,-0.778],[102.056,-0.782],[102.061,-0.763],[102.054,-0.765]]],[[[102.064,-0.75],[102.058,-0.747],[102.061,-0.762],[102.069,-0.76],[102.064,-0.75]]]]},"properties":{"jenis":"sawit","nama":"PT. Bagas Indah Perkasa","luas":952,"izin":"lokasi","status":"Aktif","sk":"198 Tahun 2011","tahun":2011}},{"type":"Feature","geometry":{"type":"Polygon","coordinates":[[[102.657,-0.483],[102.657,-0.47],[102.645,-0.469],[102.634,-0.488],[102.634,-0.509],[102.643,-0.51],[102.643,-0.5],[102.68,-0.5],[102.691,-0.474],[102.657,-0.483]]]},"properties":{"jenis":"sawit","nama":"PT. Banyu Bening Utama 3","luas":1551,"izin":"lokasi","status":"Aktif","sk":"155 Tahun 2011","grup":"Duta Palma Group","tahun":2011}},{"type":"Feature","geometry":{"type":"MultiPolygon","coordinates":[[[[102.669,-0.764],[102.662,-0.758],[102.64,-0.765],[102.659,-0.783],[102.677,-0.778],[102.669,-0.764]]],[[[102.667,-0.79],[102.663,-0.787],[102.673,-0.8],[102.678,-0.797],[102.667,-0.79]]]]},"properties":{"jenis":"sawit","nama":"PT. Indrawan Perkasa","luas":700,"izin":"lokasi","status":"Aktif","sk":"83 Tahun 2010","tahun":2010}},{"type":"Feature","geometry":{"type":"Polygon","coordinates":[[[102.317,-0.548],[102.313,-0.568],[102.343,-0.568],[102.342,-0.559],[102.349,-0.559],[102.349,-0.549],[102.317,-0.548]]]},"properties":{"jenis":"sawit","nama":"PT. Mega Nusa Inti Sawit","luas":771,"izin":"lokasi","status":"Aktif","sk":"245 Tahun 2002","tahun":2002}},{"type":"Feature","geometry":{"type":"Polygon","coordinates":[[[102.329,-0.393],[102.298,-0.392],[102.299,-0.423],[102.325,-0.423],[102.327,-0.409],[102.335,-0.408],[102.329,-0.393]]]},"properties":{"jenis":"sawit","nama":"PT. Seko Indah","luas":1250,"izin":"lokasi","status":"Aktif","sk":"85 Tahun 2010 (Perpanjangan)","tahun":2010}},{"type":"Feature","geometry":{"type":"Polygon","coordinates":[[[102.286,-0.412],[102.286,-0.391],[102.276,-0.391],[102.253,-0.401],[102.247,-0.419],[102.263,-0.418],[102.262,-0.441],[102.273,-0.441],[102.286,-0.437],[102.286,-0.412]]]},"properties":{"jenis":"sawit","nama":"PT. Sinar Widita Pamarta 2","luas":1480,"izin":"lokasi","status":"Aktif","sk":"84 Tahun 2010 (Perpanjangan)","tahun":2010}},{"type":"Feature","geometry":{"type":"Polygon","coordinates":[[[102.594,-0.685],[102.57,-0.663],[102.564,-0.695],[102.612,-0.7],[102.594,-0.685]]]},"properties":{"jenis":"sawit","nama":"PT. Sumber Sawindo Kencana","luas":800,"izin":"lokasi","status":"Aktif","sk":"305 Tahun 2011 (Perpanjangan)","tahun":2011}},{"type":"Feature","geometry":{"type":"Polygon","coordinates":[[[102.481,-0.449],[102.475,-0.451],[102.485,-0.453],[102.487,-0.49],[102.488,-0.472],[102.504,-0.472],[102.511,-0.453],[102.486,-0.46],[102.486,-0.442],[102.481,-0.449]]]},"properties":{"jenis":"sawit","nama":"PT. Swakarsa Sawit Raya","luas":575,"izin":"lokasi","status":"Aktif","sk":"240 Tahun 2012","tahun":2012}},{"type":"Feature","geometry":{"type":"Polygon","coordinates":[[[102.349,-0.299],[102.335,-0.315],[102.345,-0.316],[102.353,-0.335],[102.379,-0.338],[102.384,-0.332],[102.378,-0.327],[102.399,-0.313],[102.412,-0.325],[102.428,-0.314],[102.441,-0.325],[102.457,-0.325],[102.486,-0.324],[102.487,-0.313],[102.517,-0.313],[102.517,-0.282],[102.438,-0.281],[102.433,-0.314],[102.349,-0.299]]]},"properties":{"jenis":"sawit","nama":"PT. Teso Indah","luas":55622,"izin":"lokasi","status":"Aktif","sk":"187 Tahun 2009 (Perpanjangan)","tahun":2009}},{"type":"Feature","geometry":{"type":"Polygon","coordinates":[[[102.161,-0.442],[102.074,-0.465],[102.037,-0.497],[102.024,-0.497],[102.028,-0.518],[102.055,-0.513],[102.083,-0.522],[102.106,-0.513],[102.111,-0.493],[102.093,-0.506],[102.079,-0.503],[102.063,-0.512],[102.047,-0.49],[102.054,-0.485],[102.068,-0.495],[102.076,-0.485],[102.097,-0.489],[102.104,-0.483],[102.126,-0.493],[102.132,-0.461],[102.14,-0.456],[102.167,-0.449],[102.174,-0.464],[102.197,-0.464],[102.185,-0.454],[102.191,-0.442],[102.161,-0.442]]]},"properties":{"jenis":"sawit","nama":"PT. Tri Hasta Palma","luas":5000,"izin":"lokasi","status":"Aktif","sk":"102 Tahun 2008 (Perubahan)","tahun":2008}},{"type":"Feature","geometry":{"type":"Polygon","coordinates":[[[101.499,0.36],[101.471,0.351],[101.472,0.329],[101.497,0.323],[101.499,0.36]]]},"properties":{"jenis":"sawit","nama":"PT. Agro Abadi 1","luas":980,"izin":"lokasi","status":"Aktif","sk":"Kpts.10/KP/VIII/1994","grup":"Panca Eka","tahun":1994}},{"type":"Feature","geometry":{"type":"MultiPolygon","coordinates":[[[[101.552,0.264],[101.545,0.286],[101.538,0.284],[101.527,0.308],[101.53,0.301],[101.512,0.293],[101.512,0.278],[101.504,0.264],[101.496,0.264],[101.496,0.254],[101.484,0.254],[101.488,0.228],[101.542,0.228],[101.552,0.264]]],[[[101.516,0.211],[101.488,0.206],[101.516,0.204],[101.516,0.211]]]]},"properties":{"jenis":"sawit","nama":"PT. Agro Abadi 2","luas":4061,"izin":"lokasi","status":"Aktif","sk":"503/DPM-PTSP/ILOK/23","grup":"Panca Eka","tahun":2019}},{"type":"Feature","geometry":{"type":"Polygon","coordinates":[[[101.42,0.347],[101.406,0.353],[101.405,0.361],[101.374,0.361],[101.376,0.344],[101.417,0.341],[101.42,0.347]]]},"properties":{"jenis":"sawit","nama":"PT. Ekadaya Sejati Sukses","luas":800,"izin":"lokasi","status":"Aktif","sk":"No. 412 tahun 2006","tahun":2006}},{"type":"Feature","geometry":{"type":"MultiPolygon","coordinates":[[[[101.312,0.144],[101.308,0.15],[101.271,0.141],[101.263,0.13],[101.275,0.1],[101.298,0.104],[101.3,0.117],[101.319,0.13],[101.312,0.144]]],[[[101.263,0.116],[101.249,0.116],[101.23,0.082],[101.238,0.065],[101.24,0.075],[101.25,0.073],[101.257,0.082],[101.256,0.09],[101.263,0.086],[101.273,0.095],[101.263,0.116]]]]},"properties":{"jenis":"sawit","nama":"PT. Flora Wahana Tirta","luas":3438,"izin":"lokasi","status":"Aktif","sk":"No. KPTS.63/I.L-IX/1991","tahun":1991}},{"type":"Feature","geometry":{"type":"Polygon","coordinates":[[[101.28,0.003],[101.271,0.006],[101.272,0.027],[101.263,0.035],[101.245,0.035],[101.245,0.025],[101.225,0.025],[101.225,-0.009],[101.246,-0.015],[101.26,-0.031],[101.262,-0.011],[101.28,0.003]]]},"properties":{"jenis":"sawit","nama":"PT. Ganda Buanindo","luas":2635,"izin":"lokasi","status":"Aktif","sk":"No. KPTS.86/KP/VII/1997","tahun":1997}},{"type":"Feature","geometry":{"type":"Polygon","coordinates":[[[101.268,0.185],[101.25,0.177],[101.262,0.162],[101.277,0.162],[101.271,0.174],[101.276,0.181],[101.268,0.185]]]},"properties":{"jenis":"sawit","nama":"PT. Kampar Palma Utama","luas":500,"izin":"lokasi","status":"Aktif","sk":"108.4 Tahun 2005","tahun":2005}},{"type":"Feature","geometry":{"type":"Polygon","coordinates":[[[101.584,-0.309],[101.569,-0.327],[101.584,-0.34],[101.596,-0.343],[101.603,-0.334],[101.613,-0.343],[101.621,-0.33],[101.584,-0.309]]]},"properties":{"jenis":"sawit","nama":"PT. Gatipura Mulya","luas":1185,"izin":"lokasi","status":"Aktif","sk":"08/IL-DP/I/2003","tahun":2003}},{"type":"Feature","geometry":{"type":"Polygon","coordinates":[[[100.609,1.305],[100.613,1.337],[100.628,1.338],[100.589,1.345],[100.589,1.327],[100.598,1.327],[100.6,1.299],[100.56,1.299],[100.56,1.286],[100.549,1.285],[100.552,1.272],[100.608,1.272],[100.609,1.305]]]},"properties":{"jenis":"sawit","nama":"PT. Cahaya Amal Gemilang","luas":2762,"izin":"lokasi","status":"Aktif","sk":"199 TAHUN 2015","tahun":2015}},{"type":"Feature","geometry":{"type":"Polygon","coordinates":[[[100.715,2.077],[100.659,1.987],[100.687,1.958],[100.719,1.948],[100.799,1.886],[100.858,1.949],[100.715,2.077]]]},"properties":{"jenis":"sawit","nama":"PT. Jatim Jaya Perkasa","luas":11600,"izin":"lokasi","status":"Aktif","sk":"20-XI/IL/PGT/1996","tahun":1996}},{"type":"Feature","geometry":{"type":"MultiPolygon","coordinates":[[[[100.925,2.067],[100.898,2.117],[100.862,2.103],[100.907,2.041],[100.922,2.048],[100.939,2.016],[100.921,2.005],[100.964,1.923],[100.95,1.912],[100.964,1.893],[100.989,1.9],[101.029,1.866],[100.992,1.924],[100.925,2.067]]],[[[101.033,1.833],[101.028,1.832],[101.026,1.823],[101.033,1.833]]],[[[101.008,1.86],[100.996,1.869],[100.986,1.865],[101.013,1.846],[101.008,1.86]]]]},"properties":{"jenis":"sawit","nama":"PT. Sindora Seraya","luas":10135,"izin":"lokasi","status":"Aktif","sk":"34-401/PGT/IL/V/1998","tahun":1998}},{"type":"Feature","geometry":{"type":"Polygon","coordinates":[[[100.949,1.552],[100.962,1.54],[100.969,1.545],[100.963,1.559],[100.949,1.552]]]},"properties":{"jenis":"sawit","nama":"PT. Teluk Mega Abadi","luas":2123,"izin":"lokasi","status":"Aktif","sk":"203 TAHUN 2015","tahun":2015}},{"type":"Feature","geometry":{"type":"Polygon","coordinates":[[[100.861,1.24],[100.786,1.24],[100.731,1.175],[100.681,1.067],[100.695,1.061],[100.715,1.086],[100.721,1.115],[100.744,1.136],[100.717,1.136],[100.738,1.179],[100.782,1.228],[100.832,1.195],[100.838,1.219],[100.851,1.224],[100.861,1.24]]]},"properties":{"jenis":"sawit","nama":"PT. Perdana Inti Sawit Perkasa","luas":4800,"izin":"lokasi","status":"Aktif","sk":"Kpts.590/DP-PGT/19/XI/2005","grup":"First Resources","tahun":2005}},{"type":"Feature","geometry":{"type":"Polygon","coordinates":[[[100.727,1.232],[100.702,1.233],[100.691,1.214],[100.693,1.199],[100.748,1.199],[100.766,1.22],[100.752,1.232],[100.727,1.232]]]},"properties":{"jenis":"sawit","nama":"PT. Perdana Inti Sawit Perkasa","luas":2800,"izin":"lokasi","status":"Aktif","sk":"Kpts.100/SETDA-TAPEM/48/2012","grup":"First Resources","tahun":2012}},{"type":"Feature","geometry":{"type":"Polygon","coordinates":[[[100.84,1.194],[100.833,1.198],[100.824,1.191],[100.825,1.173],[100.812,1.157],[100.805,1.162],[100.803,1.151],[100.91,1.058],[100.919,1.136],[100.901,1.161],[100.84,1.194]]]},"properties":{"jenis":"sawit","nama":"PT. Priatama Riau","luas":1003648,"izin":"lokasi","status":"Aktif","sk":"486 Tahun 2008","tahun":2008}},{"type":"Feature","geometry":{"type":"MultiPolygon","coordinates":[[[[100.862,1.1],[100.845,1.118],[100.837,1.118],[100.834,1.109],[100.817,1.109],[100.811,1.099],[100.796,1.106],[100.804,1.089],[100.798,1.043],[100.82,1.03],[100.83,1.047],[100.866,1.049],[100.862,1.1]]],[[[100.828,1.016],[100.84,1.016],[100.84,1.027],[100.82,1.026],[100.82,1.016],[100.828,1.016]]]]},"properties":{"jenis":"sawit","nama":"PT. Riau Anugrah Sentosa","luas":5603,"izin":"lokasi","status":"Aktif","sk":"Kpts.100/SETDA-PEM/223/2016","tahun":2016}},{"type":"Feature","geometry":{"type":"Polygon","coordinates":[[[100.346,0.464],[100.315,0.491],[100.306,0.542],[100.226,0.625],[100.216,0.655],[100.2,0.655],[100.192,0.641],[100.199,0.623],[100.268,0.548],[100.291,0.501],[100.286,0.484],[100.26,0.477],[100.26,0.449],[100.284,0.431],[100.322,0.454],[100.333,0.423],[100.351,0.406],[100.363,0.406],[100.346,0.464]]]},"properties":{"jenis":"sawit","nama":"PT. Sawit Rokan Semesta","luas":11000,"izin":"lokasi","status":"Aktif","sk":"599/DP-PGT/15/XII/2005","tahun":2005}},{"type":"Feature","geometry":{"type":"Polygon","coordinates":[[[100.877,1.01],[100.868,1.003],[100.854,1.01],[100.822,0.975],[100.814,0.981],[100.82,0.997],[100.816,1.008],[100.8,1.008],[100.796,0.995],[100.763,1.003],[100.763,0.971],[100.818,0.923],[100.881,0.996],[100.872,1.001],[100.877,1.01]]]},"properties":{"jenis":"sawit","nama":"PT. Subur Arum Makmur","luas":655805,"izin":"lokasi","status":"Aktif","sk":"16 Tahun 2009 (Revisi)","grup":"First Resources","tahun":2009}},{"type":"Feature","geometry":{"type":"Polygon","coordinates":[[[100.764,0.971],[100.764,0.959],[100.74,0.955],[100.727,0.931],[100.764,0.929],[100.764,0.873],[100.773,0.869],[100.818,0.923],[100.764,0.971]]]},"properties":{"jenis":"sawit","nama":"PT. Subur Arum Makmur","luas":467973,"izin":"lokasi","status":"Aktif","sk":"17 Tahun 2009 (Revisi)","grup":"First Resources","tahun":2009}},{"type":"Feature","geometry":{"type":"Polygon","coordinates":[[[100.633,1.047],[100.617,1.047],[100.613,1.03],[100.631,1.033],[100.633,1.047]]]},"properties":{"jenis":"sawit","nama":"PT. Budi Murni Panca Jaya","luas":305,"izin":"lokasi","status":"Aktif","sk":"Kpts.503/DPMPTSP-IL/03/2017","grup":"Budi Murno Panca Jaya","tahun":2017}},{"type":"Feature","geometry":{"type":"Polygon","coordinates":[[[100.854,0.416],[100.843,0.41],[100.848,0.393],[100.854,0.416]]]},"properties":{"jenis":"sawit","nama":"PT. Simas Sawit Aliantan","luas":270,"izin":"lokasi","status":"Aktif","sk":"Kpts.100/SETDA-PEM/310/2015 (Perpanjangan)","tahun":2015}},{"type":"Feature","geometry":{"type":"Polygon","coordinates":[[[100.838,1.202],[100.826,1.186],[100.827,1.171],[100.814,1.155],[100.807,1.16],[100.806,1.144],[100.797,1.146],[100.806,1.133],[100.849,1.148],[100.848,1.191],[100.838,1.202]]]},"properties":{"jenis":"sawit","nama":"PT. Sontang Sawit Permai","luas":2088,"izin":"lokasi","status":"Aktif","sk":"Kpts.100/SETDA-TAPEM/569/2012","tahun":2012}},{"type":"Feature","geometry":{"type":"Polygon","coordinates":[[[100.818,1.023],[100.822,1.029],[100.798,1.043],[100.794,1.035],[100.818,1.017],[100.818,1.023]]]},"properties":{"jenis":"sawit","nama":"PT. Berkat Satu","luas":360,"izin":"lokasi","status":"Aktif","sk":"Kpts.503/DPMPTSP-IL/007/2017","grup":"Berkat Satu","tahun":2017}},{"type":"Feature","geometry":{"type":"Polygon","coordinates":[[[101.004,0.954],[100.996,0.96],[100.98,0.933],[100.989,0.928],[101.004,0.954]]]},"properties":{"jenis":"sawit","nama":"PT. Berkat Satu","luas":365,"izin":"lokasi","status":"Aktif","sk":"Kpts.503/DPMPTSP-IL/008/2017","grup":"Berkat Satu","tahun":2017}},{"type":"Feature","geometry":{"type":"Polygon","coordinates":[[[100.764,1.053],[100.749,1.054],[100.749,1.027],[100.738,1.027],[100.737,1.017],[100.729,1.017],[100.728,1.027],[100.71,1.027],[100.709,1.014],[100.745,1.008],[100.745,0.995],[100.761,0.995],[100.76,1.009],[100.793,1.045],[100.793,1.053],[100.764,1.053]]]},"properties":{"jenis":"sawit","nama":"PT. Subur Arum Makmur","luas":2600,"izin":"lokasi","status":"Aktif","sk":"Kpts.100/SETDA-TAPEM/410/2013","grup":"First Resources","tahun":2013}},{"type":"Feature","geometry":{"type":"Polygon","coordinates":[[[100.683,0.934],[100.672,0.934],[100.67,0.912],[100.692,0.903],[100.691,0.916],[100.701,0.923],[100.694,0.933],[100.683,0.934]]]},"properties":{"jenis":"sawit","nama":"PT. Subur Arum Makmur","luas":786,"izin":"lokasi","status":"Aktif","sk":"Kpts.100/SETDA-TAPEM/446/2013","grup":"First Resources","tahun":2013}},{"type":"Feature","geometry":{"type":"Polygon","coordinates":[[[100.751,1.234],[100.706,1.235],[100.702,1.227],[100.696,1.229],[100.698,1.22],[100.752,1.218],[100.773,1.227],[100.754,1.227],[100.751,1.234]]]},"properties":{"jenis":"sawit","nama":"Koperasi Petani Sawit Bunga Idaman (Kopsa-Bunda)","luas":1109,"izin":"lokasi","status":"Aktif","sk":"Kpts.100/SETDA-TAPEM/552/2013","tahun":2013}},{"type":"Feature","geometry":{"type":"Polygon","coordinates":[[[100.7,1.089],[100.689,1.087],[100.689,1.08],[100.698,1.08],[100.7,1.089]]]},"properties":{"jenis":"sawit","nama":"Koperasi Sawit Sungai Duit Cemerlang","luas":10252,"izin":"lokasi","status":"Aktif","sk":"417 Tahun 2010","tahun":2010}},{"type":"Feature","geometry":{"type":"Polygon","coordinates":[[[100.708,1.104],[100.665,1.105],[100.668,1.098],[100.689,1.098],[100.689,1.087],[100.708,1.094],[100.708,1.104]]]},"properties":{"jenis":"sawit","nama":"KUD Kasimang Jaya","luas":52692,"izin":"lokasi","status":"Aktif","sk":"125 Tahun 2010","tahun":2010}},{"type":"Feature","geometry":{"type":"Polygon","coordinates":[[[100.612,1.094],[100.593,1.096],[100.593,1.081],[100.586,1.084],[100.581,1.074],[100.612,1.076],[100.595,1.044],[100.625,1.018],[100.633,1.02],[100.647,1.029],[100.647,1.059],[100.639,1.089],[100.615,1.085],[100.612,1.094]]]},"properties":{"jenis":"sawit","nama":"PT. Agro Mitra Rokan","luas":502823,"izin":"lokasi","status":"Aktif","sk":"Kpts.100/SETDA-PEM/432/2015 (Perpanjangan)","tahun":2015}},{"type":"Feature","geometry":{"type":"Polygon","coordinates":[[[100.716,0.563],[100.71,0.549],[100.724,0.558],[100.716,0.563]]]},"properties":{"jenis":"sawit","nama":"PT. Air Jernih (Kebun Calyptra)","luas":16186,"izin":"lokasi","status":"Aktif","sk":"2 Tahun 2009","grup":"Air Jernih","tahun":2009}},{"type":"Feature","geometry":{"type":"Polygon","coordinates":[[[100.742,0.538],[100.731,0.55],[100.734,0.528],[100.742,0.538]]]},"properties":{"jenis":"sawit","nama":"PT. Air Jernih (Kebun Tan Subur)","luas":238,"izin":"lokasi","status":"Aktif","sk":"1 Tahun 2009","grup":"Air Jernih","tahun":2009}},{"type":"Feature","geometry":{"type":"MultiPolygon","coordinates":[[[[100.407,0.679],[100.411,0.683],[100.351,0.632],[100.351,0.615],[100.378,0.584],[100.359,0.565],[100.363,0.56],[100.395,0.56],[100.393,0.569],[100.414,0.571],[100.41,0.599],[100.417,0.618],[100.407,0.646],[100.417,0.651],[100.417,0.665],[100.435,0.671],[100.424,0.681],[100.407,0.679]]],[[[100.431,0.612],[100.422,0.587],[100.428,0.578],[100.435,0.593],[100.454,0.592],[100.431,0.612]]],[[[100.474,0.709],[100.449,0.702],[100.445,0.676],[100.486,0.691],[100.474,0.709]]]]},"properties":{"jenis":"sawit","nama":"PT. Anugerah Niaga Sawindo","luas":7845,"izin":"lokasi","status":"Aktif","sk":"350 Tahun 2008","tahun":2008}},{"type":"Feature","geometry":{"type":"Polygon","coordinates":[[[101.013,0.94],[100.99,0.904],[100.985,0.908],[100.981,0.894],[101,0.906],[101.013,0.94]]]},"properties":{"jenis":"sawit","nama":"PT. Anugerah Tuah Mulya Perkasa","luas":503,"izin":"lokasi","status":"Aktif","sk":"Kpts.503/DPMPTSP-IL/02/2018","tahun":2018}},{"type":"Feature","geometry":{"type":"Polygon","coordinates":[[[100.951,1.145],[100.906,1.139],[100.904,1.096],[100.932,1.095],[100.933,1.116],[100.943,1.116],[100.951,1.145]]]},"properties":{"jenis":"sawit","nama":"PT. Berkat Satu","luas":2500,"izin":"lokasi","status":"Aktif","sk":"Kpts.503/DPMPTSP-IL/006/2017","grup":"Berkat Satu","tahun":2017}},{"type":"Feature","geometry":{"type":"Polygon","coordinates":[[[100.709,1.015],[100.706,1],[100.713,0.994],[100.704,0.986],[100.716,0.976],[100.717,0.992],[100.729,0.991],[100.709,1.015]]]},"properties":{"jenis":"sawit","nama":"PT. Budi Murni Panca Jaya","luas":500,"izin":"lokasi","status":"Aktif","sk":"01 Tahun 2007","grup":"Budi Murno Panca Jaya","tahun":2007}},{"type":"Feature","geometry":{"type":"MultiPolygon","coordinates":[[[[100.197,1.119],[100.181,1.104],[100.182,1.095],[100.194,1.105],[100.203,1.087],[100.215,1.099],[100.201,1.103],[100.197,1.119]]],[[[100.178,1.1],[100.171,1.111],[100.172,1.099],[100.178,1.1]]]]},"properties":{"jenis":"sawit","nama":"PT. Central Warisan Indah Makmur","luas":468,"izin":"lokasi","status":"Aktif","sk":"319 Tahun 2008","tahun":2008}},{"type":"Feature","geometry":{"type":"Polygon","coordinates":[[[100.769,1.17],[100.742,1.17],[100.744,1.145],[100.764,1.154],[100.767,1.145],[100.789,1.14],[100.795,1.155],[100.769,1.17]]]},"properties":{"jenis":"sawit","nama":"PT. Gerbang Sawit Indah","luas":1300,"izin":"lokasi","status":"Aktif","sk":"Kpts.100/SETDA-TAPEM/154/2013","tahun":2013}},{"type":"Feature","geometry":{"type":"Polygon","coordinates":[[[100.909,1.139],[100.902,1.158],[100.848,1.19],[100.849,1.149],[100.83,1.14],[100.83,1.129],[100.876,1.088],[100.876,1.117],[100.907,1.117],[100.909,1.139]]]},"properties":{"jenis":"sawit","nama":"PT. Graha Permata Hijau","luas":5308,"izin":"lokasi","status":"Aktif","sk":"Kpts.100/SETDA-TAPEM/502/2012","tahun":2012}},{"type":"Feature","geometry":{"type":"Polygon","coordinates":[[[100.833,1.204],[100.794,1.208],[100.771,1.221],[100.717,1.138],[100.718,1.107],[100.73,1.109],[100.735,1.132],[100.752,1.135],[100.747,1.126],[100.759,1.127],[100.769,1.141],[100.774,1.136],[100.773,1.143],[100.79,1.133],[100.792,1.146],[100.804,1.146],[100.806,1.162],[100.812,1.158],[100.825,1.173],[100.823,1.186],[100.834,1.194],[100.833,1.204]]]},"properties":{"jenis":"sawit","nama":"PT. Gerbang Sawit Indah","luas":8600,"izin":"lokasi","status":"Aktif","sk":"590/DP-PGT/08/III/2005","tahun":2005}},{"type":"Feature","geometry":{"type":"Polygon","coordinates":[[[100.718,0.565],[100.71,0.572],[100.704,0.556],[100.718,0.565]]]},"properties":{"jenis":"sawit","nama":"PT. Johan Agung Mulia","luas":140,"izin":"lokasi","status":"Aktif","sk":"355 Tahun 2007","tahun":2007}},{"type":"Feature","geometry":{"type":"Polygon","coordinates":[[[100.774,1.068],[100.771,1.085],[100.737,1.119],[100.73,1.094],[100.738,1.074],[100.73,1.065],[100.762,1.054],[100.749,1.028],[100.766,1.028],[100.766,0.998],[100.866,0.996],[100.799,1.061],[100.775,1.06],[100.774,1.068]]]},"properties":{"jenis":"sawit","nama":"PT. Hutahean","luas":7700,"izin":"lokasi","status":"Aktif","sk":"590/DP-PGT/II/VI/2005","tahun":2005}},{"type":"Feature","geometry":{"type":"MultiPolygon","coordinates":[[[[100.899,1.04],[100.893,1.044],[100.898,1.066],[100.886,1.066],[100.888,1.035],[100.899,1.04]]],[[[100.876,1.069],[100.876,1.088],[100.866,1.097],[100.866,1.063],[100.876,1.063],[100.876,1.069]]]]},"properties":{"jenis":"sawit","nama":"PT. Kandis Mekar Lestari","luas":676,"izin":"lokasi","status":"Aktif","sk":"Kpts.503/DPMPTSP-IL/05/2018","grup":"Duta Palma","tahun":2018}},{"type":"Feature","geometry":{"type":"Polygon","coordinates":[[[100.413,1.092],[100.412,1.114],[100.457,1.148],[100.457,1.163],[100.468,1.171],[100.449,1.171],[100.449,1.161],[100.403,1.127],[100.398,1.089],[100.413,1.092]]]},"properties":{"jenis":"sawit","nama":"PT. Panca Surya Agrindo","luas":176473,"izin":"lokasi","status":"Aktif","sk":"Kpts.01/BPN/IL/2004 (Revisi Izin Lokasi)","grup":"First Resources","tahun":2004}},{"type":"Feature","geometry":{"type":"Polygon","coordinates":[[[100.728,1.17],[100.748,1.199],[100.695,1.199],[100.697,1.175],[100.684,1.144],[100.663,1.122],[100.668,1.098],[100.691,1.099],[100.728,1.17]]]},"properties":{"jenis":"sawit","nama":"PT. Perdana Inti Sawit Perkasa","luas":4400,"izin":"lokasi","status":"Aktif","sk":"314 Tahun 2008","grup":"First Resources","tahun":2008}},{"type":"Feature","geometry":{"type":"Polygon","coordinates":[[[100.71,1.117],[100.721,1.158],[100.689,1.099],[100.689,1.08],[100.698,1.08],[100.7,1.092],[100.712,1.092],[100.71,1.117]]]},"properties":{"jenis":"sawit","nama":"PT. Perdana Inti Sawit Perkasa","luas":100806,"izin":"lokasi","status":"Aktif","sk":"487 Tahun 2008 (Revisi)","grup":"First Resources","tahun":2008}},{"type":"Feature","geometry":{"type":"Polygon","coordinates":[[[100.698,1.222],[100.689,1.209],[100.704,1.199],[100.748,1.199],[100.765,1.218],[100.698,1.222]]]},"properties":{"jenis":"sawit","nama":"PT. Perdana Inti Sawit Perkasa","luas":1621,"izin":"lokasi","status":"Aktif","sk":"Kpts.100/SETDA-TAPEM/551/2013","grup":"First Resources","tahun":2013}},{"type":"Feature","geometry":{"type":"Polygon","coordinates":[[[100.689,1.083],[100.734,1.181],[100.786,1.24],[100.704,1.239],[100.691,1.215],[100.691,1.174],[100.682,1.172],[100.686,1.152],[100.676,1.132],[100.66,1.12],[100.666,1.114],[100.654,1.08],[100.67,1.067],[100.683,1.067],[100.689,1.083]]]},"properties":{"jenis":"sawit","nama":"PT. Perdana Inti Sawit Perkasa","luas":9493,"izin":"lokasi","status":"Aktif","sk":"590 /Dp-Pgt/15/VIII/2005","grup":"First Resources","tahun":2005}},{"type":"Feature","geometry":{"type":"Polygon","coordinates":[[[100.692,0.565],[100.681,0.559],[100.697,0.56],[100.692,0.565]]]},"properties":{"jenis":"sawit","nama":"PT. Vonirejeki Indah","luas":98,"izin":"lokasi","status":"Aktif","sk":"'KPTS. 35/I.I,-VII/1990","tahun":1990}},{"type":"Feature","geometry":{"type":"Polygon","coordinates":[[[100.705,0.984],[100.703,0.991],[100.68,0.952],[100.679,0.934],[100.696,0.934],[100.698,0.976],[100.713,0.979],[100.705,0.984]]]},"properties":{"jenis":"sawit","nama":"PT. Sugih Indah Sejati","luas":800,"izin":"lokasi","status":"Aktif","sk":"339 Tahun 2007","tahun":2007}},{"type":"Feature","geometry":{"type":"Polygon","coordinates":[[[100.457,0.515],[100.439,0.526],[100.424,0.505],[100.431,0.491],[100.427,0.46],[100.435,0.46],[100.429,0.436],[100.471,0.446],[100.471,0.506],[100.457,0.515]]]},"properties":{"jenis":"sawit","nama":"PT. Masuba Citra Mandiri","luas":4000,"izin":"lokasi","status":"Aktif","sk":"Kpts.100/SETDA-TAPEM/279/2012","tahun":2012}},{"type":"Feature","geometry":{"type":"Polygon","coordinates":[[[100.811,0.406],[100.812,0.394],[100.817,0.397],[100.837,0.379],[100.845,0.383],[100.828,0.396],[100.83,0.406],[100.811,0.406]]]},"properties":{"jenis":"sawit","nama":"PT. Telangka Indo Permai","luas":360,"izin":"lokasi","status":"Aktif","sk":"Kpts.100/SETDA-TAPEM/565/2013","tahun":2013}},{"type":"Feature","geometry":{"type":"Polygon","coordinates":[[[101.758,0.666],[101.758,0.658],[101.768,0.661],[101.767,0.679],[101.758,0.679],[101.758,0.666]]]},"properties":{"jenis":"sawit","nama":"KOPERASI PRODUSEN SENTRA MADANI SIAK (LOKASI 1)","luas":18801,"izin":"lokasi","status":"Aktif","sk":"05/BPMP2T-IL/KPTS/2016","tahun":2016}},{"type":"Feature","geometry":{"type":"Polygon","coordinates":[[[101.773,0.686],[101.758,0.686],[101.758,0.679],[101.776,0.681],[101.773,0.686]]]},"properties":{"jenis":"sawit","nama":"KOPERASI PRODUSEN SENTRA MADANI SIAK (LOKASI 2)","luas":11513,"izin":"lokasi","status":"Aktif","sk":"06/BPMP2T-IL/KPTS/2016","tahun":2016}},{"type":"Feature","geometry":{"type":"MultiPolygon","coordinates":[[[[101.668,0.687],[101.644,0.665],[101.669,0.668],[101.662,0.675],[101.674,0.677],[101.671,0.682],[101.678,0.687],[101.668,0.687]]],[[[101.667,0.693],[101.669,0.689],[101.671,0.69],[101.667,0.693]]]]},"properties":{"jenis":"sawit","nama":"PT. PERKEBUNAN PALMAX SEJATI","luas":30993,"izin":"lokasi","status":"Aktif","sk":"09/BPMP2T-IL/KPTS/2016","tahun":2016}},{"type":"Feature","geometry":{"type":"MultiPolygon","coordinates":[[[[101.404,0.867],[101.393,0.877],[101.379,0.865],[101.378,0.853],[101.394,0.852],[101.397,0.844],[101.407,0.848],[101.404,0.867]]],[[[101.436,0.837],[101.435,0.845],[101.427,0.838],[101.431,0.83],[101.436,0.837]]],[[[101.352,0.846],[101.35,0.846],[101.351,0.846],[101.352,0.846]]],[[[101.344,0.844],[101.348,0.831],[101.352,0.843],[101.344,0.844]]],[[[101.415,0.842],[101.418,0.848],[101.412,0.851],[101.407,0.842],[101.415,0.842]]],[[[101.438,0.852],[101.432,0.857],[101.425,0.849],[101.438,0.852]]],[[[101.37,0.873],[101.357,0.868],[101.367,0.847],[101.377,0.853],[101.37,0.873]]],[[[101.415,0.876],[101.412,0.879],[101.412,0.87],[101.415,0.876]]]]},"properties":{"jenis":"sawit","nama":"PT. LEKONINDO","luas":138651,"izin":"lokasi","status":"Aktif","sk":"06/BPMP2T-IL/KPTS/2015","tahun":2015}},{"type":"Feature","geometry":{"type":"MultiPolygon","coordinates":[[[[102.464,0.769],[102.453,0.775],[102.42,0.759],[102.387,0.765],[102.374,0.757],[102.491,0.699],[102.488,0.742],[102.48,0.745],[102.477,0.76],[102.466,0.76],[102.464,0.769]]],[[[102.428,0.774],[102.392,0.804],[102.355,0.765],[102.366,0.76],[102.386,0.774],[102.413,0.767],[102.428,0.774]]],[[[102.376,0.806],[102.383,0.811],[102.372,0.821],[102.373,0.837],[102.361,0.837],[102.376,0.806]]]]},"properties":{"jenis":"sawit","nama":"PT. TRIOMAS FDI (PERPANJANGAN)","luas":6500,"izin":"lokasi","status":"Aktif","sk":"15/HK/KPTS/2007","grup":"Panca Eka","tahun":2007}},{"type":"Feature","geometry":{"type":"MultiPolygon","coordinates":[[[[119.346,-2.462],[119.346,-2.507],[119.356,-2.51],[119.365,-2.503],[119.369,-2.509],[119.371,-2.499],[119.382,-2.498],[119.382,-2.489],[119.413,-2.476],[119.415,-2.443],[119.405,-2.437],[119.372,-2.447],[119.382,-2.449],[119.382,-2.487],[119.362,-2.487],[119.362,-2.462],[119.346,-2.462]]],[[[119.346,-2.462],[119.346,-2.462],[119.346,-2.462],[119.346,-2.462]]]]},"properties":{"jenis":"sawit","luas":4771,"izin":"lokasi","tahun":2013}},{"type":"Feature","geometry":{"type":"Polygon","coordinates":[[[119.235,-2.619],[119.26,-2.599],[119.268,-2.574],[119.285,-2.557],[119.268,-2.568],[119.235,-2.619]]]},"properties":{"jenis":"sawit","luas":4771,"izin":"lokasi","tahun":2013}},{"type":"Feature","geometry":{"type":"Polygon","coordinates":[[[119.201,-2.669],[119.205,-2.675],[119.217,-2.665],[119.224,-2.676],[119.233,-2.666],[119.245,-2.68],[119.263,-2.645],[119.253,-2.641],[119.22,-2.662],[119.205,-2.656],[119.201,-2.669]]]},"properties":{"jenis":"sawit","luas":4771,"izin":"lokasi","tahun":2013}},{"type":"Feature","geometry":{"type":"Polygon","coordinates":[[[119.211,-2.655],[119.22,-2.662],[119.253,-2.641],[119.263,-2.645],[119.263,-2.63],[119.278,-2.612],[119.299,-2.603],[119.296,-2.597],[119.304,-2.593],[119.297,-2.59],[119.324,-2.579],[119.346,-2.532],[119.342,-2.524],[119.326,-2.529],[119.324,-2.539],[119.307,-2.541],[119.3,-2.556],[119.271,-2.574],[119.264,-2.6],[119.248,-2.616],[119.237,-2.615],[119.224,-2.63],[119.223,-2.647],[119.211,-2.655]]]},"properties":{"jenis":"sawit","luas":5461,"izin":"lokasi","tahun":2014}},{"type":"Feature","geometry":{"type":"Polygon","coordinates":[[[119.468,-2.169],[119.448,-2.18],[119.437,-2.199],[119.414,-2.192],[119.379,-2.198],[119.36,-2.213],[119.338,-2.209],[119.321,-2.221],[119.354,-2.235],[119.349,-2.265],[119.38,-2.267],[119.396,-2.263],[119.403,-2.249],[119.416,-2.25],[119.421,-2.255],[119.408,-2.281],[119.43,-2.281],[119.458,-2.266],[119.43,-2.266],[119.425,-2.241],[119.465,-2.24],[119.474,-2.23],[119.478,-2.213],[119.468,-2.169]]]},"properties":{"jenis":"sawit","luas":9350,"izin":"lokasi","tahun":2000}},{"type":"Feature","geometry":{"type":"Polygon","coordinates":[[[119.507,-2.043],[119.488,-2.056],[119.484,-2.073],[119.473,-2.081],[119.485,-2.107],[119.485,-2.135],[119.455,-2.071],[119.476,-2.074],[119.477,-2.046],[119.461,-2.064],[119.428,-2.069],[119.418,-2.077],[119.418,-2.098],[119.399,-2.126],[119.446,-2.145],[119.48,-2.137],[119.502,-2.144],[119.503,-2.105],[119.493,-2.099],[119.493,-2.079],[119.507,-2.043]]]},"properties":{"jenis":"sawit","luas":7000,"izin":"lokasi","tahun":2015}},{"type":"Feature","geometry":{"type":"MultiPolygon","coordinates":[[[[119.246,-2.147],[119.238,-2.154],[119.222,-2.147],[119.215,-2.178],[119.222,-2.182],[119.234,-2.159],[119.244,-2.167],[119.258,-2.163],[119.26,-2.157],[119.245,-2.154],[119.246,-2.147]]],[[[119.252,-2.166],[119.249,-2.165],[119.256,-2.167],[119.252,-2.166]]],[[[119.36,-2.127],[119.358,-2.131],[119.362,-2.131],[119.36,-2.127]]],[[[119.349,-2.119],[119.347,-2.121],[119.35,-2.123],[119.349,-2.119]]],[[[119.345,-2.119],[119.345,-2.121],[119.346,-2.122],[119.345,-2.119]]],[[[119.343,-2.109],[119.346,-2.116],[119.361,-2.107],[119.37,-2.114],[119.353,-2.094],[119.344,-2.099],[119.343,-2.109]]]]},"properties":{"jenis":"sawit","luas":1035,"izin":"lokasi","tahun":2001}},{"type":"Feature","geometry":{"type":"Polygon","coordinates":[[[119.335,-2.108],[119.326,-2.123],[119.299,-2.11],[119.262,-2.111],[119.26,-2.12],[119.281,-2.129],[119.287,-2.144],[119.301,-2.147],[119.312,-2.161],[119.297,-2.162],[119.295,-2.181],[119.267,-2.188],[119.23,-2.177],[119.236,-2.227],[119.253,-2.225],[119.267,-2.245],[119.289,-2.22],[119.296,-2.225],[119.312,-2.21],[119.342,-2.145],[119.344,-2.116],[119.337,-2.112],[119.344,-2.11],[119.335,-2.108]]]},"properties":{"jenis":"sawit","luas":8450,"izin":"lokasi","tahun":2011}},{"type":"Feature","geometry":{"type":"Polygon","coordinates":[[[119.344,-2.056],[119.34,-2.057],[119.345,-2.061],[119.344,-2.056]]]},"properties":{"jenis":"sawit","luas":30,"izin":"lokasi","tahun":2011}},{"type":"Feature","geometry":{"type":"Polygon","coordinates":[[[119.309,-1.99],[119.31,-1.998],[119.324,-1.994],[119.309,-1.99]]]},"properties":{"jenis":"sawit","luas":100,"izin":"lokasi","tahun":2017}}]}