{"type":"FeatureCollection","features":[{"type":"Feature","properties":{},"geometry":{"type":"LineString","coordinates":[[127.789,0.152],[127.834,0.121],[127.852,0.136],[127.87,0.125],[127.922,0.177]]}},{"type":"Feature","properties":{},"geometry":{"type":"LineString","coordinates":[[127.731,0.76],[127.682,0.758],[127.618,0.789]]}},{"type":"Feature","properties":{},"geometry":{"type":"LineString","coordinates":[[127.698,0.007],[127.797,-0.024],[127.789,0.152]]}},{"type":"Feature","properties":{},"geometry":{"type":"LineString","coordinates":[[127.789,0.152],[127.822,0.202],[127.797,0.249],[127.82,0.273],[127.799,0.317],[127.807,0.374],[127.769,0.454],[127.78,0.486],[127.806,0.49],[127.832,0.573],[127.792,0.643]]}},{"type":"Feature","properties":{},"geometry":{"type":"MultiLineString","coordinates":[[[129.858,-3.336],[129.9,-3.258],[129.901,-3.207]],[[129.907,-3.196],[129.901,-3.207]],[[129.907,-3.196],[129.907,-3.193]],[[129.903,-3.16],[129.907,-3.193]],[[129.903,-3.16],[130.147,-3.219],[130.158,-3.196],[130.136,-3.175],[130.127,-3.108]],[[130.127,-3.108],[130.128,-2.996]]]}},{"type":"Feature","properties":{},"geometry":{"type":"MultiLineString","coordinates":[[[106.125,-6.361],[106.112,-6.427],[106.043,-6.411],[105.975,-6.517],[105.983,-6.542],[105.929,-6.617],[105.946,-6.66],[105.863,-6.781],[105.888,-6.821],[105.882,-6.84]],[[106.169,-6.296],[106.13,-6.327],[106.124,-6.356]]]}},{"type":"Feature","properties":{},"geometry":{"type":"LineString","coordinates":[[128.753,-2.851],[128.753,-2.85]]}},{"type":"Feature","properties":{},"geometry":{"type":"LineString","coordinates":[[129.858,-3.336],[129.859,-3.337]]}},{"type":"Feature","properties":{},"geometry":{"type":"LineString","coordinates":[[127.241,-3.624],[127.19,-3.601],[127.193,-3.568],[127.153,-3.513],[127.104,-3.512],[127.038,-3.578],[126.976,-3.602],[126.958,-3.639],[126.847,-3.661],[126.8,-3.642],[126.799,-3.664],[126.75,-3.67],[126.726,-3.655],[126.681,-3.534],[126.643,-3.509],[126.619,-3.526],[126.596,-3.458],[126.549,-3.449],[126.479,-3.474],[126.433,-3.39],[126.33,-3.351],[126.308,-3.318],[126.241,-3.29],[126.211,-3.305],[126.121,-3.284],[126.098,-3.22],[126.125,-3.151]]}},{"type":"Feature","properties":{},"geometry":{"type":"LineString","coordinates":[[128.843,-3.24],[128.794,-3.17],[128.818,-3.072],[128.776,-3.067],[128.771,-3.053],[128.786,-3.006],[128.812,-2.998],[128.754,-2.958],[128.753,-2.851]]}},{"type":"Feature","properties":{},"geometry":{"type":"LineString","coordinates":[[127.792,0.643],[127.758,0.751],[127.731,0.76]]}},{"type":"Feature","properties":{},"geometry":{"type":"LineString","coordinates":[[127.694,0.879],[127.731,0.76]]}},{"type":"Feature","properties":{},"geometry":{"type":"LineString","coordinates":[[128.084,-3.722],[128.084,-3.722]]}},{"type":"Feature","properties":{},"geometry":{"type":"LineString","coordinates":[[97.815,2.983],[97.9,2.966],[97.909,2.925],[97.859,2.882],[97.852,2.836],[97.767,2.788],[97.825,2.637],[97.791,2.5]]}},{"type":"Feature","properties":{},"geometry":{"type":"LineString","coordinates":[[97.665,2.395],[97.731,2.422],[97.791,2.5]]}},{"type":"Feature","properties":{},"geometry":{"type":"LineString","coordinates":[[103.347,0.538],[103.347,0.539]]}},{"type":"Feature","properties":{},"geometry":{"type":"LineString","coordinates":[[98.029,3.331],[98.003,3.369],[97.948,3.392],[97.934,3.442],[97.959,3.483],[97.921,3.499],[97.907,3.555],[97.868,3.571],[97.872,3.613],[97.801,3.723],[97.825,3.751]]}},{"type":"Feature","properties":{},"geometry":{"type":"LineString","coordinates":[[97.825,3.751],[97.922,3.845],[97.901,3.911]]}},{"type":"Feature","properties":{},"geometry":{"type":"LineString","coordinates":[[96.343,5.227],[96.335,5.151],[96.364,5.037],[96.327,4.966],[96.347,4.944]]}},{"type":"Feature","properties":{},"geometry":{"type":"LineString","coordinates":[[97.984,3.086],[97.961,3.065],[97.937,3.074],[97.936,2.99]]}},{"type":"Feature","properties":{},"geometry":{"type":"LineString","coordinates":[[96.724,4.094],[96.791,4.052],[96.799,4],[96.838,3.954],[96.984,3.937],[97.046,3.958],[97.109,3.94],[97.112,3.833],[97.154,3.742]]}},{"type":"Feature","properties":{},"geometry":{"type":"LineString","coordinates":[[97.319,4.737],[97.338,4.779],[97.362,4.784],[97.362,4.768],[97.424,4.755],[97.4,4.767],[97.406,4.795],[97.411,4.781],[97.435,4.788],[97.435,4.821],[97.457,4.822],[97.443,4.833],[97.477,4.839],[97.512,4.883],[97.497,4.875],[97.506,4.891],[97.466,4.916],[97.472,4.948],[97.505,4.959],[97.485,4.961],[97.502,4.967],[97.493,5.015],[97.515,5.031],[97.498,5.051],[97.517,5.061],[97.46,5.112],[97.478,5.127],[97.466,5.154],[97.5,5.169],[97.487,5.169],[97.501,5.189],[97.483,5.244]]}},{"type":"Feature","properties":{},"geometry":{"type":"LineString","coordinates":[[96.62,3.737],[96.611,3.818],[96.585,3.834],[96.596,3.887],[96.632,3.963],[96.718,4.01],[96.724,4.094]]}},{"type":"Feature","properties":{},"geometry":{"type":"LineString","coordinates":[[98.498,3.564],[98.498,3.564]]}},{"type":"Feature","properties":{},"geometry":{"type":"LineString","coordinates":[[98.197,2.312],[98.147,2.424],[98.086,2.501],[98.077,2.575]]}},{"type":"Feature","properties":{},"geometry":{"type":"LineString","coordinates":[[106.169,-6.296],[106.172,-6.291]]}},{"type":"Feature","properties":{},"geometry":{"type":"LineString","coordinates":[[97.936,2.99],[97.955,2.981],[97.944,2.899],[97.993,2.882],[98.055,2.819],[98.099,2.823],[98.117,2.785]]}},{"type":"Feature","properties":{},"geometry":{"type":"LineString","coordinates":[[98.845,1.298],[98.866,1.28],[98.881,1.299],[98.905,1.292],[98.972,1.346],[99.031,1.296],[99.05,1.205],[99.133,1.167],[99.117,1.101],[99.187,1.097],[99.24,1.042],[99.278,1.096],[99.336,1.024],[99.375,1.024],[99.428,0.977],[99.464,1.019],[99.424,1.071],[99.431,1.094],[99.481,1.127],[99.52,1.119]]}},{"type":"Feature","properties":{},"geometry":{"type":"LineString","coordinates":[[98.736,3.222],[98.8,3.304],[98.918,3.37],[98.914,3.451],[98.936,3.52],[98.919,3.601],[98.943,3.676]]}},{"type":"Feature","properties":{},"geometry":{"type":"LineString","coordinates":[[98.623,3.105],[98.606,3.109],[98.56,3.026],[98.534,2.913],[98.551,2.89]]}},{"type":"Feature","properties":{},"geometry":{"type":"LineString","coordinates":[[99.739,3.173],[99.702,3.118],[99.621,3.137],[99.593,3.106],[99.62,3.093],[99.591,3.039],[99.554,3.028],[99.563,3.018],[99.53,3.022],[99.55,3.029],[99.566,3.079]]}},{"type":"Feature","properties":{},"geometry":{"type":"LineString","coordinates":[[98.127,2.17],[98.179,2.239],[98.197,2.312]]}},{"type":"Feature","properties":{},"geometry":{"type":"LineString","coordinates":[[98.077,2.575],[98.085,2.603],[98.11,2.611],[98.104,2.682],[98.069,2.764],[98.117,2.785]]}},{"type":"Feature","properties":{},"geometry":{"type":"LineString","coordinates":[[98.266,2.264],[98.283,2.192],[98.313,2.16],[98.5,2.081],[98.596,2.082],[98.609,2.021],[98.644,1.999],[98.672,2.011]]}},{"type":"Feature","properties":{},"geometry":{"type":"LineString","coordinates":[[99.566,3.079],[99.446,2.932],[99.371,2.883],[99.333,2.894],[99.266,2.861],[99.248,2.812],[99.079,2.662],[99.078,2.597]]}},{"type":"Feature","properties":{},"geometry":{"type":"LineString","coordinates":[[113.18,-7.744],[113.181,-7.743]]}},{"type":"Feature","properties":{},"geometry":{"type":"LineString","coordinates":[[99.466,2.548],[99.449,2.567],[99.457,2.604],[99.416,2.563],[99.424,2.599],[99.385,2.564],[99.305,2.55],[99.305,2.574],[99.271,2.543],[99.204,2.531],[99.15,2.568],[99.092,2.576],[99.078,2.597]]}},{"type":"Feature","properties":{},"geometry":{"type":"LineString","coordinates":[[97.535,1.293],[97.56,1.274],[97.562,1.202],[97.602,1.21],[97.613,1.184],[97.653,1.236]]}},{"type":"Feature","properties":{},"geometry":{"type":"MultiLineString","coordinates":[[[108.311,-7.337],[108.406,-7.361],[108.415,-7.377],[108.396,-7.409],[108.421,-7.423],[108.425,-7.486],[108.443,-7.488],[108.427,-7.501]],[[108.167,-7.063],[108.22,-7.088],[108.193,-7.17],[108.193,-7.269]]]}},{"type":"Feature","properties":{},"geometry":{"type":"LineString","coordinates":[[99.838,2.938],[99.809,2.975],[99.817,3.025],[99.766,3.009],[99.783,2.97],[99.757,2.966],[99.754,2.941],[99.775,2.921],[99.838,2.938]]}},{"type":"Feature","properties":{},"geometry":{"type":"LineString","coordinates":[[106.688,-6.097],[106.712,-6.096]]}},{"type":"Feature","properties":{},"geometry":{"type":"LineString","coordinates":[[100.301,0.396],[100.346,0.381],[100.42,0.424],[100.446,0.418]]}},{"type":"Feature","properties":{},"geometry":{"type":"LineString","coordinates":[[101.033,-0.39],[101.065,-0.502],[101.112,-0.502],[101.181,-0.543],[101.199,-0.581],[101.255,-0.625],[101.305,-0.628],[101.357,-0.657],[101.348,-0.683],[101.406,-0.717],[101.395,-0.744],[101.424,-0.738],[101.488,-0.787]]}},{"type":"Feature","properties":{},"geometry":{"type":"LineString","coordinates":[[101.488,-0.787],[101.588,-0.847],[101.648,-0.824],[101.711,-0.859],[101.736,-0.891],[101.699,-0.938],[101.743,-0.95],[101.754,-0.975],[101.803,-0.964],[101.824,-0.978]]}},{"type":"Feature","properties":{},"geometry":{"type":"LineString","coordinates":[[101.041,-0.376],[101.033,-0.39]]}},{"type":"Feature","properties":{},"geometry":{"type":"LineString","coordinates":[[98.266,2.264],[98.252,2.356],[98.303,2.335],[98.299,2.418],[98.349,2.423],[98.364,2.459],[98.421,2.476]]}},{"type":"Feature","properties":{},"geometry":{"type":"LineString","coordinates":[[110.339,-8.028],[110.339,-8.028]]}},{"type":"Feature","properties":{},"geometry":{"type":"LineString","coordinates":[[136.011,-2.706],[136.011,-2.705]]}},{"type":"Feature","properties":{},"geometry":{"type":"LineString","coordinates":[[100.446,0.418],[100.461,0.401],[100.429,0.36],[100.467,0.315],[100.559,0.305],[100.588,0.252],[100.672,0.186],[100.687,0.19],[100.701,0.249],[100.767,0.234],[100.774,0.251],[100.816,0.261],[100.843,0.224],[100.842,0.146],[100.788,0.128],[100.774,0.102],[100.8,0.05],[100.833,0.069],[100.865,0.044],[100.845,0.034],[100.817,-0.049],[100.806,-0.02],[100.767,-0.021],[100.758,-0.044],[100.736,-0.046],[100.784,-0.186],[100.775,-0.214],[100.813,-0.276],[100.843,-0.29],[100.848,-0.343]]}},{"type":"Feature","properties":{},"geometry":{"type":"LineString","coordinates":[[102.64,-0.724],[102.642,-0.726]]}},{"type":"Feature","properties":{},"geometry":{"type":"LineString","coordinates":[[132.071,-1.09],[132.091,-1.185],[132.076,-1.206],[132.092,-1.215],[132.115,-1.324],[132.207,-1.373],[132.441,-1.604],[132.411,-1.647],[132.392,-1.755],[132.439,-1.825],[132.447,-1.885],[132.496,-1.826],[132.522,-1.82],[132.62,-1.854],[132.622,-1.876]]}},{"type":"Feature","properties":{},"geometry":{"type":"LineString","coordinates":[[102.644,-1.127],[102.682,-1.081],[102.729,-1.08],[102.753,-1.024],[102.781,-1.032],[102.769,-1.012],[102.786,-0.979],[102.928,-0.866],[103.004,-0.755],[103.081,-0.762],[103.112,-0.747],[103.302,-0.781],[103.312,-0.765],[103.353,-0.799],[103.402,-0.787],[103.409,-0.77],[103.437,-0.778],[103.444,-0.752]]}},{"type":"Feature","properties":{},"geometry":{"type":"LineString","coordinates":[[102.531,-1.097],[102.614,-1.096],[102.644,-1.127]]}},{"type":"Feature","properties":{},"geometry":{"type":"LineString","coordinates":[[99.078,2.597],[99.078,2.597]]}},{"type":"Feature","properties":{},"geometry":{"type":"LineString","coordinates":[[97.665,2.395],[97.665,2.395]]}},{"type":"Feature","properties":{},"geometry":{"type":"LineString","coordinates":[[103.444,-0.752],[103.446,-0.75]]}},{"type":"Feature","properties":{},"geometry":{"type":"LineString","coordinates":[[103.446,-0.75],[103.441,-0.732]]}},{"type":"Feature","properties":{},"geometry":{"type":"LineString","coordinates":[[98.943,3.676],[98.943,3.676]]}},{"type":"Feature","properties":{},"geometry":{"type":"LineString","coordinates":[[111.451,-7.781],[111.45,-7.778]]}},{"type":"Feature","properties":{},"geometry":{"type":"LineString","coordinates":[[113.237,-7.74],[113.237,-7.739]]}},{"type":"Feature","properties":{},"geometry":{"type":"LineString","coordinates":[[101.927,-0.915],[101.962,-0.917],[101.986,-0.881],[102.012,-0.878],[102.117,-0.921],[102.167,-0.9],[102.203,-0.947],[102.304,-0.919],[102.324,-0.962],[102.383,-0.994],[102.375,-1.034],[102.441,-1.031],[102.473,-1.086],[102.531,-1.097]]}},{"type":"Feature","properties":{},"geometry":{"type":"LineString","coordinates":[[101.824,-0.978],[101.893,-0.962],[101.927,-0.915]]}},{"type":"Feature","properties":{},"geometry":{"type":"LineString","coordinates":[[100.446,0.418],[100.45,0.42]]}},{"type":"Feature","properties":{},"geometry":{"type":"LineString","coordinates":[[100.848,-0.343],[100.992,-0.316],[101.037,-0.351],[101.041,-0.376]]}},{"type":"Feature","properties":{},"geometry":{"type":"LineString","coordinates":[[109.392,-7.725],[109.391,-7.726]]}},{"type":"Feature","properties":{},"geometry":{"type":"LineString","coordinates":[[98.855,2.338],[98.949,2.319],[98.963,2.267],[98.918,2.224],[98.884,2.219],[98.886,2.205],[98.812,2.221],[98.821,2.173],[98.841,2.162],[98.735,2.129],[98.672,2.011]]}},{"type":"Feature","properties":{},"geometry":{"type":"LineString","coordinates":[[96.942,3.573],[96.97,3.618],[97.036,3.601],[97.131,3.684],[97.155,3.742]]}},{"type":"Feature","properties":{},"geometry":{"type":"LineString","coordinates":[[97.155,3.742],[97.207,3.691]]}},{"type":"Feature","properties":{},"geometry":{"type":"LineString","coordinates":[[112.952,-7.633],[112.953,-7.622]]}},{"type":"Feature","properties":{},"geometry":{"type":"LineString","coordinates":[[97.207,3.691],[97.282,3.646],[97.295,3.595],[97.374,3.639],[97.404,3.616],[97.435,3.636],[97.463,3.619],[97.484,3.543],[97.451,3.536],[97.398,3.45],[97.475,3.323],[97.464,3.268],[97.477,3.217],[97.616,3.092],[97.643,3.03],[97.64,2.954],[97.755,2.927],[97.772,2.961],[97.798,2.975],[97.807,2.961],[97.815,2.983]]}},{"type":"Feature","properties":{},"geometry":{"type":"LineString","coordinates":[[101.397,0.689],[101.458,0.667],[101.466,0.638],[101.514,0.691],[101.538,0.681],[101.547,0.641],[101.57,0.639],[101.593,0.607],[101.601,0.506]]}},{"type":"Feature","properties":{},"geometry":{"type":"LineString","coordinates":[[97.815,2.983],[97.869,3.01],[97.936,2.99]]}},{"type":"Feature","properties":{},"geometry":{"type":"LineString","coordinates":[[97.155,3.742],[97.154,3.742]]}},{"type":"Feature","properties":{},"geometry":{"type":"LineString","coordinates":[[97.815,2.983],[97.815,2.983]]}},{"type":"Feature","properties":{},"geometry":{"type":"LineString","coordinates":[[101.601,0.506],[101.583,0.503],[101.589,0.464]]}},{"type":"Feature","properties":{},"geometry":{"type":"LineString","coordinates":[[100.322,2.548],[100.299,2.443],[100.307,2.375],[100.363,2.248]]}},{"type":"Feature","properties":{},"geometry":{"type":"LineString","coordinates":[[100.363,2.248],[100.373,2.193],[100.321,2.049],[100.318,1.902],[100.289,1.876],[100.28,1.818],[100.289,1.799],[100.387,1.778],[100.39,1.758],[100.352,1.733],[100.366,1.686],[100.418,1.665],[100.421,1.608],[100.404,1.578],[100.435,1.52],[100.422,1.485],[100.377,1.45],[100.319,1.448],[100.318,1.471]]}},{"type":"Feature","properties":{},"geometry":{"type":"LineString","coordinates":[[100.318,1.471],[100.272,1.472],[100.341,1.438]]}},{"type":"Feature","properties":{},"geometry":{"type":"LineString","coordinates":[[101.397,0.69],[101.397,0.689]]}},{"type":"Feature","properties":{},"geometry":{"type":"LineString","coordinates":[[102.17,1.233],[102.165,1.202],[102.148,1.205],[102.095,1.12],[102.038,1.087],[102.033,1.032],[101.979,0.98],[101.91,1.089],[101.879,1.184],[101.857,1.202],[101.713,1.212],[101.548,0.922],[101.417,1.023],[101.34,1.028],[101.282,1.06],[101.231,1.007],[101.193,1],[101.128,1.02],[101.079,1.003],[100.984,1.082]]}},{"type":"Feature","properties":{},"geometry":{"type":"LineString","coordinates":[[101.824,-0.978],[101.824,-0.978]]}},{"type":"Feature","properties":{},"geometry":{"type":"LineString","coordinates":[[97.207,3.691],[97.351,3.676],[97.636,3.734],[97.825,3.751]]}},{"type":"Feature","properties":{},"geometry":{"type":"LineString","coordinates":[[97.791,2.5],[97.865,2.499],[97.855,2.565],[98.077,2.575]]}},{"type":"Feature","properties":{},"geometry":{"type":"LineString","coordinates":[[97.733,4.249],[97.743,4.137],[97.798,4.096],[97.813,4.007],[97.841,4.001],[97.901,3.911]]}},{"type":"Feature","properties":{},"geometry":{"type":"LineString","coordinates":[[99.327,1.309],[99.311,1.303],[99.244,1.363],[99.22,1.411],[99.248,1.477],[99.328,1.416],[99.35,1.314],[99.327,1.309]]}},{"type":"Feature","properties":{},"geometry":{"type":"LineString","coordinates":[[106.794,-7.436],[106.794,-7.437]]}},{"type":"Feature","properties":{},"geometry":{"type":"LineString","coordinates":[[110.492,-7.388],[110.515,-7.386],[110.535,-7.354],[110.523,-7.292],[110.502,-7.302],[110.484,-7.286],[110.466,-7.297],[110.469,-7.339],[110.492,-7.388]]}},{"type":"Feature","properties":{},"geometry":{"type":"LineString","coordinates":[[98.664,3.908],[98.664,3.908]]}},{"type":"Feature","properties":{},"geometry":{"type":"LineString","coordinates":[[98.471,3.242],[98.433,3.238],[98.352,3.289],[98.348,3.259],[98.367,3.245],[98.335,3.219],[98.3,3.226],[98.293,3.256],[98.25,3.253],[98.216,3.284],[98.123,3.267],[98.096,3.316],[98.029,3.331]]}},{"type":"Feature","properties":{},"geometry":{"type":"LineString","coordinates":[[98.471,3.242],[98.471,3.242]]}},{"type":"Feature","properties":{},"geometry":{"type":"LineString","coordinates":[[98.266,2.264],[98.197,2.312]]}},{"type":"Feature","properties":{},"geometry":{"type":"LineString","coordinates":[[99.319,3.433],[99.282,3.394],[99.294,3.379],[99.244,3.281],[99.224,3.28],[99.231,3.257],[99.207,3.225]]}},{"type":"Feature","properties":{},"geometry":{"type":"LineString","coordinates":[[119.699,-3.388],[119.725,-3.383],[119.716,-3.287],[119.771,-3.274],[119.782,-3.238],[119.85,-3.281],[119.907,-3.259],[119.937,-3.293],[119.984,-3.303]]}},{"type":"Feature","properties":{},"geometry":{"type":"LineString","coordinates":[[99.566,3.079],[99.551,3.1],[99.53,3.104],[99.529,3.084],[99.502,3.095],[99.522,3.103],[99.516,3.117],[99.418,3.155],[99.37,3.151],[99.404,3.254],[99.383,3.258],[99.357,3.22],[99.334,3.293],[99.305,3.304],[99.302,3.283],[99.236,3.257],[99.227,3.204],[99.207,3.225]]}},{"type":"Feature","properties":{},"geometry":{"type":"LineString","coordinates":[[98.578,2.83],[98.521,2.876]]}},{"type":"Feature","properties":{},"geometry":{"type":"LineString","coordinates":[[115.371,-8.573],[115.371,-8.575]]}},{"type":"Feature","properties":{},"geometry":{"type":"LineString","coordinates":[[99.426,1.216],[99.487,1.276],[99.575,1.262],[99.608,1.332],[99.729,1.396],[99.73,1.438],[99.772,1.465],[99.86,1.486],[99.903,1.55],[99.923,1.546],[99.91,1.498],[99.925,1.44],[99.98,1.43],[99.943,1.403],[99.965,1.395],[99.992,1.426],[100.023,1.411],[100.033,1.375],[100.053,1.378]]}},{"type":"Feature","properties":{},"geometry":{"type":"LineString","coordinates":[[101.519,-0.1],[101.498,-0.103],[101.458,-0.067],[101.395,-0.098]]}},{"type":"Feature","properties":{},"geometry":{"type":"LineString","coordinates":[[98.551,2.89],[98.578,2.83]]}},{"type":"Feature","properties":{},"geometry":{"type":"LineString","coordinates":[[101.395,-0.098],[101.349,-0.104],[101.265,0.009],[101.243,-0.056],[101.198,-0.113],[101.201,-0.178],[101.153,-0.238],[101.14,-0.333],[101.101,-0.379],[101.041,-0.376]]}},{"type":"Feature","properties":{},"geometry":{"type":"LineString","coordinates":[[98.85,2.356],[98.838,2.358]]}},{"type":"Feature","properties":{},"geometry":{"type":"LineString","coordinates":[[98.987,2.339],[98.982,2.395]]}},{"type":"Feature","properties":{},"geometry":{"type":"LineString","coordinates":[[98.982,2.395],[98.875,2.402],[98.85,2.356]]}},{"type":"Feature","properties":{},"geometry":{"type":"LineString","coordinates":[[115.479,-8.551],[115.479,-8.551]]}},{"type":"Feature","properties":{},"geometry":{"type":"LineString","coordinates":[[115.402,-8.456],[115.403,-8.456]]}},{"type":"Feature","properties":{},"geometry":{"type":"LineString","coordinates":[[115.437,-8.18],[115.457,-8.167]]}},{"type":"Feature","properties":{},"geometry":{"type":"LineString","coordinates":[[98.895,2.663],[98.922,2.57],[99.019,2.484],[99.019,2.439],[98.982,2.395]]}},{"type":"Feature","properties":{},"geometry":{"type":"LineString","coordinates":[[98.933,2.66],[98.895,2.663]]}},{"type":"Feature","properties":{},"geometry":{"type":"LineString","coordinates":[[98.578,2.737],[98.629,2.795]]}},{"type":"Feature","properties":{},"geometry":{"type":"LineString","coordinates":[[98.629,2.795],[98.738,2.792],[98.866,2.703],[98.895,2.663]]}},{"type":"Feature","properties":{},"geometry":{"type":"LineString","coordinates":[[98.578,2.83],[98.629,2.795]]}},{"type":"Feature","properties":{},"geometry":{"type":"LineString","coordinates":[[115.438,-8.18],[115.437,-8.18]]}},{"type":"Feature","properties":{},"geometry":{"type":"LineString","coordinates":[[122.311,-3.272],[122.311,-3.273]]}},{"type":"Feature","properties":{},"geometry":{"type":"LineString","coordinates":[[95.273,5.55],[95.309,5.517],[95.344,5.528],[95.358,5.571],[95.378,5.569],[95.35,5.595],[95.375,5.612]]}},{"type":"Feature","properties":{},"geometry":{"type":"LineString","coordinates":[[98.468,2.549],[98.56,2.58],[98.578,2.737]]}},{"type":"Feature","properties":{},"geometry":{"type":"LineString","coordinates":[[112.663,-7.193],[112.663,-7.193]]}},{"type":"Feature","properties":{},"geometry":{"type":"LineString","coordinates":[[95.743,5.061],[95.706,5.052],[95.639,5.074],[95.643,5.147],[95.588,5.209],[95.421,5.225],[95.402,5.213],[95.366,5.254],[95.325,5.224],[95.332,5.179],[95.31,5.168]]}},{"type":"Feature","properties":{},"geometry":{"type":"LineString","coordinates":[[95.876,4.37],[95.958,4.51],[96.042,4.586],[96.026,4.613],[96.043,4.66],[96,4.75]]}},{"type":"Feature","properties":{},"geometry":{"type":"LineString","coordinates":[[110.544,-7.793],[110.564,-7.782],[110.586,-7.809],[110.651,-7.792],[110.658,-7.805],[110.671,-7.786],[110.698,-7.808],[110.715,-7.791]]}},{"type":"Feature","properties":{},"geometry":{"type":"LineString","coordinates":[[124.436,0.786],[124.419,0.807],[124.435,0.831],[124.38,0.87],[124.375,0.957],[124.355,0.987],[124.297,1.011]]}},{"type":"Feature","properties":{},"geometry":{"type":"LineString","coordinates":[[96.26,4.712],[96.168,4.75],[96.134,4.675],[96.105,4.675],[96.107,4.75],[96,4.75]]}},{"type":"Feature","properties":{},"geometry":{"type":"LineString","coordinates":[[96.47,4.894],[96.435,4.937],[96.347,4.944]]}},{"type":"Feature","properties":{},"geometry":{"type":"LineString","coordinates":[[96.47,4.894],[96.493,4.89],[96.573,4.948]]}},{"type":"Feature","properties":{},"geometry":{"type":"LineString","coordinates":[[96.787,4.94],[96.698,4.973],[96.573,4.948]]}},{"type":"Feature","properties":{},"geometry":{"type":"LineString","coordinates":[[96.189,4.106],[96.276,4.153],[96.259,4.274],[96.341,4.377],[96.332,4.391],[96.364,4.393],[96.372,4.418],[96.438,4.425],[96.482,4.461],[96.484,4.5],[96.459,4.501],[96.443,4.528],[96.492,4.548],[96.49,4.625]]}},{"type":"Feature","properties":{},"geometry":{"type":"LineString","coordinates":[[98.468,2.549],[98.42,2.537],[98.444,2.505],[98.431,2.468],[98.421,2.476]]}},{"type":"Feature","properties":{},"geometry":{"type":"LineString","coordinates":[[96.908,5.25],[96.925,5.211],[96.891,5.179],[96.876,5.117],[96.834,5.089],[96.821,4.995],[96.787,4.94]]}},{"type":"Feature","properties":{},"geometry":{"type":"LineString","coordinates":[[99.078,2.597],[99.042,2.634],[98.975,2.602],[98.958,2.646],[98.933,2.66]]}},{"type":"Feature","properties":{},"geometry":{"type":"LineString","coordinates":[[103.538,-3.548],[103.538,-3.548]]}},{"type":"Feature","properties":{},"geometry":{"type":"LineString","coordinates":[[103.626,-4.273],[103.626,-4.273]]}},{"type":"Feature","properties":{},"geometry":{"type":"LineString","coordinates":[[98.002,4.405],[98.038,4.417],[98.062,4.511],[98.088,4.531]]}},{"type":"Feature","properties":{},"geometry":{"type":"LineString","coordinates":[[99.012,2.892],[99.102,2.935],[99.099,2.963],[99.08,2.96],[99.101,3.018],[99.03,3.004],[99.021,2.948],[99.042,2.925],[99.012,2.892]]}},{"type":"Feature","properties":{},"geometry":{"type":"LineString","coordinates":[[115.556,-2.831],[115.506,-2.887]]}},{"type":"Feature","properties":{},"geometry":{"type":"MultiLineString","coordinates":[[[131.357,-0.952],[131.357,-0.952]],[[131.357,-0.952],[131.397,-0.933],[131.389,-0.896],[131.36,-0.879],[131.377,-0.843],[131.357,-0.782]],[[131.357,-0.952],[131.297,-0.915]]]}},{"type":"Feature","properties":{},"geometry":{"type":"LineString","coordinates":[[98.769,1.758],[98.801,1.758],[98.812,1.731],[98.796,1.722]]}},{"type":"Feature","properties":{},"geometry":{"type":"LineString","coordinates":[[99.395,2.171],[99.388,2.136],[99.415,2.113],[99.459,2.125]]}},{"type":"Feature","properties":{},"geometry":{"type":"LineString","coordinates":[[99.426,1.216],[99.43,1.189],[99.52,1.119]]}},{"type":"Feature","properties":{},"geometry":{"type":"LineString","coordinates":[[98.736,3.215],[98.736,3.222]]}},{"type":"Feature","properties":{},"geometry":{"type":"LineString","coordinates":[[97.539,1.421],[97.498,1.382],[97.499,1.339],[97.471,1.348],[97.499,1.295],[97.481,1.292],[97.507,1.262]]}},{"type":"Feature","properties":{},"geometry":{"type":"LineString","coordinates":[[97.502,1.192],[97.477,1.139],[97.478,1.086],[97.446,1.119],[97.434,1.092],[97.362,1.091]]}},{"type":"Feature","properties":{},"geometry":{"type":"LineString","coordinates":[[97.502,1.192],[97.488,1.188],[97.486,1.21],[97.507,1.262]]}},{"type":"Feature","properties":{},"geometry":{"type":"LineString","coordinates":[[114.861,-2.526],[114.865,-2.528]]}},{"type":"Feature","properties":{},"geometry":{"type":"LineString","coordinates":[[115.349,-2.34],[115.319,-2.355],[115.313,-2.4],[115.399,-2.453]]}},{"type":"Feature","properties":{},"geometry":{"type":"LineString","coordinates":[[98.987,2.339],[98.999,2.27],[99.02,2.286],[99.123,2.276],[99.161,2.303],[99.181,2.296],[99.212,2.165],[99.276,2.11],[99.332,2.105],[99.358,2.169],[99.395,2.171]]}},{"type":"Feature","properties":{},"geometry":{"type":"LineString","coordinates":[[97.502,1.192],[97.495,1.142],[97.521,1.156],[97.588,1.103],[97.622,1.104],[97.62,1.027]]}},{"type":"Feature","properties":{},"geometry":{"type":"LineString","coordinates":[[97.548,0.889],[97.524,0.952],[97.553,0.992],[97.62,1.027]]}},{"type":"Feature","properties":{},"geometry":{"type":"LineString","coordinates":[[101.725,1.671],[101.719,1.623],[101.642,1.61],[101.624,1.589],[101.641,1.548],[101.618,1.546],[101.598,1.6],[101.528,1.596],[101.507,1.493],[101.449,1.494],[101.436,1.447],[101.317,1.474]]}},{"type":"Feature","properties":{},"geometry":{"type":"LineString","coordinates":[[115.342,-2.338],[115.282,-2.36],[115.126,-2.295]]}},{"type":"Feature","properties":{},"geometry":{"type":"LineString","coordinates":[[100.427,-0.658],[100.427,-0.658]]}},{"type":"Feature","properties":{},"geometry":{"type":"LineString","coordinates":[[98.498,3.564],[98.525,3.522],[98.496,3.391],[98.509,3.309],[98.47,3.277],[98.471,3.242]]}},{"type":"Feature","properties":{},"geometry":{"type":"LineString","coordinates":[[97.62,1.027],[97.649,1.001],[97.688,1.001],[97.695,0.933],[97.765,0.962],[97.805,0.922],[97.875,0.933],[97.903,0.895]]}},{"type":"Feature","properties":{},"geometry":{"type":"LineString","coordinates":[[97.535,1.293],[97.507,1.262]]}},{"type":"Feature","properties":{},"geometry":{"type":"LineString","coordinates":[[100.341,1.438],[100.374,1.395],[100.448,1.377],[100.46,1.345],[100.48,1.342],[100.452,1.338],[100.559,1.255],[100.622,1.23],[100.664,1.292],[100.698,1.241],[100.786,1.24],[100.844,1.335],[100.935,1.396],[100.976,1.379],[100.973,1.349]]}},{"type":"Feature","properties":{},"geometry":{"type":"LineString","coordinates":[[100.973,1.349],[100.992,1.207],[100.984,1.082]]}},{"type":"Feature","properties":{},"geometry":{"type":"LineString","coordinates":[[115.598,-2.721],[115.556,-2.831]]}},{"type":"Feature","properties":{},"geometry":{"type":"LineString","coordinates":[[104.631,-3.017],[104.649,-2.984],[104.612,-2.959],[104.623,-2.928],[104.666,-2.974],[104.682,-2.909],[104.668,-2.887],[104.714,-2.866],[104.727,-2.897],[104.768,-2.916],[104.788,-2.901],[104.82,-2.916],[104.833,-2.896],[104.851,-2.908],[104.862,-2.968],[104.835,-2.987],[104.837,-3.013],[104.809,-3.02],[104.811,-3.04],[104.788,-3.029],[104.79,-3.053]]}},{"type":"Feature","properties":{},"geometry":{"type":"LineString","coordinates":[[100.984,1.082],[100.993,0.968]]}},{"type":"Feature","properties":{},"geometry":{"type":"LineString","coordinates":[[95.745,5.569],[95.745,5.569]]}},{"type":"Feature","properties":{},"geometry":{"type":"LineString","coordinates":[[95.31,5.168],[95.307,5.168]]}},{"type":"Feature","properties":{},"geometry":{"type":"LineString","coordinates":[[96.908,5.25],[96.908,5.251]]}},{"type":"Feature","properties":{},"geometry":{"type":"LineString","coordinates":[[99.319,3.433],[99.32,3.433]]}},{"type":"Feature","properties":{},"geometry":{"type":"LineString","coordinates":[[98.71,3.795],[98.71,3.795]]}},{"type":"Feature","properties":{},"geometry":{"type":"LineString","coordinates":[[100.059,2.734],[100.06,2.734]]}},{"type":"Feature","properties":{},"geometry":{"type":"LineString","coordinates":[[97.903,0.895],[97.904,0.894]]}},{"type":"Feature","properties":{},"geometry":{"type":"LineString","coordinates":[[102.375,-3.383],[102.271,-3.366],[102.297,-3.323],[102.291,-3.284],[102.146,-3.206],[102.127,-3.17],[102.137,-3.066],[102.042,-2.984],[102.019,-2.856],[101.967,-2.824],[101.919,-2.736]]}},{"type":"Feature","properties":{},"geometry":{"type":"LineString","coordinates":[[101.919,-2.736],[101.997,-2.724],[102.064,-2.768]]}},{"type":"Feature","properties":{},"geometry":{"type":"LineString","coordinates":[[105.74,-2.132],[105.722,-2.047],[105.772,-2.049],[105.781,-1.998],[105.812,-1.994],[105.709,-1.977],[105.704,-1.894],[105.747,-1.879],[105.756,-1.84],[105.74,-1.827],[105.76,-1.817],[105.744,-1.782]]}},{"type":"Feature","properties":{},"geometry":{"type":"LineString","coordinates":[[101.86,-2.731],[101.919,-2.736]]}},{"type":"Feature","properties":{},"geometry":{"type":"LineString","coordinates":[[105.938,-2.531],[105.981,-2.524],[105.998,-2.455],[106.029,-2.441],[106.034,-2.514],[106.053,-2.515],[106.061,-2.491],[106.103,-2.489],[106.239,-2.583],[106.311,-2.547],[106.458,-2.563],[106.454,-2.608],[106.461,-2.624],[106.488,-2.62],[106.493,-2.676],[106.509,-2.651],[106.568,-2.652],[106.58,-2.684],[106.661,-2.716]]}},{"type":"Feature","properties":{},"geometry":{"type":"LineString","coordinates":[[102.417,-3.476],[102.395,-3.421],[102.369,-3.404],[102.375,-3.383]]}},{"type":"Feature","properties":{},"geometry":{"type":"LineString","coordinates":[[102.62,-3.802],[102.583,-3.745],[102.578,-3.683],[102.528,-3.656],[102.514,-3.593],[102.483,-3.557],[102.434,-3.549],[102.446,-3.529]]}},{"type":"Feature","properties":{},"geometry":{"type":"LineString","coordinates":[[116.195,1.838],[116.294,1.868],[116.354,1.778],[116.416,1.823],[116.489,1.786],[116.44,1.748],[116.461,1.725],[116.528,1.724],[116.544,1.695],[116.604,1.692],[116.659,1.643],[116.76,1.694],[116.892,1.676],[116.887,1.642],[116.911,1.642],[116.902,1.609],[116.927,1.608],[116.927,1.576],[116.985,1.522],[116.979,1.472],[117.009,1.411],[117.085,1.413],[117.136,1.382],[117.189,1.379],[117.212,1.41],[117.241,1.382],[117.28,1.446],[117.334,1.451],[117.334,1.488],[117.373,1.513],[117.394,1.591],[117.456,1.557],[117.495,1.501],[117.529,1.537],[117.549,1.598],[117.56,1.589],[117.581,1.613],[117.642,1.59],[117.664,1.671],[117.725,1.695],[117.82,1.598],[117.832,1.487],[117.865,1.439],[117.841,1.421],[117.837,1.366],[117.907,1.342],[117.941,1.279],[117.982,1.258],[117.995,1.201],[118.039,1.162],[118.188,1.17],[118.223,1.187],[118.31,1.178],[118.349,1.285],[118.381,1.262],[118.482,1.29],[118.573,1.233],[118.602,1.112],[118.699,1.122],[118.751,1.109],[118.787,0.996],[118.856,0.985],[118.865,1.007],[118.903,1.009],[118.953,1.052]]}},{"type":"Feature","properties":{},"geometry":{"type":"LineString","coordinates":[[116.557,-1.588],[116.521,-1.596],[116.386,-1.543],[116.336,-1.334],[116.344,-1.245],[116.378,-1.199],[116.371,-1.144],[116.454,-1.043],[116.442,-0.97]]}},{"type":"Feature","properties":{},"geometry":{"type":"LineString","coordinates":[[101.557,-2.452],[101.542,-2.571],[101.564,-2.571],[101.591,-2.531],[101.61,-2.55],[101.67,-2.528],[101.86,-2.731]]}},{"type":"Feature","properties":{},"geometry":{"type":"LineString","coordinates":[[101.86,-2.731],[101.866,-2.789],[101.807,-2.884],[101.811,-2.92],[101.785,-2.938],[101.79,-2.984],[101.761,-2.982],[101.693,-3.062],[101.531,-3.129]]}},{"type":"Feature","properties":{},"geometry":{"type":"LineString","coordinates":[[115.759,-1.312],[115.759,-1.313]]}},{"type":"Feature","properties":{},"geometry":{"type":"LineString","coordinates":[[101.293,-2.289],[101.557,-2.452]]}},{"type":"Feature","properties":{},"geometry":{"type":"LineString","coordinates":[[102.446,-3.529],[102.425,-3.524],[102.417,-3.476]]}},{"type":"Feature","properties":{},"geometry":{"type":"LineString","coordinates":[[102.375,-3.383],[102.384,-3.355],[102.423,-3.358],[102.45,-3.321],[102.497,-3.322],[102.494,-3.268]]}},{"type":"Feature","properties":{},"geometry":{"type":"LineString","coordinates":[[103.271,-2.753],[103.341,-2.695],[103.361,-2.573],[103.285,-2.512],[103.267,-2.437],[103.227,-2.47],[103.201,-2.461],[103.2,-2.439],[103.143,-2.435],[103.117,-2.451],[103.068,-2.412],[103.079,-2.393],[103.039,-2.387],[103.029,-2.342]]}},{"type":"Feature","properties":{},"geometry":{"type":"LineString","coordinates":[[101.86,-2.731],[101.86,-2.731]]}},{"type":"Feature","properties":{},"geometry":{"type":"LineString","coordinates":[[99.631,2.043],[99.764,2.135],[99.771,2.188],[99.864,2.181],[99.95,2.209],[99.99,2.199],[99.998,2.258],[100.024,2.264],[99.987,2.275],[99.983,2.408],[100.009,2.409],[100.037,2.483],[100.015,2.494],[100.073,2.546],[100.059,2.734]]}},{"type":"Feature","properties":{},"geometry":{"type":"LineString","coordinates":[[105.818,-2.342],[105.878,-2.327],[105.915,-2.27],[105.925,-2.21],[105.959,-2.245],[105.98,-2.228],[106.021,-2.236],[106.043,-2.164],[106.089,-2.144]]}},{"type":"Feature","properties":{},"geometry":{"type":"LineString","coordinates":[[102.477,-1.891],[102.548,-1.918],[102.616,-1.905],[102.713,-1.953],[102.802,-1.932],[102.801,-1.991],[102.908,-1.964],[102.942,-1.973],[102.979,-1.943],[103.08,-1.954],[103.087,-1.98],[103.094,-1.966],[103.169,-1.958],[103.199,-1.91],[103.2,-1.956],[103.181,-1.976],[103.206,-2.014],[103.192,-2.041],[103.231,-2.136]]}},{"type":"Feature","properties":{},"geometry":{"type":"LineString","coordinates":[[103.289,-4.262],[103.316,-4.267]]}},{"type":"Feature","properties":{},"geometry":{"type":"LineString","coordinates":[[103.596,-4.924],[103.604,-4.889],[103.626,-4.89],[103.731,-4.799],[103.791,-4.779]]}},{"type":"Feature","properties":{},"geometry":{"type":"LineString","coordinates":[[115.55,-1.41],[115.513,-1.452],[115.471,-1.43],[115.455,-1.462],[115.441,-1.45]]}},{"type":"Feature","properties":{},"geometry":{"type":"LineString","coordinates":[[103.003,-4.16],[102.9,-4.178],[102.881,-4.241],[102.918,-4.257],[102.862,-4.282],[102.843,-4.345],[102.827,-4.32],[102.796,-4.354]]}},{"type":"Feature","properties":{},"geometry":{"type":"LineString","coordinates":[[115.754,-1.315],[115.759,-1.313]]}},{"type":"Feature","properties":{},"geometry":{"type":"LineString","coordinates":[[102.371,-3.856],[102.407,-3.871],[102.463,-3.844],[102.489,-3.86],[102.51,-3.837],[102.553,-3.833],[102.563,-3.808],[102.62,-3.802]]}},{"type":"Feature","properties":{},"geometry":{"type":"LineString","coordinates":[[102.371,-3.856],[102.299,-3.741],[102.259,-3.755]]}},{"type":"Feature","properties":{},"geometry":{"type":"LineString","coordinates":[[103.751,-0.987],[103.731,-1.064],[103.593,-1.115],[103.543,-1.09],[103.527,-1.122],[103.455,-1.118],[103.448,-1.195],[103.426,-1.22],[103.382,-1.222]]}},{"type":"Feature","properties":{},"geometry":{"type":"LineString","coordinates":[[100.848,-0.343],[100.825,-0.353]]}},{"type":"Feature","properties":{},"geometry":{"type":"LineString","coordinates":[[102.809,-1.423],[102.822,-1.396],[102.891,-1.371],[103.029,-1.455],[103.062,-1.405],[103.055,-1.387],[103.11,-1.4],[103.15,-1.377],[103.17,-1.389],[103.207,-1.36],[103.221,-1.374]]}},{"type":"Feature","properties":{},"geometry":{"type":"LineString","coordinates":[[115.342,-2.338],[115.342,-2.338]]}},{"type":"Feature","properties":{},"geometry":{"type":"LineString","coordinates":[[100.537,-0.279],[100.528,-0.245],[100.465,-0.221],[100.444,-0.186],[100.379,-0.148],[100.38,-0.113],[100.338,-0.088],[100.321,-0.05],[100.265,-0.032]]}},{"type":"Feature","properties":{},"geometry":{"type":"LineString","coordinates":[[101.438,-1.696],[101.629,-1.889]]}},{"type":"Feature","properties":{},"geometry":{"type":"LineString","coordinates":[[102.47,-1.655],[102.431,-1.697],[102.392,-1.7],[102.345,-1.676],[102.185,-1.786],[102.134,-1.791],[102.131,-1.854],[102.058,-1.877],[102.035,-1.905],[101.996,-1.909],[101.977,-1.871],[101.921,-1.839],[101.883,-1.847],[101.829,-1.821],[101.788,-1.829],[101.735,-1.877],[101.661,-1.872],[101.629,-1.889]]}},{"type":"Feature","properties":{},"geometry":{"type":"LineString","coordinates":[[101.557,-2.452],[101.555,-2.352],[101.588,-2.36],[101.614,-2.332],[101.659,-2.347],[101.711,-2.318],[101.779,-2.228],[101.784,-2.195],[101.837,-2.183],[101.783,-2.139],[101.793,-2.105],[101.727,-2.021],[101.73,-2.001],[101.666,-1.973],[101.629,-1.889]]}},{"type":"Feature","properties":{},"geometry":{"type":"LineString","coordinates":[[102.47,-1.655],[102.53,-1.653],[102.524,-1.686],[102.49,-1.706],[102.514,-1.718],[102.507,-1.759],[102.487,-1.76],[102.497,-1.797],[102.457,-1.85],[102.486,-1.884],[102.458,-1.885],[102.458,-1.9]]}},{"type":"Feature","properties":{},"geometry":{"type":"LineString","coordinates":[[102.477,-1.891],[102.458,-1.9]]}},{"type":"Feature","properties":{},"geometry":{"type":"LineString","coordinates":[[100.542,-0.809],[100.545,-0.815]]}},{"type":"Feature","properties":{},"geometry":{"type":"MultiLineString","coordinates":[[[104.515,0.844],[104.54,0.875]],[[104.54,0.875],[104.54,0.875]],[[104.54,0.875],[104.539,0.884]],[[104.539,0.884],[104.539,0.884]],[[104.539,0.884],[104.55,0.928],[104.521,0.96]],[[104.521,0.96],[104.521,0.96]],[[104.521,0.96],[104.5,0.991],[104.468,0.984]]]}},{"type":"Feature","properties":{},"geometry":{"type":"LineString","coordinates":[[105.049,-5.206],[105.059,-5.194],[105.041,-5.185],[105.08,-5.146],[105.083,-5.117],[105.1,-5.161],[105.116,-5.148],[105.138,-5.164],[105.148,-5.13],[105.191,-5.122],[105.224,-5.169],[105.258,-5.179]]}},{"type":"Feature","properties":{},"geometry":{"type":"LineString","coordinates":[[100.545,-0.815],[100.598,-0.797],[100.678,-0.807],[100.684,-0.745],[100.644,-0.745],[100.629,-0.772],[100.542,-0.809]]}},{"type":"Feature","properties":{},"geometry":{"type":"LineString","coordinates":[[100.893,-1.326],[100.799,-1.278],[100.81,-1.244],[100.793,-1.183],[100.753,-1.161],[100.752,-1.125],[100.726,-1.094],[100.644,-1.121],[100.62,-1.061],[100.579,-1.069],[100.539,-0.959]]}},{"type":"Feature","properties":{},"geometry":{"type":"LineString","coordinates":[[100.706,-0.573],[100.689,-0.637],[100.725,-0.662],[100.694,-0.722],[100.714,-0.736],[100.738,-0.724],[100.81,-0.773]]}},{"type":"Feature","properties":{},"geometry":{"type":"LineString","coordinates":[[100.544,-0.815],[100.545,-0.815]]}},{"type":"Feature","properties":{},"geometry":{"type":"LineString","coordinates":[[101.557,-2.452],[101.557,-2.452]]}},{"type":"Feature","properties":{},"geometry":{"type":"LineString","coordinates":[[103.648,-3.248],[103.605,-3.287],[103.627,-3.359]]}},{"type":"Feature","properties":{},"geometry":{"type":"LineString","coordinates":[[102.644,-1.127],[102.697,-1.239],[102.746,-1.261],[102.781,-1.31],[102.809,-1.423]]}},{"type":"Feature","properties":{},"geometry":{"type":"LineString","coordinates":[[102.809,-1.423],[102.809,-1.423]]}},{"type":"Feature","properties":{},"geometry":{"type":"LineString","coordinates":[[100.848,-0.343],[100.848,-0.343]]}},{"type":"Feature","properties":{},"geometry":{"type":"LineString","coordinates":[[102.259,-3.755],[102.258,-3.756]]}},{"type":"Feature","properties":{},"geometry":{"type":"LineString","coordinates":[[100.706,-0.573],[100.705,-0.571]]}},{"type":"Feature","properties":{},"geometry":{"type":"LineString","coordinates":[[101.132,-1.685],[101.065,-1.658],[101.065,-1.635],[101.018,-1.607],[101.02,-1.565],[100.983,-1.528],[100.976,-1.483],[100.942,-1.471],[100.937,-1.425],[100.894,-1.393],[100.907,-1.371],[100.893,-1.326]]}},{"type":"Feature","properties":{},"geometry":{"type":"LineString","coordinates":[[104.258,-3.031],[104.234,-3.02],[104.193,-3.052],[104.166,-3.05]]}},{"type":"Feature","properties":{},"geometry":{"type":"LineString","coordinates":[[104.185,-3.329],[104.128,-3.325],[104.132,-3.344]]}},{"type":"Feature","properties":{},"geometry":{"type":"LineString","coordinates":[[102.064,-2.768],[102.129,-2.835],[102.131,-2.875],[102.222,-2.928],[102.254,-3.035],[102.318,-3.07],[102.389,-3.043],[102.438,-3.057],[102.487,-3.11]]}},{"type":"Feature","properties":{},"geometry":{"type":"LineString","coordinates":[[105.817,-4.65],[105.811,-4.751],[105.757,-4.731],[105.683,-4.746],[105.679,-4.782],[105.649,-4.794],[105.637,-4.851],[105.605,-4.852],[105.591,-4.882],[105.553,-4.878],[105.548,-4.899],[105.535,-4.886],[105.446,-4.901],[105.433,-4.885],[105.399,-4.92],[105.416,-4.961],[105.366,-4.955],[105.333,-4.978],[105.32,-5.005],[105.363,-5.011],[105.366,-5.028],[105.317,-5.054]]}},{"type":"Feature","properties":{},"geometry":{"type":"LineString","coordinates":[[102.487,-3.11],[102.494,-3.268]]}},{"type":"Feature","properties":{},"geometry":{"type":"LineString","coordinates":[[102.999,-3.413],[102.995,-3.525],[102.907,-3.616],[102.848,-3.537],[102.81,-3.53]]}},{"type":"Feature","properties":{},"geometry":{"type":"LineString","coordinates":[[101.023,-2.478],[101.293,-2.289]]}},{"type":"Feature","properties":{},"geometry":{"type":"LineString","coordinates":[[101.023,-2.478],[101.022,-2.478]]}},{"type":"Feature","properties":{},"geometry":{"type":"LineString","coordinates":[[102.81,-3.53],[102.795,-3.583],[102.808,-3.613],[102.771,-3.708],[102.735,-3.717],[102.734,-3.746],[102.697,-3.77],[102.658,-3.772],[102.62,-3.802]]}},{"type":"Feature","properties":{},"geometry":{"type":"LineString","coordinates":[[102.073,-2.765],[102.064,-2.768]]}},{"type":"Feature","properties":{},"geometry":{"type":"LineString","coordinates":[[103.029,-2.342],[103.055,-2.317],[103.067,-2.34],[103.132,-2.353],[103.211,-2.32],[103.198,-2.261],[103.167,-2.229],[103.187,-2.184],[103.226,-2.165],[103.231,-2.136]]}},{"type":"Feature","properties":{},"geometry":{"type":"MultiLineString","coordinates":[[[104.501,-1.681],[104.493,-1.671]],[[104.363,-1.647],[104.429,-1.628],[104.491,-1.668]]]}},{"type":"Feature","properties":{},"geometry":{"type":"LineString","coordinates":[[103.231,-2.136],[103.278,-2.148],[103.338,-2.271],[103.454,-2.36],[103.46,-2.178]]}},{"type":"Feature","properties":{},"geometry":{"type":"LineString","coordinates":[[108.309,-7.337],[108.311,-7.337]]}},{"type":"Feature","properties":{},"geometry":{"type":"LineString","coordinates":[[103.46,-2.178],[103.507,-2.174],[103.559,-2.137],[103.517,-2.114],[103.517,-2.092],[103.563,-2.042],[103.564,-2.017],[103.543,-1.986],[103.5,-1.982],[103.5,-1.96],[103.521,-1.907],[103.586,-1.862],[103.766,-1.816],[103.85,-1.817],[103.873,-1.789],[104.145,-1.715]]}},{"type":"Feature","properties":{},"geometry":{"type":"LineString","coordinates":[[109.352,0.027],[109.309,0.038],[109.291,0.009]]}},{"type":"Feature","properties":{},"geometry":{"type":"LineString","coordinates":[[111.957,-7.998],[111.997,-8.092],[112.122,-8.125],[112.117,-8.158],[112.079,-8.187],[112.029,-8.168],[112.028,-8.313]]}},{"type":"Feature","properties":{},"geometry":{"type":"LineString","coordinates":[[102.62,-3.802],[102.67,-3.826],[102.684,-3.861],[102.701,-3.855],[102.749,-3.891],[102.817,-3.979],[102.862,-3.993],[102.912,-3.97],[102.961,-4.02],[102.998,-4.019]]}},{"type":"Feature","properties":{},"geometry":{"type":"LineString","coordinates":[[102.998,-4.019],[102.958,-4.055],[102.914,-4.062],[102.92,-4.097],[103.003,-4.16]]}},{"type":"Feature","properties":{},"geometry":{"type":"LineString","coordinates":[[111.382,-2.282],[111.382,-2.282]]}},{"type":"Feature","properties":{},"geometry":{"type":"LineString","coordinates":[[109.532,-7.231],[109.491,-7.129],[109.505,-7.1],[109.483,-7.03],[109.498,-6.966],[109.562,-6.924],[109.594,-6.84]]}},{"type":"Feature","properties":{},"geometry":{"type":"LineString","coordinates":[[103.003,-4.16],[103.06,-4.196],[103.051,-4.219],[103.085,-4.268],[103.178,-4.241]]}},{"type":"Feature","properties":{},"geometry":{"type":"LineString","coordinates":[[114.424,-7.935],[114.424,-7.935]]}},{"type":"Feature","properties":{},"geometry":{"type":"LineString","coordinates":[[103.316,-4.267],[103.371,-4.316],[103.409,-4.314],[103.468,-4.355]]}},{"type":"Feature","properties":{},"geometry":{"type":"LineString","coordinates":[[103.791,-4.779],[103.763,-4.742],[103.669,-4.729],[103.705,-4.704],[103.702,-4.664],[103.661,-4.61],[103.599,-4.593],[103.63,-4.557],[103.62,-4.531],[103.572,-4.525],[103.528,-4.572],[103.487,-4.578],[103.408,-4.504],[103.425,-4.401],[103.468,-4.355]]}},{"type":"Feature","properties":{},"geometry":{"type":"LineString","coordinates":[[104.34,-4.867],[104.285,-4.856],[104.254,-4.883],[104.191,-4.863],[104.177,-4.902],[104.144,-4.924],[104.093,-4.918],[104.061,-4.886],[103.976,-4.913],[103.936,-4.885],[103.846,-4.919],[103.856,-4.892]]}},{"type":"Feature","properties":{},"geometry":{"type":"LineString","coordinates":[[102.458,-1.9],[102.477,-1.975],[102.516,-1.982],[102.495,-2.009],[102.547,-2.018],[102.547,-2.078],[102.626,-2.112],[102.629,-2.185],[102.614,-2.209],[102.546,-2.214],[102.463,-2.182],[102.396,-2.329],[102.337,-2.361],[102.338,-2.39],[102.303,-2.393],[102.304,-2.361],[102.276,-2.357],[102.24,-2.403],[102.134,-2.411],[102.124,-2.43],[102.158,-2.485],[102.156,-2.523],[102.094,-2.573],[102.104,-2.601],[102.064,-2.622],[102.087,-2.685],[102.073,-2.765]]}},{"type":"Feature","properties":{},"geometry":{"type":"LineString","coordinates":[[103.382,-1.222],[103.381,-1.236]]}},{"type":"Feature","properties":{},"geometry":{"type":"LineString","coordinates":[[103.856,-4.892],[103.866,-4.848],[103.791,-4.779]]}},{"type":"Feature","properties":{},"geometry":{"type":"LineString","coordinates":[[101.884,-1.135],[101.893,-1.102],[101.878,-1.094],[101.866,-1.112],[101.83,-1.109],[101.824,-0.978]]}},{"type":"Feature","properties":{},"geometry":{"type":"LineString","coordinates":[[101.132,-1.685],[101.169,-1.711],[101.191,-1.676],[101.216,-1.725],[101.267,-1.696],[101.427,-1.677]]}},{"type":"Feature","properties":{},"geometry":{"type":"LineString","coordinates":[[101.28,-2.251],[101.261,-2.102],[101.241,-2.098],[101.24,-2.067]]}},{"type":"Feature","properties":{},"geometry":{"type":"LineString","coordinates":[[107.939,-2.573],[107.946,-2.598],[107.895,-2.633],[107.879,-2.692],[107.906,-2.712],[107.945,-2.709],[107.984,-2.777],[107.866,-2.803],[107.849,-2.824],[107.872,-2.878],[107.784,-2.862],[107.747,-2.888],[107.791,-2.974],[107.864,-3.017],[107.848,-3.059]]}},{"type":"Feature","properties":{},"geometry":{"type":"LineString","coordinates":[[105.823,-4.161],[105.806,-4.123],[105.774,-4.111],[105.76,-4.137]]}},{"type":"Feature","properties":{},"geometry":{"type":"LineString","coordinates":[[102.967,-3.362],[102.958,-3.309],[102.977,-3.292],[102.96,-3.265],[102.927,-3.261],[102.955,-3.237],[102.915,-3.19],[102.917,-3.152],[102.882,-3.157],[102.861,-3.131],[102.833,-3.176],[102.811,-3.179],[102.807,-3.234],[102.77,-3.254],[102.758,-3.29]]}},{"type":"Feature","properties":{},"geometry":{"type":"LineString","coordinates":[[112.111,-7.593],[112.112,-7.565],[112.169,-7.49],[112.125,-7.452],[112.08,-7.474],[112.069,-7.397]]}},{"type":"Feature","properties":{},"geometry":{"type":"LineString","coordinates":[[100.539,-0.959],[100.525,-1.001],[100.477,-1.004],[100.425,-1.072],[100.432,-1.116],[100.366,-1.135]]}},{"type":"Feature","properties":{},"geometry":{"type":"LineString","coordinates":[[105.05,-4.141],[105.05,-4.141]]}},{"type":"Feature","properties":{},"geometry":{"type":"LineString","coordinates":[[103.468,-4.355],[103.468,-4.355]]}},{"type":"Feature","properties":{},"geometry":{"type":"LineString","coordinates":[[105.818,-2.342],[105.818,-2.34]]}},{"type":"Feature","properties":{},"geometry":{"type":"LineString","coordinates":[[106.661,-2.716],[106.663,-2.716]]}},{"type":"Feature","properties":{},"geometry":{"type":"LineString","coordinates":[[105.938,-2.531],[105.938,-2.53]]}},{"type":"Feature","properties":{},"geometry":{"type":"LineString","coordinates":[[101.28,-2.251],[101.37,-2.191],[101.369,-2.174],[101.408,-2.171],[101.409,-2.119],[101.454,-2.093],[101.445,-2.045],[101.429,-2.027],[101.289,-2.026],[101.24,-2.067]]}},{"type":"Feature","properties":{},"geometry":{"type":"LineString","coordinates":[[109.352,0.027],[109.37,0.022]]}},{"type":"Feature","properties":{},"geometry":{"type":"LineString","coordinates":[[109.287,0.006],[109.291,0.009]]}},{"type":"Feature","properties":{},"geometry":{"type":"LineString","coordinates":[[101.191,-0.951],[101.205,-0.968],[101.184,-1.03],[101.142,-1.037],[101.166,-1.055],[101.167,-1.103]]}},{"type":"Feature","properties":{},"geometry":{"type":"LineString","coordinates":[[101.191,-0.951],[101.217,-0.921],[101.287,-0.962],[101.353,-0.955],[101.397,-0.975],[101.396,-0.94],[101.42,-0.927],[101.413,-0.899],[101.439,-0.882],[101.454,-0.834],[101.521,-0.848],[101.548,-0.821]]}},{"type":"Feature","properties":{},"geometry":{"type":"LineString","coordinates":[[106.971,-6.156],[106.973,-6.175]]}},{"type":"Feature","properties":{},"geometry":{"type":"LineString","coordinates":[[106.688,-6.097],[106.673,-6.119],[106.641,-6.123],[106.636,-6.106],[106.613,-6.148],[106.553,-6.185],[106.565,-6.211],[106.589,-6.223],[106.601,-6.205],[106.612,-6.227],[106.638,-6.23]]}},{"type":"Feature","properties":{},"geometry":{"type":"LineString","coordinates":[[106.158,-2.088],[106.13,-2.097],[106.131,-2.057],[106.101,-2.082],[106.045,-2.074],[106.04,-2.113],[106.089,-2.144]]}},{"type":"Feature","properties":{},"geometry":{"type":"LineString","coordinates":[[106.178,-2.148],[106.157,-2.161],[106.089,-2.144]]}},{"type":"Feature","properties":{},"geometry":{"type":"LineString","coordinates":[[105.211,-5.37],[105.202,-5.347],[105.168,-5.348],[105.166,-5.327],[105.116,-5.301],[105.145,-5.253],[105.172,-5.271],[105.153,-5.23],[105.165,-5.2],[105.258,-5.179]]}},{"type":"Feature","properties":{},"geometry":{"type":"LineString","coordinates":[[104.963,-5.576],[105.074,-5.646],[105.081,-5.712],[105.097,-5.706],[105.139,-5.785],[105.195,-5.795]]}},{"type":"Feature","properties":{},"geometry":{"type":"LineString","coordinates":[[104.318,-3.539],[104.316,-3.557]]}},{"type":"Feature","properties":{},"geometry":{"type":"LineString","coordinates":[[106.973,-6.175],[106.944,-6.252],[106.904,-6.262],[106.923,-6.314],[106.914,-6.365]]}},{"type":"Feature","properties":{},"geometry":{"type":"LineString","coordinates":[[105.282,-5.176],[105.258,-5.179]]}},{"type":"Feature","properties":{},"geometry":{"type":"LineString","coordinates":[[104.591,-5.069],[104.548,-5.094]]}},{"type":"Feature","properties":{},"geometry":{"type":"MultiLineString","coordinates":[[[111.417,-7.541],[111.417,-7.541]],[[111.194,-7.618],[111.37,-7.574],[111.384,-7.537],[111.462,-7.509],[111.502,-7.515],[111.511,-7.538]]]}},{"type":"Feature","properties":{},"geometry":{"type":"LineString","coordinates":[[112.418,-7.764],[112.417,-7.764]]}},{"type":"Feature","properties":{},"geometry":{"type":"LineString","coordinates":[[111.425,-8.17],[111.477,-8.173],[111.483,-8.108],[111.528,-8.107],[111.535,-8.06],[111.573,-8.048],[111.591,-8.019],[111.637,-8.002],[111.653,-8.02],[111.664,-7.968],[111.647,-7.954],[111.689,-7.933],[111.7,-7.897],[111.743,-7.879],[111.755,-7.908]]}},{"type":"Feature","properties":{},"geometry":{"type":"LineString","coordinates":[[104.51,-4.943],[104.442,-4.943],[104.412,-4.864],[104.34,-4.867]]}},{"type":"Feature","properties":{},"geometry":{"type":"LineString","coordinates":[[105.345,-5.518],[105.326,-5.465],[105.342,-5.42],[105.306,-5.358],[105.291,-5.369],[105.295,-5.347],[105.261,-5.351],[105.254,-5.327],[105.211,-5.37]]}},{"type":"Feature","properties":{},"geometry":{"type":"LineString","coordinates":[[104.315,-5.354],[104.419,-5.452],[104.431,-5.507],[104.479,-5.54],[104.49,-5.608],[104.52,-5.6],[104.568,-5.62],[104.628,-5.692],[104.614,-5.745],[104.589,-5.754],[104.654,-5.821],[104.634,-5.843],[104.659,-5.936]]}},{"type":"Feature","properties":{},"geometry":{"type":"LineString","coordinates":[[104.793,-5.157],[104.751,-5.118],[104.721,-5.125],[104.7,-5.156],[104.652,-5.132],[104.608,-5.138],[104.548,-5.094]]}},{"type":"Feature","properties":{},"geometry":{"type":"LineString","coordinates":[[105.05,-4.141],[105.067,-4.214],[105.101,-4.227],[105.196,-4.179],[105.232,-4.191]]}},{"type":"Feature","properties":{},"geometry":{"type":"LineString","coordinates":[[110.703,-7.594],[110.6,-7.569],[110.597,-7.588],[110.547,-7.601],[110.54,-7.628],[110.445,-7.541]]}},{"type":"Feature","properties":{},"geometry":{"type":"LineString","coordinates":[[119.675,-9.829],[119.756,-9.705],[119.846,-9.659],[119.841,-9.578],[119.926,-9.485],[119.898,-9.431],[119.909,-9.383],[119.876,-9.371],[119.865,-9.343]]}},{"type":"Feature","properties":{},"geometry":{"type":"LineString","coordinates":[[120.518,-8.818],[120.498,-8.715],[120.468,-8.686],[120.491,-8.646],[120.524,-8.638],[120.51,-8.565],[120.546,-8.5],[120.514,-8.409],[120.478,-8.382],[120.493,-8.292]]}},{"type":"Feature","properties":{},"geometry":{"type":"MultiLineString","coordinates":[[[124.083,-9.633],[124.055,-9.654],[124.083,-9.674],[124.098,-9.656],[124.111,-9.684],[124.067,-9.759],[124.094,-9.809],[124.086,-9.964],[124.125,-9.976],[124.165,-10.018],[124.143,-10.023],[124.207,-10.087],[124.224,-10.163]],[[124.19,-9.483],[124.185,-9.511],[124.122,-9.473],[124.158,-9.557],[124.12,-9.553],[124.078,-9.587],[124.083,-9.633]]]}},{"type":"Feature","properties":{},"geometry":{"type":"LineString","coordinates":[[105.196,-4.594],[105.172,-4.61],[105.18,-4.64],[105.143,-4.676],[105.125,-4.726]]}},{"type":"Feature","properties":{},"geometry":{"type":"LineString","coordinates":[[105.817,-4.65],[105.781,-4.633],[105.779,-4.605],[105.805,-4.585],[105.792,-4.551],[105.771,-4.553],[105.771,-4.529],[105.713,-4.531],[105.68,-4.485],[105.646,-4.509],[105.643,-4.481],[105.621,-4.518],[105.588,-4.515],[105.581,-4.535],[105.492,-4.482],[105.369,-4.521],[105.293,-4.617],[105.245,-4.641],[105.212,-4.635],[105.216,-4.6],[105.196,-4.594]]}},{"type":"Feature","properties":{},"geometry":{"type":"LineString","coordinates":[[105.817,-4.65],[105.838,-4.62],[105.857,-4.633],[105.853,-4.675],[105.888,-4.689]]}},{"type":"Feature","properties":{},"geometry":{"type":"LineString","coordinates":[[103.202,-3.501],[103.176,-3.452],[103.102,-3.475],[103.043,-3.417],[102.999,-3.413]]}},{"type":"Feature","properties":{},"geometry":{"type":"LineString","coordinates":[[104.802,-3.072],[104.806,-3.055],[104.79,-3.053]]}},{"type":"Feature","properties":{},"geometry":{"type":"LineString","coordinates":[[104.551,-3.8],[104.622,-3.712],[104.635,-3.653],[104.66,-3.65]]}},{"type":"Feature","properties":{},"geometry":{"type":"LineString","coordinates":[[104.802,-3.072],[104.83,-3.074],[104.855,-3.11],[104.88,-3.099],[104.884,-3.142],[104.923,-3.159],[104.961,-3.168],[105.05,-3.148],[105.044,-3.114],[105.084,-3.105],[105.083,-3],[105.127,-2.941],[105.189,-3.107],[105.209,-3.11],[105.26,-2.983],[105.281,-2.975],[105.293,-2.994],[105.305,-2.978],[105.289,-2.958],[105.299,-2.904],[105.285,-2.883],[105.271,-2.898],[105.259,-2.882],[105.278,-2.827],[105.249,-2.807],[105.255,-2.756],[105.206,-2.732],[105.215,-2.685],[105.174,-2.647],[105.205,-2.631],[105.201,-2.582],[105.229,-2.542],[105.253,-2.553],[105.312,-2.499],[105.334,-2.448],[105.472,-2.464],[105.526,-2.423],[105.569,-2.416]]}},{"type":"Feature","properties":{},"geometry":{"type":"LineString","coordinates":[[103.178,-4.241],[103.187,-4.165],[103.165,-4.117],[103.146,-4.115],[103.12,-4.016],[103.19,-3.989],[103.29,-4.008],[103.278,-4.032],[103.329,-4.066],[103.353,-4.003],[103.415,-3.985],[103.395,-4.064],[103.36,-4.098],[103.356,-4.163],[103.376,-4.211]]}},{"type":"Feature","properties":{},"geometry":{"type":"LineString","coordinates":[[104.258,-3.031],[104.498,-3.081],[104.545,-3.033],[104.582,-3.034],[104.596,-3.053],[104.631,-3.017]]}},{"type":"Feature","properties":{},"geometry":{"type":"LineString","coordinates":[[104.677,-3.049],[104.677,-3.049]]}},{"type":"Feature","properties":{},"geometry":{"type":"LineString","coordinates":[[105.211,-5.37],[105.211,-5.37]]}},{"type":"Feature","properties":{},"geometry":{"type":"LineString","coordinates":[[105.345,-5.518],[105.345,-5.518]]}},{"type":"Feature","properties":{},"geometry":{"type":"LineString","coordinates":[[100.458,-0.726],[100.458,-0.726]]}},{"type":"Feature","properties":{},"geometry":{"type":"LineString","coordinates":[[101.427,-1.677],[101.427,-1.677]]}},{"type":"Feature","properties":{},"geometry":{"type":"LineString","coordinates":[[101.191,-0.951],[101.191,-0.951]]}},{"type":"Feature","properties":{},"geometry":{"type":"LineString","coordinates":[[100.291,-0.817],[100.291,-0.817]]}},{"type":"Feature","properties":{},"geometry":{"type":"LineString","coordinates":[[122.007,-8.514],[121.986,-8.543],[122.005,-8.555],[121.991,-8.606],[121.966,-8.613],[121.974,-8.655],[121.927,-8.712],[121.952,-8.753],[121.993,-8.754],[121.995,-8.805]]}},{"type":"Feature","properties":{},"geometry":{"type":"LineString","coordinates":[[100.016,-0.097],[100.011,-0.068],[100.038,-0.067],[100.024,-0.023],[100.037,0.01],[99.981,0.071],[100.042,0.152],[100.064,0.15],[100.061,0.244],[100.023,0.249],[99.98,0.287],[99.923,0.293],[99.916,0.314],[99.858,0.32],[99.85,0.302],[99.795,0.3],[99.787,0.321],[99.757,0.317],[99.777,0.359],[99.744,0.382],[99.749,0.401],[99.772,0.4],[99.768,0.421],[99.824,0.418],[99.827,0.459]]}},{"type":"Feature","properties":{},"geometry":{"type":"LineString","coordinates":[[100.825,-0.353],[100.825,-0.353]]}},{"type":"Feature","properties":{},"geometry":{"type":"LineString","coordinates":[[110.233,-7.815],[110.217,-7.737],[110.233,-7.713],[110.27,-7.706]]}},{"type":"Feature","properties":{},"geometry":{"type":"LineString","coordinates":[[106.725,-6.089],[106.725,-6.09]]}},{"type":"Feature","properties":{},"geometry":{"type":"LineString","coordinates":[[101.427,-1.677],[101.441,-1.627],[101.51,-1.573],[101.541,-1.514],[101.527,-1.486],[101.561,-1.444],[101.609,-1.437],[101.672,-1.389],[101.597,-1.349],[101.587,-1.325],[101.515,-1.338],[101.526,-1.304],[101.469,-1.282],[101.45,-1.211],[101.411,-1.184],[101.403,-1.15],[101.441,-1.086],[101.454,-1.011],[101.429,-1.005],[101.404,-1.038],[101.344,-1.044],[101.351,-1.131],[101.3,-1.144],[101.293,-1.174],[101.167,-1.103]]}},{"type":"Feature","properties":{},"geometry":{"type":"LineString","coordinates":[[101.884,-1.135],[101.884,-1.135]]}},{"type":"Feature","properties":{},"geometry":{"type":"LineString","coordinates":[[103.468,-4.355],[103.468,-4.355]]}},{"type":"Feature","properties":{},"geometry":{"type":"LineString","coordinates":[[103.271,-2.753],[103.271,-2.753]]}},{"type":"Feature","properties":{},"geometry":{"type":"LineString","coordinates":[[104.802,-3.072],[104.802,-3.072]]}},{"type":"Feature","properties":{},"geometry":{"type":"LineString","coordinates":[[100.341,1.438],[100.223,1.404],[100.181,1.417],[100.123,1.406],[100.053,1.378]]}},{"type":"Feature","properties":{},"geometry":{"type":"LineString","coordinates":[[98.623,3.105],[98.629,3.124],[98.602,3.163],[98.623,3.233],[98.558,3.2],[98.539,3.247],[98.471,3.242]]}},{"type":"Feature","properties":{},"geometry":{"type":"LineString","coordinates":[[98.501,3.672],[98.505,3.745],[98.536,3.791],[98.582,3.81],[98.604,3.868],[98.664,3.908]]}},{"type":"Feature","properties":{},"geometry":{"type":"LineString","coordinates":[[105.816,-5.576],[105.818,-5.575]]}},{"type":"Feature","properties":{},"geometry":{"type":"MultiLineString","coordinates":[[[102.967,-3.362],[102.988,-3.368],[102.999,-3.413]],[[102.758,-3.29],[102.751,-3.309],[102.675,-3.316],[102.638,-3.338],[102.592,-3.317],[102.568,-3.277],[102.545,-3.291],[102.494,-3.268]]]}},{"type":"Feature","properties":{},"geometry":{"type":"LineString","coordinates":[[104.185,-3.329],[104.234,-3.283],[104.21,-3.258],[104.235,-3.206],[104.258,-3.031]]}},{"type":"Feature","properties":{},"geometry":{"type":"LineString","coordinates":[[104.468,0.984],[104.466,0.984]]}},{"type":"Feature","properties":{},"geometry":{"type":"LineString","coordinates":[[97.548,0.889],[97.548,0.888]]}},{"type":"Feature","properties":{},"geometry":{"type":"LineString","coordinates":[[97.362,1.091],[97.362,1.09]]}},{"type":"Feature","properties":{},"geometry":{"type":"LineString","coordinates":[[100.159,-0.676],[100.159,-0.676]]}},{"type":"Feature","properties":{},"geometry":{"type":"LineString","coordinates":[[100.092,-0.572],[100.092,-0.572]]}},{"type":"Feature","properties":{},"geometry":{"type":"LineString","coordinates":[[103.316,-4.267],[103.376,-4.211]]}},{"type":"Feature","properties":{},"geometry":{"type":"LineString","coordinates":[[100.994,0.956],[100.993,0.968]]}},{"type":"Feature","properties":{},"geometry":{"type":"LineString","coordinates":[[106.97,-6.091],[106.97,-6.091]]}},{"type":"Feature","properties":{},"geometry":{"type":"MultiLineString","coordinates":[[[108.387,-7.073],[108.387,-7.073]],[[108.403,-6.79],[108.387,-7.073]]]}},{"type":"Feature","properties":{},"geometry":{"type":"LineString","coordinates":[[104.79,-3.053],[104.775,-3.035],[104.751,-3.039],[104.725,-3.091],[104.711,-3.058],[104.677,-3.049]]}},{"type":"Feature","properties":{},"geometry":{"type":"LineString","coordinates":[[103.856,-4.892],[103.812,-4.892],[103.832,-4.943],[103.897,-4.973],[103.973,-4.969],[104.019,-5.044],[104.003,-5.098],[104.063,-5.099],[104.121,-5.175],[104.223,-5.218],[104.315,-5.354]]}},{"type":"Feature","properties":{},"geometry":{"type":"LineString","coordinates":[[105.252,-5.49],[105.225,-5.49],[105.221,-5.446],[105.181,-5.446],[105.178,-5.406],[105.211,-5.37]]}},{"type":"Feature","properties":{},"geometry":{"type":"LineString","coordinates":[[110.463,-6.931],[110.509,-6.957],[110.481,-7.056],[110.501,-7.067],[110.478,-7.087]]}},{"type":"Feature","properties":{},"geometry":{"type":"LineString","coordinates":[[100.81,-0.773],[100.811,-0.795],[100.851,-0.784],[100.888,-0.828],[100.962,-0.804],[100.954,-0.831],[100.995,-0.854],[101,-0.877],[101.046,-0.886],[101.067,-0.949],[101.05,-0.968],[101.066,-0.989],[101.191,-0.951]]}},{"type":"Feature","properties":{},"geometry":{"type":"MultiLineString","coordinates":[[[114.498,-3.523],[114.515,-3.502],[114.507,-3.388],[114.522,-3.363]],[[114.639,-3.276],[114.78,-3.23],[114.789,-3.203],[114.822,-3.201],[114.826,-3.165],[114.869,-3.137],[114.869,-3.064],[114.831,-3.094],[114.828,-3.015]]]}},{"type":"Feature","properties":{},"geometry":{"type":"LineString","coordinates":[[118.713,-8.496],[118.713,-8.496]]}},{"type":"Feature","properties":{},"geometry":{"type":"LineString","coordinates":[[102.446,-3.529],[102.53,-3.494],[102.722,-3.553],[102.81,-3.53]]}},{"type":"Feature","properties":{},"geometry":{"type":"LineString","coordinates":[[99.466,2.548],[99.419,2.46],[99.502,2.395],[99.52,2.4],[99.524,2.459],[99.521,2.351],[99.582,2.337],[99.587,2.315],[99.55,2.307],[99.538,2.25],[99.428,2.218],[99.395,2.171]]}},{"type":"Feature","properties":{},"geometry":{"type":"LineString","coordinates":[[105.287,-5.171],[105.282,-5.176]]}},{"type":"Feature","properties":{},"geometry":{"type":"LineString","coordinates":[[102.487,-3.11],[102.697,-3.006],[102.741,-3.014],[102.779,-2.992],[102.847,-2.991],[102.87,-2.973],[102.873,-2.927],[102.912,-2.934],[102.901,-2.886],[103.101,-2.846],[103.12,-2.771],[103.271,-2.753]]}},{"type":"Feature","properties":{},"geometry":{"type":"LineString","coordinates":[[109.368,0.197],[109.368,0.197]]}},{"type":"Feature","properties":{},"geometry":{"type":"LineString","coordinates":[[104.548,-5.094],[104.514,-5.136],[104.496,-5.127],[104.374,-5.199],[104.364,-5.281],[104.389,-5.283],[104.399,-5.303],[104.36,-5.303],[104.374,-5.329],[104.348,-5.341],[104.334,-5.324],[104.315,-5.354]]}},{"type":"Feature","properties":{},"geometry":{"type":"LineString","coordinates":[[104.793,-5.157],[104.824,-5.199],[104.861,-5.202],[104.872,-5.233],[104.925,-5.266],[105.049,-5.206]]}},{"type":"Feature","properties":{},"geometry":{"type":"LineString","coordinates":[[120.287,-8.284],[120.287,-8.282]]}},{"type":"Feature","properties":{},"geometry":{"type":"LineString","coordinates":[[104.946,-4.192],[104.942,-4.232],[104.986,-4.257],[104.996,-4.288],[104.989,-4.334],[105.003,-4.353],[104.982,-4.351],[104.981,-4.385],[105.026,-4.409],[105.049,-4.401],[105.07,-4.436],[105.017,-4.466],[104.986,-4.446],[104.933,-4.488],[104.926,-4.515]]}},{"type":"Feature","properties":{},"geometry":{"type":"LineString","coordinates":[[106.971,-6.156],[106.97,-6.091]]}},{"type":"Feature","properties":{},"geometry":{"type":"LineString","coordinates":[[98.736,3.215],[98.733,3.145],[98.697,3.042],[98.694,3.072],[98.634,3.063],[98.623,3.105]]}},{"type":"Feature","properties":{},"geometry":{"type":"LineString","coordinates":[[99.051,1.701],[99.077,1.699],[99.143,1.64],[99.26,1.726],[99.256,1.824],[99.35,1.835],[99.362,1.868],[99.339,1.905],[99.379,1.951],[99.483,1.946],[99.445,2.023],[99.459,2.125]]}},{"type":"Feature","properties":{},"geometry":{"type":"LineString","coordinates":[[98.782,1.43],[98.842,1.431],[98.831,1.45],[98.856,1.468],[98.902,1.439],[98.987,1.448],[98.924,1.468],[99.012,1.482],[98.989,1.523],[99.037,1.558],[99.004,1.547],[99.057,1.645],[99.051,1.701]]}},{"type":"Feature","properties":{},"geometry":{"type":"LineString","coordinates":[[99.841,1.801],[99.829,1.91],[99.846,1.92],[99.83,1.954],[99.856,1.973],[99.839,1.994],[99.85,2.004],[99.792,2.024],[99.742,2.002],[99.701,1.943],[99.709,1.969],[99.684,1.983],[99.695,2.027],[99.631,2.043]]}},{"type":"Feature","properties":{},"geometry":{"type":"LineString","coordinates":[[106.78,-6.316],[106.748,-6.25]]}},{"type":"Feature","properties":{},"geometry":{"type":"LineString","coordinates":[[106.712,-6.096],[106.725,-6.09]]}},{"type":"Feature","properties":{},"geometry":{"type":"LineString","coordinates":[[106.525,-6.762],[106.467,-6.751],[106.43,-6.682],[106.43,-6.58],[106.401,-6.453],[106.44,-6.45],[106.455,-6.427],[106.427,-6.348]]}},{"type":"Feature","properties":{},"geometry":{"type":"LineString","coordinates":[[106.651,-6.362],[106.662,-6.317],[106.638,-6.23]]}},{"type":"Feature","properties":{},"geometry":{"type":"LineString","coordinates":[[106.638,-6.23],[106.688,-6.23],[106.704,-6.256],[106.748,-6.25]]}},{"type":"Feature","properties":{},"geometry":{"type":"LineString","coordinates":[[106.748,-6.25],[106.737,-6.224]]}},{"type":"Feature","properties":{},"geometry":{"type":"LineString","coordinates":[[112.455,-7.778],[112.456,-7.779]]}},{"type":"Feature","properties":{},"geometry":{"type":"LineString","coordinates":[[108.043,-6.639],[108.019,-6.663],[107.855,-6.579]]}},{"type":"Feature","properties":{},"geometry":{"type":"LineString","coordinates":[[111.512,-7.649],[111.511,-7.659]]}},{"type":"Feature","properties":{},"geometry":{"type":"LineString","coordinates":[[108.559,-7.332],[108.559,-7.332]]}},{"type":"Feature","properties":{},"geometry":{"type":"LineString","coordinates":[[113.237,-7.74],[113.243,-7.795],[113.217,-7.82],[113.208,-7.804],[113.179,-7.81],[113.163,-7.772],[113.18,-7.744]]}},{"type":"Feature","properties":{},"geometry":{"type":"LineString","coordinates":[[110.211,-7.986],[110.273,-7.91],[110.257,-7.866],[110.221,-7.837],[110.233,-7.815]]}},{"type":"Feature","properties":{},"geometry":{"type":"LineString","coordinates":[[112.663,-7.56],[112.663,-7.56]]}},{"type":"Feature","properties":{},"geometry":{"type":"LineString","coordinates":[[112.663,-7.56],[112.652,-7.598],[112.621,-7.615],[112.623,-7.668],[112.575,-7.733]]}},{"type":"Feature","properties":{},"geometry":{"type":"LineString","coordinates":[[112.498,-7.407],[112.566,-7.398],[112.589,-7.37],[112.664,-7.351]]}},{"type":"Feature","properties":{},"geometry":{"type":"LineString","coordinates":[[114.057,-8.128],[114.147,-8.101],[114.184,-8.121],[114.214,-8.1],[114.249,-8.046],[114.224,-7.987]]}},{"type":"Feature","properties":{},"geometry":{"type":"LineString","coordinates":[[111.149,-7.264],[111.149,-7.264]]}},{"type":"Feature","properties":{},"geometry":{"type":"LineString","coordinates":[[112.59,-7.765],[112.59,-7.765]]}},{"type":"Feature","properties":{},"geometry":{"type":"LineString","coordinates":[[110.351,-7.768],[110.351,-7.825],[110.405,-7.83],[110.397,-7.788]]}},{"type":"Feature","properties":{},"geometry":{"type":"LineString","coordinates":[[112.371,-7.324],[112.391,-7.333],[112.411,-7.312],[112.478,-7.305],[112.476,-7.385],[112.495,-7.408]]}},{"type":"Feature","properties":{},"geometry":{"type":"LineString","coordinates":[[113.361,-8.028],[113.341,-7.942],[113.275,-7.925],[113.263,-7.896],[113.207,-7.9],[113.206,-7.926],[113.15,-7.98],[113.113,-7.995],[113.079,-7.984],[113.06,-8.011],[113.009,-7.963],[112.941,-7.982]]}},{"type":"Feature","properties":{},"geometry":{"type":"LineString","coordinates":[[112.082,-7.383],[112.069,-7.397]]}},{"type":"Feature","properties":{},"geometry":{"type":"LineString","coordinates":[[112.589,-7.763],[112.632,-7.798],[112.733,-7.818],[112.806,-7.925],[112.935,-7.956]]}},{"type":"Feature","properties":{},"geometry":{"type":"LineString","coordinates":[[112.902,-7.626],[112.903,-7.625]]}},{"type":"Feature","properties":{},"geometry":{"type":"LineString","coordinates":[[112.346,-7.345],[112.371,-7.324]]}},{"type":"Feature","properties":{},"geometry":{"type":"LineString","coordinates":[[112.59,-7.765],[112.564,-7.879],[112.595,-7.906],[112.475,-7.939],[112.5,-7.816],[112.49,-7.765]]}},{"type":"Feature","properties":{},"geometry":{"type":"LineString","coordinates":[[108.324,-6.621],[108.361,-6.555],[108.394,-6.534],[108.438,-6.522],[108.455,-6.573],[108.539,-6.516]]}},{"type":"Feature","properties":{},"geometry":{"type":"LineString","coordinates":[[112.574,-7.733],[112.575,-7.733]]}},{"type":"Feature","properties":{},"geometry":{"type":"LineString","coordinates":[[108.662,-7.353],[108.651,-7.388],[108.631,-7.382],[108.616,-7.406],[108.6,-7.394],[108.567,-7.444],[108.544,-7.412],[108.47,-7.382],[108.489,-7.35],[108.524,-7.359],[108.559,-7.332]]}},{"type":"Feature","properties":{},"geometry":{"type":"LineString","coordinates":[[111.425,-8.17],[111.392,-8.233],[111.404,-8.271]]}},{"type":"Feature","properties":{},"geometry":{"type":"LineString","coordinates":[[108.695,-7.152],[108.696,-7.152]]}},{"type":"Feature","properties":{},"geometry":{"type":"LineString","coordinates":[[112.574,-7.733],[112.528,-7.735],[112.49,-7.765]]}},{"type":"Feature","properties":{},"geometry":{"type":"LineString","coordinates":[[108.167,-7.063],[108.315,-7.057],[108.342,-7.07],[108.356,-7.052],[108.387,-7.073]]}},{"type":"Feature","properties":{},"geometry":{"type":"LineString","coordinates":[[112.456,-7.779],[112.49,-7.765]]}},{"type":"Feature","properties":{},"geometry":{"type":"LineString","coordinates":[[112.935,-7.956],[112.935,-7.956]]}},{"type":"Feature","properties":{},"geometry":{"type":"LineString","coordinates":[[112.069,-7.397],[111.944,-7.406],[111.96,-7.427],[111.94,-7.44],[111.821,-7.44],[111.8,-7.461]]}},{"type":"Feature","properties":{},"geometry":{"type":"LineString","coordinates":[[112.371,-7.324],[112.371,-7.324]]}},{"type":"Feature","properties":{},"geometry":{"type":"LineString","coordinates":[[112.498,-7.407],[112.495,-7.408]]}},{"type":"Feature","properties":{},"geometry":{"type":"LineString","coordinates":[[111.623,-6.982],[111.623,-6.981]]}},{"type":"Feature","properties":{},"geometry":{"type":"LineString","coordinates":[[108.662,-7.353],[108.662,-7.352]]}},{"type":"Feature","properties":{},"geometry":{"type":"LineString","coordinates":[[112.455,-7.778],[112.41,-7.645],[112.383,-7.644],[112.364,-7.553],[112.374,-7.487],[112.405,-7.461],[112.333,-7.454],[112.353,-7.413],[112.332,-7.38],[112.346,-7.345]]}},{"type":"Feature","properties":{},"geometry":{"type":"LineString","coordinates":[[112.935,-7.956],[112.953,-7.945],[112.954,-7.9],[113.047,-7.82],[113.055,-7.748],[113.096,-7.706]]}},{"type":"Feature","properties":{},"geometry":{"type":"LineString","coordinates":[[113.643,-6.887],[113.636,-6.917],[113.65,-6.92],[113.608,-6.974],[113.619,-7.009],[113.592,-7.009],[113.576,-7.031],[113.605,-7.042],[113.591,-7.061],[113.621,-7.085],[113.602,-7.128]]}},{"type":"Feature","properties":{},"geometry":{"type":"LineString","coordinates":[[108.403,-6.79],[108.359,-6.751],[108.368,-6.699],[108.337,-6.671],[108.346,-6.625],[108.324,-6.621]]}},{"type":"Feature","properties":{},"geometry":{"type":"LineString","coordinates":[[112.941,-7.982],[112.935,-7.956]]}},{"type":"Feature","properties":{},"geometry":{"type":"LineString","coordinates":[[112.575,-7.733],[112.589,-7.763]]}},{"type":"Feature","properties":{},"geometry":{"type":"LineString","coordinates":[[110.902,-6.626],[110.913,-6.5],[110.974,-6.457],[110.969,-6.41]]}},{"type":"Feature","properties":{},"geometry":{"type":"LineString","coordinates":[[110.621,-7.227],[110.621,-7.226]]}},{"type":"Feature","properties":{},"geometry":{"type":"LineString","coordinates":[[109.103,-6.84],[109.077,-6.889]]}},{"type":"Feature","properties":{},"geometry":{"type":"LineString","coordinates":[[110.258,-7.194],[110.257,-7.194]]}},{"type":"Feature","properties":{},"geometry":{"type":"LineString","coordinates":[[109.752,-7.446],[109.752,-7.446]]}},{"type":"Feature","properties":{},"geometry":{"type":"LineString","coordinates":[[111.28,-7.918],[111.233,-7.949],[111.183,-7.916],[111.154,-7.922],[111.126,-7.97],[111.135,-8.021],[111.112,-8.063],[111.08,-8.043],[111.032,-8.08],[110.953,-8.062],[110.908,-8.116],[110.9,-8.211]]}},{"type":"Feature","properties":{},"geometry":{"type":"LineString","coordinates":[[109.203,-7.247],[109.224,-7.246]]}},{"type":"Feature","properties":{},"geometry":{"type":"LineString","coordinates":[[110.758,-6.794],[110.792,-6.754],[110.829,-6.756],[110.821,-6.708],[110.839,-6.703],[110.862,-6.624],[110.902,-6.626]]}},{"type":"Feature","properties":{},"geometry":{"type":"LineString","coordinates":[[110.258,-7.194],[110.366,-7.176],[110.344,-7.155],[110.353,-7.104]]}},{"type":"Feature","properties":{},"geometry":{"type":"LineString","coordinates":[[109.433,-7.536],[109.433,-7.536]]}},{"type":"Feature","properties":{},"geometry":{"type":"LineString","coordinates":[[110.805,-7.459],[110.805,-7.459]]}},{"type":"Feature","properties":{},"geometry":{"type":"LineString","coordinates":[[124.342,0.648],[124.38,0.658],[124.349,0.731],[124.357,0.755]]}},{"type":"Feature","properties":{},"geometry":{"type":"LineString","coordinates":[[108.559,-7.332],[108.583,-7.35],[108.648,-7.337],[108.662,-7.352]]}},{"type":"Feature","properties":{},"geometry":{"type":"LineString","coordinates":[[110.477,-7.087],[110.505,-7.123],[110.57,-7.148]]}},{"type":"Feature","properties":{},"geometry":{"type":"LineString","coordinates":[[122.111,-4.538],[122.105,-4.501],[122.053,-4.488],[122.002,-4.431],[121.882,-4.377]]}},{"type":"Feature","properties":{},"geometry":{"type":"LineString","coordinates":[[108.695,-7.152],[108.617,-7.144],[108.568,-7.165],[108.563,-7.194]]}},{"type":"Feature","properties":{},"geometry":{"type":"LineString","coordinates":[[111.182,-7.711],[111.237,-7.75],[111.289,-7.741],[111.289,-7.794]]}},{"type":"Feature","properties":{},"geometry":{"type":"LineString","coordinates":[[115.374,-3.862],[115.345,-3.767],[115.325,-3.755],[115.324,-3.705],[115.283,-3.7],[115.262,-3.667],[115.261,-3.562]]}},{"type":"Feature","properties":{},"geometry":{"type":"LineString","coordinates":[[110.477,-7.087],[110.459,-7.077],[110.396,-7.115],[110.376,-7.095],[110.353,-7.104]]}},{"type":"Feature","properties":{},"geometry":{"type":"LineString","coordinates":[[115.399,-2.453],[115.496,-2.467],[115.531,-2.499],[115.545,-2.481],[115.59,-2.479],[115.603,-2.504],[115.751,-2.532]]}},{"type":"Feature","properties":{},"geometry":{"type":"LineString","coordinates":[[115.342,-2.338],[115.349,-2.34]]}},{"type":"Feature","properties":{},"geometry":{"type":"LineString","coordinates":[[115.349,-2.34],[115.349,-2.34]]}},{"type":"Feature","properties":{},"geometry":{"type":"LineString","coordinates":[[109.362,-7.485],[109.401,-7.467],[109.419,-7.479],[109.439,-7.449],[109.505,-7.45],[109.502,-7.411],[109.546,-7.405],[109.519,-7.343],[109.528,-7.323],[109.563,-7.332],[109.585,-7.293],[109.539,-7.244]]}},{"type":"Feature","properties":{},"geometry":{"type":"LineString","coordinates":[[108.979,0.997],[108.978,0.998]]}},{"type":"Feature","properties":{},"geometry":{"type":"LineString","coordinates":[[121.471,-4.591],[121.471,-4.591]]}},{"type":"Feature","properties":{},"geometry":{"type":"LineString","coordinates":[[110.941,-7.74],[110.969,-7.741],[110.969,-7.771],[111.019,-7.759],[111.046,-7.783],[111.051,-7.759],[111.112,-7.749],[111.142,-7.709],[111.182,-7.712]]}},{"type":"Feature","properties":{},"geometry":{"type":"LineString","coordinates":[[108.761,-6.988],[108.794,-7.008],[108.776,-7.039],[108.778,-7.095],[108.767,-7.113],[108.726,-7.115],[108.696,-7.152]]}},{"type":"Feature","properties":{},"geometry":{"type":"LineString","coordinates":[[110.439,-7.453],[110.379,-7.335],[110.326,-7.323]]}},{"type":"Feature","properties":{},"geometry":{"type":"LineString","coordinates":[[109.332,-7.437],[109.332,-7.437]]}},{"type":"Feature","properties":{},"geometry":{"type":"LineString","coordinates":[[111.148,-7.525],[111.153,-7.562],[111.194,-7.618]]}},{"type":"Feature","properties":{},"geometry":{"type":"LineString","coordinates":[[110.57,-7.148],[110.57,-7.148]]}},{"type":"Feature","properties":{},"geometry":{"type":"LineString","coordinates":[[108.563,-7.194],[108.563,-7.194]]}},{"type":"Feature","properties":{},"geometry":{"type":"LineString","coordinates":[[110.307,-6.937],[110.307,-6.936]]}},{"type":"Feature","properties":{},"geometry":{"type":"LineString","coordinates":[[110.804,-6.98],[110.804,-6.98]]}},{"type":"Feature","properties":{},"geometry":{"type":"LineString","coordinates":[[109.917,-7.19],[109.917,-7.191]]}},{"type":"Feature","properties":{},"geometry":{"type":"LineString","coordinates":[[109.381,-7.666],[109.392,-7.725]]}},{"type":"Feature","properties":{},"geometry":{"type":"LineString","coordinates":[[110.256,-7.196],[110.257,-7.194]]}},{"type":"Feature","properties":{},"geometry":{"type":"LineString","coordinates":[[109.753,-7.447],[109.774,-7.519],[109.741,-7.531],[109.731,-7.56],[109.765,-7.604],[109.815,-7.601]]}},{"type":"Feature","properties":{},"geometry":{"type":"LineString","coordinates":[[109.076,-6.889],[109.076,-6.889]]}},{"type":"Feature","properties":{},"geometry":{"type":"LineString","coordinates":[[110.044,-7.535],[110.044,-7.535]]}},{"type":"Feature","properties":{},"geometry":{"type":"LineString","coordinates":[[109.676,-6.934],[109.694,-6.931],[109.714,-6.867]]}},{"type":"Feature","properties":{},"geometry":{"type":"LineString","coordinates":[[109.923,-7.187],[109.933,-7.2]]}},{"type":"Feature","properties":{},"geometry":{"type":"LineString","coordinates":[[109.362,-7.485],[109.362,-7.485]]}},{"type":"Feature","properties":{},"geometry":{"type":"LineString","coordinates":[[110.59,-6.724],[110.622,-6.708],[110.664,-6.717],[110.667,-6.765],[110.695,-6.768],[110.705,-6.795],[110.758,-6.794]]}},{"type":"Feature","properties":{},"geometry":{"type":"LineString","coordinates":[[109.203,-7.247],[109.214,-7.235],[109.187,-7.137],[109.216,-7.129],[109.235,-7.077],[109.276,-7.053],[109.29,-6.997],[109.336,-6.957],[109.325,-6.925],[109.356,-6.892],[109.351,-6.862]]}},{"type":"Feature","properties":{},"geometry":{"type":"LineString","coordinates":[[110.804,-6.98],[110.779,-6.949]]}},{"type":"Feature","properties":{},"geometry":{"type":"LineString","coordinates":[[109.433,-7.536],[109.404,-7.541],[109.364,-7.517],[109.362,-7.485]]}},{"type":"Feature","properties":{},"geometry":{"type":"LineString","coordinates":[[109.333,-7.434],[109.333,-7.434]]}},{"type":"Feature","properties":{},"geometry":{"type":"LineString","coordinates":[[110.758,-6.794],[110.758,-6.794]]}},{"type":"Feature","properties":{},"geometry":{"type":"LineString","coordinates":[[108.976,-7.335],[108.946,-7.362],[108.939,-7.418],[108.889,-7.45],[108.899,-7.472],[108.956,-7.47],[108.973,-7.518],[109.066,-7.573],[109.153,-7.579],[109.182,-7.549],[109.268,-7.592],[109.262,-7.62],[109.359,-7.639],[109.381,-7.666]]}},{"type":"Feature","properties":{},"geometry":{"type":"LineString","coordinates":[[110.779,-6.949],[110.763,-7.022],[110.729,-7.033],[110.694,-7.018],[110.669,-7.054],[110.691,-7.022],[110.679,-6.987],[110.624,-6.976],[110.606,-7.051],[110.561,-7.084],[110.582,-7.119],[110.57,-7.148]]}},{"type":"Feature","properties":{},"geometry":{"type":"LineString","coordinates":[[111.289,-7.794],[111.315,-7.852],[111.294,-7.861],[111.28,-7.918]]}},{"type":"Feature","properties":{},"geometry":{"type":"LineString","coordinates":[[110.256,-7.196],[110.27,-7.253],[110.333,-7.296],[110.314,-7.31],[110.327,-7.324]]}},{"type":"Feature","properties":{},"geometry":{"type":"LineString","coordinates":[[110.439,-7.453],[110.439,-7.454]]}},{"type":"Feature","properties":{},"geometry":{"type":"LineString","coordinates":[[111.755,-7.908],[111.786,-7.833]]}},{"type":"Feature","properties":{},"geometry":{"type":"MultiLineString","coordinates":[[[110.941,-7.74],[110.96,-7.684],[110.947,-7.618],[110.906,-7.614],[110.913,-7.584],[110.861,-7.567]],[[110.713,-7.542],[110.771,-7.545]]]}},{"type":"Feature","properties":{},"geometry":{"type":"LineString","coordinates":[[109.532,-7.231],[109.478,-7.224],[109.444,-7.163],[109.41,-7.202],[109.383,-7.19],[109.224,-7.246]]}},{"type":"Feature","properties":{},"geometry":{"type":"LineString","coordinates":[[110.713,-7.542],[110.727,-7.554],[110.703,-7.594]]}},{"type":"Feature","properties":{},"geometry":{"type":"LineString","coordinates":[[113.624,-7.961],[113.644,-7.973]]}},{"type":"Feature","properties":{},"geometry":{"type":"LineString","coordinates":[[111.462,-7.361],[111.463,-7.378],[111.42,-7.346],[111.347,-7.336],[111.287,-7.289],[111.244,-7.285],[111.223,-7.254]]}},{"type":"Feature","properties":{},"geometry":{"type":"LineString","coordinates":[[109.917,-7.191],[109.923,-7.187]]}},{"type":"Feature","properties":{},"geometry":{"type":"LineString","coordinates":[[110.445,-7.541],[110.377,-7.512],[110.417,-7.495],[110.439,-7.454]]}},{"type":"Feature","properties":{},"geometry":{"type":"LineString","coordinates":[[111.194,-7.618],[111.182,-7.711]]}},{"type":"Feature","properties":{},"geometry":{"type":"LineString","coordinates":[[110.779,-6.949],[110.779,-6.949]]}},{"type":"Feature","properties":{},"geometry":{"type":"LineString","coordinates":[[109.331,-7.428],[109.331,-7.428]]}},{"type":"Feature","properties":{},"geometry":{"type":"LineString","coordinates":[[109.936,-7.202],[109.939,-7.204]]}},{"type":"Feature","properties":{},"geometry":{"type":"LineString","coordinates":[[109.933,-7.2],[109.936,-7.202]]}},{"type":"Feature","properties":{},"geometry":{"type":"LineString","coordinates":[[110.273,-7.705],[110.303,-7.656],[110.445,-7.541]]}},{"type":"Feature","properties":{},"geometry":{"type":"LineString","coordinates":[[109.539,-7.244],[109.59,-7.207],[109.611,-7.211],[109.647,-7.173],[109.726,-7.202],[109.799,-7.171]]}},{"type":"Feature","properties":{},"geometry":{"type":"LineString","coordinates":[[109.923,-7.187],[109.923,-7.187]]}},{"type":"Feature","properties":{},"geometry":{"type":"LineString","coordinates":[[108.834,-6.758],[108.825,-6.832],[108.753,-6.919],[108.761,-6.988]]}},{"type":"Feature","properties":{},"geometry":{"type":"LineString","coordinates":[[110.621,-7.226],[110.621,-7.226]]}},{"type":"Feature","properties":{},"geometry":{"type":"LineString","coordinates":[[111.692,-6.754],[111.661,-6.777],[111.656,-6.826],[111.619,-6.822],[111.608,-6.904],[111.59,-6.913]]}},{"type":"Feature","properties":{},"geometry":{"type":"LineString","coordinates":[[109.917,-7.19],[109.833,-7.189],[109.799,-7.171]]}},{"type":"Feature","properties":{},"geometry":{"type":"LineString","coordinates":[[111.589,-6.911],[111.59,-6.913]]}},{"type":"Feature","properties":{},"geometry":{"type":"LineString","coordinates":[[110.144,-7.65],[110.261,-7.645],[110.273,-7.705]]}},{"type":"Feature","properties":{},"geometry":{"type":"LineString","coordinates":[[110.786,-7.817],[110.756,-8.025],[110.788,-8.154],[110.804,-8.162],[110.831,-8.137],[110.814,-8.18],[110.833,-8.169],[110.837,-8.213]]}},{"type":"Feature","properties":{},"geometry":{"type":"LineString","coordinates":[[108.976,-7.335],[108.865,-7.272],[108.865,-7.243],[108.818,-7.231],[108.815,-7.203],[108.724,-7.195],[108.696,-7.152]]}},{"type":"Feature","properties":{},"geometry":{"type":"LineString","coordinates":[[125.147,1.599],[125.148,1.599]]}},{"type":"Feature","properties":{},"geometry":{"type":"LineString","coordinates":[[111.223,-7.254],[111.149,-7.264]]}},{"type":"Feature","properties":{},"geometry":{"type":"LineString","coordinates":[[110.902,-6.626],[110.938,-6.71],[110.925,-6.737],[110.963,-6.756],[110.977,-6.833],[110.948,-6.859],[110.882,-6.867],[110.883,-6.906],[110.857,-6.901],[110.844,-6.936],[110.815,-6.939],[110.804,-6.98]]}},{"type":"Feature","properties":{},"geometry":{"type":"LineString","coordinates":[[107.221,-6.591],[107.227,-6.602]]}},{"type":"Feature","properties":{},"geometry":{"type":"LineString","coordinates":[[108.043,-6.639],[108.071,-6.614],[108.073,-6.575],[108.123,-6.541],[108.162,-6.614],[108.224,-6.573],[108.276,-6.591],[108.281,-6.621],[108.294,-6.608],[108.309,-6.624],[108.315,-6.608],[108.324,-6.621]]}},{"type":"Feature","properties":{},"geometry":{"type":"LineString","coordinates":[[113.04,-7.213],[113.06,-7.198],[113.057,-7.164],[113.098,-7.157],[113.093,-7.133],[113.115,-7.116],[113.11,-7.03],[113.133,-7.033],[113.148,-6.99],[113.11,-6.987],[113.096,-6.938],[113.118,-6.933],[113.125,-6.893]]}},{"type":"Feature","properties":{},"geometry":{"type":"LineString","coordinates":[[106.765,-6.515],[106.765,-6.515]]}},{"type":"Feature","properties":{},"geometry":{"type":"LineString","coordinates":[[106.799,-6.547],[106.799,-6.547]]}},{"type":"Feature","properties":{},"geometry":{"type":"MultiLineString","coordinates":[[[108.985,-7.337],[108.986,-7.337]],[[109.126,-7.285],[109.126,-7.285]],[[109.135,-7.276],[109.135,-7.276]]]}},{"type":"Feature","properties":{},"geometry":{"type":"LineString","coordinates":[[109.753,-7.446],[109.752,-7.446]]}},{"type":"Feature","properties":{},"geometry":{"type":"LineString","coordinates":[[109.676,-6.934],[109.676,-6.934]]}},{"type":"Feature","properties":{},"geometry":{"type":"LineString","coordinates":[[109.752,-7.446],[109.753,-7.447]]}},{"type":"Feature","properties":{},"geometry":{"type":"LineString","coordinates":[[106.401,-6.33],[106.387,-6.23],[106.366,-6.215],[106.393,-6.152],[106.351,-6.11],[106.339,-6.063],[106.412,-6.024]]}},{"type":"Feature","properties":{},"geometry":{"type":"LineString","coordinates":[[107.746,-6.814],[107.75,-6.813]]}},{"type":"Feature","properties":{},"geometry":{"type":"LineString","coordinates":[[108.167,-7.063],[108.138,-7.039]]}},{"type":"Feature","properties":{},"geometry":{"type":"LineString","coordinates":[[106.427,-6.348],[106.401,-6.33]]}},{"type":"Feature","properties":{},"geometry":{"type":"LineString","coordinates":[[111.8,-7.461],[111.85,-7.509],[111.833,-7.549],[111.802,-7.549],[111.783,-7.65],[111.731,-7.732],[111.725,-7.777],[111.751,-7.799]]}},{"type":"Feature","properties":{},"geometry":{"type":"LineString","coordinates":[[112.665,-7.351],[112.664,-7.351]]}},{"type":"Feature","properties":{},"geometry":{"type":"LineString","coordinates":[[110.143,-7.646],[110.144,-7.65]]}},{"type":"Feature","properties":{},"geometry":{"type":"LineString","coordinates":[[110.141,-7.644],[110.141,-7.645]]}},{"type":"Feature","properties":{},"geometry":{"type":"LineString","coordinates":[[110.141,-7.645],[110.143,-7.646]]}},{"type":"Feature","properties":{},"geometry":{"type":"LineString","coordinates":[[108.138,-7.039],[108.136,-7.039]]}},{"type":"Feature","properties":{},"geometry":{"type":"LineString","coordinates":[[108.59,-6.744],[108.591,-6.743]]}},{"type":"Feature","properties":{},"geometry":{"type":"LineString","coordinates":[[113.096,-7.706],[113.101,-7.702]]}},{"type":"Feature","properties":{},"geometry":{"type":"MultiLineString","coordinates":[[[112.931,-8.016],[112.9,-8.061],[112.927,-8.114],[112.904,-8.192],[112.923,-8.24],[112.914,-8.282],[112.95,-8.358]],[[112.931,-8.012],[112.931,-8.016]],[[112.941,-7.982],[112.931,-8.012]]]}},{"type":"Feature","properties":{},"geometry":{"type":"LineString","coordinates":[[113.394,-7.218],[113.397,-7.199],[113.382,-7.189],[113.379,-7.211],[113.372,-7.195],[113.381,-7.153],[113.361,-7.15],[113.363,-7.102],[113.395,-7.071],[113.392,-7.034],[113.483,-6.896]]}},{"type":"Feature","properties":{},"geometry":{"type":"LineString","coordinates":[[112.418,-7.764],[112.456,-7.779]]}},{"type":"Feature","properties":{},"geometry":{"type":"LineString","coordinates":[[114.224,-7.987],[114.299,-7.886],[114.424,-7.935]]}},{"type":"Feature","properties":{},"geometry":{"type":"LineString","coordinates":[[111.799,-7.837],[111.786,-7.833]]}},{"type":"Feature","properties":{},"geometry":{"type":"LineString","coordinates":[[112.181,-8.061],[112.199,-8.065],[112.201,-8.093],[112.156,-8.135],[112.134,-8.084],[112.161,-8.085],[112.181,-8.061]]}},{"type":"Feature","properties":{},"geometry":{"type":"LineString","coordinates":[[108.126,-7.037],[108.138,-7.039]]}},{"type":"Feature","properties":{},"geometry":{"type":"LineString","coordinates":[[108.563,-6.691],[108.543,-6.696],[108.549,-6.726],[108.518,-6.737],[108.537,-6.761],[108.531,-6.783],[108.548,-6.794],[108.56,-6.756],[108.59,-6.744]]}},{"type":"Feature","properties":{},"geometry":{"type":"LineString","coordinates":[[106.919,-6.396],[106.898,-6.396],[106.914,-6.365]]}},{"type":"Feature","properties":{},"geometry":{"type":"MultiLineString","coordinates":[[[107.32,-7.106],[107.409,-7.097],[107.438,-7.046],[107.478,-7.057],[107.469,-6.998],[107.505,-6.982],[107.526,-6.921]],[[107.624,-6.862],[107.661,-6.832],[107.703,-6.84],[107.746,-6.814]]]}},{"type":"Feature","properties":{},"geometry":{"type":"LineString","coordinates":[[106.401,-6.33],[106.32,-6.335],[106.274,-6.3],[106.226,-6.313],[106.214,-6.293],[106.172,-6.291]]}},{"type":"Feature","properties":{},"geometry":{"type":"LineString","coordinates":[[122.823,-5.652],[122.823,-5.652]]}},{"type":"Feature","properties":{},"geometry":{"type":"LineString","coordinates":[[107.855,-6.579],[107.851,-6.655],[107.828,-6.688],[107.837,-6.777],[107.802,-6.811],[107.75,-6.813]]}},{"type":"Feature","properties":{},"geometry":{"type":"LineString","coordinates":[[112.844,-7.325],[112.813,-7.346],[112.704,-7.336],[112.665,-7.351]]}},{"type":"Feature","properties":{},"geometry":{"type":"LineString","coordinates":[[111.957,-7.998],[111.957,-7.997]]}},{"type":"Feature","properties":{},"geometry":{"type":"MultiLineString","coordinates":[[[111.45,-7.778],[111.459,-7.725],[111.498,-7.699],[111.511,-7.659]],[[111.505,-7.649],[111.512,-7.649]],[[111.511,-7.538],[111.451,-7.628],[111.487,-7.632],[111.484,-7.663],[111.504,-7.65]]]}},{"type":"Feature","properties":{},"geometry":{"type":"LineString","coordinates":[[111.504,-7.65],[111.505,-7.649]]}},{"type":"Feature","properties":{},"geometry":{"type":"MultiLineString","coordinates":[[[111.514,-7.674],[111.512,-7.662],[111.514,-7.674]],[[111.505,-7.649],[111.504,-7.65]],[[111.511,-7.659],[111.544,-7.659],[111.558,-7.596],[111.5,-7.608],[111.497,-7.645],[111.511,-7.634],[111.512,-7.649]]]}},{"type":"Feature","properties":{},"geometry":{"type":"LineString","coordinates":[[112.171,-6.899],[112.17,-6.895]]}},{"type":"Feature","properties":{},"geometry":{"type":"LineString","coordinates":[[106.125,-6.361],[106.124,-6.356]]}},{"type":"Feature","properties":{},"geometry":{"type":"LineString","coordinates":[[119.383,-5.21],[119.384,-5.21]]}},{"type":"Feature","properties":{},"geometry":{"type":"LineString","coordinates":[[112.663,-7.56],[112.569,-7.479],[112.457,-7.447],[112.495,-7.408]]}},{"type":"Feature","properties":{},"geometry":{"type":"LineString","coordinates":[[112.495,-7.408],[112.495,-7.408]]}},{"type":"Feature","properties":{},"geometry":{"type":"LineString","coordinates":[[112.069,-7.397],[112.069,-7.397]]}},{"type":"Feature","properties":{},"geometry":{"type":"LineString","coordinates":[[106.397,-6.979],[106.397,-6.979]]}},{"type":"Feature","properties":{},"geometry":{"type":"LineString","coordinates":[[113.624,-7.961],[113.624,-7.961]]}},{"type":"Feature","properties":{},"geometry":{"type":"LineString","coordinates":[[112.183,-7.634],[112.183,-7.634]]}},{"type":"Feature","properties":{},"geometry":{"type":"LineString","coordinates":[[112.185,-7.636],[112.185,-7.636]]}},{"type":"Feature","properties":{},"geometry":{"type":"LineString","coordinates":[[115.244,-8.601],[115.274,-8.65]]}},{"type":"Feature","properties":{},"geometry":{"type":"LineString","coordinates":[[115.403,-8.456],[115.39,-8.482],[115.414,-8.474],[115.41,-8.53],[115.463,-8.504],[115.479,-8.551]]}},{"type":"Feature","properties":{},"geometry":{"type":"LineString","coordinates":[[115.232,-8.24],[115.25,-8.257],[115.251,-8.314]]}},{"type":"Feature","properties":{},"geometry":{"type":"LineString","coordinates":[[115.099,-8.637],[115.156,-8.6],[115.184,-8.495],[115.176,-8.459],[115.198,-8.446],[115.203,-8.489],[115.217,-8.438],[115.198,-8.359],[115.212,-8.329],[115.184,-8.245]]}},{"type":"Feature","properties":{},"geometry":{"type":"LineString","coordinates":[[115.155,-2.555],[114.999,-2.499],[114.865,-2.528]]}},{"type":"Feature","properties":{},"geometry":{"type":"LineString","coordinates":[[115.401,-8.463],[115.375,-8.461],[115.358,-8.521]]}},{"type":"Feature","properties":{},"geometry":{"type":"LineString","coordinates":[[108.979,0.997],[109.047,1.008],[109.093,0.99],[109.129,1.018],[109.176,0.962]]}},{"type":"Feature","properties":{},"geometry":{"type":"LineString","coordinates":[[139.757,-5.294],[139.862,-5.294],[139.971,-5.143],[139.987,-5.057],[139.888,-5.063]]}},{"type":"Feature","properties":{},"geometry":{"type":"LineString","coordinates":[[141,-2.839],[141.003,-2.839]]}},{"type":"Feature","properties":{},"geometry":{"type":"LineString","coordinates":[[115.358,-8.521],[115.336,-8.524],[115.324,-8.491],[115.328,-8.33],[115.295,-8.338],[115.283,-8.315],[115.263,-8.333],[115.251,-8.314]]}},{"type":"Feature","properties":{},"geometry":{"type":"LineString","coordinates":[[115.184,-8.245],[115.232,-8.24]]}},{"type":"Feature","properties":{},"geometry":{"type":"LineString","coordinates":[[114.933,-8.381],[114.87,-8.337],[114.824,-8.334],[114.813,-8.252],[114.772,-8.258],[114.752,-8.223],[114.702,-8.201],[114.683,-8.232],[114.632,-8.214],[114.604,-8.178],[114.504,-8.21],[114.491,-8.192],[114.458,-8.194],[114.459,-8.172]]}},{"type":"Feature","properties":{},"geometry":{"type":"LineString","coordinates":[[115.244,-8.601],[115.225,-8.391],[115.251,-8.314]]}},{"type":"Feature","properties":{},"geometry":{"type":"LineString","coordinates":[[115.244,-8.601],[115.227,-8.592],[115.18,-8.616],[115.173,-8.682],[115.19,-8.739]]}},{"type":"Feature","properties":{},"geometry":{"type":"LineString","coordinates":[[115.244,-8.601],[115.244,-8.601]]}},{"type":"Feature","properties":{},"geometry":{"type":"LineString","coordinates":[[115.436,-8.181],[115.344,-8.149],[115.329,-8.162],[115.32,-8.142],[115.303,-8.173],[115.28,-8.161],[115.246,-8.176],[115.232,-8.24]]}},{"type":"Feature","properties":{},"geometry":{"type":"LineString","coordinates":[[115.251,-8.314],[115.251,-8.314]]}},{"type":"Feature","properties":{},"geometry":{"type":"LineString","coordinates":[[137.095,-4.032],[137.118,-4.031]]}},{"type":"Feature","properties":{},"geometry":{"type":"LineString","coordinates":[[121.811,-4.416],[121.882,-4.377]]}},{"type":"Feature","properties":{},"geometry":{"type":"LineString","coordinates":[[108.718,-7.469],[108.755,-7.559],[108.732,-7.613],[108.803,-7.677],[108.778,-7.704]]}},{"type":"Feature","properties":{},"geometry":{"type":"LineString","coordinates":[[112.155,-7.11],[112.152,-7.109]]}},{"type":"Feature","properties":{},"geometry":{"type":"LineString","coordinates":[[112.417,-7.764],[112.417,-7.764]]}},{"type":"Feature","properties":{},"geometry":{"type":"LineString","coordinates":[[112.665,-7.351],[112.665,-7.351]]}},{"type":"Feature","properties":{},"geometry":{"type":"LineString","coordinates":[[110.445,-7.541],[110.492,-7.767],[110.544,-7.793]]}},{"type":"Feature","properties":{},"geometry":{"type":"LineString","coordinates":[[110.544,-7.793],[110.544,-7.793]]}},{"type":"Feature","properties":{},"geometry":{"type":"LineString","coordinates":[[137.948,-4.151],[137.965,-4.168],[137.959,-4.204],[137.88,-4.206],[137.877,-4.24],[137.899,-4.26],[137.859,-4.281],[137.885,-4.342],[137.858,-4.365],[137.865,-4.403],[137.894,-4.409],[137.867,-4.41],[137.83,-4.541]]}},{"type":"Feature","properties":{},"geometry":{"type":"MultiLineString","coordinates":[[[136.566,-4.084],[136.603,-4.1],[136.602,-4.128],[136.574,-4.148],[136.698,-4.192],[136.771,-4.165],[136.761,-4.125],[136.737,-4.12],[136.723,-4.091]],[[136.193,-3.982],[136.221,-3.999],[136.273,-3.98],[136.315,-3.996],[136.351,-3.973],[136.363,-4.005],[136.509,-4.021],[136.572,-4.064],[136.566,-4.084]]]}},{"type":"Feature","properties":{},"geometry":{"type":"LineString","coordinates":[[114.636,-0.863],[114.737,-0.768],[114.792,-0.764],[114.79,-0.751],[114.873,-0.713],[114.928,-0.637],[114.923,-0.617],[114.948,-0.613],[115,-0.557],[115.02,-0.493],[115.008,-0.364],[115.039,-0.338],[115.013,-0.266]]}},{"type":"Feature","properties":{},"geometry":{"type":"LineString","coordinates":[[115.013,-0.266],[115.039,-0.24],[115.02,-0.212],[115.047,-0.202],[115.059,-0.152],[115.15,-0.139],[115.165,-0.087],[115.181,-0.095],[115.262,-0.048],[115.295,-0.052]]}},{"type":"Feature","properties":{},"geometry":{"type":"LineString","coordinates":[[115.295,-0.052],[115.31,-0.118],[115.24,-0.167],[115.299,-0.21],[115.247,-0.252],[115.253,-0.303],[115.225,-0.312],[115.233,-0.36],[115.263,-0.401],[115.248,-0.41],[115.269,-0.449],[115.299,-0.456],[115.307,-0.486],[115.283,-0.549],[115.337,-0.543],[115.381,-0.572],[115.357,-0.613],[115.378,-0.629],[115.373,-0.654],[115.326,-0.671],[115.347,-0.72],[115.301,-0.745],[115.29,-0.799],[115.342,-0.839],[115.35,-0.891],[115.357,-0.864],[115.375,-0.877],[115.399,-0.845],[115.414,-0.873],[115.478,-0.882],[115.547,-0.854],[115.631,-0.976],[115.625,-1.017],[115.679,-1.009],[115.757,-1.133],[115.82,-1.089],[115.842,-1.097]]}},{"type":"Feature","properties":{},"geometry":{"type":"LineString","coordinates":[[115.842,-1.097],[115.849,-1.172],[115.777,-1.231],[115.759,-1.312]]}},{"type":"Feature","properties":{},"geometry":{"type":"LineString","coordinates":[[115.455,-1.462],[115.438,-1.445],[115.448,-1.404],[115.414,-1.401],[115.423,-1.378],[115.401,-1.355],[115.413,-1.271],[115.398,-1.251],[115.319,-1.287],[115.301,-1.334],[115.242,-1.367],[115.244,-1.32],[115.191,-1.314],[115.177,-1.291],[115.128,-1.314],[115.084,-1.306],[115.054,-1.327],[114.991,-1.319],[114.895,-1.354],[114.668,-1.319]]}},{"type":"Feature","properties":{},"geometry":{"type":"LineString","coordinates":[[110.732,-2.99],[110.793,-2.912],[110.97,-2.856],[111.012,-2.795],[111.101,-2.769],[111.17,-2.707],[111.132,-2.599],[111.127,-2.562],[111.147,-2.542],[111.113,-2.523],[111.099,-2.466],[111.117,-2.432],[111.116,-2.327],[111.023,-2.224],[111.07,-2.114],[111.058,-2.059],[111.087,-2.041]]}},{"type":"Feature","properties":{},"geometry":{"type":"LineString","coordinates":[[111.087,-2.041],[111.079,-2.009],[111.101,-1.989],[111.087,-1.966],[111.01,-1.969],[110.95,-1.888],[110.952,-1.846],[110.978,-1.828],[110.969,-1.814],[111.026,-1.752],[111.022,-1.714],[110.985,-1.689],[110.998,-1.654],[110.948,-1.653],[110.917,-1.693],[110.893,-1.657],[110.873,-1.665],[110.864,-1.624],[110.935,-1.557],[110.97,-1.552],[111.006,-1.504],[111.035,-1.529],[111.08,-1.525],[111.099,-1.487],[111.12,-1.487],[111.111,-1.466],[111.156,-1.432],[111.181,-1.477],[111.2,-1.475],[111.204,-1.443],[111.254,-1.438],[111.284,-1.383],[111.306,-1.389],[111.327,-1.367],[111.342,-1.321]]}},{"type":"Feature","properties":{},"geometry":{"type":"LineString","coordinates":[[117.516,0.023],[117.388,0.023]]}},{"type":"Feature","properties":{},"geometry":{"type":"LineString","coordinates":[[133.498,-3.081],[133.485,-3.119]]}},{"type":"Feature","properties":{},"geometry":{"type":"LineString","coordinates":[[113.843,0.658],[113.921,0.644],[113.975,0.661],[114.004,0.641],[114.069,0.69],[114.123,0.695],[114.158,0.678],[114.178,0.637],[114.177,0.61],[114.147,0.586],[114.195,0.582],[114.203,0.54],[114.244,0.523],[114.364,0.53],[114.371,0.559],[114.43,0.542],[114.463,0.565],[114.525,0.563],[114.546,0.585],[114.546,0.631],[114.598,0.632],[114.662,0.703],[114.716,0.701],[114.83,0.755],[114.872,0.741],[114.911,0.77],[114.909,0.791],[114.943,0.773],[114.986,0.732],[115.014,0.599],[115.092,0.48],[115.077,0.47],[115.137,0.426],[115.129,0.374],[115.048,0.298],[115.023,0.33],[114.903,0.318],[114.884,0.279],[114.82,0.237],[114.83,0.192],[114.763,0.146],[114.771,0.12],[114.725,0.079],[114.707,0.084],[114.737,0.031],[114.795,0.011],[114.837,-0.046],[114.876,-0.015],[114.898,-0.032],[114.929,-0.165],[114.92,-0.233],[114.971,-0.273],[115.013,-0.266]]}},{"type":"Feature","properties":{},"geometry":{"type":"LineString","coordinates":[[114.522,-3.363],[114.562,-3.315],[114.569,-3.267],[114.602,-3.289],[114.639,-3.276]]}},{"type":"Feature","properties":{},"geometry":{"type":"LineString","coordinates":[[115.52,-3.028],[115.483,-3.063],[115.488,-3.096],[115.434,-3.119],[115.424,-3.142],[115.415,-3.222],[115.446,-3.225],[115.437,-3.26],[115.402,-3.236],[115.392,-3.25],[115.429,-3.296],[115.396,-3.362],[115.391,-3.437],[115.412,-3.452],[115.261,-3.562]]}},{"type":"Feature","properties":{},"geometry":{"type":"LineString","coordinates":[[115.349,-2.34],[115.36,-2.296],[115.405,-2.298],[115.458,-2.272],[115.492,-2.211],[115.551,-2.187],[115.618,-2.113],[115.644,-2.127],[115.695,-2.041]]}},{"type":"Feature","properties":{},"geometry":{"type":"LineString","coordinates":[[114.639,-3.276],[114.628,-3.313],[114.657,-3.348],[114.633,-3.346],[114.586,-3.382],[114.522,-3.363]]}},{"type":"Feature","properties":{},"geometry":{"type":"LineString","coordinates":[[121.982,0.907],[121.982,0.907]]}},{"type":"Feature","properties":{},"geometry":{"type":"LineString","coordinates":[[115.155,-2.555],[115.249,-2.532],[115.341,-2.468],[115.382,-2.505],[115.399,-2.453]]}},{"type":"Feature","properties":{},"geometry":{"type":"LineString","coordinates":[[114.859,-2.523],[114.861,-2.526]]}},{"type":"Feature","properties":{},"geometry":{"type":"LineString","coordinates":[[115.695,-2.041],[115.719,-1.998],[115.694,-1.977],[115.728,-1.925],[115.728,-1.799],[115.68,-1.793],[115.707,-1.733],[115.665,-1.707],[115.67,-1.629],[115.636,-1.604],[115.631,-1.532],[115.656,-1.513],[115.623,-1.516],[115.617,-1.5],[115.628,-1.468],[115.689,-1.449],[115.759,-1.313]]}},{"type":"Feature","properties":{},"geometry":{"type":"LineString","coordinates":[[114.152,-3.385],[114.172,-3.334],[114.141,-3.267],[114.147,-3.187],[114.166,-3.175],[114.226,-3.192],[114.281,-3.044],[114.212,-2.937],[114.284,-2.865],[114.285,-2.804],[114.349,-2.744],[114.325,-2.373],[114.262,-2.378],[114.262,-2.232],[114.228,-2.229],[114.184,-2.189],[114.171,-2.09],[114.006,-1.86],[113.974,-1.734],[113.982,-1.667],[114.031,-1.587],[113.983,-1.532]]}},{"type":"Feature","properties":{},"geometry":{"type":"LineString","coordinates":[[119.971,-5.139],[119.983,-5.123],[120.057,-5.127],[120.081,-5.078],[120.127,-5.045],[120.165,-5.078],[120.187,-5.069],[120.208,-5.1],[120.232,-5.087],[120.261,-5.116],[120.265,-5.102],[120.289,-5.113]]}},{"type":"Feature","properties":{},"geometry":{"type":"LineString","coordinates":[[113.983,-1.532],[114.008,-1.473],[114.005,-1.29],[113.97,-1.112],[113.985,-1.066],[113.928,-1],[113.809,-0.959],[113.748,-0.842],[113.684,-0.796],[113.699,-0.702],[113.678,-0.675],[113.736,-0.601],[113.727,-0.567],[113.755,-0.545],[113.76,-0.482]]}},{"type":"Feature","properties":{},"geometry":{"type":"LineString","coordinates":[[111.095,-0.504],[111.072,-0.454],[111,-0.378],[110.992,-0.327],[111.006,-0.295],[111.082,-0.261],[111.088,-0.145],[111.134,-0.111],[111.144,0.01],[111.123,0.085],[111.157,0.102],[111.217,0.063],[111.269,0.171],[111.26,0.295],[111.231,0.307],[111.208,0.369],[111.226,0.376],[111.215,0.401],[111.236,0.439],[111.296,0.507],[111.272,0.578],[111.212,0.598],[111.199,0.685],[111.012,0.739]]}},{"type":"Feature","properties":{},"geometry":{"type":"LineString","coordinates":[[116.74,3.67],[116.714,3.638],[116.738,3.606],[116.698,3.572],[116.712,3.55],[116.675,3.526],[116.71,3.424],[116.705,3.369]]}},{"type":"Feature","properties":{},"geometry":{"type":"LineString","coordinates":[[113.502,-1.644],[113.478,-1.605],[113.361,-1.525],[113.186,-1.252],[113.204,-1.168],[113.239,-1.155],[113.249,-1.108],[113.286,-1.064],[113.23,-0.942],[113.22,-0.893],[113.234,-0.863],[113.19,-0.802],[113.185,-0.744],[113.227,-0.681],[113.173,-0.602],[113.158,-0.545],[113.211,-0.506]]}},{"type":"Feature","properties":{},"geometry":{"type":"LineString","coordinates":[[114.797,-2.591],[114.859,-2.523]]}},{"type":"Feature","properties":{},"geometry":{"type":"LineString","coordinates":[[113.502,-1.644],[113.564,-1.653],[113.616,-1.626],[113.648,-1.585],[113.798,-1.604]]}},{"type":"Feature","properties":{},"geometry":{"type":"LineString","coordinates":[[113.798,-1.604],[113.798,-1.604]]}},{"type":"Feature","properties":{},"geometry":{"type":"LineString","coordinates":[[116.741,-1.073],[116.852,-1.016]]}},{"type":"Feature","properties":{},"geometry":{"type":"LineString","coordinates":[[116.741,-1.073],[116.74,-1.074]]}},{"type":"Feature","properties":{},"geometry":{"type":"LineString","coordinates":[[116.741,-1.073],[116.741,-1.073]]}},{"type":"Feature","properties":{},"geometry":{"type":"LineString","coordinates":[[111.342,-1.321],[111.342,-1.32]]}},{"type":"Feature","properties":{},"geometry":{"type":"LineString","coordinates":[[112.175,-0.726],[112.163,-0.69],[112.176,-0.644],[112.213,-0.613],[112.26,-0.632],[112.315,-0.723],[112.349,-0.704],[112.386,-0.714],[112.463,-0.669]]}},{"type":"Feature","properties":{},"geometry":{"type":"LineString","coordinates":[[112.463,-0.669],[112.503,-0.7],[112.595,-0.69],[112.638,-0.657],[112.688,-0.659],[112.704,-0.62],[112.734,-0.631],[112.73,-0.588],[112.745,-0.572],[112.832,-0.578],[112.992,-0.493],[113.055,-0.514],[113.131,-0.452],[113.211,-0.506]]}},{"type":"Feature","properties":{},"geometry":{"type":"LineString","coordinates":[[113.256,-0.384],[113.271,-0.426],[113.211,-0.506]]}},{"type":"Feature","properties":{},"geometry":{"type":"LineString","coordinates":[[113.262,0.23],[113.309,0.174],[113.414,0.116],[113.393,0.083],[113.396,0.034],[113.433,0.009],[113.416,-0.048],[113.444,-0.061],[113.423,-0.11],[113.33,-0.152],[113.292,-0.206],[113.305,-0.254],[113.257,-0.282],[113.219,-0.338],[113.256,-0.384]]}},{"type":"Feature","properties":{},"geometry":{"type":"LineString","coordinates":[[117.023,-1.141],[117.023,-1.141]]}},{"type":"Feature","properties":{},"geometry":{"type":"LineString","coordinates":[[117.516,0.023],[117.517,0.022]]}},{"type":"Feature","properties":{},"geometry":{"type":"LineString","coordinates":[[117.388,0.023],[117.388,0.023]]}},{"type":"Feature","properties":{},"geometry":{"type":"LineString","coordinates":[[111.446,-1.245],[111.424,-1.267],[111.391,-1.253],[111.384,-1.296],[111.342,-1.32]]}},{"type":"Feature","properties":{},"geometry":{"type":"LineString","coordinates":[[117.388,0.023],[117.349,0.028],[117.337,0.051],[117.272,0.037],[117.232,0.083],[117.21,0.083],[117.208,0.119],[117.173,0.151],[117.177,0.274],[117.215,0.35],[117.144,0.371],[116.993,0.583],[116.965,0.541],[116.94,0.54],[116.938,0.435],[116.904,0.39],[116.874,0.39],[116.852,0.271],[116.826,0.236],[116.653,0.184],[116.469,0.184],[116.471,0.309],[116.402,0.356],[116.324,0.458],[116.288,0.465],[116.286,0.511],[116.254,0.566],[116.274,0.584],[116.242,0.632],[116.224,0.71],[116.171,0.733],[116.142,0.723],[116.147,0.75],[116.076,0.809],[116.011,0.771],[115.968,0.821],[115.972,0.835],[116.016,0.834],[116.039,0.888],[116.068,0.902],[116.029,0.971],[116.04,1.007],[116.074,1.024],[116.05,1.061],[116.03,1.169],[116.064,1.177],[116.095,1.248],[116.148,1.295],[116.175,1.381],[116.141,1.414],[116.153,1.49],[116.131,1.478],[116.008,1.526]]}},{"type":"Feature","properties":{},"geometry":{"type":"LineString","coordinates":[[117.162,3.752],[117.023,3.734],[116.944,3.75],[116.833,3.694],[116.743,3.682]]}},{"type":"Feature","properties":{},"geometry":{"type":"LineString","coordinates":[[117.427,3.693],[117.249,3.731],[117.23,3.767],[117.162,3.752]]}},{"type":"Feature","properties":{},"geometry":{"type":"LineString","coordinates":[[134.102,-1.766],[134.078,-1.802],[134.008,-1.838]]}},{"type":"Feature","properties":{},"geometry":{"type":"LineString","coordinates":[[115.362,-1.62],[115.332,-1.609],[115.315,-1.645],[115.103,-1.631],[115.047,-1.659],[114.944,-1.789],[114.934,-2.115],[114.913,-2.168],[114.932,-2.192],[114.917,-2.227],[114.945,-2.22],[114.914,-2.241],[114.999,-2.393]]}},{"type":"Feature","properties":{},"geometry":{"type":"LineString","coordinates":[[114.999,-2.393],[115.001,-2.396]]}},{"type":"Feature","properties":{},"geometry":{"type":"LineString","coordinates":[[115.441,-1.45],[115.435,-1.496],[115.391,-1.52],[115.364,-1.578],[115.362,-1.62]]}},{"type":"Feature","properties":{},"geometry":{"type":"LineString","coordinates":[[114.636,-0.863],[114.636,-0.863]]}},{"type":"Feature","properties":{},"geometry":{"type":"LineString","coordinates":[[113.842,0.658],[113.843,0.658]]}},{"type":"Feature","properties":{},"geometry":{"type":"LineString","coordinates":[[111.095,-0.504],[111.185,-0.515]]}},{"type":"Feature","properties":{},"geometry":{"type":"LineString","coordinates":[[141,-4.019],[141.001,-4.02]]}},{"type":"Feature","properties":{},"geometry":{"type":"LineString","coordinates":[[139.999,-2.36],[139.999,-2.359]]}},{"type":"Feature","properties":{},"geometry":{"type":"LineString","coordinates":[[115.506,-2.887],[115.435,-2.977],[115.399,-2.996],[115.388,-2.979],[115.323,-2.969],[115.239,-3.048],[115.216,-3.047],[115.168,-3.115],[115.242,-3.136],[115.244,-3.156],[115.199,-3.175],[115.175,-3.163],[115.166,-3.188],[115.123,-3.196],[115.025,-3.163],[115.026,-3.134],[114.828,-3.015]]}},{"type":"Feature","properties":{},"geometry":{"type":"LineString","coordinates":[[115.556,-2.831],[115.596,-2.892],[115.554,-2.944],[115.557,-2.985],[115.533,-2.98],[115.512,-3.008],[115.52,-3.028]]}},{"type":"Feature","properties":{},"geometry":{"type":"LineString","coordinates":[[111.185,-0.515],[111.213,-0.531],[111.24,-0.592],[111.241,-0.623],[111.215,-0.647],[111.244,-0.735],[111.207,-0.782],[111.215,-0.856],[111.187,-0.823],[111.176,-0.832],[111.152,-0.865],[111.167,-0.911],[111.114,-0.952],[111.151,-0.965],[111.145,-1.007],[111.198,-1.02],[111.216,-1.057],[111.24,-1.057],[111.262,-1.099],[111.233,-1.19],[111.262,-1.215],[111.255,-1.25],[111.316,-1.257],[111.316,-1.301],[111.342,-1.32]]}},{"type":"Feature","properties":{},"geometry":{"type":"LineString","coordinates":[[138.802,-4.763],[138.84,-4.684],[138.843,-4.628],[138.807,-4.599],[138.858,-4.517],[138.817,-4.459],[138.822,-4.401],[138.772,-4.384],[138.766,-4.341]]}},{"type":"Feature","properties":{},"geometry":{"type":"LineString","coordinates":[[98.672,2.011],[98.652,1.994],[98.725,1.953],[98.813,1.944],[98.819,1.917],[98.783,1.881],[98.787,1.86],[98.864,1.81],[98.883,1.745],[98.992,1.756],[98.966,1.679],[98.985,1.654],[99.051,1.701]]}},{"type":"Feature","properties":{},"geometry":{"type":"LineString","coordinates":[[116.089,-3.282],[116.082,-3.257],[116.041,-3.261],[115.99,-3.22],[115.947,-3.254],[115.928,-3.227],[115.951,-3.193],[115.934,-3.152],[115.769,-3.195],[115.703,-3.079],[115.682,-3.072],[115.678,-3.086],[115.637,-3.056],[115.623,-3.069],[115.585,-3.005],[115.52,-3.028]]}},{"type":"Feature","properties":{},"geometry":{"type":"LineString","coordinates":[[112.175,-0.726],[112.147,-0.731],[112.085,-0.7],[112.055,-0.771],[111.977,-0.813],[111.923,-0.793],[111.917,-0.841],[111.887,-0.842],[111.838,-0.906],[111.748,-0.912],[111.724,-0.943],[111.64,-0.968],[111.616,-1.056],[111.571,-1.058],[111.558,-1.101],[111.544,-1.098],[111.577,-1.168],[111.569,-1.185],[111.446,-1.245]]}},{"type":"Feature","properties":{},"geometry":{"type":"LineString","coordinates":[[115.155,-2.555],[115.175,-2.558],[115.157,-2.568],[115.173,-2.637],[115.189,-2.632],[115.231,-2.682],[115.327,-2.697],[115.423,-2.776],[115.445,-2.779],[115.485,-2.728],[115.598,-2.721]]}},{"type":"Feature","properties":{},"geometry":{"type":"LineString","coordinates":[[112.127,-1.313],[112.127,-1.448],[112.067,-1.595],[112.201,-1.789],[112.251,-1.831],[112.252,-1.86],[112.345,-1.927],[112.313,-1.984],[112.341,-2.013],[112.331,-2.052],[112.306,-2.062],[112.314,-2.156],[112.374,-2.197],[112.374,-2.267],[112.408,-2.267],[112.409,-2.331],[112.431,-2.331],[112.436,-2.362],[112.435,-2.435],[112.452,-2.433],[112.451,-2.491],[112.474,-2.496],[112.493,-2.543],[112.525,-2.545],[112.495,-2.545],[112.512,-2.629],[112.604,-2.667],[112.609,-2.704],[112.636,-2.729],[112.745,-2.755],[112.822,-2.806],[112.844,-2.846],[112.845,-2.998],[112.814,-3.05],[112.817,-3.299]]}},{"type":"Feature","properties":{},"geometry":{"type":"LineString","coordinates":[[99.631,2.043],[99.616,2.039],[99.626,1.997],[99.59,2.017]]}},{"type":"Feature","properties":{},"geometry":{"type":"LineString","coordinates":[[101.397,0.689],[101.375,0.711],[101.322,0.699],[101.32,0.714],[101.38,0.734],[101.379,0.769],[101.087,0.92],[101.066,0.915],[101.056,0.888],[101.062,0.925],[100.993,0.968]]}},{"type":"Feature","properties":{},"geometry":{"type":"LineString","coordinates":[[113.762,-2.402],[113.751,-2.522],[113.584,-2.738],[113.66,-2.914],[113.708,-2.963],[113.715,-3.012],[113.664,-3.054],[113.666,-3.085],[113.646,-3.088],[113.632,-3.141],[113.599,-3.171]]}},{"type":"Feature","properties":{},"geometry":{"type":"LineString","coordinates":[[116.501,-0.858],[116.514,-0.827],[116.555,-0.81],[116.568,-0.86],[116.602,-0.883],[116.628,-0.876],[116.684,-0.798],[116.726,-0.8],[116.735,-0.826],[116.773,-0.801],[116.773,-0.826],[116.825,-0.81],[116.884,-0.851],[116.887,-0.891],[116.945,-0.88],[116.931,-0.952],[116.852,-1.016]]}},{"type":"Feature","properties":{},"geometry":{"type":"LineString","coordinates":[[113.76,-0.482],[113.718,-0.419],[113.733,-0.405],[113.722,-0.386],[113.632,-0.345],[113.583,-0.372],[113.582,-0.391],[113.468,-0.381],[113.492,-0.313],[113.444,-0.291],[113.416,-0.304],[113.405,-0.35],[113.374,-0.378],[113.324,-0.397],[113.256,-0.384]]}},{"type":"Feature","properties":{},"geometry":{"type":"LineString","coordinates":[[101.899,-0.387],[101.86,-0.402],[101.803,-0.328],[101.761,-0.336],[101.76,-0.293],[101.68,-0.241],[101.615,-0.234],[101.519,-0.1]]}},{"type":"Feature","properties":{},"geometry":{"type":"LineString","coordinates":[[101.899,-0.387],[101.914,-0.4],[101.912,-0.534],[101.831,-0.572],[101.828,-0.619],[101.783,-0.651],[101.797,-0.676],[101.777,-0.797],[101.817,-0.85],[101.84,-0.814],[101.861,-0.816],[101.861,-0.835],[101.894,-0.826],[101.897,-0.844],[101.854,-0.877],[101.916,-0.883],[101.927,-0.915]]}},{"type":"Feature","properties":{},"geometry":{"type":"LineString","coordinates":[[104.166,-3.05],[104.175,-2.918],[104.232,-2.908],[104.23,-2.885],[104.171,-2.872],[104.185,-2.813],[104.171,-2.761],[104.192,-2.761],[104.196,-2.723],[104.226,-2.689],[104.263,-2.682],[104.302,-2.644],[104.209,-2.629],[104.14,-2.551],[104.153,-2.518],[104.131,-2.481],[104.101,-2.466],[104.096,-2.441],[104.062,-2.452],[104.039,-2.33],[104.061,-2.296],[104.094,-2.312],[104.142,-2.388],[104.279,-2.44],[104.343,-2.407],[104.474,-2.414],[104.515,-2.374],[104.605,-2.377],[104.642,-2.343],[104.684,-2.335],[104.634,-2.241],[104.564,-2.247],[104.489,-2.204],[104.468,-2.22],[104.455,-2.191],[104.429,-2.191],[104.384,-2.146],[104.37,-2.055],[104.201,-1.866],[104.145,-1.715]]}},{"type":"Feature","properties":{},"geometry":{"type":"MultiLineString","coordinates":[[[104.316,-3.557],[104.28,-3.581],[104.251,-3.578],[104.248,-3.535],[104.218,-3.526],[104.195,-3.551],[104.149,-3.551],[104.126,-3.495],[104.154,-3.409],[104.125,-3.36],[104.132,-3.344]],[[104.318,-3.539],[104.276,-3.46],[104.317,-3.45],[104.352,-3.376],[104.313,-3.351],[104.286,-3.365],[104.208,-3.36],[104.179,-3.349],[104.185,-3.329]]]}},{"type":"Feature","properties":{},"geometry":{"type":"LineString","coordinates":[[105.232,-4.191],[105.22,-4.225],[105.19,-4.238],[105.189,-4.269],[105.156,-4.268],[105.158,-4.3],[105.178,-4.297],[105.202,-4.325],[105.195,-4.355],[105.235,-4.328],[105.238,-4.367],[105.195,-4.357],[105.216,-4.392],[105.245,-4.385],[105.255,-4.402],[105.203,-4.429],[105.205,-4.464],[105.184,-4.473],[105.159,-4.543],[105.196,-4.594]]}},{"type":"Feature","properties":{},"geometry":{"type":"LineString","coordinates":[[117.988,2.435],[117.988,2.435]]}},{"type":"Feature","properties":{},"geometry":{"type":"LineString","coordinates":[[113.76,-0.482],[113.852,-0.445],[113.922,-0.467],[113.938,-0.395],[113.987,-0.383],[114.015,-0.479],[114.078,-0.552],[114.063,-0.577],[114.153,-0.796],[114.219,-0.809],[114.234,-0.86],[114.468,-0.834],[114.636,-0.863]]}},{"type":"Feature","properties":{},"geometry":{"type":"LineString","coordinates":[[116.441,-0.97],[116.443,-0.953],[116.48,-0.944],[116.453,-0.878],[116.501,-0.858]]}},{"type":"Feature","properties":{},"geometry":{"type":"LineString","coordinates":[[116.442,-0.97],[116.441,-0.97]]}},{"type":"Feature","properties":{},"geometry":{"type":"LineString","coordinates":[[105.287,-5.171],[105.263,-5.16],[105.291,-5.11],[105.269,-5.096],[105.317,-5.054]]}},{"type":"Feature","properties":{},"geometry":{"type":"LineString","coordinates":[[116.008,1.526],[115.973,1.531],[115.957,1.491],[115.854,1.434],[115.857,1.401],[115.829,1.352],[115.773,1.308],[115.773,1.264],[115.701,1.264],[115.659,1.29],[115.493,1.254],[115.428,1.223],[115.405,1.181],[115.418,1.152]]}},{"type":"Feature","properties":{},"geometry":{"type":"LineString","coordinates":[[109.152,0.682],[109.152,0.682]]}},{"type":"Feature","properties":{},"geometry":{"type":"LineString","coordinates":[[112.463,-0.669],[112.413,-0.621],[112.44,-0.548],[112.423,-0.526],[112.435,-0.506],[112.414,-0.489],[112.437,-0.431],[112.364,-0.347],[112.387,-0.293],[112.373,-0.256],[112.408,-0.18],[112.228,-0.243],[112.151,-0.309],[112.107,-0.262],[112.047,-0.236],[112.037,-0.204],[112.031,-0.22],[111.977,-0.218],[111.932,-0.186],[111.893,-0.213],[111.86,-0.19],[111.856,-0.208],[111.815,-0.216],[111.781,-0.178],[111.752,-0.19],[111.729,-0.178],[111.731,-0.149],[111.685,-0.131],[111.662,-0.165],[111.566,-0.203],[111.542,-0.235],[111.498,-0.234],[111.479,-0.273],[111.495,-0.322],[111.467,-0.347],[111.431,-0.366],[111.392,-0.35],[111.368,-0.359],[111.185,-0.515]]}},{"type":"Feature","properties":{},"geometry":{"type":"LineString","coordinates":[[116.707,3.371],[117.048,3.407],[117.091,3.39],[117.116,3.348],[117.173,3.358],[117.187,3.335],[117.226,3.337],[117.247,3.314],[117.289,3.428],[117.328,3.402],[117.33,3.376],[117.372,3.371],[117.389,3.321],[117.403,3.321],[117.444,3.349],[117.455,3.423],[117.503,3.424],[117.529,3.457],[117.509,3.5],[117.44,3.508],[117.442,3.531],[117.408,3.545],[117.424,3.564],[117.469,3.561],[117.451,3.601],[117.545,3.578],[117.57,3.611],[117.707,3.576],[117.772,3.615]]}},{"type":"Feature","properties":{},"geometry":{"type":"LineString","coordinates":[[116.743,3.681],[116.696,3.702],[116.643,3.798],[116.407,3.896],[116.384,3.944],[116.391,3.992],[116.357,4.008],[116.355,4.036],[116.323,4.066],[116.272,4.04],[116.132,4.122],[116.085,4.118],[116.033,4.081],[115.965,4.118],[115.958,4.076],[115.994,4.059],[116.021,4.009],[116.016,3.963],[115.943,3.884],[115.914,3.878],[115.908,3.844],[115.948,3.776],[115.913,3.683],[115.954,3.617],[115.971,3.529],[115.901,3.5],[115.878,3.458],[115.849,3.492],[115.814,3.5],[115.802,3.467],[115.722,3.445],[115.698,3.407],[115.657,3.439]]}},{"type":"Feature","properties":{},"geometry":{"type":"LineString","coordinates":[[116.707,3.371],[116.705,3.369]]}},{"type":"Feature","properties":{},"geometry":{"type":"LineString","coordinates":[[114.668,-1.319],[114.668,-1.319]]}},{"type":"Feature","properties":{},"geometry":{"type":"LineString","coordinates":[[111.182,-7.712],[111.182,-7.711]]}},{"type":"Feature","properties":{},"geometry":{"type":"LineString","coordinates":[[98.845,1.298],[98.842,1.295]]}},{"type":"Feature","properties":{},"geometry":{"type":"LineString","coordinates":[[108.927,0.562],[108.927,0.562]]}},{"type":"Feature","properties":{},"geometry":{"type":"LineString","coordinates":[[117.427,3.693],[117.487,3.719]]}},{"type":"Feature","properties":{},"geometry":{"type":"LineString","coordinates":[[114.797,-2.591],[114.791,-2.67],[114.762,-2.72],[114.679,-2.739],[114.667,-2.799],[114.598,-2.816],[114.615,-2.884],[114.599,-2.891],[114.567,-2.864],[114.538,-2.927],[114.517,-2.92],[114.544,-2.949],[114.526,-2.953],[114.505,-3],[114.523,-3.004],[114.546,-3.068],[114.424,-3.18],[114.45,-3.21],[114.36,-3.316],[114.352,-3.463]]}},{"type":"Feature","properties":{},"geometry":{"type":"LineString","coordinates":[[111.75,-1.483],[111.818,-1.601],[111.788,-1.654],[111.845,-1.721],[111.811,-1.813],[111.835,-1.844],[111.817,-1.881],[111.83,-1.88],[111.834,-1.915],[111.81,-1.927],[111.822,-1.999],[111.777,-2.033],[111.77,-2.072],[111.739,-2.08],[111.745,-2.122],[111.681,-2.121],[111.649,-2.15],[111.66,-2.181],[111.603,-2.202],[111.585,-2.307],[111.46,-2.314],[111.382,-2.282]]}},{"type":"Feature","properties":{},"geometry":{"type":"LineString","coordinates":[[111.012,0.739],[110.904,0.713],[110.858,0.728],[110.851,0.744],[110.869,0.755],[110.792,0.792],[110.759,0.841],[110.803,0.901]]}},{"type":"Feature","properties":{},"geometry":{"type":"LineString","coordinates":[[111.095,-0.504],[111.008,-0.506],[110.966,-0.481],[110.966,-0.521],[110.928,-0.558],[110.97,-0.626],[110.935,-0.65],[110.93,-0.678],[110.871,-0.673],[110.864,-0.635],[110.824,-0.6],[110.764,-0.621],[110.675,-0.617],[110.617,-0.565],[110.634,-0.55],[110.615,-0.51],[110.618,-0.443],[110.598,-0.395],[110.563,-0.372],[110.57,-0.346]]}},{"type":"Feature","properties":{},"geometry":{"type":"LineString","coordinates":[[114.828,-3.015],[114.799,-2.957],[114.839,-2.87],[114.804,-2.742],[114.861,-2.526]]}},{"type":"Feature","properties":{},"geometry":{"type":"LineString","coordinates":[[111.75,-1.483],[111.872,-1.544],[111.901,-1.587],[111.955,-1.75],[111.937,-1.869],[112.074,-1.972],[112.056,-2.067],[112.018,-2.125],[112.025,-2.232],[112.073,-2.347],[112.04,-2.345],[112.061,-2.428],[112.05,-2.452],[112.011,-2.462],[112.062,-2.649],[112.042,-2.688],[112.13,-2.766],[112.14,-2.803],[112.097,-3.054],[112.131,-3.159],[111.794,-3.526]]}},{"type":"Feature","properties":{},"geometry":{"type":"LineString","coordinates":[[111.382,-2.282],[111.389,-2.215],[111.358,-2.215],[111.356,-2.152],[111.265,-2.14],[111.268,-2.073],[111.205,-2.064],[111.205,-2.038],[111.172,-2.036],[111.157,-2.016],[111.087,-2.041]]}},{"type":"Feature","properties":{},"geometry":{"type":"LineString","coordinates":[[116.223,2.098],[116.19,2.125],[116.157,2.124],[116.126,2.165],[116.095,2.17],[116.056,2.145],[116.011,2.192],[115.989,2.262],[116.035,2.256],[116.123,2.394],[116.178,2.405],[116.229,2.483],[116.271,2.485],[116.31,2.574],[116.292,2.632],[116.326,2.691],[116.432,2.777],[116.436,2.812],[116.493,2.828],[116.584,2.89],[116.587,2.917],[116.614,2.929],[116.608,2.949],[116.658,2.974],[116.663,3.007],[116.745,3.042],[116.75,3.068],[116.725,3.103],[116.741,3.171],[116.768,3.164],[116.794,3.236],[116.782,3.292],[116.707,3.371]]}},{"type":"Feature","properties":{},"geometry":{"type":"LineString","coordinates":[[115.59,-2.76],[115.667,-2.766],[115.665,-2.721],[115.708,-2.702],[115.717,-2.665],[115.732,-2.685],[115.745,-2.67],[115.727,-2.639],[115.677,-2.613],[115.69,-2.59],[115.743,-2.617],[115.757,-2.6],[115.757,-2.617],[115.809,-2.617],[115.819,-2.562],[115.759,-2.552],[115.751,-2.532]]}},{"type":"Feature","properties":{},"geometry":{"type":"LineString","coordinates":[[114.859,-2.523],[115.001,-2.396]]}},{"type":"Feature","properties":{},"geometry":{"type":"LineString","coordinates":[[115.001,-2.396],[115.089,-2.349],[115.126,-2.295]]}},{"type":"Feature","properties":{},"geometry":{"type":"LineString","coordinates":[[116.743,3.682],[116.743,3.681]]}},{"type":"Feature","properties":{},"geometry":{"type":"LineString","coordinates":[[116.743,3.681],[116.74,3.67]]}},{"type":"Feature","properties":{},"geometry":{"type":"LineString","coordinates":[[115.59,-2.76],[115.59,-2.76]]}},{"type":"Feature","properties":{},"geometry":{"type":"LineString","coordinates":[[109.752,1.537],[109.752,1.537]]}},{"type":"Feature","properties":{},"geometry":{"type":"MultiLineString","coordinates":[[[117.479,0.2],[117.479,0.2]],[[117.388,0.023],[117.402,0.09],[117.428,0.106],[117.479,0.2]],[[117.505,0.206],[117.505,0.206]],[[117.479,0.2],[117.505,0.206]]]}},{"type":"Feature","properties":{},"geometry":{"type":"LineString","coordinates":[[111.087,-2.041],[111.087,-2.041]]}},{"type":"Feature","properties":{},"geometry":{"type":"LineString","coordinates":[[116.223,2.098],[116.223,2.098]]}},{"type":"Feature","properties":{},"geometry":{"type":"LineString","coordinates":[[113.798,-1.604],[113.844,-1.583],[113.865,-1.527],[113.983,-1.532]]}},{"type":"Feature","properties":{},"geometry":{"type":"MultiLineString","coordinates":[[[111.623,-6.982],[111.622,-6.986]],[[111.59,-6.913],[111.567,-6.952],[111.623,-6.981]]]}},{"type":"Feature","properties":{},"geometry":{"type":"LineString","coordinates":[[107.91,-7.732],[107.91,-7.732]]}},{"type":"Feature","properties":{},"geometry":{"type":"LineString","coordinates":[[138.774,-4.385],[138.777,-4.441],[138.759,-4.478],[138.631,-4.475],[138.593,-4.443],[138.583,-4.402],[138.619,-4.38],[138.605,-4.355],[138.643,-4.236]]}},{"type":"Feature","properties":{},"geometry":{"type":"LineString","coordinates":[[136.003,-4.281],[135.821,-4.298],[135.757,-4.282],[135.711,-4.269],[135.675,-4.194],[135.619,-4.233],[135.599,-4.206],[135.584,-4.218],[135.503,-4.203],[135.459,-4.251],[135.417,-4.244],[135.358,-4.193],[135.329,-4.188],[135.303,-4.208],[135.278,-4.167],[135.195,-4.177],[135.179,-4.195],[135.128,-4.164],[135.138,-4.139],[135.12,-4.12],[135.148,-4.077],[135.091,-4.082],[135.088,-4.051]]}},{"type":"Feature","properties":{},"geometry":{"type":"LineString","coordinates":[[138.621,-3.769],[138.635,-3.767]]}},{"type":"Feature","properties":{},"geometry":{"type":"LineString","coordinates":[[138.345,-3.762],[138.408,-3.792],[138.467,-3.778],[138.479,-3.758],[138.532,-3.779],[138.621,-3.769]]}},{"type":"Feature","properties":{},"geometry":{"type":"LineString","coordinates":[[141,-5.169],[141.001,-5.169]]}},{"type":"Feature","properties":{},"geometry":{"type":"LineString","coordinates":[[134.661,-2.756],[134.661,-2.756]]}},{"type":"Feature","properties":{},"geometry":{"type":"LineString","coordinates":[[137.095,-4.032],[137.073,-4.055],[137.032,-4.049],[137.003,-4.133],[136.978,-4.117],[136.922,-4.128],[136.778,-4.078],[136.723,-4.09]]}},{"type":"Feature","properties":{},"geometry":{"type":"LineString","coordinates":[[138.604,-6.524],[138.783,-6.403],[138.872,-6.178],[138.919,-6.153],[138.923,-5.657],[139.093,-5.562],[139.138,-5.646],[139.504,-5.598],[139.493,-5.51],[139.564,-5.415],[139.695,-5.364],[139.725,-5.304],[139.757,-5.294]]}},{"type":"Feature","properties":{},"geometry":{"type":"LineString","coordinates":[[137.948,-4.151],[137.954,-4.166],[137.925,-4.162],[137.926,-4.19],[137.874,-4.177],[137.837,-4.212],[137.781,-4.193],[137.579,-4.192],[137.562,-4.148],[137.512,-4.144],[137.409,-4.075],[137.284,-4.054],[137.267,-4.07],[137.193,-4.057],[137.184,-4.075],[137.152,-4.038],[137.118,-4.031]]}},{"type":"Feature","properties":{},"geometry":{"type":"LineString","coordinates":[[138.148,-1.628],[138.147,-1.628]]}},{"type":"Feature","properties":{},"geometry":{"type":"LineString","coordinates":[[110.969,-6.41],[110.969,-6.41]]}},{"type":"Feature","properties":{},"geometry":{"type":"LineString","coordinates":[[131.746,-0.73],[131.746,-0.73]]}},{"type":"Feature","properties":{},"geometry":{"type":"LineString","coordinates":[[128.843,-3.24],[128.843,-3.24]]}},{"type":"Feature","properties":{},"geometry":{"type":"LineString","coordinates":[[128.271,-3.618],[128.271,-3.618]]}},{"type":"Feature","properties":{},"geometry":{"type":"LineString","coordinates":[[127.698,0.007],[127.698,0.007]]}},{"type":"Feature","properties":{},"geometry":{"type":"LineString","coordinates":[[136.193,-3.982],[136.208,-3.955],[136.168,-3.962],[136.144,-3.947],[136.126,-3.857]]}},{"type":"Feature","properties":{},"geometry":{"type":"LineString","coordinates":[[127.694,0.879],[127.694,0.879]]}},{"type":"Feature","properties":{},"geometry":{"type":"LineString","coordinates":[[126.125,-3.151],[126.125,-3.151]]}},{"type":"Feature","properties":{},"geometry":{"type":"LineString","coordinates":[[115.457,-8.167],[115.457,-8.167]]}},{"type":"Feature","properties":{},"geometry":{"type":"LineString","coordinates":[[108.341,-7.817],[108.341,-7.817]]}},{"type":"Feature","properties":{},"geometry":{"type":"LineString","coordinates":[[105.569,-2.416],[105.571,-2.416]]}},{"type":"Feature","properties":{},"geometry":{"type":"LineString","coordinates":[[137.683,-3.049],[137.63,-3.065],[137.621,-3.04],[137.577,-3.068],[137.549,-3.055]]}},{"type":"Feature","properties":{},"geometry":{"type":"LineString","coordinates":[[137.683,-3.049],[137.708,-3.039],[137.726,-3.066],[137.769,-3.049],[137.79,-3.084],[137.847,-3.049],[137.882,-3.083],[137.885,-3.04],[137.908,-3.051],[137.898,-3.015],[137.93,-3.026],[137.961,-3.001],[137.958,-3.028],[137.978,-3.031],[138.01,-3.022],[137.998,-2.992],[138.026,-3.016],[138.055,-2.983],[138.06,-3.023],[138.125,-3.027],[138.144,-3.047],[138.145,-2.994],[138.102,-3],[138.16,-2.971],[138.176,-2.997],[138.177,-3.11]]}},{"type":"Feature","properties":{},"geometry":{"type":"LineString","coordinates":[[136.003,-4.281],[136.01,-4.226],[136.041,-4.214],[136.054,-4.18]]}},{"type":"Feature","properties":{},"geometry":{"type":"LineString","coordinates":[[138.802,-4.763],[138.802,-4.764]]}},{"type":"Feature","properties":{},"geometry":{"type":"LineString","coordinates":[[137.547,-3.056],[137.549,-3.055]]}},{"type":"Feature","properties":{},"geometry":{"type":"MultiLineString","coordinates":[[[135.053,-4.052],[135.053,-4.052]],[[135.053,-4.052],[135.088,-4.051]],[[134.808,-4.235],[134.875,-4.191],[134.883,-4.161],[134.929,-4.167],[134.991,-4.136],[135.013,-4.08],[135.053,-4.052]]]}},{"type":"Feature","properties":{},"geometry":{"type":"LineString","coordinates":[[138.08,-3.873],[138.086,-3.908],[138.182,-3.901],[138.266,-3.827],[138.354,-3.826],[138.345,-3.762]]}},{"type":"Feature","properties":{},"geometry":{"type":"LineString","coordinates":[[139.066,-3.276],[139.094,-3.29],[139.091,-3.307],[139.072,-3.289],[139.071,-3.315],[139.106,-3.336],[139.11,-3.38],[139.127,-3.355],[139.143,-3.364],[139.143,-3.428],[139.183,-3.427],[139.207,-3.449],[139.27,-3.419],[139.249,-3.453],[139.27,-3.441],[139.276,-3.464],[139.306,-3.474],[139.331,-3.446],[139.34,-3.484],[139.379,-3.468],[139.374,-3.436],[139.464,-3.46]]}},{"type":"Feature","properties":{},"geometry":{"type":"MultiLineString","coordinates":[[[139.066,-3.276],[138.999,-3.301],[138.873,-3.426],[138.889,-3.36],[138.878,-3.329],[138.919,-3.279],[138.913,-3.253]],[[138.913,-3.253],[138.913,-3.253]],[[138.913,-3.253],[138.836,-3.213],[138.806,-3.224],[138.802,-3.19],[138.824,-3.169],[138.775,-3.18],[138.779,-3.202],[138.749,-3.175],[138.719,-3.215],[138.679,-3.195],[138.703,-3.248],[138.675,-3.237],[138.6,-3.332],[138.543,-3.324]]]}},{"type":"Feature","properties":{},"geometry":{"type":"LineString","coordinates":[[136.869,-3.252],[136.826,-3.282],[136.801,-3.266],[136.758,-3.276],[136.711,-3.226],[136.567,-3.254],[136.517,-3.184],[136.579,-3.064],[136.572,-3.046],[136.463,-3.062],[136.403,-3.014],[136.323,-3.02]]}},{"type":"Feature","properties":{},"geometry":{"type":"MultiLineString","coordinates":[[[139.639,-7.384],[139.639,-7.384]],[[139.654,-7.38],[139.639,-7.384]],[[139.654,-7.38],[139.654,-7.38]],[[139.654,-7.38],[139.784,-7.373],[139.792,-7.35],[140.085,-7.21]],[[139.639,-7.384],[139.589,-7.372],[139.525,-7.323],[138.686,-7.174]]]}},{"type":"Feature","properties":{},"geometry":{"type":"LineString","coordinates":[[135.763,-0.736],[135.794,-0.717],[135.771,-0.742],[135.782,-0.768],[135.74,-0.803]]}},{"type":"Feature","properties":{},"geometry":{"type":"LineString","coordinates":[[134.204,-3.078],[134.231,-3.12],[134.263,-3.128],[134.288,-3.111],[134.283,-3.065],[134.313,-3.052],[134.36,-2.953],[134.325,-2.91],[134.314,-2.769],[134.274,-2.745],[134.258,-2.708],[134.267,-2.682],[134.248,-2.647],[134.262,-2.609],[134.19,-2.57],[134.166,-2.508],[134.124,-2.484],[134.107,-2.433],[134.105,-2.309],[134.077,-2.196],[134.084,-2.112],[134.056,-2.038],[134.054,-1.889],[134.008,-1.838]]}},{"type":"Feature","properties":{},"geometry":{"type":"LineString","coordinates":[[116.441,-0.97],[116.385,-0.966],[116.37,-0.996],[116.212,-1.104],[116.076,-1.076],[116.019,-1.093],[115.985,-1.082],[115.979,-1.113],[115.922,-1.154],[115.895,-1.105],[115.843,-1.11]]}},{"type":"Feature","properties":{},"geometry":{"type":"LineString","coordinates":[[111.362,-2.908],[111.361,-2.909]]}},{"type":"Feature","properties":{},"geometry":{"type":"MultiLineString","coordinates":[[[138.443,-3.238],[138.498,-3.163],[138.556,-3.159],[138.555,-3.136],[138.601,-3.154],[138.577,-3.173],[138.602,-3.189],[138.586,-3.209],[138.597,-3.234],[138.558,-3.268],[138.545,-3.322]],[[138.443,-3.238],[138.454,-3.189],[138.491,-3.151],[138.552,-3.151],[138.551,-3.128],[138.601,-3.129],[138.586,-3.098],[138.598,-3.084],[138.629,-3.095],[138.598,-3.038],[138.613,-2.997],[138.587,-2.996],[138.595,-2.965],[138.57,-2.959],[138.58,-2.94],[138.551,-2.924],[138.538,-2.924],[138.556,-2.955],[138.413,-2.929],[138.393,-2.971],[138.365,-2.955],[138.396,-2.948],[138.363,-2.903],[138.309,-2.89],[138.329,-2.904],[138.313,-2.923],[138.279,-2.889],[138.265,-2.947],[138.247,-2.916],[138.231,-2.937],[138.304,-3.013],[138.291,-3.029],[138.266,-3.014],[138.228,-3.053],[138.292,-3.175],[138.231,-3.195],[138.174,-3.26],[138.151,-3.261],[138.147,-3.293],[138.131,-3.268],[138.159,-3.198],[138.185,-3.207],[138.236,-3.153],[138.177,-3.11]]]}},{"type":"Feature","properties":{},"geometry":{"type":"LineString","coordinates":[[134.045,-1.241],[134.092,-1.212],[134.149,-1.225],[134.186,-1.197]]}},{"type":"Feature","properties":{},"geometry":{"type":"LineString","coordinates":[[134.204,-3.078],[134.198,-3.177],[134.223,-3.242],[134.209,-3.257],[134.261,-3.325],[134.253,-3.363],[134.29,-3.387],[134.345,-3.47],[134.393,-3.462],[134.502,-3.499],[134.599,-3.475],[134.587,-3.423],[134.594,-3.401],[134.62,-3.402],[134.624,-3.371],[134.586,-3.304],[134.624,-3.319],[134.715,-3.301]]}},{"type":"Feature","properties":{},"geometry":{"type":"LineString","coordinates":[[131.035,-1.195],[131.035,-1.195]]}},{"type":"Feature","properties":{},"geometry":{"type":"LineString","coordinates":[[134.204,-3.078],[134.192,-3.013],[134.141,-3.016],[134.121,-2.957],[134.064,-2.928],[134.023,-2.829],[134.034,-2.814],[133.992,-2.786],[133.97,-2.813],[133.99,-2.852],[133.961,-2.865],[133.93,-2.818],[133.868,-2.81],[133.86,-2.788],[133.735,-2.812],[133.713,-2.913],[133.659,-2.937],[133.648,-2.965],[133.605,-2.973],[133.571,-3.063],[133.498,-3.081]]}},{"type":"Feature","properties":{},"geometry":{"type":"LineString","coordinates":[[137.549,-3.055],[137.549,-3.055]]}},{"type":"Feature","properties":{},"geometry":{"type":"LineString","coordinates":[[138.686,-7.174],[138.681,-7.173]]}},{"type":"Feature","properties":{},"geometry":{"type":"LineString","coordinates":[[133.485,-3.119],[132.869,-3.954]]}},{"type":"Feature","properties":{},"geometry":{"type":"LineString","coordinates":[[132.837,-3.965],[132.869,-3.954]]}},{"type":"Feature","properties":{},"geometry":{"type":"LineString","coordinates":[[108.834,-6.758],[108.834,-6.758]]}},{"type":"Feature","properties":{},"geometry":{"type":"LineString","coordinates":[[138.443,-3.238],[138.443,-3.238]]}},{"type":"Feature","properties":{},"geometry":{"type":"LineString","coordinates":[[122.443,-4.012],[122.457,-3.935],[122.488,-3.904],[122.513,-3.908],[122.524,-3.941],[122.591,-3.932],[122.626,-3.948]]}},{"type":"Feature","properties":{},"geometry":{"type":"MultiLineString","coordinates":[[[124.337,0.615],[124.342,0.648]],[[124.357,0.755],[124.436,0.786]]]}},{"type":"Feature","properties":{},"geometry":{"type":"LineString","coordinates":[[121.951,-3.048],[122.03,-3.048],[122.035,-3.072],[122.082,-3.092],[122.127,-3.083],[122.151,-3.039],[122.203,-3.096],[122.265,-3.101],[122.257,-3.14],[122.318,-3.171],[122.302,-3.211],[122.313,-3.221],[122.296,-3.226],[122.311,-3.272]]}},{"type":"Feature","properties":{},"geometry":{"type":"LineString","coordinates":[[121.67,-2.9],[121.695,-2.921],[121.757,-2.926],[121.834,-2.973],[121.866,-2.968],[121.884,-3.01],[121.941,-3.028],[121.951,-3.048]]}},{"type":"Feature","properties":{},"geometry":{"type":"LineString","coordinates":[[121.103,-3.745],[121.133,-3.709],[121.253,-3.657]]}},{"type":"Feature","properties":{},"geometry":{"type":"LineString","coordinates":[[121.998,-4.129],[122.087,-4.119],[122.179,-4.065],[122.18,-4.043],[122.223,-4.005],[122.269,-4.003],[122.27,-3.984],[122.285,-4.005],[122.303,-3.997],[122.296,-4.024],[122.312,-4.002],[122.314,-4.022],[122.354,-4.025],[122.363,-3.996],[122.373,-4.013],[122.443,-4.012]]}},{"type":"Feature","properties":{},"geometry":{"type":"LineString","coordinates":[[121.931,-3.108],[121.951,-3.048]]}},{"type":"Feature","properties":{},"geometry":{"type":"LineString","coordinates":[[122.049,-5.414],[122.049,-5.414]]}},{"type":"Feature","properties":{},"geometry":{"type":"LineString","coordinates":[[124.737,1.115],[124.661,1.134],[124.649,1.116],[124.581,1.115],[124.574,1.093],[124.55,1.088],[124.567,1.045],[124.555,1.032],[124.58,1.005],[124.566,0.968],[124.579,0.934],[124.596,0.937]]}},{"type":"Feature","properties":{},"geometry":{"type":"LineString","coordinates":[[125.064,1.286],[125.027,1.291],[125.022,1.326],[124.999,1.336],[124.963,1.319],[124.927,1.337],[124.904,1.452],[124.885,1.466]]}},{"type":"Feature","properties":{},"geometry":{"type":"LineString","coordinates":[[124.822,1.269],[124.819,1.243],[124.85,1.267],[124.876,1.326],[124.91,1.349],[124.864,1.352],[124.836,1.405],[124.779,1.388],[124.731,1.313],[124.822,1.269]]}},{"type":"Feature","properties":{},"geometry":{"type":"LineString","coordinates":[[124.909,1.018],[124.837,1.121],[124.77,1.097],[124.737,1.115]]}},{"type":"Feature","properties":{},"geometry":{"type":"LineString","coordinates":[[124.885,1.466],[124.857,1.434],[124.824,1.428],[124.784,1.461]]}},{"type":"Feature","properties":{},"geometry":{"type":"LineString","coordinates":[[123.643,0.574],[123.621,0.561],[123.587,0.587],[123.533,0.577]]}},{"type":"Feature","properties":{},"geometry":{"type":"LineString","coordinates":[[122.248,0.914],[122.248,0.854],[122.264,0.844],[122.251,0.791],[122.283,0.779],[122.341,0.795],[122.399,0.76],[122.443,0.766],[122.501,0.736],[122.507,0.709],[122.544,0.7],[122.569,0.66],[122.601,0.649],[122.639,0.566],[122.629,0.534],[122.649,0.518]]}},{"type":"Feature","properties":{},"geometry":{"type":"LineString","coordinates":[[122.101,0.902],[122.248,0.914]]}},{"type":"Feature","properties":{},"geometry":{"type":"LineString","coordinates":[[119.509,-5.537],[119.509,-5.537]]}},{"type":"Feature","properties":{},"geometry":{"type":"LineString","coordinates":[[121.01,-2.866],[121.01,-2.866]]}},{"type":"Feature","properties":{},"geometry":{"type":"LineString","coordinates":[[122.101,0.902],[122.033,0.886],[121.982,0.907]]}},{"type":"Feature","properties":{},"geometry":{"type":"LineString","coordinates":[[124.476,0.466],[124.46,0.518],[124.436,0.535],[124.44,0.567],[124.337,0.615]]}},{"type":"Feature","properties":{},"geometry":{"type":"MultiLineString","coordinates":[[[120.244,-5.3],[120.17,-5.314],[120.141,-5.288],[120.125,-5.312],[120.078,-5.316],[120.074,-5.339],[120.04,-5.347],[119.998,-5.32]],[[120.335,-5.287],[120.305,-5.302],[120.282,-5.29]]]}},{"type":"Feature","properties":{},"geometry":{"type":"LineString","coordinates":[[123.643,0.574],[123.635,0.601],[123.701,0.614],[123.741,0.678],[123.701,0.732],[123.711,0.759],[123.689,0.794],[123.727,0.863]]}},{"type":"Feature","properties":{},"geometry":{"type":"LineString","coordinates":[[122.101,0.902],[122.127,0.667],[122.121,0.495]]}},{"type":"Feature","properties":{},"geometry":{"type":"LineString","coordinates":[[124.699,0.844],[124.635,0.891],[124.651,0.956],[124.596,0.937]]}},{"type":"Feature","properties":{},"geometry":{"type":"LineString","coordinates":[[123.533,0.577],[123.526,0.542],[123.552,0.511],[123.523,0.49],[123.523,0.463],[123.55,0.434],[123.498,0.382],[123.473,0.32]]}},{"type":"Feature","properties":{},"geometry":{"type":"LineString","coordinates":[[123.533,0.577],[123.488,0.602],[123.486,0.627],[123.384,0.64],[123.322,0.699],[123.274,0.698],[123.247,0.717],[123.249,0.748]]}},{"type":"Feature","properties":{},"geometry":{"type":"LineString","coordinates":[[123.533,0.577],[123.533,0.577]]}},{"type":"Feature","properties":{},"geometry":{"type":"LineString","coordinates":[[123.116,0.924],[123.122,0.889],[123.206,0.857],[123.271,0.803],[123.249,0.748]]}},{"type":"Feature","properties":{},"geometry":{"type":"LineString","coordinates":[[121.361,-2.988],[121.361,-3.051],[121.442,-3.169],[121.431,-3.275]]}},{"type":"Feature","properties":{},"geometry":{"type":"LineString","coordinates":[[124.565,1.379],[124.621,1.337],[124.718,1.325],[124.708,1.295],[124.76,1.252],[124.752,1.211],[124.73,1.211],[124.737,1.115]]}},{"type":"Feature","properties":{},"geometry":{"type":"LineString","coordinates":[[121.253,-3.657],[121.327,-3.699],[121.369,-3.628],[121.42,-3.63],[121.426,-3.712],[121.487,-3.724],[121.609,-3.821],[121.606,-3.877],[121.673,-3.931],[121.655,-3.977],[121.728,-4.027],[121.726,-4.053],[121.784,-4.054],[121.764,-4.133],[121.78,-4.181],[121.739,-4.203],[121.734,-4.251],[121.773,-4.296],[121.702,-4.293],[121.727,-4.357],[121.796,-4.389],[121.811,-4.416]]}},{"type":"Feature","properties":{},"geometry":{"type":"LineString","coordinates":[[121.811,-4.416],[121.724,-4.492],[121.724,-4.524],[121.67,-4.615],[121.65,-4.568],[121.622,-4.56],[121.471,-4.591]]}},{"type":"Feature","properties":{},"geometry":{"type":"LineString","coordinates":[[124.342,0.648],[124.319,0.667],[124.294,0.659],[124.288,0.699],[124.252,0.707],[124.256,0.75],[124.306,0.752],[124.321,0.775],[124.357,0.755]]}},{"type":"Feature","properties":{},"geometry":{"type":"LineString","coordinates":[[119.721,-4.078],[119.751,-4.127]]}},{"type":"Feature","properties":{},"geometry":{"type":"LineString","coordinates":[[119.938,-5.356],[119.956,-5.354]]}},{"type":"Feature","properties":{},"geometry":{"type":"LineString","coordinates":[[123.062,0.59],[123.027,0.564],[123.031,0.547],[122.995,0.554],[123.041,0.496]]}},{"type":"Feature","properties":{},"geometry":{"type":"LineString","coordinates":[[119.803,-3.733],[119.759,-3.713],[119.74,-3.614],[119.7,-3.545],[119.706,-3.473],[119.686,-3.451],[119.697,-3.387]]}},{"type":"Feature","properties":{},"geometry":{"type":"LineString","coordinates":[[119.987,-3.183],[119.981,-3.249],[120.025,-3.282],[120.041,-3.368]]}},{"type":"Feature","properties":{},"geometry":{"type":"LineString","coordinates":[[119.635,-3.982],[119.664,-3.961]]}},{"type":"Feature","properties":{},"geometry":{"type":"LineString","coordinates":[[121.67,-2.9],[121.632,-2.894],[121.516,-2.925],[121.484,-2.949],[121.462,-3.011],[121.396,-3.016],[121.361,-2.988]]}},{"type":"Feature","properties":{},"geometry":{"type":"LineString","coordinates":[[121.361,-2.988],[121.361,-2.988]]}},{"type":"Feature","properties":{},"geometry":{"type":"LineString","coordinates":[[119.696,-4.788],[119.696,-4.788]]}},{"type":"Feature","properties":{},"geometry":{"type":"LineString","coordinates":[[121.431,-3.275],[121.38,-3.248],[121.247,-3.226],[121.157,-3.298],[121.158,-3.339],[121.123,-3.411],[121.155,-3.439],[121.121,-3.49],[121.236,-3.603],[121.253,-3.657]]}},{"type":"Feature","properties":{},"geometry":{"type":"LineString","coordinates":[[124.699,0.844],[124.699,0.844]]}},{"type":"Feature","properties":{},"geometry":{"type":"LineString","coordinates":[[121.103,-3.745],[121.103,-3.745]]}},{"type":"Feature","properties":{},"geometry":{"type":"LineString","coordinates":[[122.574,-5.538],[122.574,-5.538]]}},{"type":"Feature","properties":{},"geometry":{"type":"LineString","coordinates":[[122.607,-5.223],[122.561,-5.228],[122.528,-5.195],[122.45,-5.235],[122.407,-5.21],[122.408,-5.192],[122.367,-5.186],[122.353,-5.151],[122.318,-5.143]]}},{"type":"Feature","properties":{},"geometry":{"type":"LineString","coordinates":[[124.565,1.379],[124.565,1.379]]}},{"type":"Feature","properties":{},"geometry":{"type":"LineString","coordinates":[[120.278,-4.258],[120.278,-4.258]]}},{"type":"Feature","properties":{},"geometry":{"type":"MultiLineString","coordinates":[[[124.436,0.786],[124.453,0.771]],[[124.47,0.762],[124.491,0.776],[124.497,0.82],[124.56,0.867],[124.596,0.937]]]}},{"type":"Feature","properties":{},"geometry":{"type":"LineString","coordinates":[[121.337,0.474],[121.337,0.474]]}},{"type":"Feature","properties":{},"geometry":{"type":"LineString","coordinates":[[120.838,-2.219],[120.88,-2.267],[120.958,-2.252],[120.994,-2.275],[121.043,-2.249],[121.049,-2.265],[121.103,-2.277],[121.109,-2.315],[121.085,-2.373],[121.106,-2.4],[121.135,-2.407],[121.199,-2.365],[121.228,-2.368],[121.255,-2.403],[121.292,-2.376],[121.391,-2.411],[121.442,-2.405]]}},{"type":"Feature","properties":{},"geometry":{"type":"LineString","coordinates":[[120.127,-4.224],[120.127,-4.224]]}},{"type":"Feature","properties":{},"geometry":{"type":"LineString","coordinates":[[120.883,0.705],[120.974,0.69],[121.015,0.711],[121.161,0.679]]}},{"type":"Feature","properties":{},"geometry":{"type":"LineString","coordinates":[[119.075,-3.112],[119.038,-3.085],[118.96,-3.089],[118.946,-3.105],[118.955,-3.16],[118.91,-3.163],[118.901,-3.19],[118.939,-3.355],[118.915,-3.409],[119.005,-3.533]]}},{"type":"Feature","properties":{},"geometry":{"type":"LineString","coordinates":[[119.005,-3.533],[119.005,-3.533]]}},{"type":"Feature","properties":{},"geometry":{"type":"LineString","coordinates":[[124.453,0.771],[124.464,0.73],[124.472,0.759],[124.453,0.771]]}},{"type":"Feature","properties":{},"geometry":{"type":"LineString","coordinates":[[122.649,0.518],[122.65,0.515]]}},{"type":"Feature","properties":{},"geometry":{"type":"LineString","coordinates":[[119.711,-2.142],[119.747,-2.221],[119.677,-2.268],[119.699,-2.314],[119.681,-2.328],[119.688,-2.371],[119.723,-2.393],[119.711,-2.516],[119.746,-2.536],[119.76,-2.587]]}},{"type":"Feature","properties":{},"geometry":{"type":"LineString","coordinates":[[119.637,-5.431],[119.574,-5.447],[119.53,-5.432],[119.508,-5.455],[119.528,-5.481],[119.486,-5.491],[119.509,-5.537]]}},{"type":"Feature","properties":{},"geometry":{"type":"LineString","coordinates":[[121.933,-5.429],[121.943,-5.412],[122.049,-5.414]]}},{"type":"Feature","properties":{},"geometry":{"type":"LineString","coordinates":[[123.249,0.748],[123.249,0.748]]}},{"type":"Feature","properties":{},"geometry":{"type":"LineString","coordinates":[[125.108,1.394],[125.108,1.394]]}},{"type":"Feature","properties":{},"geometry":{"type":"LineString","coordinates":[[120.289,-5.113],[120.289,-5.113]]}},{"type":"Feature","properties":{},"geometry":{"type":"LineString","coordinates":[[119.438,-3.286],[119.374,-3.195],[119.432,-3.167],[119.445,-3.191],[119.486,-3.189],[119.536,-3.139],[119.573,-3.145],[119.606,-3.118],[119.637,-3.128],[119.565,-2.994],[119.577,-2.95],[119.55,-2.898],[119.579,-2.837],[119.568,-2.798],[119.584,-2.748]]}},{"type":"Feature","properties":{},"geometry":{"type":"LineString","coordinates":[[119.664,-3.961],[119.686,-3.99],[119.676,-4.007],[119.719,-4.046],[119.721,-4.078]]}},{"type":"Feature","properties":{},"geometry":{"type":"LineString","coordinates":[[120.098,-3.488],[120.037,-3.547],[120.027,-3.596],[119.992,-3.63],[119.995,-3.66],[119.952,-3.66],[119.923,-3.685],[119.941,-3.762],[119.969,-3.788],[119.961,-3.804],[119.873,-3.819],[119.803,-3.733]]}},{"type":"Feature","properties":{},"geometry":{"type":"LineString","coordinates":[[121.998,-4.129],[122.029,-4.197],[121.998,-4.393],[121.971,-4.406],[121.882,-4.377]]}},{"type":"Feature","properties":{},"geometry":{"type":"LineString","coordinates":[[124.821,1.583],[124.821,1.583]]}},{"type":"Feature","properties":{},"geometry":{"type":"LineString","coordinates":[[122.196,1.039],[122.042,0.989],[122.017,0.955],[122.04,0.962],[122.035,0.931],[121.982,0.907]]}},{"type":"Feature","properties":{},"geometry":{"type":"LineString","coordinates":[[121.982,0.907],[121.923,0.927],[121.888,0.978],[121.851,0.993],[121.814,0.951],[121.604,0.873],[121.542,0.879],[121.532,0.852],[121.481,0.838],[121.349,0.852],[121.365,0.803],[121.317,0.785],[121.237,0.802],[121.192,0.768],[121.161,0.679]]}},{"type":"Feature","properties":{},"geometry":{"type":"LineString","coordinates":[[120.041,-3.368],[119.984,-3.303]]}},{"type":"Feature","properties":{},"geometry":{"type":"LineString","coordinates":[[122.848,-5.112],[122.95,-5.147]]}},{"type":"Feature","properties":{},"geometry":{"type":"LineString","coordinates":[[122.823,-5.652],[122.791,-5.604],[122.789,-5.488],[122.742,-5.48]]}},{"type":"Feature","properties":{},"geometry":{"type":"LineString","coordinates":[[119.987,-3.183],[120.01,-3.167],[120.024,-3.106],[120.028,-3.071],[120.008,-3.053]]}},{"type":"Feature","properties":{},"geometry":{"type":"MultiLineString","coordinates":[[[120.081,-3.03],[120.008,-3.053]],[[120.05,-2.952],[120.053,-2.931],[120.006,-2.904],[119.981,-2.86],[119.991,-2.844],[119.944,-2.781],[119.886,-2.763]]]}},{"type":"Feature","properties":{},"geometry":{"type":"LineString","coordinates":[[122.318,-5.143],[122.317,-5.142]]}},{"type":"Feature","properties":{},"geometry":{"type":"LineString","coordinates":[[120.354,-1.185],[120.582,-1.108]]}},{"type":"Feature","properties":{},"geometry":{"type":"LineString","coordinates":[[122.443,-4.012],[122.523,-4.092],[122.605,-4.052],[122.651,-4.003]]}},{"type":"Feature","properties":{},"geometry":{"type":"LineString","coordinates":[[122.626,-4.642],[122.634,-4.674],[122.653,-4.679],[122.637,-4.696],[122.659,-4.73],[122.592,-4.769],[122.565,-4.807],[122.66,-4.897],[122.603,-4.948],[122.584,-5.003],[122.553,-4.966],[122.456,-4.916],[122.418,-4.906],[122.358,-4.932]]}},{"type":"Feature","properties":{},"geometry":{"type":"LineString","coordinates":[[120.098,-3.488],[120.14,-3.524],[120.176,-3.507],[120.197,-3.58],[120.234,-3.584],[120.289,-3.641],[120.321,-3.647]]}},{"type":"Feature","properties":{},"geometry":{"type":"LineString","coordinates":[[119.697,-3.387],[119.699,-3.388]]}},{"type":"Feature","properties":{},"geometry":{"type":"LineString","coordinates":[[122.651,-4.003],[122.651,-4.003]]}},{"type":"Feature","properties":{},"geometry":{"type":"LineString","coordinates":[[122.742,-5.48],[122.727,-5.496],[122.621,-5.507],[122.574,-5.538]]}},{"type":"Feature","properties":{},"geometry":{"type":"LineString","coordinates":[[120.513,-2.11],[120.53,-2.083],[120.518,-2.044],[120.547,-2.019],[120.6,-2.096],[120.636,-2.113],[120.69,-2.206],[120.723,-2.211],[120.743,-2.242],[120.78,-2.214],[120.838,-2.219]]}},{"type":"Feature","properties":{},"geometry":{"type":"LineString","coordinates":[[119.808,-4.537],[119.803,-4.592],[119.756,-4.644],[119.76,-4.685],[119.817,-4.707],[119.822,-4.743],[119.801,-4.763],[119.773,-4.754],[119.749,-4.798],[119.696,-4.788]]}},{"type":"Feature","properties":{},"geometry":{"type":"LineString","coordinates":[[119.696,-4.788],[119.681,-4.769],[119.696,-4.757],[119.692,-4.721],[119.655,-4.716],[119.667,-4.654],[119.619,-4.566],[119.593,-4.557]]}},{"type":"Feature","properties":{},"geometry":{"type":"LineString","coordinates":[[119.438,-3.286],[119.476,-3.288],[119.501,-3.316],[119.521,-3.31],[119.529,-3.274],[119.616,-3.287],[119.647,-3.324],[119.651,-3.363],[119.697,-3.387]]}},{"type":"Feature","properties":{},"geometry":{"type":"LineString","coordinates":[[119.683,-1.441],[119.709,-1.416],[119.733,-1.424],[119.816,-1.396],[119.838,-1.364],[119.831,-1.284],[119.775,-1.195],[119.804,-1.139],[119.801,-1.089],[119.757,-0.997],[119.719,-0.995],[119.707,-1.01],[119.648,-0.987],[119.654,-0.952],[119.768,-0.899]]}},{"type":"Feature","properties":{},"geometry":{"type":"MultiLineString","coordinates":[[[119.721,-4.078],[119.714,-4.08]],[[119.714,-4.08],[119.62,-4.067]]]}},{"type":"Feature","properties":{},"geometry":{"type":"MultiLineString","coordinates":[[[119.936,-5.36],[119.94,-5.382]],[[119.936,-5.36],[119.938,-5.356]]]}},{"type":"Feature","properties":{},"geometry":{"type":"LineString","coordinates":[[119.864,-5.092],[119.893,-5.095],[119.923,-5.133],[119.971,-5.139]]}},{"type":"Feature","properties":{},"geometry":{"type":"LineString","coordinates":[[119.956,-5.354],[119.97,-5.391],[120.029,-5.393],[120.09,-5.489],[120.102,-5.586]]}},{"type":"Feature","properties":{},"geometry":{"type":"LineString","coordinates":[[121.442,-2.405],[121.57,-2.491],[121.585,-2.528],[121.621,-2.535],[121.63,-2.506],[121.673,-2.52],[121.697,-2.581],[121.784,-2.642],[121.774,-2.683],[121.751,-2.679],[121.735,-2.699],[121.748,-2.718],[121.715,-2.753],[121.707,-2.807],[121.651,-2.846],[121.686,-2.866],[121.67,-2.9]]}},{"type":"Feature","properties":{},"geometry":{"type":"LineString","coordinates":[[121.995,-8.805],[121.995,-8.806]]}},{"type":"Feature","properties":{},"geometry":{"type":"LineString","coordinates":[[124.083,-9.633],[124.083,-9.633]]}},{"type":"Feature","properties":{},"geometry":{"type":"LineString","coordinates":[[124.748,-9.488],[124.748,-9.488]]}},{"type":"Feature","properties":{},"geometry":{"type":"LineString","coordinates":[[116.405,-8.857],[116.403,-8.865]]}},{"type":"Feature","properties":{},"geometry":{"type":"LineString","coordinates":[[119.539,-9.76],[119.543,-9.696],[119.489,-9.665],[119.496,-9.624],[119.482,-9.607],[119.52,-9.527],[119.466,-9.515],[119.403,-9.376]]}},{"type":"Feature","properties":{},"geometry":{"type":"LineString","coordinates":[[123.643,0.574],[123.714,0.563],[123.72,0.526],[123.69,0.486],[123.698,0.457],[123.737,0.466],[123.792,0.441],[123.859,0.459],[123.93,0.431],[123.968,0.465],[124.025,0.478],[124.063,0.519],[124.113,0.527],[124.14,0.559],[124.161,0.562],[124.179,0.522],[124.218,0.538],[124.233,0.51],[124.249,0.515],[124.239,0.542],[124.294,0.532],[124.319,0.544],[124.31,0.568],[124.297,0.561],[124.338,0.615]]}},{"type":"Feature","properties":{},"geometry":{"type":"LineString","coordinates":[[119.864,-5.092],[119.847,-5.046],[119.885,-5],[119.898,-4.917],[119.95,-4.86],[119.932,-4.846],[119.972,-4.778],[119.885,-4.718],[119.867,-4.744],[119.809,-4.761],[119.808,-4.806]]}},{"type":"Feature","properties":{},"geometry":{"type":"LineString","coordinates":[[120.086,-3.031],[120.05,-2.952]]}},{"type":"Feature","properties":{},"geometry":{"type":"LineString","coordinates":[[120.081,-3.03],[120.086,-3.031]]}},{"type":"Feature","properties":{},"geometry":{"type":"LineString","coordinates":[[119.886,-2.763],[119.856,-2.688],[119.837,-2.697],[119.852,-2.634],[119.76,-2.587]]}},{"type":"Feature","properties":{},"geometry":{"type":"LineString","coordinates":[[120.335,-5.287],[120.335,-5.287]]}},{"type":"Feature","properties":{},"geometry":{"type":"LineString","coordinates":[[122.759,-5.112],[122.8,-5.066],[122.848,-5.112]]}},{"type":"Feature","properties":{},"geometry":{"type":"LineString","coordinates":[[122.848,-5.112],[122.832,-5.073],[122.849,-5.038],[122.888,-5.02],[122.888,-4.916],[122.912,-4.882],[122.914,-4.827],[122.88,-4.775],[122.928,-4.61],[122.862,-4.621],[122.849,-4.606]]}},{"type":"Feature","properties":{},"geometry":{"type":"MultiLineString","coordinates":[[[119.431,-3.339],[119.445,-3.315]],[[119.445,-3.315],[119.445,-3.315]],[[119.445,-3.315],[119.435,-3.295]],[[119.435,-3.295],[119.435,-3.295]],[[119.435,-3.295],[119.438,-3.286]]]}},{"type":"Feature","properties":{},"geometry":{"type":"LineString","coordinates":[[119.474,-3.502],[119.493,-3.475],[119.475,-3.458],[119.464,-3.373],[119.431,-3.339]]}},{"type":"Feature","properties":{},"geometry":{"type":"LineString","coordinates":[[123.116,0.924],[123.119,0.926]]}},{"type":"Feature","properties":{},"geometry":{"type":"LineString","coordinates":[[120.041,-3.368],[120.025,-3.388],[120.04,-3.41],[120.06,-3.406],[120.098,-3.488]]}},{"type":"Feature","properties":{},"geometry":{"type":"LineString","coordinates":[[120.819,-8.835],[120.819,-8.835]]}},{"type":"Feature","properties":{},"geometry":{"type":"LineString","coordinates":[[121.173,-8.441],[121.173,-8.441]]}},{"type":"Feature","properties":{},"geometry":{"type":"LineString","coordinates":[[121.414,-8.793],[121.414,-8.793]]}},{"type":"Feature","properties":{},"geometry":{"type":"LineString","coordinates":[[124.224,-10.163],[124.223,-10.163]]}},{"type":"Feature","properties":{},"geometry":{"type":"LineString","coordinates":[[124.811,-9.791],[124.808,-9.788]]}},{"type":"Feature","properties":{},"geometry":{"type":"LineString","coordinates":[[124.792,-9.018],[124.792,-9.018]]}},{"type":"Feature","properties":{},"geometry":{"type":"LineString","coordinates":[[121.139,-8.898],[121.139,-8.898]]}},{"type":"Feature","properties":{},"geometry":{"type":"LineString","coordinates":[[120.656,-2.667],[120.656,-2.667]]}},{"type":"Feature","properties":{},"geometry":{"type":"LineString","coordinates":[[120.193,0.616],[120.229,0.608],[120.357,0.678],[120.462,0.668],[120.496,0.636],[120.54,0.634],[120.547,0.595],[120.575,0.609],[120.622,0.588],[120.706,0.669],[120.754,0.662],[120.883,0.705]]}},{"type":"Feature","properties":{},"geometry":{"type":"LineString","coordinates":[[120.936,-1.65],[121.002,-1.647],[121.09,-1.597],[121.134,-1.598],[121.142,-1.57],[121.197,-1.573],[121.29,-1.478],[121.399,-1.434],[121.488,-1.332],[121.695,-1.416],[121.866,-1.274],[121.932,-1.306],[121.985,-1.392]]}},{"type":"Feature","properties":{},"geometry":{"type":"LineString","coordinates":[[120.019,-0.782],[120.042,-0.834],[120.034,-0.857]]}},{"type":"Feature","properties":{},"geometry":{"type":"LineString","coordinates":[[120.883,0.705],[120.924,0.78],[120.996,0.806],[121,0.826],[120.983,0.832],[121.008,0.861],[121.029,1],[121.01,1.03],[121.128,1.131],[121.132,1.179],[121.157,1.219],[121.174,1.217],[121.177,1.269]]}},{"type":"Feature","properties":{},"geometry":{"type":"LineString","coordinates":[[120.936,-1.65],[120.956,-1.727],[120.949,-1.87],[120.93,-1.889],[120.906,-1.883],[120.931,-1.916],[120.817,-2.064],[120.838,-2.219]]}},{"type":"Feature","properties":{},"geometry":{"type":"LineString","coordinates":[[120.936,-1.65],[120.894,-1.51],[120.888,-1.411]]}},{"type":"Feature","properties":{},"geometry":{"type":"LineString","coordinates":[[120.354,-1.185],[120.341,-1.172],[120.37,-1.148],[120.265,-1.15],[120.234,-1.131],[120.216,-1.068],[120.082,-1.013],[120.052,-0.968],[120.065,-0.912],[120.034,-0.857]]}},{"type":"Feature","properties":{},"geometry":{"type":"LineString","coordinates":[[120.193,0.616],[120.203,0.574],[120.159,0.532],[120.157,0.471],[120.113,0.432],[120.128,0.41],[120.083,0.386],[120.057,0.336],[120.055,0.286],[120.096,0.243],[120.092,0.205],[120.042,0.173],[120.036,0.129],[120,0.123],[119.961,0.086],[119.943,-0.072],[119.899,-0.139],[119.935,-0.21],[119.906,-0.269],[119.928,-0.304],[119.916,-0.41],[119.941,-0.46],[119.938,-0.512],[120,-0.585],[120.002,-0.633],[120.033,-0.684],[120.014,-0.713],[120.019,-0.782]]}},{"type":"Feature","properties":{},"geometry":{"type":"LineString","coordinates":[[120.095,-1.967],[120.091,-1.926],[120.141,-1.899],[120.091,-1.817],[120.18,-1.772],[120.144,-1.721],[120.124,-1.646],[120.13,-1.56],[120.089,-1.554],[120.102,-1.517],[120.174,-1.451],[120.238,-1.443],[120.283,-1.372],[120.225,-1.293],[120.176,-1.27],[120.214,-1.258],[120.231,-1.224],[120.272,-1.232],[120.287,-1.205],[120.354,-1.185]]}},{"type":"Feature","properties":{},"geometry":{"type":"LineString","coordinates":[[103.221,-1.374],[103.238,-1.374],[103.225,-1.331],[103.24,-1.331],[103.242,-1.361],[103.263,-1.375],[103.271,-1.235],[103.338,-1.237]]}},{"type":"Feature","properties":{},"geometry":{"type":"LineString","coordinates":[[121.985,-1.392],[122.058,-1.431],[122.043,-1.482],[122.053,-1.524],[122.033,-1.553],[122.058,-1.617]]}},{"type":"Feature","properties":{},"geometry":{"type":"MultiLineString","coordinates":[[[119.768,-0.899],[119.757,-0.84],[119.805,-0.802]],[[119.844,-0.697],[119.875,-0.66],[119.925,-0.651],[119.872,-0.683],[119.878,-0.705],[119.937,-0.706],[119.878,-0.734],[119.908,-0.756],[119.872,-0.774],[119.897,-0.775],[119.902,-0.8],[119.969,-0.812],[120.019,-0.782]]]}},{"type":"Feature","properties":{},"geometry":{"type":"LineString","coordinates":[[119.683,-1.441],[119.642,-1.404],[119.592,-1.396],[119.584,-1.425],[119.546,-1.436],[119.539,-1.422],[119.51,-1.451],[119.519,-1.409],[119.462,-1.396],[119.427,-1.347],[119.462,-1.319],[119.511,-1.312],[119.505,-1.297],[119.466,-1.299],[119.532,-1.234],[119.536,-1.178],[119.592,-1.183],[119.578,-1.03],[119.557,-1.01],[119.552,-0.942],[119.573,-0.88],[119.561,-0.85]]}},{"type":"Feature","properties":{},"geometry":{"type":"LineString","coordinates":[[119.682,-2.756],[119.584,-2.748]]}},{"type":"Feature","properties":{},"geometry":{"type":"LineString","coordinates":[[119.683,-1.441],[119.698,-1.452],[119.671,-1.545],[119.735,-1.606],[119.728,-1.638],[119.795,-1.708],[119.796,-1.741],[119.872,-1.78]]}},{"type":"Feature","properties":{},"geometry":{"type":"LineString","coordinates":[[119.075,-3.112],[119.112,-3.092],[119.149,-3.117],[119.268,-3.074],[119.257,-3.158],[119.312,-3.24],[119.296,-3.264],[119.336,-3.271],[119.337,-3.289],[119.431,-3.339]]}},{"type":"Feature","properties":{},"geometry":{"type":"LineString","coordinates":[[119.132,-2.298],[119.13,-2.298]]}},{"type":"Feature","properties":{},"geometry":{"type":"LineString","coordinates":[[120.034,-0.857],[120.031,-0.881],[119.928,-0.921],[119.931,-0.947],[119.874,-0.923],[119.832,-0.942],[119.818,-0.858],[119.794,-0.859],[119.768,-0.899]]}},{"type":"Feature","properties":{},"geometry":{"type":"LineString","coordinates":[[121.985,-1.392],[122.039,-1.34],[122.11,-1.376],[122.13,-1.344],[122.127,-1.275],[122.057,-1.247],[122.066,-1.226],[122.044,-1.171],[122.003,-1.131],[121.956,-1.111],[121.937,-1.13],[121.921,-1.096],[121.876,-1.072],[121.855,-0.976]]}},{"type":"Feature","properties":{},"geometry":{"type":"LineString","coordinates":[[118.877,-2.922],[118.896,-2.935],[118.943,-2.915],[119.001,-2.961],[119.026,-2.96]]}},{"type":"Feature","properties":{},"geometry":{"type":"LineString","coordinates":[[119.074,-3.112],[119.057,-3.053],[119.082,-3.017],[119.026,-2.96]]}},{"type":"Feature","properties":{},"geometry":{"type":"LineString","coordinates":[[120.838,-2.219],[120.838,-2.219]]}},{"type":"Feature","properties":{},"geometry":{"type":"LineString","coordinates":[[120.888,-1.411],[120.888,-1.411]]}},{"type":"Feature","properties":{},"geometry":{"type":"LineString","coordinates":[[122.058,-1.617],[122.058,-1.617]]}},{"type":"Feature","properties":{},"geometry":{"type":"LineString","coordinates":[[119.805,-0.802],[119.805,-0.801]]}},{"type":"Feature","properties":{},"geometry":{"type":"MultiLineString","coordinates":[[[101.28,-2.251],[101.293,-2.289]],[[101.24,-2.067],[101.138,-1.899],[101.132,-1.685]]]}},{"type":"Feature","properties":{},"geometry":{"type":"MultiLineString","coordinates":[[[110.811,-7.524],[110.801,-7.534]],[[110.811,-7.524],[110.816,-7.523]]]}},{"type":"Feature","properties":{},"geometry":{"type":"LineString","coordinates":[[110.811,-7.524],[110.811,-7.524]]}},{"type":"Feature","properties":{},"geometry":{"type":"MultiLineString","coordinates":[[[102.607,-1.098],[102.565,-0.918],[102.581,-0.873],[102.677,-0.778],[102.637,-0.745],[102.642,-0.726]],[[102.64,-0.724],[102.651,-0.681],[102.691,-0.653],[102.686,-0.564],[102.719,-0.558],[102.686,-0.513],[102.719,-0.412],[102.693,-0.339],[102.695,0.086]]]}},{"type":"Feature","properties":{},"geometry":{"type":"LineString","coordinates":[[119.808,-4.806],[119.807,-4.808]]}},{"type":"Feature","properties":{},"geometry":{"type":"LineString","coordinates":[[136.12,-3.9],[136.12,-3.9]]}},{"type":"Feature","properties":{},"geometry":{"type":"LineString","coordinates":[[140.126,-3.695],[140.126,-3.695]]}},{"type":"Feature","properties":{},"geometry":{"type":"LineString","coordinates":[[121.126,-8.81],[121.126,-8.81]]}},{"type":"Feature","properties":{},"geometry":{"type":"LineString","coordinates":[[119.894,-4.109],[119.907,-4.069],[119.881,-4.025],[119.906,-3.939],[119.997,-3.925],[120.016,-3.939],[120.057,-3.855],[120.135,-3.826],[120.153,-3.767],[120.191,-3.775],[120.234,-3.702],[120.294,-3.719],[120.331,-3.672],[120.321,-3.647]]}},{"type":"Feature","properties":{},"geometry":{"type":"LineString","coordinates":[[108.309,-7.337],[108.263,-7.376],[108.284,-7.381],[108.268,-7.426],[108.192,-7.45],[108.149,-7.287],[108.193,-7.269]]}},{"type":"Feature","properties":{},"geometry":{"type":"LineString","coordinates":[[110.815,-7.523],[110.816,-7.523]]}},{"type":"Feature","properties":{},"geometry":{"type":"LineString","coordinates":[[103.338,-1.237],[103.381,-1.236]]}},{"type":"Feature","properties":{},"geometry":{"type":"LineString","coordinates":[[110.861,-7.567],[110.819,-7.595],[110.802,-7.571],[110.782,-7.576],[110.771,-7.545]]}},{"type":"Feature","properties":{},"geometry":{"type":"LineString","coordinates":[[110.771,-7.545],[110.771,-7.545]]}},{"type":"Feature","properties":{},"geometry":{"type":"LineString","coordinates":[[108.387,-7.073],[108.387,-7.073]]}},{"type":"Feature","properties":{},"geometry":{"type":"LineString","coordinates":[[110.801,-7.533],[110.801,-7.534]]}},{"type":"Feature","properties":{},"geometry":{"type":"LineString","coordinates":[[119.808,-4.537],[119.893,-4.536],[119.902,-4.515],[119.976,-4.539],[119.995,-4.521],[120.043,-4.521],[120.066,-4.435],[120.049,-4.399],[120.089,-4.407],[120.097,-4.391],[120.094,-4.335],[120.062,-4.321],[120.073,-4.285]]}},{"type":"Feature","properties":{},"geometry":{"type":"LineString","coordinates":[[128.669,0.496],[128.635,0.485],[128.621,0.443],[128.562,0.416],[128.51,0.443],[128.483,0.49],[128.358,0.511],[128.317,0.555],[128.273,0.549],[128.261,0.576],[128.211,0.601],[128.117,0.591],[128.001,0.657],[127.948,0.628],[127.867,0.633],[127.854,0.618],[127.792,0.643]]}},{"type":"Feature","properties":{},"geometry":{"type":"LineString","coordinates":[[127.688,0.879],[127.682,0.854],[127.649,0.861],[127.65,0.901],[127.601,0.956],[127.651,1.022],[127.647,1.038],[127.606,1.044],[127.604,1.108],[127.625,1.116],[127.62,1.14],[127.644,1.172],[127.624,1.238],[127.647,1.252],[127.641,1.328],[127.676,1.376],[127.657,1.411],[127.683,1.444],[127.671,1.462],[127.711,1.488],[127.73,1.539],[127.735,1.604],[127.703,1.715],[127.748,1.868],[127.791,1.911],[127.768,1.96],[127.75,1.946],[127.745,1.968]]}},{"type":"Feature","properties":{},"geometry":{"type":"LineString","coordinates":[[128.084,-3.722],[128.068,-3.676],[128.1,-3.652],[128.214,-3.625],[128.242,-3.575],[128.271,-3.618]]}},{"type":"Feature","properties":{},"geometry":{"type":"LineString","coordinates":[[119.807,-4.808],[119.766,-4.824],[119.74,-4.803],[119.721,-4.822],[119.696,-4.788]]}},{"type":"Feature","properties":{},"geometry":{"type":"LineString","coordinates":[[119.561,-0.85],[119.561,-0.849]]}},{"type":"Feature","properties":{},"geometry":{"type":"LineString","coordinates":[[120.193,0.616],[120.196,0.701],[120.137,0.748]]}},{"type":"Feature","properties":{},"geometry":{"type":"LineString","coordinates":[[123.07,0.803],[123.124,0.789],[123.134,0.766],[123.16,0.774],[123.167,0.752],[123.215,0.762],[123.249,0.748]]}},{"type":"Feature","properties":{},"geometry":{"type":"LineString","coordinates":[[125.147,1.599],[125.125,1.566],[125.085,1.576],[125.067,1.542],[125.079,1.499],[125.05,1.49],[125.033,1.455],[125.096,1.452],[125.088,1.429],[125.108,1.394]]}},{"type":"Feature","properties":{},"geometry":{"type":"LineString","coordinates":[[124.821,1.583],[124.842,1.565],[124.9,1.578],[124.927,1.56],[124.934,1.508],[124.885,1.466]]}},{"type":"Feature","properties":{},"geometry":{"type":"LineString","coordinates":[[119.682,-2.756],[119.748,-2.714],[119.744,-2.611],[119.76,-2.587]]}},{"type":"Feature","properties":{},"geometry":{"type":"LineString","coordinates":[[119.584,-2.748],[119.553,-2.729],[119.436,-2.772],[119.401,-2.763],[119.348,-2.691],[119.237,-2.714],[119.188,-2.657],[119.14,-2.685],[119.139,-2.654],[119.122,-2.656],[119.013,-2.774],[119.022,-2.898],[119.055,-2.908],[119.026,-2.96]]}},{"type":"Feature","properties":{},"geometry":{"type":"LineString","coordinates":[[119.87,-2.018],[119.901,-2.055],[119.945,-2.029],[119.995,-1.958],[120.045,-1.972],[120.075,-1.947],[120.095,-1.967]]}},{"type":"Feature","properties":{},"geometry":{"type":"LineString","coordinates":[[106.651,-6.362],[106.721,-6.362]]}},{"type":"Feature","properties":{},"geometry":{"type":"LineString","coordinates":[[123.062,0.59],[123.075,0.61],[123.056,0.641],[123.081,0.696],[123.07,0.803]]}},{"type":"Feature","properties":{},"geometry":{"type":"LineString","coordinates":[[123.062,0.59],[123.091,0.58],[123.08,0.528],[123.1,0.502],[123.087,0.48]]}},{"type":"Feature","properties":{},"geometry":{"type":"LineString","coordinates":[[121.442,-2.405],[121.459,-2.302],[121.493,-2.252],[121.482,-2.188],[121.544,-2.149]]}},{"type":"Feature","properties":{},"geometry":{"type":"LineString","coordinates":[[121.161,0.679],[121.198,0.641],[121.229,0.646],[121.242,0.6],[121.303,0.569],[121.33,0.575],[121.318,0.543],[121.352,0.493],[121.337,0.474]]}},{"type":"Feature","properties":{},"geometry":{"type":"LineString","coordinates":[[107.727,-6.811],[107.746,-6.814]]}},{"type":"Feature","properties":{},"geometry":{"type":"LineString","coordinates":[[107.529,-6.418],[107.566,-6.487],[107.554,-6.567],[107.59,-6.6],[107.594,-6.728]]}},{"type":"Feature","properties":{},"geometry":{"type":"LineString","coordinates":[[121.01,-2.866],[120.995,-2.829],[121.032,-2.792],[121.094,-2.776],[121.361,-2.988]]}},{"type":"Feature","properties":{},"geometry":{"type":"LineString","coordinates":[[121.855,-0.976],[121.855,-0.975]]}},{"type":"Feature","properties":{},"geometry":{"type":"LineString","coordinates":[[119.956,-5.354],[119.998,-5.32]]}},{"type":"Feature","properties":{},"geometry":{"type":"LineString","coordinates":[[120.244,-5.3],[120.282,-5.29]]}},{"type":"Feature","properties":{},"geometry":{"type":"LineString","coordinates":[[119.844,-0.697],[119.844,-0.697]]}},{"type":"Feature","properties":{},"geometry":{"type":"LineString","coordinates":[[123.727,0.863],[123.727,0.864]]}},{"type":"Feature","properties":{},"geometry":{"type":"LineString","coordinates":[[123.07,0.803],[123.006,0.783],[122.976,0.726],[122.93,0.712],[122.921,0.692],[122.881,0.76],[122.824,0.746],[122.78,0.771],[122.756,0.765],[122.644,0.848],[122.6,0.843],[122.58,0.875],[122.418,0.885],[122.324,0.926],[122.279,0.91],[122.262,0.929],[122.248,0.914]]}},{"type":"Feature","properties":{},"geometry":{"type":"LineString","coordinates":[[119.519,-5.165],[119.497,-5.151],[119.539,-5.122],[119.543,-5.077],[119.478,-5.06]]}},{"type":"Feature","properties":{},"geometry":{"type":"LineString","coordinates":[[119.384,-5.21],[119.407,-5.232]]}},{"type":"Feature","properties":{},"geometry":{"type":"LineString","coordinates":[[119.803,-3.733],[119.752,-3.773],[119.725,-3.895],[119.664,-3.961]]}},{"type":"Feature","properties":{},"geometry":{"type":"LineString","coordinates":[[120.098,-3.488],[120.098,-3.488]]}},{"type":"Feature","properties":{},"geometry":{"type":"LineString","coordinates":[[121.998,-4.129],[121.951,-4.057],[121.973,-3.888],[121.954,-3.872],[121.953,-3.834],[121.904,-3.83],[121.874,-3.784],[121.828,-3.781],[121.823,-3.755],[121.701,-3.778],[121.669,-3.73],[121.611,-3.734],[121.609,-3.687],[121.59,-3.686],[121.575,-3.653],[121.522,-3.468],[121.429,-3.333],[121.431,-3.275]]}},{"type":"Feature","properties":{},"geometry":{"type":"MultiLineString","coordinates":[[[120.412,-3.664],[120.402,-3.661]],[[120.402,-3.661],[120.402,-3.661]],[[120.402,-3.661],[120.321,-3.647]]]}},{"type":"Feature","properties":{},"geometry":{"type":"MultiLineString","coordinates":[[[119.797,-2.945],[119.812,-2.987],[119.803,-3.024],[119.832,-3.01],[119.858,-3.054],[119.878,-3.021],[119.937,-3.068],[119.969,-3.069],[119.959,-3.1],[119.979,-3.109],[119.968,-3.13],[119.987,-3.183]],[[119.797,-2.945],[119.797,-2.945]],[[119.682,-2.756],[119.674,-2.805],[119.697,-2.845],[119.676,-2.919],[119.721,-2.956],[119.797,-2.945]]]}},{"type":"Feature","properties":{},"geometry":{"type":"MultiLineString","coordinates":[[[119.803,-4.525],[119.808,-4.537]],[[119.803,-4.525],[119.803,-4.525]],[[119.751,-4.127],[119.73,-4.173],[119.758,-4.206],[119.706,-4.232],[119.756,-4.289],[119.754,-4.461],[119.803,-4.525]]]}},{"type":"Feature","properties":{},"geometry":{"type":"LineString","coordinates":[[122.742,-5.48],[122.77,-5.413],[122.76,-5.376],[122.726,-5.355],[122.72,-5.32],[122.684,-5.322]]}},{"type":"Feature","properties":{},"geometry":{"type":"LineString","coordinates":[[119.907,-5.577],[119.907,-5.577]]}},{"type":"Feature","properties":{},"geometry":{"type":"LineString","coordinates":[[122.95,-5.147],[122.95,-5.147]]}},{"type":"Feature","properties":{},"geometry":{"type":"LineString","coordinates":[[119.593,-4.557],[119.593,-4.557]]}},{"type":"Feature","properties":{},"geometry":{"type":"MultiLineString","coordinates":[[[119.796,-4.125],[119.796,-4.125]],[[119.751,-4.127],[119.796,-4.125]],[[119.796,-4.125],[119.848,-4.099],[119.894,-4.109]]]}},{"type":"Feature","properties":{},"geometry":{"type":"LineString","coordinates":[[119.682,-2.756],[119.682,-2.756]]}},{"type":"Feature","properties":{},"geometry":{"type":"LineString","coordinates":[[119.519,-5.165],[119.567,-5.173],[119.604,-5.147],[119.638,-5.176],[119.686,-5.166],[119.799,-5.212],[119.864,-5.161],[119.864,-5.092]]}},{"type":"Feature","properties":{},"geometry":{"type":"LineString","coordinates":[[119.407,-5.232],[119.401,-5.187],[119.456,-5.192],[119.464,-5.174],[119.516,-5.19],[119.519,-5.165]]}},{"type":"Feature","properties":{},"geometry":{"type":"LineString","coordinates":[[119.637,-5.431],[119.653,-5.465],[119.626,-5.468],[119.664,-5.477],[119.665,-5.513],[119.701,-5.497],[119.706,-5.545],[119.786,-5.569],[119.873,-5.431],[119.909,-5.42],[119.94,-5.382]]}},{"type":"Feature","properties":{},"geometry":{"type":"LineString","coordinates":[[119.971,-5.139],[119.973,-5.159],[120.032,-5.184],[119.99,-5.205],[119.997,-5.231],[119.929,-5.341],[119.938,-5.356]]}},{"type":"Feature","properties":{},"geometry":{"type":"LineString","coordinates":[[119.872,-1.78],[119.859,-1.826],[119.875,-1.863],[119.847,-1.902],[119.871,-1.939],[119.846,-2.015],[119.87,-2.018]]}},{"type":"Feature","properties":{},"geometry":{"type":"LineString","coordinates":[[119.87,-2.018],[119.818,-2.059],[119.805,-2.112],[119.711,-2.142]]}},{"type":"Feature","properties":{},"geometry":{"type":"MultiLineString","coordinates":[[[119.417,-5.442],[119.408,-5.451],[119.417,-5.442]],[[119.423,-5.255],[119.423,-5.255]],[[119.442,-5.248],[119.442,-5.248]],[[119.407,-5.232],[119.414,-5.252],[119.376,-5.292],[119.395,-5.311],[119.401,-5.382],[119.369,-5.397],[119.366,-5.423],[119.407,-5.406],[119.421,-5.411],[119.411,-5.437],[119.432,-5.439],[119.427,-5.398],[119.475,-5.33],[119.456,-5.321],[119.502,-5.323],[119.561,-5.291],[119.643,-5.388],[119.637,-5.431]]]}},{"type":"Feature","properties":{},"geometry":{"type":"LineString","coordinates":[[119.94,-5.382],[119.876,-5.529],[119.854,-5.515],[119.857,-5.552],[119.902,-5.559],[119.907,-5.577]]}},{"type":"Feature","properties":{},"geometry":{"type":"LineString","coordinates":[[120.513,-2.11],[120.507,-2.206],[120.47,-2.248],[120.523,-2.328],[120.52,-2.379],[120.636,-2.59],[120.656,-2.667]]}},{"type":"Feature","properties":{},"geometry":{"type":"LineString","coordinates":[[122.475,-3.821],[122.459,-3.822],[122.456,-3.868],[122.37,-3.862],[122.289,-3.806],[122.268,-3.768],[122.102,-3.717],[122.088,-3.642],[122.017,-3.619],[121.983,-3.572],[121.853,-3.56],[121.801,-3.585],[121.775,-3.552],[121.768,-3.489],[121.675,-3.474],[121.661,-3.457],[121.67,-3.423],[121.619,-3.425],[121.588,-3.398],[121.614,-3.336],[121.546,-3.225],[121.595,-3.16],[121.655,-3.17],[121.682,-3.203],[121.675,-3.224],[121.774,-3.251],[121.834,-3.226],[121.931,-3.108]]}},{"type":"Feature","properties":{},"geometry":{"type":"LineString","coordinates":[[119.132,-2.298],[119.201,-2.313],[119.289,-2.22],[119.313,-2.228],[119.334,-2.202],[119.411,-2.185],[119.434,-2.194],[119.5,-2.12],[119.547,-2.117],[119.597,-2.151],[119.711,-2.142]]}},{"type":"Feature","properties":{},"geometry":{"type":"MultiLineString","coordinates":[[[120.23,-3.043],[120.21,-3.067],[120.177,-3.054],[120.154,-3.073],[120.11,-3.07],[120.114,-3.038],[120.086,-3.031]],[[120.212,-2.957],[120.22,-2.898],[120.183,-2.881],[120.05,-2.952]]]}},{"type":"Feature","properties":{},"geometry":{"type":"LineString","coordinates":[[97.984,3.086],[97.976,3.131],[97.942,3.165],[97.945,3.208],[97.905,3.258],[97.969,3.274],[98.029,3.331]]}},{"type":"Feature","properties":{},"geometry":{"type":"LineString","coordinates":[[98.501,3.672],[98.474,3.649],[98.446,3.657],[98.474,3.626],[98.441,3.608],[98.467,3.594],[98.446,3.565],[98.451,3.528],[98.474,3.528],[98.475,3.557],[98.498,3.564]]}},{"type":"Feature","properties":{},"geometry":{"type":"LineString","coordinates":[[97.901,3.911],[97.95,3.889],[98.008,3.902],[98.011,3.95],[98.054,3.944],[98.094,3.968],[98.087,4],[98.04,4.041],[98.057,4.134],[98.075,4.145],[98.062,4.185],[98.095,4.209],[98.072,4.25],[98.144,4.26],[98.155,4.289],[98.199,4.303],[98.254,4.289]]}},{"type":"Feature","properties":{},"geometry":{"type":"LineString","coordinates":[[98.498,3.564],[98.5,3.581],[98.54,3.575],[98.533,3.621],[98.512,3.632],[98.519,3.668],[98.501,3.672]]}},{"type":"Feature","properties":{},"geometry":{"type":"LineString","coordinates":[[96.794,4.28],[96.837,4.282],[96.888,4.221],[96.973,4.2],[96.999,4.176],[97.015,4.205],[97.11,4.237],[97.162,4.279],[97.216,4.236],[97.241,4.175],[97.359,4.214]]}},{"type":"Feature","properties":{},"geometry":{"type":"LineString","coordinates":[[100.181,0.762],[100.212,0.736],[100.274,0.727],[100.284,0.682],[100.221,0.665],[100.198,0.628],[100.24,0.536],[100.221,0.515],[100.236,0.475],[100.301,0.396]]}},{"type":"Feature","properties":{},"geometry":{"type":"LineString","coordinates":[[97.359,4.214],[97.499,4.156],[97.603,4.251],[97.646,4.22],[97.687,4.247],[97.733,4.249]]}},{"type":"Feature","properties":{},"geometry":{"type":"LineString","coordinates":[[98.838,2.358],[98.751,2.434],[98.619,2.396],[98.559,2.438],[98.457,2.437],[98.421,2.476]]}},{"type":"Feature","properties":{},"geometry":{"type":"LineString","coordinates":[[96.794,4.28],[96.794,4.203],[96.732,4.136],[96.724,4.094]]}},{"type":"Feature","properties":{},"geometry":{"type":"LineString","coordinates":[[102.695,0.086],[102.847,0.152],[103.074,0.313],[103.211,0.369],[103.269,0.438],[103.352,0.485],[103.347,0.538]]}},{"type":"Feature","properties":{},"geometry":{"type":"LineString","coordinates":[[99.466,2.548],[99.504,2.586],[99.538,2.589],[99.544,2.616],[99.609,2.574],[99.694,2.596],[99.987,2.856]]}},{"type":"Feature","properties":{},"geometry":{"type":"LineString","coordinates":[[100.45,0.42],[100.469,0.449],[100.518,0.44],[100.546,0.459],[100.542,0.502],[100.571,0.528],[100.72,0.39],[100.787,0.404],[100.851,0.374],[100.862,0.534],[100.797,0.533],[100.76,0.59],[100.674,0.596],[100.587,0.7],[100.674,0.767],[100.704,0.758],[100.749,0.778],[100.727,0.801],[100.74,0.804],[100.734,0.842],[100.774,0.864],[100.835,0.941],[100.994,0.956]]}},{"type":"Feature","properties":{},"geometry":{"type":"LineString","coordinates":[[101.589,0.464],[101.589,0.464]]}},{"type":"Feature","properties":{},"geometry":{"type":"LineString","coordinates":[[99.827,0.459],[99.908,0.472],[99.961,0.513],[99.965,0.546],[99.909,0.626],[99.926,0.632],[99.911,0.68],[99.831,0.696],[99.825,0.736],[99.85,0.791],[99.838,0.827]]}},{"type":"Feature","properties":{},"geometry":{"type":"LineString","coordinates":[[98.521,2.876],[98.483,2.861],[98.431,2.917],[98.373,2.931],[98.342,2.967],[98.296,2.968],[98.249,2.931],[98.199,2.99],[98.182,3.069],[98.113,3.055],[98.059,3.111],[98.036,3.109],[98.038,3.078],[97.984,3.086]]}},{"type":"Feature","properties":{},"geometry":{"type":"LineString","coordinates":[[100.181,0.762],[100.077,0.787],[100.01,0.84],[99.967,0.851],[99.951,0.88],[99.875,0.906],[99.833,0.884],[99.838,0.827]]}},{"type":"Feature","properties":{},"geometry":{"type":"LineString","coordinates":[[98.117,2.785],[98.247,2.709],[98.261,2.72],[98.307,2.696],[98.339,2.702],[98.357,2.66],[98.422,2.636],[98.468,2.549]]}},{"type":"Feature","properties":{},"geometry":{"type":"LineString","coordinates":[[99.827,0.459],[99.779,0.482],[99.742,0.478],[99.718,0.451],[99.677,0.473],[99.643,0.545],[99.573,0.509],[99.528,0.523],[99.519,0.552],[99.439,0.478],[99.41,0.484],[99.317,0.334],[99.263,0.345],[99.194,0.312],[99.196,0.272],[99.167,0.228]]}},{"type":"Feature","properties":{},"geometry":{"type":"LineString","coordinates":[[99.52,1.119],[99.605,1.001],[99.59,0.98],[99.603,0.951],[99.642,0.92],[99.703,0.926],[99.746,0.867],[99.799,0.859],[99.838,0.827]]}},{"type":"Feature","properties":{},"geometry":{"type":"LineString","coordinates":[[100.053,1.378],[100.051,1.35],[100.085,1.341],[100.126,1.256],[100.114,1.212],[100.166,1.17],[100.163,1.14],[100.184,1.125],[100.116,1.093],[100.166,1.002],[100.139,0.984],[100.151,0.935],[100.12,0.91],[100.088,0.927],[100.122,0.896],[100.144,0.899],[100.123,0.818],[100.181,0.762]]}},{"type":"Feature","properties":{},"geometry":{"type":"LineString","coordinates":[[101.317,1.474],[101.335,1.496],[101.29,1.6],[101.067,1.935],[101.016,2.081],[101.026,2.184],[101.039,2.22],[101.067,2.232]]}},{"type":"Feature","properties":{},"geometry":{"type":"LineString","coordinates":[[98.855,2.338],[98.85,2.356]]}},{"type":"Feature","properties":{},"geometry":{"type":"LineString","coordinates":[[95.743,5.061],[95.881,4.916],[95.901,4.868],[95.971,4.813],[96,4.75]]}},{"type":"Feature","properties":{},"geometry":{"type":"LineString","coordinates":[[96.47,4.894],[96.456,4.862],[96.477,4.845],[96.471,4.762],[96.307,4.763],[96.282,4.78],[96.26,4.712]]}},{"type":"Feature","properties":{},"geometry":{"type":"LineString","coordinates":[[99.426,1.216],[99.411,1.295],[99.36,1.383],[99.388,1.414],[99.419,1.398],[99.394,1.482],[99.42,1.542],[99.391,1.572],[99.455,1.593],[99.435,1.658],[99.465,1.673],[99.479,1.705],[99.55,1.716],[99.571,1.811],[99.548,1.862],[99.565,1.891],[99.611,1.889],[99.598,1.943],[99.634,1.964],[99.603,1.973],[99.59,2.017]]}},{"type":"Feature","properties":{},"geometry":{"type":"LineString","coordinates":[[102.9,0.724],[102.813,0.693],[102.81,0.653],[101.932,0.552],[101.913,0.454],[101.886,0.45],[101.873,0.525],[101.822,0.5],[101.85,0.461],[101.789,0.406],[101.733,0.454],[101.695,0.45],[101.688,0.431],[101.675,0.452],[101.651,0.448],[101.644,0.485],[101.674,0.491],[101.675,0.51],[101.601,0.506]]}},{"type":"Feature","properties":{},"geometry":{"type":"LineString","coordinates":[[95.743,5.061],[95.821,5.086],[95.841,5.136],[95.775,5.253],[95.791,5.28],[95.749,5.319],[95.768,5.404],[95.753,5.419],[95.78,5.443],[95.775,5.456],[95.761,5.444],[95.764,5.468],[95.726,5.501],[95.745,5.569]]}},{"type":"Feature","properties":{},"geometry":{"type":"LineString","coordinates":[[96.347,4.944],[96.322,4.916],[96.26,4.916],[96.19,4.995],[96.207,5.04],[96.193,5.077],[96.167,5.068],[96.09,5.092],[96.02,5.146],[96.052,5.183],[96.037,5.237],[96.054,5.288],[96.107,5.287]]}},{"type":"Feature","properties":{},"geometry":{"type":"LineString","coordinates":[[96.49,4.625],[96.448,4.623],[96.406,4.67],[96.36,4.67],[96.26,4.712]]}},{"type":"Feature","properties":{},"geometry":{"type":"LineString","coordinates":[[96.49,4.625],[96.503,4.632],[96.576,4.576],[96.649,4.554],[96.656,4.53],[96.619,4.531],[96.607,4.503],[96.659,4.502],[96.689,4.47],[96.628,4.406],[96.684,4.394],[96.676,4.367],[96.719,4.354],[96.718,4.327],[96.794,4.28]]}},{"type":"Feature","properties":{},"geometry":{"type":"LineString","coordinates":[[96.786,4.941],[96.846,4.882],[96.955,4.859],[97.001,4.865],[97.022,4.913],[97.101,4.899],[97.139,4.912],[97.229,4.879],[97.28,4.826],[97.252,4.758],[97.319,4.737]]}},{"type":"Feature","properties":{},"geometry":{"type":"LineString","coordinates":[[97.359,4.214],[97.368,4.382],[97.343,4.5],[97.29,4.501],[97.278,4.52],[97.317,4.549],[97.313,4.605]]}},{"type":"Feature","properties":{},"geometry":{"type":"LineString","coordinates":[[97.046,5.242],[97.027,5.197],[97.049,5.199],[97.066,5.162],[97.088,5.171],[97.101,5.114],[97.131,5.091],[97.178,5.084],[97.176,5.142]]}},{"type":"Feature","properties":{},"geometry":{"type":"LineString","coordinates":[[97.313,4.605],[97.287,4.627],[97.262,4.617],[97.256,4.65],[97.306,4.666],[97.328,4.706],[97.319,4.737]]}},{"type":"Feature","properties":{},"geometry":{"type":"LineString","coordinates":[[97.733,4.249],[97.785,4.357],[97.907,4.39],[97.934,4.36],[98.002,4.405]]}},{"type":"Feature","properties":{},"geometry":{"type":"LineString","coordinates":[[97.975,4.558],[97.967,4.531],[97.917,4.531],[97.868,4.455],[97.918,4.451],[97.917,4.42],[97.966,4.443],[97.972,4.418],[98.002,4.405]]}},{"type":"Feature","properties":{},"geometry":{"type":"LineString","coordinates":[[99.207,3.225],[99.197,3.179],[99.16,3.152],[99.133,3.174],[99.109,3.14],[99.033,3.111],[99,3.025],[98.927,3.016],[98.981,3.079],[98.989,3.125],[98.965,3.145],[99.008,3.209],[98.937,3.208],[98.987,3.274],[98.964,3.287],[98.863,3.256],[98.84,3.222],[98.736,3.215]]}},{"type":"Feature","properties":{},"geometry":{"type":"LineString","coordinates":[[101.317,1.474],[101.277,1.467],[101.265,1.49],[101.266,1.465],[101.243,1.481],[101.021,1.353],[100.973,1.349]]}},{"type":"Feature","properties":{},"geometry":{"type":"LineString","coordinates":[[101.167,-1.103],[101.245,-1.213],[101.231,-1.249],[101.263,-1.263],[101.255,-1.29],[101.192,-1.281],[101.172,-1.304],[101.095,-1.302],[101.005,-1.259],[101,-1.306],[100.981,-1.313],[100.939,-1.284],[100.902,-1.296],[100.893,-1.326]]}},{"type":"Feature","properties":{},"geometry":{"type":"LineString","coordinates":[[101.899,-0.387],[101.985,-0.394],[102.047,-0.342],[102.048,-0.314],[102.087,-0.288],[102.143,-0.287],[102.214,-0.165],[102.415,-0.165],[102.467,-0.117],[102.534,0.068],[102.583,0.088],[102.695,0.086]]}},{"type":"Feature","properties":{},"geometry":{"type":"LineString","coordinates":[[97.359,4.214],[97.359,4.214]]}},{"type":"Feature","properties":{},"geometry":{"type":"LineString","coordinates":[[96.794,4.28],[96.794,4.28]]}},{"type":"Feature","properties":{},"geometry":{"type":"LineString","coordinates":[[99.987,2.856],[99.987,2.856]]}},{"type":"Feature","properties":{},"geometry":{"type":"LineString","coordinates":[[98.782,1.43],[98.782,1.431]]}},{"type":"Feature","properties":{},"geometry":{"type":"LineString","coordinates":[[102.695,0.086],[102.695,0.086]]}},{"type":"Feature","properties":{},"geometry":{"type":"LineString","coordinates":[[102.695,0.086],[102.695,0.086]]}},{"type":"Feature","properties":{},"geometry":{"type":"LineString","coordinates":[[103.648,-3.248],[103.522,-3.221],[103.484,-3.021],[103.442,-2.937],[103.411,-2.925],[103.434,-2.854],[103.353,-2.852],[103.271,-2.753]]}},{"type":"Feature","properties":{},"geometry":{"type":"LineString","coordinates":[[105.74,-2.132],[105.74,-2.133]]}},{"type":"Feature","properties":{},"geometry":{"type":"LineString","coordinates":[[103.538,-3.548],[103.541,-3.49],[103.572,-3.456],[103.594,-3.457],[103.627,-3.359]]}},{"type":"Feature","properties":{},"geometry":{"type":"LineString","coordinates":[[102.199,-3.648],[102.216,-3.633],[102.199,-3.593],[102.21,-3.576],[102.233,-3.562],[102.243,-3.608],[102.259,-3.605],[102.26,-3.551],[102.417,-3.476]]}},{"type":"Feature","properties":{},"geometry":{"type":"LineString","coordinates":[[105.317,-5.054],[105.314,-5.076],[105.359,-5.069],[105.322,-5.132],[105.33,-5.168],[105.287,-5.171]]}},{"type":"Feature","properties":{},"geometry":{"type":"LineString","coordinates":[[104.151,-4.406],[104.219,-4.401],[104.24,-4.332],[104.221,-4.305],[104.226,-4.25],[104.322,-4.208],[104.335,-4.179],[104.309,-4.074],[104.341,-4.051],[104.351,-4.013],[104.415,-3.994],[104.404,-3.974],[104.423,-3.989],[104.445,-3.958],[104.479,-3.957],[104.465,-3.934],[104.494,-3.902],[104.568,-3.863],[104.556,-3.847],[104.572,-3.821],[104.556,-3.803]]}},{"type":"Feature","properties":{},"geometry":{"type":"LineString","coordinates":[[100.458,-0.726],[100.427,-0.658]]}},{"type":"Feature","properties":{},"geometry":{"type":"LineString","coordinates":[[100.016,-0.097],[100.092,-0.081],[100.161,-0.108],[100.188,-0.092],[100.202,-0.112],[100.213,-0.07],[100.246,-0.073],[100.265,-0.032]]}},{"type":"Feature","properties":{},"geometry":{"type":"LineString","coordinates":[[102.758,-3.29],[102.776,-3.282],[102.796,-3.33],[102.842,-3.343],[102.896,-3.327],[102.896,-3.376],[102.967,-3.362]]}},{"type":"Feature","properties":{},"geometry":{"type":"LineString","coordinates":[[100.825,-0.353],[100.778,-0.347],[100.78,-0.367],[100.751,-0.37],[100.678,-0.324],[100.664,-0.351],[100.619,-0.352],[100.567,-0.323],[100.575,-0.283],[100.537,-0.279]]}},{"type":"Feature","properties":{},"geometry":{"type":"LineString","coordinates":[[100.265,-0.032],[100.353,0.045],[100.33,0.05],[100.316,0.084],[100.329,0.152],[100.354,0.179],[100.308,0.302],[100.333,0.352],[100.301,0.396]]}},{"type":"Feature","properties":{},"geometry":{"type":"LineString","coordinates":[[103.524,-1.676],[103.581,-1.669],[103.621,-1.696],[103.629,-1.676],[103.608,-1.66],[103.65,-1.657],[103.681,-1.619],[103.655,-1.607],[103.649,-1.551],[103.547,-1.568],[103.524,-1.676]]}},{"type":"Feature","properties":{},"geometry":{"type":"LineString","coordinates":[[100.016,-0.097],[99.983,-0.139],[99.987,-0.159],[99.771,-0.176]]}},{"type":"Feature","properties":{},"geometry":{"type":"LineString","coordinates":[[100.705,-0.571],[100.783,-0.548],[100.804,-0.567]]}},{"type":"Feature","properties":{},"geometry":{"type":"LineString","coordinates":[[103.029,-2.342],[102.868,-2.314],[102.845,-2.388],[102.879,-2.424],[102.816,-2.485],[102.787,-2.547],[102.735,-2.579],[102.723,-2.555],[102.673,-2.609],[102.625,-2.615],[102.616,-2.653],[102.581,-2.678],[102.539,-2.675],[102.507,-2.703],[102.469,-2.704],[102.271,-2.624],[102.243,-2.647],[102.236,-2.691],[102.168,-2.707],[102.109,-2.739],[102.097,-2.767],[102.073,-2.765]]}},{"type":"Feature","properties":{},"geometry":{"type":"LineString","coordinates":[[104.145,-1.715],[104.363,-1.647]]}},{"type":"Feature","properties":{},"geometry":{"type":"LineString","coordinates":[[99.962,-0.434],[100,-0.398],[99.99,-0.362],[100.046,-0.364],[100.036,-0.355],[100.067,-0.325],[100.102,-0.321],[100.101,-0.335],[100.151,-0.348],[100.178,-0.413],[100.215,-0.416],[100.245,-0.473],[100.284,-0.471],[100.316,-0.433]]}},{"type":"Feature","properties":{},"geometry":{"type":"LineString","coordinates":[[104.677,-3.049],[104.631,-3.017]]}},{"type":"Feature","properties":{},"geometry":{"type":"LineString","coordinates":[[104.299,-4.644],[104.287,-4.684],[104.313,-4.724],[104.304,-4.765],[104.334,-4.818],[104.369,-4.822],[104.34,-4.867]]}},{"type":"Feature","properties":{},"geometry":{"type":"LineString","coordinates":[[104.722,-4.258],[104.626,-4.244],[104.621,-4.214],[104.472,-4.312],[104.45,-4.298],[104.384,-4.348],[104.322,-4.458],[104.329,-4.514],[104.311,-4.513],[104.341,-4.602],[104.299,-4.644]]}},{"type":"Feature","properties":{},"geometry":{"type":"LineString","coordinates":[[103.07,-4.559],[103.086,-4.552],[103.08,-4.509],[103.121,-4.482],[103.168,-4.399],[103.201,-4.393],[103.201,-4.308],[103.28,-4.29],[103.289,-4.262]]}},{"type":"Feature","properties":{},"geometry":{"type":"LineString","coordinates":[[103.178,-4.241],[103.289,-4.262]]}},{"type":"Feature","properties":{},"geometry":{"type":"LineString","coordinates":[[101.438,-1.696],[101.427,-1.677]]}},{"type":"Feature","properties":{},"geometry":{"type":"LineString","coordinates":[[105.05,-4.141],[105.033,-4.141],[105.014,-4.175],[104.968,-4.171],[104.946,-4.192]]}},{"type":"Feature","properties":{},"geometry":{"type":"LineString","coordinates":[[104.946,-4.192],[104.875,-4.218],[104.873,-4.236],[104.815,-4.242],[104.793,-4.267],[104.764,-4.246],[104.722,-4.258]]}},{"type":"Feature","properties":{},"geometry":{"type":"LineString","coordinates":[[105.05,-4.141],[105.095,-4.046],[105.12,-4.047],[105.106,-4.02],[105.135,-3.989],[105.139,-3.936],[105.165,-3.938],[105.205,-3.891],[105.245,-3.906],[105.276,-3.878],[105.293,-3.843],[105.284,-3.797],[105.304,-3.792],[105.333,-3.724],[105.358,-3.797],[105.416,-3.777],[105.437,-3.788],[105.433,-3.826],[105.524,-3.84],[105.512,-3.873],[105.525,-3.894],[105.548,-3.881],[105.573,-3.9],[105.563,-3.929],[105.598,-3.923],[105.61,-3.938],[105.59,-3.953],[105.631,-4.004],[105.606,-4.055],[105.625,-4.039],[105.661,-4.046],[105.65,-4.084],[105.679,-4.074],[105.685,-4.098],[105.709,-4.102],[105.7,-4.135],[105.76,-4.137]]}},{"type":"Feature","properties":{},"geometry":{"type":"LineString","coordinates":[[103.648,-3.248],[103.634,-3.263],[103.674,-3.261],[103.716,-3.236],[103.736,-3.261],[103.796,-3.24],[103.78,-3.179],[103.792,-3.134],[103.849,-3.083],[103.89,-3.076],[103.912,-3.022],[103.95,-3.004],[104.02,-3.03],[104.065,-3.004],[104.128,-3.009],[104.142,-3.046],[104.166,-3.05]]}},{"type":"Feature","properties":{},"geometry":{"type":"LineString","coordinates":[[100.316,-0.433],[100.334,-0.395],[100.471,-0.391],[100.512,-0.296],[100.537,-0.279]]}},{"type":"Feature","properties":{},"geometry":{"type":"LineString","coordinates":[[103.538,-3.548],[103.57,-3.549],[103.628,-3.509],[103.708,-3.565],[103.772,-3.582],[103.762,-3.611],[103.731,-3.617],[103.768,-3.67],[103.765,-3.687],[103.734,-3.691],[103.764,-3.74],[103.724,-3.765],[103.738,-3.802],[103.708,-3.852],[103.711,-3.899],[103.66,-3.911],[103.635,-3.943],[103.643,-3.967],[103.597,-3.996],[103.585,-4.092],[103.567,-4.09],[103.526,-4.137],[103.465,-4.1],[103.443,-4.126],[103.458,-4.159],[103.439,-4.182],[103.405,-4.173],[103.376,-4.211]]}},{"type":"Feature","properties":{},"geometry":{"type":"LineString","coordinates":[[103.626,-4.273],[103.619,-4.225],[103.705,-4.184],[103.702,-4.087],[103.774,-4.074],[103.892,-3.968],[103.896,-3.928],[103.97,-3.888],[103.994,-3.92],[104.114,-3.901],[104.212,-3.852],[104.244,-3.822],[104.248,-3.781],[104.286,-3.756],[104.308,-3.775],[104.388,-3.761]]}},{"type":"Feature","properties":{},"geometry":{"type":"LineString","coordinates":[[104.51,-4.943],[104.549,-4.832],[104.612,-4.832],[104.646,-4.779],[104.624,-4.74],[104.635,-4.705],[104.61,-4.677],[104.7,-4.598],[104.702,-4.553],[104.73,-4.555],[104.731,-4.537],[104.783,-4.532],[104.818,-4.504],[104.893,-4.525],[104.926,-4.515]]}},{"type":"Feature","properties":{},"geometry":{"type":"LineString","coordinates":[[102.301,-3.982],[102.317,-3.911],[102.347,-3.913],[102.371,-3.856]]}},{"type":"Feature","properties":{},"geometry":{"type":"LineString","coordinates":[[105.816,-5.576],[105.793,-5.614],[105.764,-5.619],[105.756,-5.591],[105.734,-5.601],[105.669,-5.565],[105.656,-5.493],[105.6,-5.487],[105.586,-5.455],[105.517,-5.461],[105.542,-5.34],[105.482,-5.286],[105.471,-5.304],[105.416,-5.304],[105.456,-5.276],[105.454,-5.247],[105.432,-5.247],[105.418,-5.217],[105.387,-5.206],[105.331,-5.231],[105.32,-5.21],[105.286,-5.214],[105.282,-5.176]]}},{"type":"Feature","properties":{},"geometry":{"type":"LineString","coordinates":[[104.793,-5.157],[104.772,-5.184],[104.787,-5.259],[104.822,-5.312],[104.869,-5.337],[104.868,-5.378],[104.913,-5.429],[104.887,-5.435],[104.917,-5.448],[104.889,-5.553],[104.963,-5.576]]}},{"type":"Feature","properties":{},"geometry":{"type":"LineString","coordinates":[[105.76,-4.137],[105.755,-4.195],[105.683,-4.189],[105.617,-4.223],[105.605,-4.196],[105.507,-4.166],[105.503,-4.136],[105.467,-4.135],[105.459,-4.166],[105.423,-4.162],[105.414,-4.119],[105.39,-4.141],[105.366,-4.13],[105.367,-4.159],[105.312,-4.157],[105.232,-4.191]]}},{"type":"Feature","properties":{},"geometry":{"type":"LineString","coordinates":[[105.049,-5.206],[105.098,-5.23],[105.07,-5.229],[105.055,-5.259],[105.038,-5.259],[105.045,-5.321],[105.063,-5.321],[105.081,-5.373],[105.073,-5.394],[105.002,-5.387],[105.001,-5.423],[104.942,-5.46],[104.934,-5.495],[104.956,-5.521],[104.963,-5.576]]}},{"type":"Feature","properties":{},"geometry":{"type":"LineString","coordinates":[[104.591,-5.069],[104.633,-5.089],[104.685,-5.083],[104.768,-5.036],[104.8,-4.985],[104.865,-4.981],[104.848,-4.997],[104.902,-4.985],[104.932,-4.92],[105.01,-4.915],[104.996,-4.949],[105.036,-4.964],[105.125,-4.726]]}},{"type":"Feature","properties":{},"geometry":{"type":"LineString","coordinates":[[106.821,-6.137],[106.828,-6.162],[106.798,-6.161],[106.811,-6.188],[106.792,-6.208]]}},{"type":"Feature","properties":{},"geometry":{"type":"LineString","coordinates":[[106.879,-6.166],[106.875,-6.192],[106.849,-6.207]]}},{"type":"Feature","properties":{},"geometry":{"type":"LineString","coordinates":[[106.821,-6.137],[106.879,-6.166]]}},{"type":"Feature","properties":{},"geometry":{"type":"LineString","coordinates":[[106.712,-6.096],[106.775,-6.145],[106.821,-6.137]]}},{"type":"Feature","properties":{},"geometry":{"type":"LineString","coordinates":[[106.737,-6.224],[106.718,-6.223],[106.724,-6.185],[106.687,-6.172],[106.688,-6.097]]}},{"type":"Feature","properties":{},"geometry":{"type":"LineString","coordinates":[[106.849,-6.207],[106.823,-6.203],[106.798,-6.229],[106.792,-6.208]]}},{"type":"Feature","properties":{},"geometry":{"type":"LineString","coordinates":[[106.971,-6.156],[106.973,-6.175]]}},{"type":"Feature","properties":{},"geometry":{"type":"LineString","coordinates":[[106.688,-6.097],[106.673,-6.119],[106.641,-6.123],[106.636,-6.106],[106.613,-6.148],[106.553,-6.185],[106.565,-6.211],[106.589,-6.223],[106.601,-6.205],[106.612,-6.227],[106.638,-6.23]]}},{"type":"Feature","properties":{},"geometry":{"type":"LineString","coordinates":[[106.973,-6.175],[106.944,-6.252],[106.904,-6.262],[106.923,-6.314],[106.914,-6.365]]}},{"type":"Feature","properties":{},"geometry":{"type":"LineString","coordinates":[[106.721,-6.362],[106.77,-6.361],[106.78,-6.316]]}},{"type":"Feature","properties":{},"geometry":{"type":"LineString","coordinates":[[106.651,-6.362],[106.721,-6.362]]}},{"type":"Feature","properties":{},"geometry":{"type":"LineString","coordinates":[[106.914,-6.365],[106.885,-6.372],[106.84,-6.336]]}},{"type":"Feature","properties":{},"geometry":{"type":"LineString","coordinates":[[106.879,-6.166],[106.923,-6.183],[106.922,-6.162],[106.972,-6.154]]}},{"type":"Feature","properties":{},"geometry":{"type":"LineString","coordinates":[[106.427,-6.348],[106.469,-6.303],[106.476,-6.351],[106.519,-6.355],[106.532,-6.34],[106.513,-6.326],[106.527,-6.325],[106.577,-6.339],[106.594,-6.363],[106.651,-6.362]]}},{"type":"Feature","properties":{},"geometry":{"type":"LineString","coordinates":[[110.52,-7.831],[110.468,-7.867],[110.498,-7.9],[110.478,-7.971],[110.449,-7.947],[110.444,-7.967],[110.397,-7.967],[110.397,-7.981],[110.348,-7.974],[110.352,-7.993],[110.332,-7.999],[110.339,-8.028]]}},{"type":"Feature","properties":{},"geometry":{"type":"LineString","coordinates":[[113.303,-8.307],[113.313,-8.229],[113.353,-8.204],[113.38,-8.158],[113.349,-8.055],[113.361,-8.028]]}},{"type":"Feature","properties":{},"geometry":{"type":"LineString","coordinates":[[106.397,-6.979],[106.393,-6.901],[106.431,-6.862],[106.436,-6.82],[106.525,-6.762]]}},{"type":"Feature","properties":{},"geometry":{"type":"LineString","coordinates":[[106.965,-6.77],[107.004,-6.688],[106.993,-6.668],[107.051,-6.657],[107.135,-6.67],[107.17,-6.639],[107.212,-6.64],[107.227,-6.602]]}},{"type":"Feature","properties":{},"geometry":{"type":"LineString","coordinates":[[108.563,-7.194],[108.563,-7.194]]}},{"type":"Feature","properties":{},"geometry":{"type":"LineString","coordinates":[[107.1,-5.936],[107.084,-5.991],[107.094,-6.027],[107.144,-6.071],[107.247,-6.101],[107.293,-6.141],[107.276,-6.267],[107.217,-6.315],[107.227,-6.349],[107.205,-6.376],[107.221,-6.408],[107.196,-6.423],[107.217,-6.461],[107.174,-6.486]]}},{"type":"Feature","properties":{},"geometry":{"type":"LineString","coordinates":[[107.727,-6.811],[107.746,-6.814]]}},{"type":"Feature","properties":{},"geometry":{"type":"LineString","coordinates":[[107.529,-6.418],[107.566,-6.487],[107.554,-6.567],[107.59,-6.6],[107.594,-6.728]]}},{"type":"Feature","properties":{},"geometry":{"type":"LineString","coordinates":[[107.594,-6.728],[107.601,-6.761],[107.727,-6.811]]}},{"type":"Feature","properties":{},"geometry":{"type":"LineString","coordinates":[[107.75,-6.813],[107.753,-6.955],[107.829,-6.972],[107.915,-6.953]]}},{"type":"Feature","properties":{},"geometry":{"type":"LineString","coordinates":[[107.919,-6.249],[107.924,-6.36],[107.891,-6.404],[107.886,-6.456],[107.898,-6.482],[107.919,-6.484],[107.906,-6.504],[107.921,-6.514],[107.855,-6.579]]}},{"type":"Feature","properties":{},"geometry":{"type":"LineString","coordinates":[[108.386,-7.073],[108.44,-7.118],[108.511,-7.132],[108.509,-7.161],[108.563,-7.194]]}},{"type":"Feature","properties":{},"geometry":{"type":"LineString","coordinates":[[107.477,-7.255],[107.455,-7.292],[107.485,-7.357],[107.474,-7.401],[107.432,-7.424],[107.423,-7.506]]}},{"type":"Feature","properties":{},"geometry":{"type":"LineString","coordinates":[[110.351,-7.768],[110.397,-7.788]]}},{"type":"Feature","properties":{},"geometry":{"type":"LineString","coordinates":[[112.638,-7.92],[112.592,-7.917],[112.598,-7.937],[112.569,-7.939],[112.603,-7.97],[112.577,-7.984],[112.646,-8.052],[112.694,-7.982],[112.657,-7.965],[112.663,-7.927],[112.638,-7.92]]}},{"type":"Feature","properties":{},"geometry":{"type":"LineString","coordinates":[[112.952,-7.633],[112.899,-7.686],[112.871,-7.651],[112.875,-7.627],[112.902,-7.626]]}},{"type":"Feature","properties":{},"geometry":{"type":"LineString","coordinates":[[107.644,-6.215],[107.581,-6.256],[107.583,-6.312],[107.529,-6.418]]}},{"type":"Feature","properties":{},"geometry":{"type":"LineString","coordinates":[[108.193,-7.269],[108.253,-7.321],[108.309,-7.337]]}},{"type":"Feature","properties":{},"geometry":{"type":"LineString","coordinates":[[106.965,-6.77],[107.048,-6.911],[107.064,-6.961],[107.033,-6.984],[107.059,-7.023],[107.039,-7.046],[106.982,-7.014],[106.959,-7.033],[106.936,-7.117],[106.966,-7.145],[106.983,-7.222],[106.96,-7.26],[106.976,-7.285],[106.967,-7.312],[106.934,-7.334],[106.915,-7.323],[106.909,-7.349],[106.895,-7.341],[106.875,-7.364],[106.823,-7.362],[106.777,-7.402],[106.794,-7.436]]}},{"type":"Feature","properties":{},"geometry":{"type":"LineString","coordinates":[[107.227,-6.602],[107.268,-6.645],[107.251,-6.694],[107.302,-6.728]]}},{"type":"Feature","properties":{},"geometry":{"type":"LineString","coordinates":[[111.8,-7.461],[111.767,-7.469],[111.671,-7.409]]}},{"type":"Feature","properties":{},"geometry":{"type":"LineString","coordinates":[[111.671,-7.409],[111.575,-7.349],[111.543,-7.371],[111.462,-7.361]]}},{"type":"Feature","properties":{},"geometry":{"type":"LineString","coordinates":[[113.361,-8.028],[113.361,-8.028]]}},{"type":"Feature","properties":{},"geometry":{"type":"LineString","coordinates":[[107.915,-6.953],[108.042,-6.996],[108.082,-6.987],[108.126,-7.037]]}},{"type":"Feature","properties":{},"geometry":{"type":"LineString","coordinates":[[110.52,-7.831],[110.542,-7.823],[110.544,-7.792]]}},{"type":"Feature","properties":{},"geometry":{"type":"LineString","coordinates":[[108.136,-7.039],[108.171,-6.968],[108.22,-6.928],[108.214,-6.889],[108.193,-6.885],[108.179,-6.834],[108.16,-6.826],[108.154,-6.796],[108.17,-6.784],[108.149,-6.755],[108.162,-6.724],[108.043,-6.639]]}},{"type":"Feature","properties":{},"geometry":{"type":"LineString","coordinates":[[109.923,-7.187],[109.923,-7.187]]}},{"type":"Feature","properties":{},"geometry":{"type":"LineString","coordinates":[[110.758,-6.794],[110.834,-6.85],[110.779,-6.949]]}},{"type":"Feature","properties":{},"geometry":{"type":"LineString","coordinates":[[110.044,-7.535],[110.074,-7.386]]}},{"type":"Feature","properties":{},"geometry":{"type":"LineString","coordinates":[[110.026,-6.912],[110.045,-6.921],[110.031,-6.93],[110.051,-6.941],[110.051,-6.98],[109.974,-7.034],[109.977,-7.082],[109.923,-7.187]]}},{"type":"Feature","properties":{},"geometry":{"type":"MultiLineString","coordinates":[[[108.662,-7.352],[108.723,-7.431],[108.717,-7.468]],[[108.563,-7.194],[108.586,-7.242],[108.556,-7.288],[108.559,-7.332]]]}},{"type":"Feature","properties":{},"geometry":{"type":"LineString","coordinates":[[109.433,-7.536],[109.415,-7.57],[109.446,-7.621],[109.415,-7.648],[109.388,-7.645],[109.381,-7.666]]}},{"type":"Feature","properties":{},"geometry":{"type":"LineString","coordinates":[[110.839,-7.263],[110.829,-7.239],[110.858,-7.212],[110.831,-7.198],[110.802,-7.235],[110.767,-7.244],[110.786,-7.194],[110.76,-7.186],[110.742,-7.139],[110.69,-7.189],[110.706,-7.215],[110.693,-7.241],[110.621,-7.226]]}},{"type":"Feature","properties":{},"geometry":{"type":"LineString","coordinates":[[110.074,-7.386],[110.074,-7.385]]}},{"type":"Feature","properties":{},"geometry":{"type":"MultiLineString","coordinates":[[[109.224,-7.246],[109.331,-7.428]],[[109.331,-7.428],[109.333,-7.434]],[[109.333,-7.434],[109.332,-7.437]],[[109.332,-7.437],[109.341,-7.457],[109.321,-7.483],[109.362,-7.485]]]}},{"type":"Feature","properties":{},"geometry":{"type":"LineString","coordinates":[[109.816,-7.6],[109.872,-7.548],[109.868,-7.531],[109.901,-7.518],[109.974,-7.535],[109.968,-7.563],[109.997,-7.59],[110.017,-7.586],[110.044,-7.535]]}},{"type":"Feature","properties":{},"geometry":{"type":"LineString","coordinates":[[110.044,-7.535],[110.06,-7.575],[110.102,-7.57],[110.141,-7.644]]}},{"type":"Feature","properties":{},"geometry":{"type":"LineString","coordinates":[[110.786,-7.817],[110.807,-7.791],[110.852,-7.818],[110.877,-7.746],[110.936,-7.78],[110.941,-7.74]]}},{"type":"Feature","properties":{},"geometry":{"type":"LineString","coordinates":[[110.839,-7.263],[110.794,-7.275],[110.803,-7.327],[110.787,-7.363],[110.802,-7.368],[110.773,-7.393],[110.771,-7.441],[110.805,-7.459]]}},{"type":"Feature","properties":{},"geometry":{"type":"MultiLineString","coordinates":[[[108.976,-7.335],[108.985,-7.337]],[[108.986,-7.337],[109.028,-7.326],[109.035,-7.351],[109.065,-7.339],[109.087,-7.295],[109.126,-7.285]],[[109.126,-7.285],[109.135,-7.276]],[[109.135,-7.276],[109.197,-7.25]]]}},{"type":"Feature","properties":{},"geometry":{"type":"LineString","coordinates":[[110.307,-6.937],[110.272,-7.041],[110.301,-7.065],[110.305,-7.102],[110.337,-7.104],[110.347,-7.085],[110.353,-7.104]]}},{"type":"Feature","properties":{},"geometry":{"type":"LineString","coordinates":[[111.149,-7.264],[111.134,-7.298],[111.155,-7.313],[111.145,-7.368],[111.118,-7.415],[111.148,-7.525]]}},{"type":"Feature","properties":{},"geometry":{"type":"MultiLineString","coordinates":[[[110.891,-6.983],[110.903,-6.984]],[[110.804,-6.98],[110.803,-6.984]],[[110.884,-6.975],[110.891,-6.983]],[[110.803,-6.984],[110.813,-7.001],[110.852,-7],[110.884,-6.975]],[[110.903,-6.984],[110.915,-6.961],[110.926,-6.972]],[[110.926,-6.972],[111.061,-6.97],[111.086,-6.962],[111.098,-6.93]]]}},{"type":"Feature","properties":{},"geometry":{"type":"LineString","coordinates":[[109.197,-7.25],[109.203,-7.247]]}},{"type":"Feature","properties":{},"geometry":{"type":"LineString","coordinates":[[110.839,-7.263],[110.905,-7.283],[110.922,-7.27],[110.972,-7.282],[111.03,-7.257],[111.058,-7.271],[111.103,-7.247],[111.149,-7.264]]}},{"type":"Feature","properties":{},"geometry":{"type":"LineString","coordinates":[[110.805,-7.459],[111.022,-7.534],[111.05,-7.537],[111.041,-7.511],[111.064,-7.497],[111.078,-7.497],[111.081,-7.528],[111.112,-7.531],[111.128,-7.511],[111.148,-7.525]]}},{"type":"Feature","properties":{},"geometry":{"type":"LineString","coordinates":[[109.676,-6.934],[109.642,-6.917],[109.664,-6.85]]}},{"type":"Feature","properties":{},"geometry":{"type":"LineString","coordinates":[[109.539,-7.244],[109.532,-7.231]]}},{"type":"Feature","properties":{},"geometry":{"type":"LineString","coordinates":[[109.197,-7.25],[109.058,-7.192],[109.084,-7.148],[109.073,-7.128],[109.058,-7.124],[109.057,-7.15],[108.993,-7.136],[108.966,-7.151],[108.951,-7.127],[108.985,-7.111],[108.969,-7.06],[109.025,-7.045],[109.033,-6.984],[109.066,-6.975],[109.075,-6.994],[109.076,-6.889]]}},{"type":"Feature","properties":{},"geometry":{"type":"MultiLineString","coordinates":[[[110.801,-7.533],[110.749,-7.523],[110.713,-7.542]],[[110.805,-7.459],[110.815,-7.523]]]}},{"type":"Feature","properties":{},"geometry":{"type":"LineString","coordinates":[[111.263,-6.856],[111.256,-6.837],[111.271,-6.829],[111.245,-6.796],[111.234,-6.687]]}},{"type":"Feature","properties":{},"geometry":{"type":"LineString","coordinates":[[111.263,-6.856],[111.378,-6.891],[111.425,-6.894],[111.454,-6.876],[111.589,-6.911]]}},{"type":"Feature","properties":{},"geometry":{"type":"LineString","coordinates":[[109.433,-7.536],[109.498,-7.503],[109.545,-7.523],[109.587,-7.516],[109.638,-7.479],[109.684,-7.503],[109.752,-7.446]]}},{"type":"Feature","properties":{},"geometry":{"type":"LineString","coordinates":[[110.57,-7.148],[110.537,-7.176],[110.546,-7.195],[110.614,-7.197],[110.621,-7.226]]}},{"type":"Feature","properties":{},"geometry":{"type":"LineString","coordinates":[[106.991,-6.363],[107.016,-6.358],[107.017,-6.33],[107.037,-6.321],[107.04,-6.287],[107.014,-6.283],[107.042,-6.234],[107.034,-6.199],[107.006,-6.193],[107.011,-6.172],[106.973,-6.175]]}},{"type":"Feature","properties":{},"geometry":{"type":"LineString","coordinates":[[106.919,-6.396],[106.967,-6.303],[106.981,-6.315],[106.966,-6.342],[106.991,-6.363]]}},{"type":"Feature","properties":{},"geometry":{"type":"LineString","coordinates":[[106.991,-6.363],[107.024,-6.409],[107.063,-6.399],[107.055,-6.436],[107.174,-6.486]]}},{"type":"Feature","properties":{},"geometry":{"type":"LineString","coordinates":[[107.174,-6.486],[107.179,-6.552],[107.221,-6.591]]}},{"type":"Feature","properties":{},"geometry":{"type":"MultiLineString","coordinates":[[[106.799,-6.547],[106.829,-6.55],[106.843,-6.679],[106.81,-6.646],[106.772,-6.654],[106.791,-6.628],[106.735,-6.56],[106.74,-6.542],[106.763,-6.549],[106.765,-6.515]],[[106.765,-6.515],[106.788,-6.515],[106.799,-6.547]]]}},{"type":"Feature","properties":{},"geometry":{"type":"LineString","coordinates":[[106.525,-6.762],[106.576,-6.717],[106.589,-6.744],[106.632,-6.755],[106.659,-6.732],[106.694,-6.745],[106.741,-6.715],[106.814,-6.769],[106.904,-6.788],[106.947,-6.761],[106.965,-6.77]]}},{"type":"Feature","properties":{},"geometry":{"type":"LineString","coordinates":[[106.901,-6.912],[106.912,-6.892],[106.954,-6.904],[106.948,-6.968],[106.873,-6.975],[106.912,-6.952],[106.901,-6.912]]}},{"type":"Feature","properties":{},"geometry":{"type":"LineString","coordinates":[[107.32,-7.106],[107.252,-7.048],[107.182,-7.058],[107.19,-6.968],[107.283,-6.923],[107.349,-6.866],[107.324,-6.852],[107.314,-6.801],[107.284,-6.774],[107.302,-6.728]]}},{"type":"Feature","properties":{},"geometry":{"type":"LineString","coordinates":[[107.32,-7.106],[107.304,-7.165],[107.272,-7.169],[107.251,-7.201],[107.289,-7.214],[107.318,-7.19],[107.384,-7.251],[107.477,-7.255]]}},{"type":"Feature","properties":{},"geometry":{"type":"LineString","coordinates":[[107.91,-7.732],[107.931,-7.686],[107.917,-7.597],[107.943,-7.573],[107.953,-7.46],[107.944,-7.398],[107.905,-7.363],[107.947,-7.331],[107.923,-7.289],[108.065,-7.219],[108.088,-7.163],[108.068,-7.13],[108.099,-7.103],[108.123,-7.115],[108.126,-7.037]]}},{"type":"Feature","properties":{},"geometry":{"type":"MultiLineString","coordinates":[[[108.428,-7.501],[108.494,-7.531],[108.527,-7.527],[108.524,-7.569],[108.553,-7.574],[108.647,-7.54],[108.66,-7.513],[108.648,-7.469],[108.662,-7.469]],[[108.662,-7.469],[108.718,-7.469]]]}},{"type":"Feature","properties":{},"geometry":{"type":"MultiLineString","coordinates":[[[109.799,-7.171],[109.771,-7.143],[109.772,-7.114],[109.739,-7.102],[109.755,-7.053]],[[109.755,-7.053],[109.749,-7],[109.707,-6.986],[109.676,-6.934]]]}},{"type":"Feature","properties":{},"geometry":{"type":"LineString","coordinates":[[109.753,-7.446],[109.833,-7.446],[109.83,-7.42],[109.751,-7.389],[109.84,-7.286],[109.855,-7.241],[109.907,-7.222],[109.917,-7.19]]}},{"type":"Feature","properties":{},"geometry":{"type":"MultiLineString","coordinates":[[[110.52,-7.831],[110.481,-7.817],[110.43,-7.836],[110.421,-7.786],[110.397,-7.788]],[[110.233,-7.815],[110.287,-7.785],[110.28,-7.818],[110.298,-7.833],[110.351,-7.768]]]}},{"type":"Feature","properties":{},"geometry":{"type":"LineString","coordinates":[[109.822,-7.836],[109.832,-7.723],[109.798,-7.695],[109.816,-7.6]]}},{"type":"Feature","properties":{},"geometry":{"type":"LineString","coordinates":[[109.939,-7.204],[109.994,-7.26],[109.996,-7.3],[110.029,-7.344],[110.074,-7.385]]}},{"type":"Feature","properties":{},"geometry":{"type":"LineString","coordinates":[[110.327,-7.324],[110.316,-7.353],[110.267,-7.382],[110.236,-7.372],[110.215,-7.404],[110.195,-7.381],[110.074,-7.385]]}},{"type":"Feature","properties":{},"geometry":{"type":"LineString","coordinates":[[108.428,-7.501],[108.427,-7.501]]}},{"type":"Feature","properties":{},"geometry":{"type":"LineString","coordinates":[[106.849,-6.207],[106.867,-6.239],[106.84,-6.336]]}},{"type":"Feature","properties":{},"geometry":{"type":"LineString","coordinates":[[105.923,-6.047],[105.987,-6.062],[105.985,-6.038],[106.03,-6.04],[106.02,-6.078],[106.033,-6.08],[106.085,-6.036],[106.088,-6.002],[106.064,-5.993],[106.031,-5.934],[106.041,-5.876]]}},{"type":"Feature","properties":{},"geometry":{"type":"LineString","coordinates":[[106.148,-6.019],[106.149,-6.068],[106.074,-6.122],[106.066,-6.175],[106.15,-6.169],[106.138,-6.209],[106.175,-6.219],[106.228,-6.195],[106.256,-6.146],[106.223,-6.127],[106.216,-6.016]]}},{"type":"Feature","properties":{},"geometry":{"type":"LineString","coordinates":[[106.172,-6.291],[106.175,-6.251],[106.11,-6.253],[106.086,-6.228],[106.066,-6.263],[106.027,-6.275],[105.995,-6.274],[105.947,-6.237],[105.93,-6.281],[105.885,-6.223],[105.878,-6.24],[105.827,-6.248]]}},{"type":"Feature","properties":{},"geometry":{"type":"LineString","coordinates":[[111.098,-6.93],[111.112,-6.979],[111.169,-6.984],[111.218,-7.03],[111.216,-7.097],[111.249,-7.177],[111.243,-7.239],[111.223,-7.255]]}},{"type":"Feature","properties":{},"geometry":{"type":"LineString","coordinates":[[111.751,-7.799],[111.694,-7.805],[111.66,-7.767],[111.55,-7.804],[111.451,-7.781]]}},{"type":"Feature","properties":{},"geometry":{"type":"LineString","coordinates":[[111.799,-7.837],[111.954,-7.68],[111.985,-7.686],[112.002,-7.752],[112.022,-7.762],[112.027,-7.726],[112.059,-7.723],[112.076,-7.701],[112.111,-7.593]]}},{"type":"Feature","properties":{},"geometry":{"type":"LineString","coordinates":[[111.799,-7.837],[111.803,-7.866],[111.863,-7.908],[111.884,-7.948],[111.945,-7.953],[111.957,-7.997]]}},{"type":"Feature","properties":{},"geometry":{"type":"LineString","coordinates":[[111.755,-7.908],[111.738,-7.958],[111.761,-7.988],[111.755,-8.031],[111.847,-8.106],[111.822,-8.135],[111.734,-8.142],[111.719,-8.169],[111.717,-8.191],[111.74,-8.203],[111.727,-8.242],[111.75,-8.29],[111.77,-8.289]]}},{"type":"Feature","properties":{},"geometry":{"type":"LineString","coordinates":[[112.171,-6.899],[112.203,-6.918],[112.203,-7.029],[112.223,-7.037],[112.217,-7.074],[112.179,-7.075],[112.178,-7.098],[112.155,-7.11]]}},{"type":"Feature","properties":{},"geometry":{"type":"LineString","coordinates":[[107.221,-6.591],[107.306,-6.491],[107.349,-6.48],[107.391,-6.511],[107.373,-6.468],[107.433,-6.459],[107.5,-6.408],[107.529,-6.418]]}},{"type":"Feature","properties":{},"geometry":{"type":"LineString","coordinates":[[111.786,-7.833],[111.751,-7.799]]}},{"type":"Feature","properties":{},"geometry":{"type":"LineString","coordinates":[[111.28,-7.919],[111.35,-7.979],[111.344,-8.006],[111.367,-8.033],[111.346,-8.066],[111.363,-8.1],[111.347,-8.114],[111.38,-8.136],[111.38,-8.163],[111.425,-8.17]]}},{"type":"Feature","properties":{},"geometry":{"type":"LineString","coordinates":[[107.302,-6.728],[107.344,-6.694],[107.41,-6.689],[107.555,-6.775],[107.571,-6.736],[107.594,-6.728]]}},{"type":"Feature","properties":{},"geometry":{"type":"LineString","coordinates":[[107.572,-6.882],[107.547,-6.827],[107.512,-6.889],[107.526,-6.921]]}},{"type":"Feature","properties":{},"geometry":{"type":"LineString","coordinates":[[107.526,-6.921],[107.546,-6.927]]}},{"type":"Feature","properties":{},"geometry":{"type":"LineString","coordinates":[[107.546,-6.927],[107.564,-6.933],[107.556,-6.89],[107.572,-6.882]]}},{"type":"Feature","properties":{},"geometry":{"type":"LineString","coordinates":[[110.22,-7.506],[110.199,-7.493],[110.223,-7.433],[110.238,-7.493],[110.22,-7.506]]}},{"type":"Feature","properties":{},"geometry":{"type":"LineString","coordinates":[[110.715,-7.791],[110.8,-7.643],[110.764,-7.636],[110.744,-7.599],[110.703,-7.594]]}},{"type":"Feature","properties":{},"geometry":{"type":"LineString","coordinates":[[107.477,-7.255],[107.557,-7.251],[107.608,-7.309],[107.697,-7.282],[107.727,-7.298],[107.738,-7.264],[107.706,-7.238],[107.737,-7.173],[107.807,-7.143],[107.811,-7.098],[107.849,-7.059],[107.938,-7.044],[107.91,-7.036],[107.906,-6.99],[107.889,-6.982],[107.915,-6.953]]}},{"type":"Feature","properties":{},"geometry":{"type":"LineString","coordinates":[[106.721,-6.362],[106.738,-6.438],[106.823,-6.444],[106.824,-6.462],[106.85,-6.436],[106.855,-6.456],[106.882,-6.457],[106.919,-6.396]]}},{"type":"Feature","properties":{},"geometry":{"type":"LineString","coordinates":[[107.572,-6.882],[107.598,-6.837],[107.624,-6.862]]}},{"type":"Feature","properties":{},"geometry":{"type":"MultiLineString","coordinates":[[[112.44,-6.874],[112.425,-6.951],[112.377,-6.953],[112.367,-6.988],[112.452,-7.001],[112.452,-7.015],[112.511,-7.012],[112.499,-7.031],[112.553,-7.05],[112.536,-7.096],[112.476,-7.126],[112.47,-7.159],[112.506,-7.164],[112.502,-7.192],[112.416,-7.235],[112.397,-7.265],[112.411,-7.304],[112.371,-7.324]],[[112.447,-6.874],[112.456,-6.883]]]}},{"type":"Feature","properties":{},"geometry":{"type":"MultiLineString","coordinates":[[[110.581,-7.452],[110.581,-7.452]],[[110.621,-7.227],[110.637,-7.264],[110.6,-7.292],[110.6,-7.315],[110.609,-7.335],[110.643,-7.325],[110.622,-7.454],[110.649,-7.448],[110.628,-7.467],[110.655,-7.473],[110.662,-7.497],[110.602,-7.49],[110.566,-7.443],[110.594,-7.453],[110.591,-7.439],[110.576,-7.425],[110.558,-7.45],[110.517,-7.44],[110.507,-7.406],[110.464,-7.409],[110.439,-7.454]]]}},{"type":"Feature","properties":{},"geometry":{"type":"LineString","coordinates":[[110.715,-7.791],[110.752,-7.825],[110.768,-7.808],[110.786,-7.817]]}},{"type":"Feature","properties":{},"geometry":{"type":"LineString","coordinates":[[114.047,-8.125],[114.057,-8.128]]}},{"type":"Feature","properties":{},"geometry":{"type":"LineString","coordinates":[[107.624,-6.862],[107.643,-6.893],[107.738,-6.9],[107.716,-6.961],[107.585,-6.962],[107.546,-6.927]]}},{"type":"Feature","properties":{},"geometry":{"type":"MultiLineString","coordinates":[[[113.837,-8.554],[113.837,-8.554]],[[114.047,-8.125],[113.958,-8.206],[113.967,-8.232],[113.909,-8.347],[113.947,-8.402],[113.91,-8.442],[113.89,-8.41],[113.855,-8.43],[113.842,-8.494],[113.855,-8.52],[113.837,-8.554]]]}},{"type":"Feature","properties":{},"geometry":{"type":"LineString","coordinates":[[108.427,-7.501],[108.375,-7.479],[108.334,-7.507],[108.333,-7.549],[108.367,-7.609],[108.356,-7.683],[108.315,-7.69],[108.332,-7.712],[108.313,-7.725],[108.318,-7.787],[108.341,-7.817]]}},{"type":"Feature","properties":{},"geometry":{"type":"LineString","coordinates":[[110.257,-7.194],[110.14,-7.138],[110.193,-7.106],[110.183,-7.077],[110.175,-7.101],[110.12,-7.093],[110.06,-7.119],[109.936,-7.202]]}},{"type":"Feature","properties":{},"geometry":{"type":"LineString","coordinates":[[111.45,-7.778],[111.289,-7.793]]}},{"type":"Feature","properties":{},"geometry":{"type":"LineString","coordinates":[[111.511,-7.538],[111.562,-7.547],[111.55,-7.527],[111.587,-7.521],[111.613,-7.467],[111.652,-7.451],[111.674,-7.411]]}},{"type":"Feature","properties":{},"geometry":{"type":"MultiLineString","coordinates":[[[112.332,-7.348],[112.332,-7.348]],[[112.346,-7.345],[112.308,-7.352],[112.312,-7.365],[112.211,-7.349],[112.082,-7.383]]]}},{"type":"Feature","properties":{},"geometry":{"type":"MultiLineString","coordinates":[[[106.125,-6.361],[106.112,-6.427],[106.043,-6.411],[105.975,-6.517],[105.983,-6.542],[105.929,-6.617],[105.946,-6.66],[105.863,-6.781],[105.888,-6.821],[105.882,-6.84]],[[106.169,-6.296],[106.13,-6.327],[106.124,-6.356]]]}},{"type":"Feature","properties":{},"geometry":{"type":"MultiLineString","coordinates":[[[108.311,-7.337],[108.406,-7.361],[108.415,-7.377],[108.396,-7.409],[108.421,-7.423],[108.425,-7.486],[108.443,-7.488],[108.427,-7.501]],[[108.167,-7.063],[108.22,-7.088],[108.193,-7.17],[108.193,-7.269]]]}},{"type":"Feature","properties":{},"geometry":{"type":"LineString","coordinates":[[108.309,-7.337],[108.311,-7.337]]}},{"type":"Feature","properties":{},"geometry":{"type":"LineString","coordinates":[[111.957,-7.998],[111.997,-8.092],[112.122,-8.125],[112.117,-8.158],[112.079,-8.187],[112.029,-8.168],[112.028,-8.313]]}},{"type":"Feature","properties":{},"geometry":{"type":"LineString","coordinates":[[109.532,-7.231],[109.491,-7.129],[109.505,-7.1],[109.483,-7.03],[109.498,-6.966],[109.562,-6.924],[109.594,-6.84]]}},{"type":"Feature","properties":{},"geometry":{"type":"LineString","coordinates":[[114.424,-7.935],[114.424,-7.935]]}},{"type":"Feature","properties":{},"geometry":{"type":"LineString","coordinates":[[112.111,-7.593],[112.112,-7.565],[112.169,-7.49],[112.125,-7.452],[112.08,-7.474],[112.069,-7.397]]}},{"type":"Feature","properties":{},"geometry":{"type":"LineString","coordinates":[[111.957,-7.998],[111.975,-8.013],[111.981,-7.997],[112.091,-7.992],[112.096,-7.97],[112.178,-7.974],[112.307,-7.929]]}},{"type":"Feature","properties":{},"geometry":{"type":"LineString","coordinates":[[113.624,-7.961],[113.723,-7.879],[113.74,-7.789],[113.834,-7.813],[113.853,-7.794],[113.935,-7.793],[113.951,-7.765],[113.992,-7.778],[114.008,-7.755],[114.079,-7.771],[114.128,-7.993],[114.175,-7.969],[114.224,-7.987]]}},{"type":"Feature","properties":{},"geometry":{"type":"MultiLineString","coordinates":[[[111.417,-7.541],[111.417,-7.541]],[[111.194,-7.618],[111.37,-7.574],[111.384,-7.537],[111.462,-7.509],[111.502,-7.515],[111.511,-7.538]]]}},{"type":"Feature","properties":{},"geometry":{"type":"LineString","coordinates":[[112.418,-7.764],[112.417,-7.764]]}},{"type":"Feature","properties":{},"geometry":{"type":"LineString","coordinates":[[111.425,-8.17],[111.477,-8.173],[111.483,-8.108],[111.528,-8.107],[111.535,-8.06],[111.573,-8.048],[111.591,-8.019],[111.637,-8.002],[111.653,-8.02],[111.664,-7.968],[111.647,-7.954],[111.689,-7.933],[111.7,-7.897],[111.743,-7.879],[111.755,-7.908]]}},{"type":"Feature","properties":{},"geometry":{"type":"LineString","coordinates":[[110.703,-7.594],[110.6,-7.569],[110.597,-7.588],[110.547,-7.601],[110.54,-7.628],[110.445,-7.541]]}},{"type":"Feature","properties":{},"geometry":{"type":"LineString","coordinates":[[119.675,-9.829],[119.756,-9.705],[119.846,-9.659],[119.841,-9.578],[119.926,-9.485],[119.898,-9.431],[119.909,-9.383],[119.876,-9.371],[119.865,-9.343]]}},{"type":"Feature","properties":{},"geometry":{"type":"LineString","coordinates":[[120.518,-8.818],[120.498,-8.715],[120.468,-8.686],[120.491,-8.646],[120.524,-8.638],[120.51,-8.565],[120.546,-8.5],[120.514,-8.409],[120.478,-8.382],[120.493,-8.292]]}},{"type":"Feature","properties":{},"geometry":{"type":"MultiLineString","coordinates":[[[124.083,-9.633],[124.055,-9.654],[124.083,-9.674],[124.098,-9.656],[124.111,-9.684],[124.067,-9.759],[124.094,-9.809],[124.086,-9.964],[124.125,-9.976],[124.165,-10.018],[124.143,-10.023],[124.207,-10.087],[124.224,-10.163]],[[124.19,-9.483],[124.185,-9.511],[124.122,-9.473],[124.158,-9.557],[124.12,-9.553],[124.078,-9.587],[124.083,-9.633]]]}},{"type":"Feature","properties":{},"geometry":{"type":"LineString","coordinates":[[122.007,-8.514],[121.986,-8.543],[122.005,-8.555],[121.991,-8.606],[121.966,-8.613],[121.974,-8.655],[121.927,-8.712],[121.952,-8.753],[121.993,-8.754],[121.995,-8.805]]}},{"type":"Feature","properties":{},"geometry":{"type":"LineString","coordinates":[[124.096,-9.406],[124.19,-9.483]]}},{"type":"Feature","properties":{},"geometry":{"type":"LineString","coordinates":[[121.414,-8.793],[121.417,-8.744],[121.397,-8.716],[121.432,-8.671],[121.521,-8.635],[121.52,-8.614]]}},{"type":"Feature","properties":{},"geometry":{"type":"LineString","coordinates":[[122.654,-8.637],[122.656,-8.562],[122.687,-8.485],[122.673,-8.46],[122.682,-8.383]]}},{"type":"Feature","properties":{},"geometry":{"type":"LineString","coordinates":[[124.645,-9.585],[124.517,-9.663],[124.458,-9.635],[124.461,-9.613],[124.43,-9.594],[124.321,-9.597],[124.267,-9.553],[124.236,-9.543],[124.227,-9.56],[124.215,-9.538],[124.239,-9.526],[124.19,-9.483]]}},{"type":"Feature","properties":{},"geometry":{"type":"MultiLineString","coordinates":[[[124.82,-9.345],[124.844,-9.326],[124.858,-9.261],[124.826,-9.242],[124.836,-9.217],[124.81,-9.168],[124.827,-9.146],[124.82,-9.076],[124.802,-9.036]],[[124.802,-9.036],[124.802,-9.036]],[[124.802,-9.036],[124.792,-9.018]]]}},{"type":"Feature","properties":{},"geometry":{"type":"LineString","coordinates":[[124.82,-9.345],[124.843,-9.36],[124.845,-9.388],[124.881,-9.386],[124.899,-9.358],[124.96,-9.394],[124.987,-9.374],[124.988,-9.33],[125.011,-9.3]]}},{"type":"Feature","properties":{},"geometry":{"type":"LineString","coordinates":[[120.287,-8.284],[120.282,-8.417],[120.297,-8.454],[120.346,-8.426],[120.389,-8.425],[120.399,-8.461],[120.358,-8.522],[120.361,-8.568],[120.33,-8.559],[120.286,-8.597],[120.28,-8.648],[120.33,-8.707],[120.273,-8.76],[120.283,-8.787],[120.233,-8.812],[120.233,-8.844]]}},{"type":"Feature","properties":{},"geometry":{"type":"LineString","coordinates":[[119.865,-9.343],[119.865,-9.343]]}},{"type":"Feature","properties":{},"geometry":{"type":"LineString","coordinates":[[119.675,-9.829],[119.675,-9.829]]}},{"type":"Feature","properties":{},"geometry":{"type":"LineString","coordinates":[[115.371,-8.573],[115.358,-8.521]]}},{"type":"Feature","properties":{},"geometry":{"type":"LineString","coordinates":[[116.036,-8.47],[116.13,-8.471],[116.142,-8.454],[116.214,-8.48],[116.222,-8.457],[116.337,-8.41]]}},{"type":"Feature","properties":{},"geometry":{"type":"LineString","coordinates":[[118.176,-8.655],[118.188,-8.706],[118.312,-8.693],[118.333,-8.713]]}},{"type":"Feature","properties":{},"geometry":{"type":"LineString","coordinates":[[114.933,-8.381],[114.981,-8.289],[115.013,-8.312],[115.126,-8.308],[115.139,-8.271],[115.184,-8.245]]}},{"type":"Feature","properties":{},"geometry":{"type":"LineString","coordinates":[[114.916,-8.467],[114.933,-8.381]]}},{"type":"Feature","properties":{},"geometry":{"type":"LineString","coordinates":[[116.406,-8.434],[116.495,-8.245]]}},{"type":"Feature","properties":{},"geometry":{"type":"LineString","coordinates":[[116.406,-8.434],[116.382,-8.41],[116.337,-8.41]]}},{"type":"Feature","properties":{},"geometry":{"type":"LineString","coordinates":[[116.337,-8.41],[116.306,-8.457],[116.321,-8.505],[116.289,-8.531],[116.295,-8.551],[116.25,-8.593],[116.175,-8.622],[116.196,-8.673],[116.167,-8.673],[116.174,-8.727],[116.131,-8.742],[116.142,-8.766],[116.092,-8.839],[116.109,-8.873]]}},{"type":"Feature","properties":{},"geometry":{"type":"LineString","coordinates":[[117.04,-9.101],[117.067,-9.042],[117.062,-8.952],[117.088,-8.931],[117.083,-8.901],[117.054,-8.89],[117.082,-8.836],[117.097,-8.837],[117.035,-8.8],[117.09,-8.761],[117.09,-8.703],[116.995,-8.615],[116.935,-8.606],[116.873,-8.528]]}},{"type":"Feature","properties":{},"geometry":{"type":"LineString","coordinates":[[116.405,-8.857],[116.396,-8.818],[116.446,-8.741],[116.429,-8.691],[116.378,-8.663],[116.384,-8.493],[116.406,-8.434]]}},{"type":"Feature","properties":{},"geometry":{"type":"LineString","coordinates":[[115.274,-8.65],[115.275,-8.65]]}},{"type":"Feature","properties":{},"geometry":{"type":"LineString","coordinates":[[115.434,-8.181],[115.459,-8.244],[115.43,-8.267],[115.399,-8.344],[115.416,-8.403],[115.402,-8.456]]}},{"type":"Feature","properties":{},"geometry":{"type":"LineString","coordinates":[[115.438,-8.18],[115.434,-8.181]]}},{"type":"Feature","properties":{},"geometry":{"type":"MultiLineString","coordinates":[[[124.748,-9.488],[124.721,-9.504],[124.739,-9.51],[124.754,-9.564],[124.73,-9.553],[124.695,-9.586],[124.645,-9.585]],[[124.82,-9.345],[124.801,-9.351],[124.804,-9.386],[124.779,-9.4],[124.798,-9.425],[124.782,-9.47],[124.748,-9.488]]]}},{"type":"Feature","properties":{},"geometry":{"type":"LineString","coordinates":[[120.819,-8.835],[120.856,-8.748],[120.845,-8.707],[120.875,-8.697],[120.891,-8.65],[120.845,-8.516],[120.922,-8.476],[120.926,-8.354]]}},{"type":"Feature","properties":{},"geometry":{"type":"LineString","coordinates":[[111.977,-7.794],[112.01,-7.772],[112.002,-7.788],[112.033,-7.819],[112.077,-7.832],[112.074,-7.876],[111.958,-7.823],[111.977,-7.794]]}},{"type":"Feature","properties":{},"geometry":{"type":"LineString","coordinates":[[112.152,-7.109],[112.166,-7.118],[112.152,-7.158],[112.087,-7.23],[112.082,-7.383]]}},{"type":"Feature","properties":{},"geometry":{"type":"LineString","coordinates":[[111.622,-6.986],[111.651,-7],[111.658,-7.037],[111.712,-7.081],[111.817,-7.087],[111.862,-7.13],[111.93,-7.133],[111.933,-7.16],[111.954,-7.132],[111.984,-7.163],[111.995,-7.114],[112.011,-7.13],[112.018,-7.068],[112.041,-7.082],[112.083,-7.066],[112.086,-7.086],[112.152,-7.109]]}},{"type":"Feature","properties":{},"geometry":{"type":"LineString","coordinates":[[113.361,-8.028],[113.391,-7.997],[113.465,-8.027],[113.482,-7.994],[113.533,-8.009],[113.563,-7.983],[113.595,-7.976],[113.614,-7.992],[113.644,-7.973]]}},{"type":"Feature","properties":{},"geometry":{"type":"MultiLineString","coordinates":[[[112.665,-7.351],[112.665,-7.342]],[[112.665,-7.342],[112.665,-7.342]],[[112.665,-7.342],[112.63,-7.315],[112.633,-7.263],[112.604,-7.25],[112.59,-7.215],[112.663,-7.193]]]}},{"type":"Feature","properties":{},"geometry":{"type":"LineString","coordinates":[[112.307,-7.929],[112.326,-7.873],[112.288,-7.771],[112.329,-7.777],[112.349,-7.761],[112.396,-7.785],[112.417,-7.764]]}},{"type":"Feature","properties":{},"geometry":{"type":"MultiLineString","coordinates":[[[113.624,-7.961],[113.618,-7.877]],[[113.618,-7.877],[113.618,-7.877]],[[113.618,-7.877],[113.612,-7.824],[113.592,-7.805],[113.601,-7.775],[113.573,-7.742],[113.598,-7.715]]]}},{"type":"Feature","properties":{},"geometry":{"type":"MultiLineString","coordinates":[[[119.143,-9.729],[119.141,-9.691],[119.179,-9.652],[119.197,-9.648],[119.228,-9.688],[119.278,-9.684],[119.309,-9.634],[119.367,-9.616],[119.405,-9.548],[119.367,-9.467],[119.373,-9.416]],[[119.373,-9.416],[119.373,-9.416]],[[119.367,-9.379],[119.373,-9.416]]]}},{"type":"Feature","properties":{},"geometry":{"type":"MultiLineString","coordinates":[[[123.64,-10.222],[123.64,-10.222]],[[123.64,-10.222],[123.618,-10.234],[123.635,-10.284],[123.604,-10.293],[123.585,-10.288],[123.574,-10.217],[123.539,-10.247],[123.528,-10.212]],[[123.64,-10.222],[123.674,-10.233],[123.636,-10.193],[123.692,-10.171],[123.662,-10.158],[123.682,-10.15],[123.673,-10.124]]]}},{"type":"Feature","properties":{},"geometry":{"type":"MultiLineString","coordinates":[[[124.808,-9.788],[124.798,-9.748],[124.821,-9.669],[124.804,-9.652]],[[124.804,-9.652],[124.804,-9.652]],[[124.765,-9.602],[124.765,-9.602]],[[124.765,-9.602],[124.76,-9.6]],[[124.76,-9.6],[124.76,-9.6]],[[124.76,-9.6],[124.76,-9.6]],[[124.804,-9.652],[124.788,-9.6],[124.76,-9.6]],[[124.765,-9.602],[124.714,-9.639],[124.663,-9.627],[124.645,-9.585]]]}},{"type":"Feature","properties":{},"geometry":{"type":"LineString","coordinates":[[124.808,-9.788],[124.808,-9.788]]}},{"type":"Feature","properties":{},"geometry":{"type":"LineString","coordinates":[[112.87,-7.572],[112.845,-7.577],[112.832,-7.552],[112.739,-7.573],[112.706,-7.545],[112.663,-7.56]]}},{"type":"Feature","properties":{},"geometry":{"type":"MultiLineString","coordinates":[[[112.417,-7.764],[112.397,-7.776],[112.302,-7.727],[112.252,-7.726],[112.185,-7.636]],[[112.185,-7.636],[112.183,-7.634]],[[112.183,-7.634],[112.111,-7.593]]]}},{"type":"Feature","properties":{},"geometry":{"type":"LineString","coordinates":[[114.424,-7.935],[114.424,-7.935]]}},{"type":"Feature","properties":{},"geometry":{"type":"LineString","coordinates":[[109.94,-0.74],[109.931,-0.783],[109.895,-0.803],[109.893,-0.823],[109.799,-0.843],[109.801,-0.87],[109.729,-0.912],[109.726,-0.982],[109.684,-1.016],[109.607,-0.975]]}},{"type":"Feature","properties":{},"geometry":{"type":"LineString","coordinates":[[109.94,-0.74],[109.933,-0.719],[109.886,-0.725],[109.859,-0.659],[109.818,-0.684],[109.808,-0.669],[109.819,-0.637],[109.88,-0.588],[109.885,-0.554],[109.966,-0.497]]}},{"type":"Feature","properties":{},"geometry":{"type":"LineString","coordinates":[[111.382,-2.282],[111.356,-2.282],[111.347,-2.306],[111.317,-2.305],[111.316,-2.332],[111.266,-2.347],[111.265,-2.373],[111.284,-2.373],[111.296,-2.408],[111.275,-2.43],[111.287,-2.518],[111.218,-2.505],[111.226,-2.562],[111.308,-2.584],[111.4,-2.653],[111.362,-2.76],[111.382,-2.76],[111.383,-2.817],[111.362,-2.908]]}},{"type":"Feature","properties":{},"geometry":{"type":"LineString","coordinates":[[116.223,2.098],[116.213,2.061],[116.235,2.031],[116.195,1.986],[116.199,1.951],[116.175,1.902],[116.184,1.841]]}},{"type":"Feature","properties":{},"geometry":{"type":"LineString","coordinates":[[116.184,1.841],[116.134,1.668],[116.069,1.649],[116.036,1.606],[116.041,1.557],[116.008,1.526]]}},{"type":"Feature","properties":{},"geometry":{"type":"LineString","coordinates":[[115.836,-2.39],[115.791,-2.435],[115.782,-2.514],[115.751,-2.532]]}},{"type":"Feature","properties":{},"geometry":{"type":"LineString","coordinates":[[115.836,-2.39],[115.817,-2.317],[115.833,-2.296],[115.785,-2.215],[115.813,-2.07],[115.782,-2.053],[115.722,-2.063],[115.695,-2.041]]}},{"type":"Feature","properties":{},"geometry":{"type":"LineString","coordinates":[[113.762,-2.402],[113.69,-2.243],[113.695,-2.086],[113.563,-1.916],[113.489,-1.786],[113.476,-1.681],[113.502,-1.644]]}},{"type":"Feature","properties":{},"geometry":{"type":"LineString","coordinates":[[117.674,3.78],[117.601,3.774],[117.596,3.796],[117.531,3.767],[117.497,3.775],[117.477,3.756],[117.487,3.719]]}},{"type":"Feature","properties":{},"geometry":{"type":"LineString","coordinates":[[116.184,1.841],[116.195,1.838]]}},{"type":"Feature","properties":{},"geometry":{"type":"LineString","coordinates":[[115.55,-1.41],[115.626,-1.351],[115.754,-1.315]]}},{"type":"Feature","properties":{},"geometry":{"type":"LineString","coordinates":[[116.184,1.841],[116.184,1.841]]}},{"type":"Feature","properties":{},"geometry":{"type":"LineString","coordinates":[[112.127,-1.313],[112.202,-1.303],[112.258,-1.321],[112.317,-1.304],[112.35,-1.231],[112.392,-1.24],[112.462,-1.198],[112.632,-1.208],[112.675,-1.256],[112.691,-1.306],[112.75,-1.333],[112.746,-1.378],[112.839,-1.424],[112.838,-1.505],[112.862,-1.525],[112.864,-1.592],[112.899,-1.594],[112.897,-1.64],[112.93,-1.641],[112.929,-1.705],[113,-1.716],[112.999,-1.749],[113.034,-1.766],[113.062,-1.813],[113.134,-1.815],[113.142,-1.899],[113.27,-2.024],[113.172,-2.323],[113.213,-2.45],[113.095,-2.675],[113.098,-2.8],[113.222,-3.084],[113.235,-3.152]]}},{"type":"Feature","properties":{},"geometry":{"type":"LineString","coordinates":[[114.668,-1.319],[114.662,-1.408],[114.614,-1.551],[114.624,-1.604],[114.597,-1.67],[114.617,-2.017],[114.694,-2.155],[114.681,-2.324],[114.644,-2.405],[114.737,-2.439],[114.727,-2.463],[114.759,-2.458],[114.77,-2.493],[114.717,-2.567],[114.78,-2.606],[114.797,-2.591]]}},{"type":"Feature","properties":{},"geometry":{"type":"LineString","coordinates":[[112.175,-0.726],[112.194,-0.765],[112.147,-0.83],[112.172,-0.866],[112.113,-0.93],[112.1,-1.021],[112.117,-1.045],[112.16,-1.044],[112.162,-1.087],[112.119,-1.14],[112.096,-1.211],[112.126,-1.233],[112.127,-1.313]]}},{"type":"Feature","properties":{},"geometry":{"type":"LineString","coordinates":[[113.798,-1.604],[113.832,-1.806],[113.826,-2.011],[113.936,-2.163],[114.108,-2.188],[114.085,-2.269],[114.042,-2.311],[114.025,-2.404],[113.762,-2.402]]}},{"type":"Feature","properties":{},"geometry":{"type":"LineString","coordinates":[[109.152,0.682],[109.141,0.644],[109.083,0.591],[109.011,0.565],[108.999,0.543],[108.991,0.555],[108.955,0.529],[108.927,0.562]]}},{"type":"Feature","properties":{},"geometry":{"type":"LineString","coordinates":[[117.023,-1.141],[116.945,-1.126],[116.902,-1.063],[116.839,-1.048],[116.852,-1.016]]}},{"type":"Feature","properties":{},"geometry":{"type":"LineString","coordinates":[[111.75,-1.483],[111.678,-1.421],[111.61,-1.392],[111.569,-1.334],[111.577,-1.314],[111.504,-1.253],[111.453,-1.26],[111.446,-1.245]]}},{"type":"Feature","properties":{},"geometry":{"type":"LineString","coordinates":[[115.126,-2.295],[115.254,-2.209],[115.244,-2.192],[115.265,-2.226],[115.29,-2.224],[115.297,-2.144],[115.355,-2.094],[115.364,-2.044],[115.409,-2.058],[115.397,-2.013],[115.416,-2.013],[115.443,-1.947],[115.421,-1.933],[115.42,-1.892],[115.32,-1.892],[115.3,-1.824],[115.314,-1.825],[115.347,-1.675],[115.374,-1.653],[115.362,-1.62]]}},{"type":"Feature","properties":{},"geometry":{"type":"LineString","coordinates":[[109.176,0.962],[109.157,0.938],[109.175,0.908],[109.162,0.894],[109.094,0.843],[109.05,0.836],[109.052,0.788],[109.077,0.783],[109.051,0.745],[108.955,0.758],[108.968,0.772],[108.874,0.84]]}},{"type":"Feature","properties":{},"geometry":{"type":"LineString","coordinates":[[116.556,-2.409],[116.328,-2.341],[116.268,-2.339],[116.236,-2.328],[116.236,-2.309],[116.163,-2.307],[116.114,-2.338],[116.045,-2.329],[116.033,-2.307],[115.926,-2.325],[115.89,-2.337],[115.888,-2.374],[115.836,-2.39]]}},{"type":"Feature","properties":{},"geometry":{"type":"LineString","coordinates":[[117.092,-0.424],[117.128,-0.408],[117.143,-0.32],[117.226,-0.314],[117.234,-0.357],[117.298,-0.375],[117.262,-0.438],[117.268,-0.56],[117.252,-0.55],[117.236,-0.57],[117.285,-0.595],[117.229,-0.636],[117.181,-0.715],[117.162,-0.716],[117.126,-0.665],[117.145,-0.621],[117.091,-0.577],[117.07,-0.591],[117.054,-0.551],[117.062,-0.448],[117.092,-0.424]]}},{"type":"Feature","properties":{},"geometry":{"type":"LineString","coordinates":[[113.262,0.23],[113.359,0.276],[113.442,0.26],[113.544,0.325],[113.557,0.352],[113.587,0.362],[113.582,0.398],[113.655,0.44],[113.664,0.495],[113.798,0.595],[113.826,0.579],[113.851,0.608],[113.822,0.642],[113.842,0.658]]}},{"type":"Feature","properties":{},"geometry":{"type":"LineString","coordinates":[[113.842,0.658],[113.839,0.695],[113.868,0.699],[113.896,0.732],[113.9,0.755],[113.873,0.783],[113.927,0.841],[113.871,0.889],[113.914,0.973],[113.89,1.048],[113.948,1.06],[113.989,1.139],[114.038,1.146],[114.053,1.128],[114.088,1.159],[114.127,1.154],[114.15,1.199],[114.136,1.223],[114.171,1.265],[114.149,1.292],[114.165,1.333],[114.155,1.374],[114.206,1.41]]}},{"type":"Feature","properties":{},"geometry":{"type":"LineString","coordinates":[[115.418,1.152],[115.368,1.114],[115.28,1.135],[115.247,1.181],[115.21,1.177],[115.182,1.197],[115.115,1.181],[115.094,1.212],[115.098,1.25],[115.045,1.268],[115.017,1.348],[114.954,1.373],[114.908,1.418],[114.802,1.383],[114.76,1.326],[114.728,1.313],[114.69,1.36],[114.648,1.355],[114.617,1.363],[114.609,1.39],[114.572,1.389],[114.565,1.427]]}},{"type":"Feature","properties":{},"geometry":{"type":"LineString","coordinates":[[115.683,0.33],[115.672,0.343],[115.696,0.37],[115.768,0.405],[115.735,0.519],[115.712,0.516],[115.7,0.544],[115.648,0.54],[115.641,0.564],[115.674,0.581],[115.652,0.621],[115.595,0.636],[115.565,0.7],[115.496,0.763],[115.405,0.784],[115.392,0.771],[115.382,0.809],[115.319,0.828],[115.285,0.808],[115.278,0.839],[115.308,0.897],[115.267,0.915],[115.261,0.945],[115.232,0.962],[115.256,1.026],[115.301,1.061],[115.367,1.067],[115.418,1.152]]}},{"type":"Feature","properties":{},"geometry":{"type":"MultiLineString","coordinates":[[[109.287,0.006],[109.178,0.034]],[[109.368,0.197],[109.37,0.022]]]}},{"type":"Feature","properties":{},"geometry":{"type":"LineString","coordinates":[[109.876,0.077],[109.886,0.041],[109.842,0],[109.851,-0.049],[109.904,-0.108],[109.905,-0.137],[109.948,-0.141],[109.944,-0.228],[109.971,-0.282],[109.936,-0.319],[109.953,-0.349],[109.928,-0.359],[109.925,-0.392],[109.93,-0.414],[109.972,-0.435],[109.946,-0.444],[109.97,-0.458],[109.966,-0.497]]}},{"type":"Feature","properties":{},"geometry":{"type":"LineString","coordinates":[[109.287,0.006],[109.274,-0.03],[109.343,-0.098],[109.385,-0.053],[109.37,0.022]]}},{"type":"Feature","properties":{},"geometry":{"type":"LineString","coordinates":[[114.682,-3.518],[114.675,-3.461],[114.719,-3.377],[114.784,-3.421],[114.901,-3.45],[114.894,-3.545]]}},{"type":"Feature","properties":{},"geometry":{"type":"LineString","coordinates":[[114.682,-3.518],[114.682,-3.518]]}},{"type":"Feature","properties":{},"geometry":{"type":"LineString","coordinates":[[109.876,0.077],[109.816,0.089],[109.765,0.078],[109.75,0.093],[109.731,0.076],[109.7,0.098],[109.696,0.063],[109.659,0.065],[109.656,0.035],[109.634,0.049],[109.613,0.019],[109.573,0.038],[109.589,0.021],[109.571,0.007],[109.581,-0.005],[109.545,0],[109.505,-0.032],[109.522,0.038],[109.495,0.09],[109.511,0.117],[109.489,0.215],[109.436,0.23],[109.368,0.197]]}},{"type":"Feature","properties":{},"geometry":{"type":"LineString","coordinates":[[110.57,-0.346],[110.553,-0.326],[110.57,-0.286],[110.56,-0.259],[110.63,-0.203],[110.597,-0.157],[110.638,-0.142],[110.691,-0.168],[110.747,-0.162],[110.715,-0.049],[110.764,0.086],[110.843,0.096],[110.901,0.168],[110.911,0.222],[110.888,0.233],[110.909,0.251],[110.923,0.34],[110.959,0.373],[110.943,0.462],[111,0.558],[110.989,0.598],[111.012,0.669],[110.989,0.705],[111.012,0.739]]}},{"type":"Feature","properties":{},"geometry":{"type":"MultiLineString","coordinates":[[[114.894,-3.545],[114.885,-3.556],[114.911,-3.568],[114.932,-3.623],[114.963,-3.634],[114.931,-3.729],[114.993,-3.701],[115.042,-3.702],[115.111,-3.638],[115.216,-3.604],[115.261,-3.562]],[[114.682,-3.518],[114.513,-3.543]]]}},{"type":"Feature","properties":{},"geometry":{"type":"LineString","coordinates":[[114.668,-1.319],[114.662,-1.265],[114.684,-1.243],[114.697,-1.164],[114.627,-1.171],[114.51,-1.126],[114.524,-1.094],[114.489,-1.082],[114.483,-1.043],[114.454,-1.019],[114.522,-0.903],[114.551,-0.917],[114.57,-0.875],[114.636,-0.863]]}},{"type":"Feature","properties":{},"geometry":{"type":"LineString","coordinates":[[113.262,0.23],[113.179,0.243],[113.131,0.209],[113.101,0.231],[113.103,0.262],[113.055,0.292],[112.966,0.214],[112.974,0.171],[112.942,0.146],[112.824,0.162],[112.753,0.234],[112.671,0.242],[112.629,0.207],[112.648,0.167],[112.569,0.204],[112.541,0.178],[112.512,0.184],[112.506,0.105],[112.396,0.147],[112.393,0.095],[112.336,0.106],[112.291,0.083],[112.265,0.111],[112.218,0.115],[112.171,0.082],[112.145,0.089],[112.136,0.067],[112.094,0.119],[112.049,0.134],[112.059,0.18],[112.006,0.195],[111.969,0.163],[111.927,0.183],[111.876,0.18],[111.841,0.228],[111.771,0.232],[111.673,0.279],[111.681,0.321],[111.668,0.342],[111.651,0.333],[111.645,0.359],[111.686,0.378],[111.725,0.459],[111.721,0.571],[111.687,0.628],[111.745,0.758],[111.644,0.861],[111.626,0.923],[111.561,0.921],[111.529,0.955]]}},{"type":"Feature","properties":{},"geometry":{"type":"LineString","coordinates":[[109.966,-0.497],[110.037,-0.436],[110.052,-0.387],[110.099,-0.397],[110.108,-0.429],[110.154,-0.439],[110.197,-0.417],[110.303,-0.452],[110.321,-0.41],[110.378,-0.402],[110.383,-0.381],[110.429,-0.384],[110.441,-0.336],[110.51,-0.324],[110.538,-0.351],[110.57,-0.346]]}},{"type":"Feature","properties":{},"geometry":{"type":"MultiLineString","coordinates":[[[109.846,0.858],[109.846,0.858]],[[109.152,0.682],[109.181,0.705],[109.22,0.702],[109.263,0.753],[109.274,0.72],[109.315,0.727],[109.349,0.776],[109.412,0.736],[109.428,0.762],[109.477,0.771],[109.489,0.733],[109.542,0.705],[109.661,0.753],[109.693,0.848],[109.769,0.832],[109.772,0.85],[109.846,0.858]],[[109.846,0.858],[109.932,0.952]],[[109.932,0.952],[109.932,0.952]],[[109.932,0.952],[109.93,0.963]],[[109.93,0.963],[109.93,0.963]],[[109.93,0.963],[109.942,1.032],[110.071,1.04],[110.113,1.008],[110.135,1.02]]]}},{"type":"Feature","properties":{},"geometry":{"type":"LineString","coordinates":[[115.506,-2.887],[115.462,-2.872],[115.443,-2.889],[115.382,-2.882],[115.381,-2.916],[115.351,-2.936],[115.266,-2.93],[115.232,-2.868],[115.189,-2.87],[115.094,-2.829],[115.069,-2.845],[115.074,-2.786],[114.998,-2.757],[114.865,-2.528]]}},{"type":"Feature","properties":{},"geometry":{"type":"MultiLineString","coordinates":[[[110.359,-1.108],[110.359,-1.108]],[[110.069,-1.363],[110.217,-1.344],[110.218,-1.285],[110.284,-1.283],[110.322,-1.256],[110.422,-1.26],[110.394,-1.233],[110.386,-1.192],[110.325,-1.132],[110.336,-1.105],[110.359,-1.108]],[[110.359,-1.108],[110.358,-1.074],[110.269,-1],[110.281,-0.975],[110.243,-0.966],[110.242,-0.933],[110.165,-0.935],[110.153,-0.913],[110.167,-0.857],[110.144,-0.857],[110.055,-0.765]],[[110.055,-0.765],[110.056,-0.765]],[[109.94,-0.74],[110.007,-0.723],[110.055,-0.765]]]}},{"type":"Feature","properties":{},"geometry":{"type":"LineString","coordinates":[[117.988,2.435],[117.918,2.394],[117.864,2.393],[117.822,2.361],[117.812,2.326],[117.747,2.327],[117.609,2.522],[117.572,2.502],[117.471,2.531],[117.462,2.479],[117.442,2.519],[117.412,2.504],[117.393,2.561],[117.33,2.523],[117.307,2.533],[117.289,2.492],[117.231,2.479],[117.192,2.497],[117.206,2.545],[117.222,2.545],[117.206,2.569],[117.134,2.536],[117.056,2.551],[117.016,2.498],[117.024,2.459],[116.983,2.432],[116.929,2.503],[116.898,2.501],[116.888,2.477],[116.876,2.507],[116.84,2.52],[116.757,2.484],[116.752,2.438],[116.708,2.379],[116.686,2.399],[116.63,2.391],[116.628,2.415],[116.578,2.427],[116.567,2.454],[116.497,2.452],[116.487,2.399],[116.504,2.348],[116.467,2.325],[116.477,2.291],[116.455,2.277],[116.402,2.298],[116.333,2.29],[116.29,2.235],[116.347,2.162],[116.315,2.115],[116.223,2.098]]}},{"type":"Feature","properties":{},"geometry":{"type":"LineString","coordinates":[[110.135,1.02],[110.135,1.005],[110.224,0.981],[110.217,0.918],[110.259,0.871],[110.242,0.849],[110.184,0.836],[110.179,0.807],[110.202,0.752],[110.24,0.727],[110.245,0.674],[110.22,0.602],[110.254,0.55],[110.199,0.526],[110.199,0.486],[110.164,0.458],[110.21,0.411],[110.195,0.415],[110.189,0.38],[110.159,0.379],[110.133,0.303],[110.15,0.273],[110.119,0.25],[110.117,0.207],[110.064,0.219],[110.038,0.195],[110.025,0.14],[109.998,0.145],[109.958,0.108],[109.937,0.114],[109.876,0.077]]}},{"type":"Feature","properties":{},"geometry":{"type":"MultiLineString","coordinates":[[[109.176,0.962],[109.218,0.976],[109.242,1.019],[109.313,1.027],[109.378,0.998],[109.425,1.045],[109.479,1.014],[109.502,1.022],[109.562,1.189],[109.618,1.233],[109.622,1.305]],[[109.622,1.305],[109.622,1.305]],[[109.622,1.305],[109.607,1.327],[109.615,1.364],[109.577,1.381],[109.608,1.389],[109.611,1.432],[109.658,1.437],[109.719,1.476],[109.752,1.537]]]}},{"type":"Feature","properties":{},"geometry":{"type":"LineString","coordinates":[[110.135,1.02],[110.113,1.063],[110.13,1.1],[110.102,1.157],[110.128,1.195]]}},{"type":"Feature","properties":{},"geometry":{"type":"LineString","coordinates":[[109.368,0.197],[109.32,0.246],[109.253,0.228],[109.244,0.246],[109.179,0.247],[109.172,0.273],[109.207,0.323],[109.271,0.333],[109.322,0.376],[109.271,0.456],[109.248,0.453],[109.238,0.474],[109.208,0.465],[109.205,0.499],[109.232,0.518],[109.26,0.611],[109.284,0.625],[109.276,0.644],[109.251,0.668],[109.174,0.664],[109.152,0.682]]}},{"type":"Feature","properties":{},"geometry":{"type":"LineString","coordinates":[[110.715,-7.791],[110.715,-7.791]]}},{"type":"Feature","properties":{},"geometry":{"type":"LineString","coordinates":[[111.622,-6.986],[111.628,-7.075],[111.613,-7.082],[111.622,-7.108],[111.587,-7.186],[111.566,-7.187],[111.542,-7.227],[111.488,-7.243],[111.49,-7.26],[111.452,-7.248],[111.451,-7.274],[111.438,-7.27],[111.424,-7.31],[111.457,-7.32],[111.446,-7.337],[111.463,-7.345],[111.442,-7.351],[111.462,-7.361]]}},{"type":"Feature","properties":{},"geometry":{"type":"MultiLineString","coordinates":[[[111.098,-6.93],[111.146,-6.902]],[[111.24,-6.858],[111.263,-6.856]],[[111.146,-6.902],[111.202,-6.897],[111.225,-6.849],[111.24,-6.858]]]}},{"type":"Feature","properties":{},"geometry":{"type":"LineString","coordinates":[[136.003,-4.281],[136.034,-4.294],[136.041,-4.332],[136.031,-4.365],[136.005,-4.37],[136.05,-4.4],[136.13,-4.377],[136.153,-4.343],[136.202,-4.361],[136.253,-4.329],[136.306,-4.329],[136.317,-4.346],[136.518,-4.306],[136.52,-4.327],[136.566,-4.332],[136.6,-4.395],[136.644,-4.377],[136.686,-4.402],[136.715,-4.386],[136.739,-4.311],[136.799,-4.303],[136.788,-4.244],[136.928,-4.169],[136.923,-4.128]]}},{"type":"Feature","properties":{},"geometry":{"type":"LineString","coordinates":[[140.136,-3.696],[140.122,-3.716],[140.142,-3.737],[140.126,-3.748],[140.161,-3.765],[140.135,-3.772],[140.163,-3.808],[140.154,-3.842],[140.133,-3.849],[140.148,-3.887],[140.123,-3.913],[140.152,-3.956],[140.101,-4.041],[140.119,-4.057],[140.112,-4.451],[140.13,-4.618],[140.117,-4.82],[140.091,-4.856],[140.15,-4.923],[140.144,-4.99],[140.11,-5.029]]}},{"type":"Feature","properties":{},"geometry":{"type":"LineString","coordinates":[[138.621,-3.769],[138.609,-3.75],[138.625,-3.72],[138.699,-3.723],[138.742,-3.655],[138.745,-3.619],[138.764,-3.616],[138.727,-3.597],[138.702,-3.485],[138.641,-3.448],[138.616,-3.402],[138.536,-3.365],[138.543,-3.324]]}},{"type":"Feature","properties":{},"geometry":{"type":"LineString","coordinates":[[139.888,-5.063],[139.95,-5.041],[140.057,-5.051],[140.11,-5.029]]}},{"type":"Feature","properties":{},"geometry":{"type":"LineString","coordinates":[[141,-5.169],[140.99,-5.193],[140.901,-5.192],[140.823,-5.236],[140.799,-5.225],[140.742,-5.246],[140.724,-5.232],[140.636,-5.265],[140.554,-5.256],[140.516,-5.226],[140.388,-5.213],[140.352,-5.175],[140.316,-5.17],[140.295,-5.131],[140.269,-5.134],[140.284,-5.121],[140.238,-5.047],[140.216,-5.056],[140.186,-5.038],[140.112,-5.055],[140.11,-5.029]]}},{"type":"Feature","properties":{},"geometry":{"type":"LineString","coordinates":[[135.288,-3.809],[135.245,-3.824],[135.148,-3.747],[135.135,-3.683],[135.159,-3.632],[135.189,-3.624],[135.195,-3.577],[135.174,-3.574],[135.139,-3.612],[135.119,-3.579],[135.072,-3.584],[135.05,-3.611],[135.014,-3.599],[134.989,-3.582],[135.007,-3.551],[134.925,-3.476],[134.918,-3.439],[134.869,-3.424],[134.856,-3.388],[134.81,-3.369],[134.761,-3.388],[134.727,-3.361],[134.715,-3.301]]}},{"type":"Feature","properties":{},"geometry":{"type":"LineString","coordinates":[[134.661,-2.756],[134.585,-2.803],[134.631,-3.051],[134.617,-3.084],[134.633,-3.115],[134.609,-3.128],[134.67,-3.17],[134.694,-3.291],[134.715,-3.301]]}},{"type":"Feature","properties":{},"geometry":{"type":"LineString","coordinates":[[135.288,-3.809],[135.3,-3.824],[135.275,-3.833],[135.268,-3.893],[135.242,-3.911],[135.25,-4.006],[135.318,-4.04],[135.334,-4.066],[135.271,-4.083],[135.088,-4.051]]}},{"type":"Feature","properties":{},"geometry":{"type":"LineString","coordinates":[[139.187,-3.992],[139.187,-3.992]]}},{"type":"Feature","properties":{},"geometry":{"type":"LineString","coordinates":[[140.126,-3.695],[140.136,-3.696]]}},{"type":"Feature","properties":{},"geometry":{"type":"LineString","coordinates":[[141,-2.839],[140.945,-2.79],[140.899,-2.779],[140.904,-2.765],[140.851,-2.748],[140.824,-2.711],[140.728,-2.763],[140.628,-2.752]]}},{"type":"Feature","properties":{},"geometry":{"type":"LineString","coordinates":[[137.555,-5.147],[137.663,-5.118],[137.637,-5.071],[137.668,-5.028],[137.701,-5.034],[137.745,-5.004],[137.82,-5.026],[137.805,-5.002],[137.851,-4.932],[137.825,-4.896],[137.865,-4.863],[137.9,-4.764],[137.784,-4.684],[137.74,-4.596],[137.744,-4.576],[137.812,-4.57],[137.83,-4.541]]}},{"type":"Feature","properties":{},"geometry":{"type":"LineString","coordinates":[[137.118,-4.031],[137.11,-4.019],[137.15,-3.988],[137.151,-3.952],[137.215,-3.957],[137.242,-3.929],[137.235,-3.893],[137.255,-3.879],[137.246,-3.841],[137.207,-3.812],[137.208,-3.776],[137.239,-3.715],[137.357,-3.592],[137.308,-3.555],[137.282,-3.506],[137.287,-3.47],[137.171,-3.551],[137.112,-3.563],[137.043,-3.534],[137.028,-3.546],[136.945,-3.413],[136.944,-3.339],[136.918,-3.33],[136.923,-3.306],[136.869,-3.252],[136.9,-3.22],[136.898,-3.194],[136.919,-3.188],[136.919,-3.155]]}},{"type":"Feature","properties":{},"geometry":{"type":"LineString","coordinates":[[140.085,-7.21],[140.061,-7.14],[140.079,-7.081],[140.041,-6.975],[140.052,-6.929],[140.076,-6.92],[140.066,-6.466],[139.94,-6.468],[139.887,-6.5],[139.798,-6.498],[139.718,-6.434],[139.708,-6.393],[139.821,-6.266],[139.811,-6.215],[139.863,-6.17],[139.843,-5.815],[139.718,-5.738],[139.713,-5.688],[139.817,-5.582],[139.773,-5.304],[139.757,-5.294]]}},{"type":"Feature","properties":{},"geometry":{"type":"LineString","coordinates":[[137.555,-5.147],[137.555,-5.147]]}},{"type":"Feature","properties":{},"geometry":{"type":"LineString","coordinates":[[138.08,-3.873],[138.023,-3.845],[137.986,-3.859],[137.93,-3.849],[137.914,-3.814],[137.873,-3.79],[137.87,-3.727],[137.84,-3.719],[137.815,-3.684],[137.76,-3.724],[137.689,-3.711],[137.66,-3.685],[137.633,-3.61],[137.596,-3.603],[137.594,-3.575],[137.647,-3.538],[137.616,-3.472],[137.509,-3.428],[137.464,-3.38],[137.466,-3.286],[137.436,-3.288],[137.448,-3.231],[137.568,-3.1],[137.641,-3.098],[137.683,-3.049]]}},{"type":"Feature","properties":{},"geometry":{"type":"LineString","coordinates":[[139.888,-5.063],[139.622,-5.059],[139.549,-5.039],[139.498,-5.002],[139.157,-4.993],[138.888,-4.957],[138.889,-4.922],[138.957,-4.923],[138.995,-4.901],[138.997,-4.874],[139.059,-4.867],[139.022,-4.838],[138.933,-4.832],[138.955,-4.786],[138.99,-4.771],[138.943,-4.764],[138.855,-4.702],[138.802,-4.764]]}},{"type":"Feature","properties":{},"geometry":{"type":"LineString","coordinates":[[137.095,-4.032],[137.022,-3.943],[136.995,-3.838],[136.861,-3.827],[136.842,-3.803],[136.806,-3.807],[136.567,-3.714],[136.59,-3.676],[136.579,-3.613],[136.514,-3.588],[136.499,-3.597],[136.47,-3.555],[136.436,-3.557],[136.422,-3.499],[136.377,-3.455],[136.369,-3.408],[136.392,-3.356]]}},{"type":"Feature","properties":{},"geometry":{"type":"LineString","coordinates":[[139.187,-3.992],[139.262,-4.013],[139.299,-3.99],[139.33,-4.012],[139.408,-4.012],[139.429,-4.035],[139.522,-3.997],[139.552,-4.016],[139.6,-3.996],[139.633,-4.018],[139.671,-3.92],[139.712,-3.883],[139.729,-3.832],[139.75,-3.826],[139.765,-3.771],[139.837,-3.737],[139.86,-3.689],[139.938,-3.692],[139.985,-3.742],[140.029,-3.71],[140.05,-3.728],[140.094,-3.725],[140.126,-3.695]]}},{"type":"Feature","properties":{},"geometry":{"type":"LineString","coordinates":[[140.136,-3.696],[140.176,-3.708],[140.206,-3.678],[140.273,-3.67],[140.285,-3.718],[140.32,-3.754],[140.384,-3.736]]}},{"type":"Feature","properties":{},"geometry":{"type":"LineString","coordinates":[[140.136,-3.696],[140.136,-3.696]]}},{"type":"Feature","properties":{},"geometry":{"type":"LineString","coordinates":[[140.653,-2.476],[140.653,-2.476]]}},{"type":"Feature","properties":{},"geometry":{"type":"LineString","coordinates":[[136.323,-3.02],[136.336,-3.089],[136.314,-3.133],[136.321,-3.168],[136.354,-3.185],[136.378,-3.232],[136.392,-3.356]]}},{"type":"Feature","properties":{},"geometry":{"type":"LineString","coordinates":[[136.193,-3.982],[136.16,-4.046],[136.09,-4.059],[136.105,-4.093],[136.073,-4.14],[136.09,-4.155],[136.054,-4.18]]}},{"type":"Feature","properties":{},"geometry":{"type":"LineString","coordinates":[[140.653,-2.476],[140.639,-2.505],[140.603,-2.516],[140.626,-2.567],[140.628,-2.752]]}},{"type":"Feature","properties":{},"geometry":{"type":"LineString","coordinates":[[138.148,-1.628],[138.167,-1.652],[138.175,-1.743],[138.155,-1.772],[138.159,-1.808],[138.137,-1.818],[138.16,-1.835],[138.148,-1.891],[138.171,-1.907],[138.15,-1.92],[138.166,-1.916],[138.164,-1.935],[138.189,-1.914],[138.186,-1.945],[138.228,-1.942],[138.239,-1.991],[138.262,-2],[138.254,-2.045],[138.289,-2.045],[138.288,-2.065],[138.311,-2.07],[138.293,-2.082],[138.306,-2.084],[138.299,-2.168],[138.331,-2.193],[138.346,-2.169],[138.373,-2.189],[138.37,-2.176],[138.411,-2.185],[138.344,-2.209],[138.374,-2.226],[138.408,-2.2],[138.441,-2.223],[138.466,-2.276],[138.447,-2.35],[138.437,-2.338],[138.405,-2.354],[138.383,-2.39],[138.421,-2.43],[138.437,-2.523],[138.539,-2.543],[138.624,-2.478],[138.634,-2.5],[138.718,-2.532],[138.788,-2.52],[138.976,-2.599],[138.997,-2.591],[139.031,-2.612],[139.075,-2.599],[139.129,-2.653],[139.233,-2.63],[139.211,-2.754],[139.171,-2.771],[139.188,-2.805],[139.137,-2.836],[139.107,-2.882],[139.118,-2.909],[139.103,-2.925],[139.125,-2.926],[139.145,-2.956],[139.134,-2.995],[139.119,-2.985],[139.126,-3.008],[139.093,-3.01],[139.084,-3.035],[139.121,-3.052],[139.12,-3.117],[139.045,-3.108],[139.017,-3.147],[139.021,-3.186],[139.001,-3.193],[139.012,-3.249],[139.066,-3.276]]}},{"type":"Feature","properties":{},"geometry":{"type":"MultiLineString","coordinates":[[[136.107,-3.471],[136.107,-3.47]],[[136.107,-3.471],[136.052,-3.545],[136.021,-3.554],[135.99,-3.621],[136.026,-3.706],[136.117,-3.743],[136.102,-3.807],[136.126,-3.857]],[[136.392,-3.356],[136.38,-3.312],[136.305,-3.361],[136.282,-3.351],[136.266,-3.31],[136.194,-3.298],[136.182,-3.347],[136.154,-3.364],[136.156,-3.457],[136.129,-3.478],[136.107,-3.471]]]}},{"type":"Feature","properties":{},"geometry":{"type":"MultiLineString","coordinates":[[[138.766,-4.341],[138.739,-4.311],[138.78,-4.221],[138.803,-4.21],[138.864,-4.262],[138.921,-4.257],[138.926,-4.228],[138.986,-4.223],[139.015,-4.191],[139.108,-4.175],[139.204,-4.186],[139.221,-4.155],[139.209,-4.079]],[[139.209,-4.079],[139.209,-4.079]],[[139.209,-4.079],[139.189,-4.061],[139.2,-4.045],[139.176,-4.005],[139.187,-3.992]]]}},{"type":"Feature","properties":{},"geometry":{"type":"MultiLineString","coordinates":[[[140.588,-4.109],[140.588,-4.109]],[[140.588,-4.109],[140.61,-4.062],[140.64,-4.065],[140.664,-4.037],[140.719,-4.099],[140.657,-3.972],[140.692,-3.984],[140.718,-4.02],[140.779,-4],[140.812,-4.013],[140.81,-3.995],[140.89,-3.961],[140.974,-3.967],[141,-4.019]],[[140.384,-3.736],[140.403,-3.737],[140.397,-3.77],[140.418,-3.801],[140.4,-3.814],[140.422,-3.82],[140.415,-3.843],[140.432,-3.854],[140.405,-3.914],[140.435,-3.912],[140.438,-3.96],[140.471,-3.965],[140.465,-3.991],[140.519,-4.064],[140.559,-4.082],[140.568,-4.116],[140.588,-4.109]]]}},{"type":"Feature","properties":{},"geometry":{"type":"LineString","coordinates":[[138.802,-4.764],[138.808,-4.727],[138.753,-4.709],[138.603,-4.724],[138.587,-4.699],[138.505,-4.722],[138.459,-4.688],[138.419,-4.714],[138.376,-4.689],[138.366,-4.797],[138.373,-4.768],[138.347,-4.745],[138.356,-4.727],[138.326,-4.667],[138.244,-4.67],[138.193,-4.713],[138.154,-4.676],[138.133,-4.589],[138.109,-4.575],[138.07,-4.565],[138.03,-4.612],[137.995,-4.586],[137.941,-4.603],[137.83,-4.541]]}},{"type":"Feature","properties":{},"geometry":{"type":"MultiLineString","coordinates":[[[138.345,-3.762],[138.343,-3.725],[138.283,-3.704],[138.281,-3.651],[138.255,-3.62],[138.271,-3.49],[138.231,-3.471],[138.23,-3.441],[138.151,-3.437],[138.115,-3.402],[138.114,-3.334],[138.128,-3.329]],[[138.128,-3.329],[138.128,-3.329]],[[138.128,-3.329],[138.135,-3.297],[138.103,-3.306],[138.087,-3.225],[138.062,-3.21],[138.074,-3.133],[138.177,-3.11]]]}},{"type":"Feature","properties":{},"geometry":{"type":"LineString","coordinates":[[139.017,-3.864],[139.027,-3.926],[139.011,-3.965],[139.105,-3.934],[139.187,-3.992]]}},{"type":"Feature","properties":{},"geometry":{"type":"MultiLineString","coordinates":[[[138.643,-4.236],[138.694,-4.032],[138.739,-4.019],[138.746,-3.997],[138.711,-3.92],[138.721,-3.882],[138.682,-3.858]],[[138.682,-3.858],[138.682,-3.858]],[[138.682,-3.858],[138.644,-3.819],[138.635,-3.767]]]}},{"type":"Feature","properties":{},"geometry":{"type":"LineString","coordinates":[[137.948,-4.151],[138.006,-4.12]]}},{"type":"Feature","properties":{},"geometry":{"type":"MultiLineString","coordinates":[[[136.011,-2.706],[136.048,-2.72],[136.05,-2.771],[136.142,-2.772],[136.142,-2.795],[136.147,-2.783],[136.163,-2.799]],[[136.323,-3.02],[136.298,-2.987],[136.32,-2.94],[136.289,-2.911],[136.295,-2.881],[136.279,-2.885],[136.28,-2.871],[136.265,-2.887],[136.265,-2.851],[136.241,-2.86],[136.247,-2.842],[136.222,-2.834],[136.217,-2.807],[136.163,-2.799]],[[136.163,-2.799],[136.163,-2.799]]]}},{"type":"Feature","properties":{},"geometry":{"type":"LineString","coordinates":[[137.547,-3.056],[137.461,-3.052],[137.42,-3.014],[137.423,-2.995],[137.379,-2.979],[137.36,-2.879],[137.279,-2.805],[137.271,-2.735],[137.287,-2.719],[137.26,-2.686],[137.253,-2.592],[137.191,-2.564],[137.142,-2.587],[137.112,-2.501],[137.035,-2.46],[137.03,-2.417],[136.964,-2.425],[136.949,-2.397],[136.913,-2.386],[136.91,-2.362],[136.933,-2.362],[136.938,-2.34],[136.895,-2.324],[136.9,-2.301],[136.86,-2.284],[136.854,-2.237],[136.816,-2.201]]}},{"type":"Feature","properties":{},"geometry":{"type":"LineString","coordinates":[[131.746,-0.73],[131.761,-0.8],[131.781,-0.816],[131.801,-0.808],[131.835,-0.85],[131.879,-0.838],[131.913,-0.855],[131.926,-0.837],[131.969,-0.857],[132.006,-0.838],[132.12,-0.892],[132.212,-0.899],[132.236,-0.938]]}},{"type":"Feature","properties":{},"geometry":{"type":"LineString","coordinates":[[132.905,-1.294],[132.935,-1.294],[132.959,-1.336],[133.007,-1.357],[133.038,-1.339],[133.037,-1.318],[133.066,-1.322],[133.154,-1.251],[133.238,-1.252]]}},{"type":"Feature","properties":{},"geometry":{"type":"LineString","coordinates":[[132.905,-1.294],[132.819,-1.231],[132.821,-1.187],[132.786,-1.149],[132.706,-1.177],[132.677,-1.148],[132.64,-1.16],[132.579,-1.145],[132.562,-1.069],[132.527,-1.043],[132.405,-1.017],[132.403,-0.991],[132.276,-0.924],[132.236,-0.938]]}},{"type":"Feature","properties":{},"geometry":{"type":"LineString","coordinates":[[133.456,-0.963],[133.488,-0.96],[133.481,-1.01],[133.498,-1.043],[133.534,-1.037],[133.532,-1.064],[133.589,-1.076],[133.649,-1.037],[133.654,-1.055],[133.67,-1.046],[133.697,-1.07],[133.711,-1.123],[133.743,-1.111],[133.773,-1.131],[133.789,-1.074],[133.833,-1.061],[133.855,-1.084],[133.869,-1.031],[133.897,-1.003],[133.903,-1.087],[133.888,-1.101],[133.918,-1.164],[133.941,-1.194],[133.982,-1.192],[134.017,-1.239],[134.045,-1.241]]}},{"type":"Feature","properties":{},"geometry":{"type":"LineString","coordinates":[[134.045,-1.241],[134.052,-1.275],[134.081,-1.282],[134.083,-1.336],[134.043,-1.361],[134.08,-1.416],[134.025,-1.412],[134.08,-1.42],[134.076,-1.445],[134.009,-1.431],[134.012,-1.463],[133.978,-1.469],[133.937,-1.508],[133.939,-1.537],[133.85,-1.506],[133.844,-1.56],[133.789,-1.514],[133.754,-1.531],[133.732,-1.51],[133.691,-1.531]]}},{"type":"Feature","properties":{},"geometry":{"type":"LineString","coordinates":[[133.238,-1.252],[133.242,-1.185],[133.368,-1.225],[133.432,-1.179],[133.432,-1.067],[133.456,-0.963]]}},{"type":"Feature","properties":{},"geometry":{"type":"LineString","coordinates":[[134.008,-1.838],[133.882,-1.844],[133.919,-1.802],[133.901,-1.752],[133.885,-1.752],[133.898,-1.737],[133.88,-1.701],[133.756,-1.622],[133.656,-1.628],[133.717,-1.608],[133.691,-1.531]]}},{"type":"Feature","properties":{},"geometry":{"type":"LineString","coordinates":[[131.778,-1.573],[131.803,-1.547],[131.793,-1.491],[131.822,-1.479],[131.817,-1.45],[131.796,-1.447],[131.826,-1.436],[131.805,-1.419],[131.83,-1.378],[131.816,-1.387],[131.809,-1.371],[131.818,-1.359],[131.832,-1.37],[131.833,-1.347],[131.865,-1.325],[131.859,-1.36],[131.879,-1.363],[131.886,-1.345],[131.891,-1.311],[131.867,-1.301],[131.837,-1.208],[131.876,-1.097],[131.901,-1.1],[131.917,-1.055],[131.899,-1.011],[131.934,-1.02],[131.943,-1.002],[131.961,-1.051],[132.001,-1.065],[132.021,-1.048],[132.03,-1.072],[132.055,-1.058],[132.071,-1.09]]}},{"type":"Feature","properties":{},"geometry":{"type":"LineString","coordinates":[[132.071,-1.09],[132.071,-1.09]]}},{"type":"Feature","properties":{},"geometry":{"type":"LineString","coordinates":[[132.071,-1.09],[132.125,-1.082],[132.158,-1.11],[132.185,-1.107],[132.184,-1.053],[132.226,-1.045],[132.217,-1.02],[132.232,-1],[132.21,-0.97],[132.236,-0.938]]}},{"type":"Feature","properties":{},"geometry":{"type":"LineString","coordinates":[[130.704,-1.053],[130.732,-1.037],[130.733,-1.07],[130.791,-1.085],[130.807,-1.118],[130.95,-1.128],[131.035,-1.195]]}},{"type":"Feature","properties":{},"geometry":{"type":"MultiLineString","coordinates":[[[132.906,-1.368],[132.905,-1.397],[132.854,-1.45],[132.858,-1.502],[132.824,-1.564],[132.787,-1.573],[132.772,-1.726],[132.733,-1.877],[132.622,-1.876]],[[132.906,-1.368],[132.907,-1.368]],[[132.905,-1.294],[132.906,-1.368]]]}},{"type":"Feature","properties":{},"geometry":{"type":"LineString","coordinates":[[132.622,-1.876],[132.637,-1.904],[132.618,-1.913],[132.646,-1.922],[132.656,-1.962],[132.614,-1.987],[132.635,-1.985],[132.643,-2.021],[132.666,-2.015],[132.654,-2.036],[132.688,-2.049],[132.682,-2.081],[132.696,-2.085],[132.672,-2.088],[132.683,-2.105],[132.666,-2.109],[132.639,-2.09],[132.637,-2.148],[132.599,-2.199]]}},{"type":"Feature","properties":{},"geometry":{"type":"LineString","coordinates":[[133.691,-1.531],[133.671,-1.512],[133.702,-1.447],[133.688,-1.392],[133.655,-1.494],[133.51,-1.509],[133.463,-1.47],[133.474,-1.335],[133.429,-1.336],[133.292,-1.277],[133.282,-1.256],[133.238,-1.252]]}},{"type":"Feature","properties":{},"geometry":{"type":"LineString","coordinates":[[133.498,-3.081],[133.488,-3.041],[133.416,-3.024],[133.375,-2.974],[133.344,-2.993],[133.279,-2.992],[133.209,-2.939],[133.157,-2.929],[133.224,-2.849],[133.197,-2.828],[133.213,-2.802],[133.162,-2.78],[133.137,-2.747],[133.057,-2.718],[133.048,-2.692],[133.084,-2.678],[133.067,-2.637],[133.02,-2.621],[133.017,-2.595],[132.985,-2.579]]}},{"type":"Feature","properties":{},"geometry":{"type":"LineString","coordinates":[[133.456,-0.963],[133.469,-0.901],[133.426,-0.8],[133.474,-0.8],[133.486,-0.741]]}},{"type":"Feature","properties":{},"geometry":{"type":"LineString","coordinates":[[138.006,-4.12],[138.026,-4.091],[138.066,-4.106],[138.076,-4.08],[138.089,-4.099],[138.167,-4.073],[138.17,-4.037],[138.228,-4.022],[138.27,-4.038],[138.298,-4.097],[138.346,-4.056],[138.65,-4.153],[138.631,-4.22],[138.643,-4.236]]}},{"type":"Feature","properties":{},"geometry":{"type":"LineString","coordinates":[[136.392,-3.356],[136.392,-3.356]]}},{"type":"Feature","properties":{},"geometry":{"type":"LineString","coordinates":[[132.905,-1.294],[132.905,-1.294]]}},{"type":"Feature","properties":{},"geometry":{"type":"LineString","coordinates":[[133.691,-1.531],[133.691,-1.531]]}},{"type":"Feature","properties":{},"geometry":{"type":"MultiLineString","coordinates":[[[136.01,-3.903],[136.01,-3.903]],[[136.12,-3.9],[136.126,-3.857]],[[136.01,-3.903],[136.041,-3.854],[136.101,-3.91],[136.12,-3.9]],[[135.288,-3.809],[135.314,-3.819],[135.305,-3.86],[135.362,-3.863],[135.412,-3.893],[135.445,-3.865],[135.567,-3.947],[135.583,-3.927],[135.65,-3.921],[135.697,-3.879],[135.775,-3.911],[135.85,-3.892],[135.933,-3.914],[135.972,-3.892],[136.01,-3.903]]]}},{"type":"Feature","properties":{},"geometry":{"type":"MultiLineString","coordinates":[[[139.989,-3.657],[139.99,-3.657]],[[139.989,-3.657],[140.005,-3.702],[140.065,-3.649],[140.087,-3.683],[140.126,-3.695]],[[139.989,-3.657],[139.958,-3.639],[139.966,-3.612],[139.893,-3.644],[139.9,-3.624],[139.856,-3.609],[139.876,-3.601],[139.864,-3.586],[139.821,-3.577],[139.8,-3.592],[139.807,-3.567],[139.77,-3.562],[139.783,-3.522],[139.758,-3.51],[139.737,-3.548],[139.719,-3.522],[139.703,-3.543],[139.675,-3.532],[139.703,-3.559],[139.69,-3.6],[139.704,-3.637],[139.663,-3.664],[139.626,-3.664],[139.622,-3.71],[139.595,-3.727],[139.593,-3.705],[139.518,-3.657],[139.528,-3.633],[139.505,-3.563],[139.52,-3.525],[139.499,-3.516],[139.496,-3.487],[139.472,-3.522],[139.466,-3.493],[139.486,-3.473],[139.464,-3.46]]]}},{"type":"Feature","properties":{},"geometry":{"type":"LineString","coordinates":[[119.519,-4.882],[119.575,-4.905],[119.633,-4.89],[119.623,-4.909],[119.663,-4.923],[119.667,-4.95],[119.747,-4.929],[119.775,-4.943],[119.805,-4.926],[119.807,-4.808]]}},{"type":"Feature","properties":{},"geometry":{"type":"MultiLineString","coordinates":[[[139.127,-3.796],[139.034,-3.859],[138.954,-3.805],[138.968,-3.811],[138.957,-3.838],[139.017,-3.864]],[[139.127,-3.796],[139.127,-3.796]],[[139.127,-3.796],[139.127,-3.796]],[[139.247,-3.76],[139.247,-3.76]],[[139.175,-3.754],[139.174,-3.754]],[[139.247,-3.76],[139.209,-3.741],[139.175,-3.754]],[[139.175,-3.754],[139.135,-3.757],[139.125,-3.735],[139.106,-3.746],[139.127,-3.796]],[[139.464,-3.46],[139.418,-3.6],[139.371,-3.608],[139.336,-3.653],[139.315,-3.728],[139.285,-3.724],[139.285,-3.774],[139.247,-3.76]]]}},{"type":"Feature","properties":{},"geometry":{"type":"LineString","coordinates":[[114.894,-3.545],[114.857,-3.569],[114.809,-3.524],[114.682,-3.518]]}},{"type":"Feature","properties":{},"geometry":{"type":"LineString","coordinates":[[101.589,0.464],[101.564,0.461],[101.544,0.432],[101.479,0.462],[101.447,0.42],[101.364,0.442],[101.332,0.477],[101.375,0.554],[101.323,0.58],[101.323,0.597],[101.397,0.69]]}},{"type":"Feature","properties":{},"geometry":{"type":"LineString","coordinates":[[101.589,0.464],[101.592,0.414],[101.611,0.383],[101.637,0.383],[101.614,0.34],[101.667,0.316],[101.665,0.278],[101.585,0.268],[101.568,0.131],[101.504,0.101],[101.497,0.065],[101.517,0.053],[101.522,-0.005],[101.547,-0.044],[101.515,-0.064],[101.519,-0.1]]}},{"type":"Feature","properties":{},"geometry":{"type":"LineString","coordinates":[[100.644,-0.256],[100.65,-0.277],[100.598,-0.267],[100.601,-0.22],[100.583,-0.202],[100.621,-0.202],[100.635,-0.184],[100.678,-0.197],[100.679,-0.238],[100.644,-0.256]]}},{"type":"Feature","properties":{},"geometry":{"type":"LineString","coordinates":[[100.159,-0.676],[100.18,-0.608],[100.142,-0.585],[100.131,-0.551],[100.092,-0.572]]}},{"type":"Feature","properties":{},"geometry":{"type":"MultiLineString","coordinates":[[[104.316,-3.557],[104.321,-3.609],[104.391,-3.59],[104.415,-3.563],[104.458,-3.582],[104.468,-3.615],[104.451,-3.644],[104.37,-3.701],[104.366,-3.756],[104.388,-3.761]],[[104.318,-3.539],[104.424,-3.492],[104.437,-3.428],[104.533,-3.362],[104.531,-3.274],[104.551,-3.259],[104.523,-3.179],[104.577,-3.102],[104.643,-3.096],[104.643,-3.071],[104.66,-3.078],[104.677,-3.049]]]}},{"type":"Feature","properties":{},"geometry":{"type":"LineString","coordinates":[[104.748,-4.248],[104.791,-4.127],[104.835,-4.099],[104.83,-4.06],[104.911,-4.006],[104.93,-3.949],[104.855,-3.954],[104.898,-3.925],[104.849,-3.911],[104.877,-3.863],[104.877,-3.81],[104.835,-3.748],[104.799,-3.757],[104.802,-3.735],[104.777,-3.729],[104.754,-3.686],[104.698,-3.66],[104.705,-3.62],[104.681,-3.638],[104.671,-3.619],[104.659,-3.616],[104.668,-3.634],[104.647,-3.622],[104.66,-3.65]]}},{"type":"Feature","properties":{},"geometry":{"type":"LineString","coordinates":[[112.307,-7.929],[112.371,-7.957],[112.452,-7.926],[112.478,-7.966],[112.454,-8.144],[112.367,-8.175],[112.389,-8.215],[112.388,-8.285],[112.36,-8.349]]}},{"type":"Feature","properties":{},"geometry":{"type":"MultiLineString","coordinates":[[[120.278,-4.258],[120.281,-4.257]],[[120.281,-4.257],[120.281,-4.257]],[[120.073,-4.285],[120.073,-4.264],[120.127,-4.224]],[[120.127,-4.224],[120.225,-4.235],[120.253,-4.274],[120.278,-4.258]],[[120.281,-4.257],[120.366,-4.223]]]}},{"type":"Feature","properties":{},"geometry":{"type":"LineString","coordinates":[[103.46,-2.178],[103.446,-2.174],[103.454,-2.048],[103.37,-2.047],[103.37,-1.994],[103.34,-1.995],[103.314,-1.913],[103.32,-1.868],[103.411,-1.868],[103.394,-1.835],[103.432,-1.773],[103.4,-1.727],[103.43,-1.679],[103.401,-1.656],[103.473,-1.544],[103.474,-1.478],[103.432,-1.466],[103.384,-1.484],[103.346,-1.387],[103.303,-1.348],[103.285,-1.353],[103.289,-1.393],[103.267,-1.404],[103.222,-1.391],[103.221,-1.374]]}},{"type":"Feature","properties":{},"geometry":{"type":"LineString","coordinates":[[120.073,-4.285],[120.042,-4.287],[120.04,-4.262],[119.961,-4.272],[119.936,-4.239],[119.95,-4.123],[119.894,-4.109]]}},{"type":"Feature","properties":{},"geometry":{"type":"LineString","coordinates":[[119.474,-3.502],[119.474,-3.503]]}},{"type":"Feature","properties":{},"geometry":{"type":"LineString","coordinates":[[115.292,-0.05],[115.316,-0.003],[115.395,0.058],[115.509,0.062],[115.557,0.097],[115.581,0.145],[115.675,0.159],[115.714,0.225],[115.711,0.278],[115.685,0.281],[115.672,0.309],[115.683,0.33]]}},{"type":"Feature","properties":{},"geometry":{"type":"LineString","coordinates":[[120.095,-1.967],[120.116,-2],[120.166,-1.962],[120.198,-1.995],[120.232,-1.983],[120.313,-2.052],[120.344,-1.977],[120.392,-1.997],[120.399,-1.954],[120.513,-2.11]]}},{"type":"Feature","properties":{},"geometry":{"type":"MultiLineString","coordinates":[[[119.765,-1.808],[119.765,-1.808]],[[119.765,-1.808],[119.765,-1.808]],[[119.872,-1.78],[119.837,-1.804],[119.812,-1.792],[119.765,-1.808]],[[119.341,-1.82],[119.352,-1.772],[119.439,-1.729],[119.512,-1.793],[119.657,-1.842],[119.765,-1.808]]]}},{"type":"Feature","properties":{},"geometry":{"type":"MultiLineString","coordinates":[[[119.902,-2.726],[119.886,-2.763]],[[119.902,-2.726],[119.927,-2.728],[119.966,-2.696],[120.082,-2.695],[120.11,-2.663],[120.139,-2.682],[120.131,-2.704],[120.171,-2.736],[120.177,-2.763],[120.26,-2.824],[120.277,-2.867],[120.267,-2.894],[120.288,-2.911]]]}},{"type":"Feature","properties":{},"geometry":{"type":"LineString","coordinates":[[113.644,-7.973],[113.67,-7.968],[113.687,-8.011],[113.726,-8.024],[113.748,-8.065],[113.773,-8.037],[113.802,-8.058],[113.857,-8.042],[113.844,-8.021],[113.872,-8.033],[113.893,-8.015],[114.003,-8.074],[114.047,-8.125]]}},{"type":"Feature","properties":{},"geometry":{"type":"LineString","coordinates":[[115.683,0.33],[115.782,0.285],[115.765,0.23],[115.792,0.232],[115.805,0.209],[115.827,0.219],[115.902,0.123],[115.976,0.106],[115.989,0.021],[115.968,0.023],[115.948,-0.019],[115.971,-0.084],[116.066,-0.168],[116.161,-0.178],[116.165,-0.214],[116.277,-0.289],[116.306,-0.33],[116.323,-0.39],[116.233,-0.408],[116.266,-0.45],[116.251,-0.486],[116.32,-0.534],[116.455,-0.735],[116.522,-0.753],[116.491,-0.807],[116.501,-0.858]]}},{"type":"Feature","properties":{},"geometry":{"type":"MultiLineString","coordinates":[[[139.777,-2.404],[139.746,-2.417],[139.757,-2.466],[139.783,-2.479],[139.759,-2.529],[139.661,-2.555],[139.583,-2.54],[139.551,-2.587],[139.558,-2.608],[139.511,-2.616],[139.496,-2.602],[139.486,-2.623],[139.417,-2.59],[139.396,-2.643],[139.361,-2.672],[139.423,-2.713],[139.426,-2.801],[139.47,-2.794],[139.537,-2.818],[139.59,-2.88],[139.521,-2.942],[139.536,-3.072],[139.501,-3.098],[139.518,-3.132],[139.476,-3.187],[139.494,-3.204],[139.486,-3.234],[139.513,-3.308],[139.477,-3.411],[139.441,-3.437],[139.464,-3.46]],[[139.777,-2.404],[139.976,-2.443],[139.999,-2.36]]]}},{"type":"Feature","properties":{},"geometry":{"type":"MultiLineString","coordinates":[[[136.919,-3.155],[136.951,-3.123],[137.085,-3.163],[137.125,-3.123],[137.161,-3.132],[137.187,-3.107],[137.221,-3.124],[137.292,-3.111]],[[137.549,-3.055],[137.551,-3.071],[137.445,-3.107],[137.41,-3.088],[137.38,-3.097],[137.361,-3.068],[137.349,-3.09],[137.292,-3.111]]]}},{"type":"Feature","properties":{},"geometry":{"type":"LineString","coordinates":[[138.635,-3.767],[138.666,-3.752],[138.675,-3.78],[138.724,-3.776],[138.79,-3.809],[138.882,-3.792],[138.906,-3.812],[138.905,-3.868],[138.963,-3.893],[139.017,-3.864]]}},{"type":"Feature","properties":{},"geometry":{"type":"LineString","coordinates":[[138.08,-3.873],[138.024,-3.885],[137.962,-3.935],[137.97,-3.972],[137.949,-4],[137.964,-4.011],[137.946,-4.025],[137.977,-4.058],[137.984,-4.109],[138.006,-4.12]]}},{"type":"Feature","properties":{},"geometry":{"type":"LineString","coordinates":[[140.628,-2.752],[140.614,-2.776],[140.574,-2.758],[140.526,-2.78],[140.469,-2.753],[140.375,-2.817],[140.414,-2.846],[140.389,-2.864],[140.404,-2.923],[140.382,-2.942],[140.412,-3.014],[140.372,-3.013],[140.359,-3.031],[140.408,-3.082],[140.393,-3.102],[140.407,-3.134],[140.324,-3.18],[140.337,-3.209],[140.314,-3.292],[140.324,-3.329],[140.351,-3.338],[140.343,-3.359],[140.363,-3.352],[140.37,-3.367],[140.348,-3.402],[140.369,-3.469],[140.337,-3.486],[140.379,-3.514],[140.362,-3.528],[140.386,-3.554],[140.376,-3.582],[140.397,-3.63],[140.342,-3.688],[140.365,-3.683],[140.358,-3.711],[140.385,-3.72],[140.384,-3.736]]}},{"type":"Feature","properties":{},"geometry":{"type":"MultiLineString","coordinates":[[[140.604,-7.06],[140.604,-7.06]],[[140.604,-7.06],[140.604,-7.06]],[[140.825,-7.046],[140.825,-7.046]],[[140.694,-7.035],[140.694,-7.035]],[[140.694,-7.035],[140.694,-7.035]],[[140.694,-7.035],[140.751,-7.027],[140.825,-7.046]],[[140.604,-7.06],[140.634,-7.038],[140.694,-7.035]],[[140.085,-7.21],[140.102,-7.15],[140.18,-7.086],[140.182,-7.055],[140.235,-7.022],[140.255,-6.981],[140.327,-6.951],[140.32,-6.938],[140.354,-6.928],[140.361,-6.894],[140.398,-6.901],[140.424,-6.884],[140.491,-6.804],[140.491,-6.739],[140.534,-6.712],[140.542,-6.8],[140.568,-6.836],[140.56,-6.898],[140.588,-6.929],[140.551,-6.967],[140.569,-7.001],[140.6,-7.005],[140.588,-7.051],[140.604,-7.06]],[[140.825,-7.046],[140.762,-6.876],[140.74,-6.873],[140.745,-6.813],[140.707,-6.736],[140.719,-6.696],[140.783,-6.687],[140.804,-6.667],[140.801,-6.643],[140.847,-6.633],[140.845,-6.615]]]}},{"type":"Feature","properties":{},"geometry":{"type":"MultiLineString","coordinates":[[[118.48,-8.885],[118.495,-8.775],[118.536,-8.681],[118.5,-8.548],[118.511,-8.479],[118.482,-8.461],[118.495,-8.425],[118.526,-8.426],[118.543,-8.395],[118.447,-8.266]],[[118.317,-8.37],[118.323,-8.406],[118.298,-8.429],[118.205,-8.437],[118.049,-8.339],[117.929,-8.22],[117.851,-8.213],[117.766,-8.143]]]}},{"type":"Feature","properties":{},"geometry":{"type":"MultiLineString","coordinates":[[[121.131,-8.849],[121.131,-8.849]],[[121.131,-8.849],[121.115,-8.875],[121.139,-8.898]],[[121.131,-8.849],[121.126,-8.81]],[[121.124,-8.808],[121.126,-8.81]],[[121.124,-8.808],[121.124,-8.808]],[[121.124,-8.808],[121.124,-8.808]],[[121.124,-8.808],[121.123,-8.808]],[[121.123,-8.808],[121.124,-8.808]],[[121.123,-8.808],[121.123,-8.808]],[[121.123,-8.808],[121.123,-8.808]],[[121.123,-8.808],[121.104,-8.748]],[[121.104,-8.748],[121.104,-8.748]],[[121.185,-8.504],[121.185,-8.504]],[[121.104,-8.748],[121.128,-8.702],[121.101,-8.662],[121.136,-8.643],[121.132,-8.575],[121.162,-8.536],[121.186,-8.535],[121.185,-8.504]],[[121.173,-8.441],[121.162,-8.48],[121.185,-8.504]]]}},{"type":"Feature","properties":{},"geometry":{"type":"MultiLineString","coordinates":[[[110.004,-7.887],[110.004,-7.888]],[[110.004,-7.887],[110.004,-7.887]],[[110.004,-7.887],[110.004,-7.887]],[[110.004,-7.887],[110.004,-7.887]],[[110.004,-7.887],[110.004,-7.887]],[[110.004,-7.887],[110.004,-7.887]],[[110.004,-7.887],[110.005,-7.886]],[[110.005,-7.886],[110.004,-7.887]],[[110.005,-7.886],[110.033,-7.896],[110.063,-7.812],[110.13,-7.748],[110.139,-7.694],[110.116,-7.674],[110.141,-7.645]]]}},{"type":"Feature","properties":{},"geometry":{"type":"LineString","coordinates":[[102.47,-1.655],[102.513,-1.649],[102.489,-1.646],[102.477,-1.571],[102.314,-1.569],[102.33,-1.51],[102.29,-1.443],[102.291,-1.46],[102.251,-1.479],[102.211,-1.476],[102.079,-1.392],[102.04,-1.392],[102.004,-1.352],[101.935,-1.346],[101.92,-1.25],[101.962,-1.227],[101.944,-1.174],[101.971,-1.153],[101.967,-1.139],[101.938,-1.145],[101.944,-1.131],[101.914,-1.14],[101.891,-1.121],[101.884,-1.135]]}},{"type":"Feature","properties":{},"geometry":{"type":"LineString","coordinates":[[134.808,-4.235],[134.808,-4.239]]}},{"type":"Feature","properties":{},"geometry":{"type":"LineString","coordinates":[[132.599,-2.199],[132.598,-2.2]]}},{"type":"Feature","properties":{},"geometry":{"type":"LineString","coordinates":[[136.011,-2.706],[136.011,-2.705]]}},{"type":"Feature","properties":{},"geometry":{"type":"LineString","coordinates":[[132.071,-1.09],[132.091,-1.185],[132.076,-1.206],[132.092,-1.215],[132.115,-1.324],[132.207,-1.373],[132.441,-1.604],[132.411,-1.647],[132.392,-1.755],[132.439,-1.825],[132.447,-1.885],[132.496,-1.826],[132.522,-1.82],[132.62,-1.854],[132.622,-1.876]]}},{"type":"Feature","properties":{},"geometry":{"type":"MultiLineString","coordinates":[[[131.357,-0.952],[131.357,-0.952]],[[131.357,-0.952],[131.397,-0.933],[131.389,-0.896],[131.36,-0.879],[131.377,-0.843],[131.357,-0.782]],[[131.357,-0.952],[131.297,-0.915]]]}},{"type":"Feature","properties":{},"geometry":{"type":"LineString","coordinates":[[106.725,-6.089],[106.725,-6.09]]}},{"type":"Feature","properties":{},"geometry":{"type":"LineString","coordinates":[[106.97,-6.091],[106.97,-6.091]]}},{"type":"Feature","properties":{},"geometry":{"type":"MultiLineString","coordinates":[[[108.387,-7.073],[108.387,-7.073]],[[108.403,-6.79],[108.387,-7.073]]]}},{"type":"Feature","properties":{},"geometry":{"type":"LineString","coordinates":[[110.463,-6.931],[110.509,-6.957],[110.481,-7.056],[110.501,-7.067],[110.478,-7.087]]}},{"type":"Feature","properties":{},"geometry":{"type":"MultiLineString","coordinates":[[[110.771,-7.545],[110.796,-7.549],[110.801,-7.534]],[[110.861,-7.567],[110.86,-7.534],[110.816,-7.523]]]}},{"type":"Feature","properties":{},"geometry":{"type":"LineString","coordinates":[[109.076,-6.889],[109.147,-6.888],[109.161,-6.844]]}},{"type":"Feature","properties":{},"geometry":{"type":"LineString","coordinates":[[112.412,-7.472],[112.415,-7.494],[112.428,-7.481],[112.45,-7.492],[112.468,-7.455],[112.415,-7.457],[112.412,-7.472]]}},{"type":"Feature","properties":{},"geometry":{"type":"LineString","coordinates":[[108.758,-6.984],[108.737,-7.006],[108.718,-6.994],[108.727,-6.958],[108.682,-6.924],[108.664,-6.94],[108.654,-6.903],[108.621,-6.91],[108.533,-6.881],[108.508,-6.852],[108.513,-6.791],[108.403,-6.79]]}},{"type":"Feature","properties":{},"geometry":{"type":"MultiLineString","coordinates":[[[104.501,-1.68],[104.501,-1.681]],[[104.659,-1.554],[104.491,-1.668]]]}},{"type":"Feature","properties":{},"geometry":{"type":"LineString","coordinates":[[105.836,-4.178],[105.823,-4.161]]}},{"type":"Feature","properties":{},"geometry":{"type":"LineString","coordinates":[[114.352,-3.464],[114.352,-3.463]]}},{"type":"Feature","properties":{},"geometry":{"type":"LineString","coordinates":[[116.069,-8.551],[116.141,-8.566],[116.171,-8.592],[116.131,-8.619],[116.074,-8.623]]}},{"type":"Feature","properties":{},"geometry":{"type":"LineString","coordinates":[[118.713,-8.496],[118.741,-8.517],[118.79,-8.514],[118.801,-8.532],[118.823,-8.497],[118.896,-8.47],[118.875,-8.436],[118.741,-8.403],[118.739,-8.337]]}},{"type":"Feature","properties":{},"geometry":{"type":"LineString","coordinates":[[110.801,-7.534],[110.801,-7.534]]}},{"type":"Feature","properties":{},"geometry":{"type":"LineString","coordinates":[[108.717,-7.468],[108.718,-7.469]]}},{"type":"Feature","properties":{},"geometry":{"type":"LineString","coordinates":[[118.713,-8.496],[118.713,-8.496]]}},{"type":"Feature","properties":{},"geometry":{"type":"LineString","coordinates":[[109.368,0.197],[109.368,0.197]]}},{"type":"Feature","properties":{},"geometry":{"type":"LineString","coordinates":[[120.287,-8.284],[120.287,-8.282]]}}]}